ply
format ascii 1.0
comment Created for BetterNecromancy boss visual overlay; world Z remapped to Colony Y
element vertex 2400
property float x
property float y
property float z
property float nx
property float ny
property float nz
property uchar red
property uchar green
property uchar blue
property uchar alpha
element face 800
property list uchar uint vertex_indices
end_header
-0.3903467 1.5180466 -0.0050750 -0.9503027 0.1188329 -0.2877560 141 113 81 255
-0.3499657 1.4917452 -0.0461664 -0.8384277 0.0493256 -0.5427763 141 112 80 255
-0.3577617 1.4077952 -0.0660357 -0.8730942 -0.2092421 -0.4403682 140 111 80 255
-0.1238362 1.2608697 -0.0424466 -0.7569450 -0.2907945 -0.5852119 107 132 125 255
-0.1115524 1.3242081 -0.0396552 -0.7853342 0.1255694 0.6062033 99 126 119 255
-0.1389018 1.2633380 -0.0624752 -0.6959649 0.3392581 -0.6328798 102 128 121 255
0.0419756 0.4933409 -0.3642764 0.2682818 -0.3869922 0.8821914 58 98 127 255
0.0318798 0.5250915 -0.4230533 0.0145252 -0.1630968 -0.9865032 53 91 122 255
0.0759700 0.4198298 -0.3631387 -0.8622745 -0.4809605 0.1586178 60 99 127 255
-0.0087161 0.5972351 -0.2978797 0.3392879 0.2684702 0.9015583 57 93 124 255
0.0118704 0.6573411 -0.3261471 -0.0257854 0.0849885 0.9960482 62 102 131 255
-0.0565601 0.5909612 -0.3246512 -0.7729498 0.3653849 0.5186932 55 90 122 255
-0.0495602 0.1097811 0.3537612 -0.4685192 0.7301802 0.4973195 104 109 108 255
-0.0617913 0.1646195 0.2879071 -0.8649958 -0.1082750 0.4899580 54 92 125 255
-0.0693774 0.1110170 0.3123055 -0.8892094 0.4569625 -0.0221803 76 98 115 255
-0.1517594 1.0497637 0.1856952 -0.8503625 -0.3614830 0.3823789 140 112 82 255
-0.0720894 0.9934405 0.2282920 -0.6614125 -0.2205741 0.7168548 121 92 63 255
-0.1334138 1.1075120 0.2194862 -0.4729614 -0.1843164 0.8615887 139 110 79 255
0.0318798 0.5250915 -0.4230533 0.0163724 -0.1661982 -0.9859564 55 95 123 255
-0.0048245 0.4618152 -0.3509541 -0.2279331 -0.5689937 -0.7901219 112 144 138 255
-0.0353989 0.4958528 -0.3710556 -0.9480662 -0.0308525 -0.3165733 73 109 124 255
0.0448193 0.7072004 -0.3063583 0.2758860 -0.5165610 0.8105872 60 99 130 255
0.0270769 0.7630621 -0.2728181 -0.1870429 -0.2677552 0.9451572 56 95 127 255
-0.0141385 0.7243652 -0.3201766 -0.7292978 -0.2766948 0.6257514 59 99 129 255
0.0812633 0.5042264 -0.3763480 0.7010555 -0.5293877 -0.4777759 61 100 128 255
0.0318798 0.5250915 -0.4230533 0.0179911 -0.1623755 -0.9865651 60 99 127 255
0.1094135 0.4799348 -0.3974586 0.6646686 -0.0524625 -0.7452940 61 101 129 255
0.0812633 0.5042264 -0.3763480 0.7010555 -0.5293877 -0.4777759 61 100 128 255
0.1020145 0.4295331 -0.3072205 0.9184860 0.3932787 -0.0414174 58 97 124 255
0.0759700 0.4198298 -0.3631387 0.7900646 -0.1428493 -0.5961477 59 97 126 255
-0.3094623 1.3423098 -0.0742421 -0.2635000 -0.3666189 -0.8922771 133 105 74 255
-0.3403973 1.4448979 -0.0909562 -0.2940925 -0.2423525 -0.9245404 139 110 79 255
-0.1768155 1.3161011 -0.0511889 0.1609301 -0.4103777 -0.8976033 140 112 81 255
0.0118704 0.6573411 -0.3261471 -0.0257854 0.0849885 0.9960482 62 102 131 255
-0.0141385 0.7243652 -0.3201766 -0.7292978 -0.2766948 0.6257514 59 99 129 255
-0.0222678 0.6504504 -0.3452401 -0.9989223 0.0436399 0.0158052 59 99 129 255
-0.2966811 1.5061204 -0.1276751 -0.2982114 -0.1058410 -0.9486135 139 108 77 255
-0.3499657 1.4917452 -0.0461664 -0.8384277 0.0493256 -0.5427763 141 112 80 255
-0.3622049 1.5297037 -0.0762014 -0.8811442 -0.0541511 -0.4697366 138 109 78 255
0.0006244 0.5635655 -0.3421478 -0.9041423 -0.2865454 -0.3168889 57 97 127 255
-0.0353989 0.4958528 -0.3710556 -0.9480662 -0.0308525 -0.3165733 73 109 124 255
-0.0117497 0.4967786 -0.3326092 0.0530078 -0.1300717 0.9900867 56 96 126 255
-0.1480716 1.4683709 -0.1454515 0.8322240 -0.2403222 -0.4996485 140 111 80 255
-0.1853900 1.4201534 -0.1000781 0.6200753 -0.4091104 -0.6694292 143 114 83 255
-0.2035909 1.4337267 -0.1245241 -0.2467596 -0.4344684 -0.8662258 143 114 82 255
0.0750417 0.6576539 -0.3730450 0.8667641 0.0832079 -0.4917281 60 98 126 255
0.0501914 0.7254919 -0.4000349 0.2932739 0.0301306 -0.9555535 57 97 127 255
0.0774007 0.7099038 -0.3527007 0.9571058 -0.2883213 0.0286212 61 100 128 255
-0.1648052 0.8480751 0.4172049 0.4455583 0.0088774 0.8952090 111 148 142 255
-0.1944141 0.6905846 0.3673830 0.5313243 -0.4275441 0.7313690 139 111 79 255
-0.1173848 0.8275902 0.3642263 0.9432513 -0.3205026 0.0869207 110 146 140 255
-0.0032079 0.5346537 -0.2714038 0.9771865 -0.2098282 -0.0328438 54 92 122 255
-0.0258852 0.5183938 -0.3049521 0.0600446 -0.6552726 -0.7530022 56 92 123 255
0.0006244 0.5635655 -0.3421478 -0.9041423 -0.2865454 -0.3168889 57 97 127 255
-0.1804887 0.4989024 0.1926074 -0.4835830 0.1367787 0.8645455 59 98 127 255
-0.2071808 0.4847563 0.1404767 -0.9848102 0.0374901 0.1695386 59 98 127 255
-0.0617913 0.1646195 0.2879071 -0.8649958 -0.1082750 0.4899580 54 92 125 255
0.0680548 0.6497315 -0.0122623 -0.8573829 0.1762908 0.4835453 57 96 127 255
-0.0024432 0.3435593 -0.0341277 -0.2015878 -0.0019298 0.9794685 60 98 130 255
0.1378752 0.5685262 0.0219636 -0.2327199 -0.5127505 0.8263948 59 98 127 255
-0.1415731 0.8275273 0.2801676 0.6107186 -0.2799277 -0.7407181 99 130 128 255
-0.0960763 1.1311554 0.2322474 -0.1991203 -0.6083329 -0.7682981 112 145 139 255
-0.0570848 1.1410410 0.2469454 0.9020297 -0.2325077 -0.3637071 108 142 137 255
0.0708777 0.4637791 -0.2947288 -0.7780120 -0.5533156 0.2975555 84 105 121 255
0.0759700 0.4198298 -0.3631387 -0.8622745 -0.4809605 0.1586178 60 99 127 255
0.1020145 0.4295331 -0.3072205 -0.6008082 -0.6921566 0.3999359 122 117 113 255
0.0501914 0.7254919 -0.4000349 0.2932739 0.0301306 -0.9555535 57 97 127 255
0.0048524 0.6422005 -0.4120822 -0.4691632 0.1359289 -0.8725877 43 73 102 255
-0.0172540 0.7376015 -0.3813114 -0.8801351 0.0571453 -0.4712715 54 95 125 255
0.0708777 0.4637791 -0.2947288 -0.7780120 -0.5533156 0.2975555 84 105 121 255
0.0649388 0.4641903 -0.3397121 -0.3823645 0.5547564 0.7389470 62 99 127 255
0.0759700 0.4198298 -0.3631387 -0.8622745 -0.4809605 0.1586178 60 99 127 255
-0.0853057 0.1031091 0.3613844 -0.0772144 0.9969003 0.0150951 140 112 81 255
-0.0693774 0.1110170 0.3123055 -0.8631536 0.5027346 -0.0471555 141 113 81 255
-0.0978083 0.0862974 0.2594848 -0.0452706 0.9138727 -0.4034691 141 112 81 255
-0.3755591 1.6074698 0.0364776 -0.9548334 0.2316933 0.1860411 137 110 81 255
-0.3712489 1.5921897 0.1036572 -0.9538381 0.1716933 0.2464031 106 78 61 255
-0.3392300 1.6260172 0.0830479 -0.7439885 0.6669260 0.0411207 66 49 44 255
-0.0189479 0.3020748 -0.0418944 -0.4986508 -0.3489667 0.7934542 87 47 63 255
-0.0788674 0.3356860 -0.0805764 0.0052624 -0.5978749 -0.8015721 110 83 57 255
-0.0456165 0.3452824 -0.0875163 -0.6373743 -0.6269228 -0.4480197 95 66 70 255
-0.3290600 0.6174012 0.3213196 -0.9909905 0.1323551 0.0204925 65 54 41 255
-0.2940991 0.6963705 0.2956390 -0.2858915 -0.1628788 -0.9443181 63 53 41 255
-0.2666377 0.6247338 0.3111515 0.4256332 0.1003012 -0.8993198 68 103 122 255
-0.1953052 0.7062930 0.2992821 0.6773701 -0.4392816 -0.5900859 61 54 42 255
-0.1173848 0.8275902 0.3642263 0.9421108 -0.3149851 0.1149422 109 143 135 255
-0.1944141 0.6905846 0.3673830 0.5223675 -0.4126574 0.7462212 59 53 41 255
-0.3198720 1.6584210 0.1086049 -0.6388512 0.5108470 0.5752431 139 110 79 255
-0.2799095 1.7536663 0.0842571 -0.1536725 0.9161020 0.3703267 137 109 77 255
-0.3355281 1.6837839 0.0685811 -0.8783806 0.2434807 0.4112963 110 102 89 255
-0.1568489 1.0768324 0.1175585 -0.9366503 -0.3302521 -0.1167045 139 112 82 255
-0.1155761 0.9794831 0.1227551 -0.8724799 -0.4385622 -0.2155041 136 107 77 255
-0.1517594 1.0497637 0.1856952 -0.8503625 -0.3614830 0.3823789 140 112 82 255
0.0463792 0.4228148 -0.3688836 -0.4766741 -0.6069857 -0.6358852 61 101 131 255
0.0390892 0.3850144 -0.3041348 -0.8904808 -0.3421255 -0.2999898 60 100 130 255
0.0257263 0.4465257 -0.3346190 -0.8904808 -0.3421255 -0.2999898 61 101 130 255
-0.3353461 1.5974174 -0.1176009 -0.6830565 0.3726043 -0.6281720 140 111 80 255
-0.2504272 1.7222700 -0.0755339 -0.4609155 0.5592648 -0.6890427 141 111 80 255
-0.2298090 1.6500522 -0.1228466 0.0452594 0.2440608 -0.9687033 141 113 82 255
-0.3198720 1.6584210 0.1086049 -0.6388777 0.5108796 0.5751846 96 71 62 255
-0.3392300 1.6260172 0.0830479 -0.7439885 0.6669260 0.0411207 66 49 44 255
-0.3482855 1.5979619 0.1443424 -0.5200832 0.2756847 0.8084006 42 35 25 255
0.1264888 0.7617599 0.2898307 -0.1347204 -0.2787164 0.9508772 135 108 78 255
0.0394707 0.8064638 0.2757130 -0.3073394 -0.1316451 0.9424500 55 90 122 255
0.0203523 0.7777194 0.2540507 -0.6903378 -0.3920591 0.6080488 60 93 123 255
0.0118704 0.6573411 -0.3261471 -0.0257854 0.0849885 0.9960482 62 102 131 255
0.0790973 0.6249206 -0.3326349 0.5622581 0.1319329 0.8163697 59 97 128 255
0.0750417 0.6576539 -0.3730450 0.8667641 0.0832079 -0.4917281 60 98 126 255
0.0649388 0.4641903 -0.3397121 -0.3823645 0.5547564 0.7389470 62 99 127 255
0.1020145 0.4295331 -0.3072205 0.9185402 0.3931473 -0.0414606 162 152 144 255
0.0812633 0.5042264 -0.3763480 0.0114554 0.6725029 0.7400060 60 99 127 255
-0.2239173 0.8462691 0.4230533 -0.3469294 0.2324393 0.9086320 115 133 126 255
-0.2824641 0.7318704 0.3940454 -0.7053133 0.1143815 0.6996071 89 71 52 255
-0.1944141 0.6905846 0.3673830 0.5313243 -0.4275441 0.7313690 139 111 79 255
-0.1487782 0.4555420 0.2116418 0.3218621 0.3709068 0.8711101 94 128 128 255
0.1021229 0.7160187 0.2596703 -0.0953645 -0.2423521 0.9654900 110 86 59 255
-0.0063363 0.6415731 0.1941209 -0.5819142 0.5876203 0.5622084 114 105 94 255
-0.3712489 1.5921897 0.1036572 -0.9538381 0.1716933 0.2464031 106 78 61 255
-0.3554131 1.5242117 0.0285854 -0.9904071 0.0264829 0.1356181 142 113 82 255
-0.3836925 1.5395131 0.0971322 -0.9749151 -0.0868139 0.2049486 142 114 84 255
0.0257263 0.4465257 -0.3346190 0.4122716 0.6125375 0.6744108 59 99 130 255
0.0756606 0.4061003 -0.2968850 0.6716722 0.7336751 -0.1028459 47 79 109 255
0.0463792 0.4228148 -0.3688836 0.9510932 0.3054338 0.0461723 58 96 129 255
0.1020145 0.4295331 -0.3072205 0.9185402 0.3931473 -0.0414606 162 152 144 255
0.0649388 0.4641903 -0.3397121 -0.3823645 0.5547564 0.7389470 62 99 127 255
0.0708777 0.4637791 -0.2947288 0.7206129 0.6876203 -0.0888562 55 95 129 255
-0.3198720 1.6584210 0.1086049 -0.6388777 0.5108796 0.5751846 96 71 62 255
-0.3482855 1.5979619 0.1443424 -0.5200832 0.2756847 0.8084006 42 35 25 255
-0.2578932 1.6319003 0.1715441 -0.1158966 0.3399923 0.9332595 130 104 76 255
-0.0087161 0.5972351 -0.2978797 0.3392879 0.2684702 0.9015583 57 93 124 255
0.0219307 0.6141453 -0.3297648 0.2367694 -0.1367240 0.9618975 57 96 126 255
0.0118704 0.6573411 -0.3261471 -0.0257854 0.0849885 0.9960482 62 102 131 255
-0.2008167 1.5003672 0.2238560 0.6546532 0.0953774 0.7498883 53 48 36 255
-0.2254069 1.4211810 0.1959505 0.9479377 -0.3184423 0.0028816 47 40 31 255
-0.1973990 1.5044354 0.1825633 0.4162644 -0.0934129 0.9044325 61 54 39 255
-0.3018646 0.4738160 0.3432202 -0.6567781 -0.4245729 0.6232016 109 140 138 255
-0.2343373 0.4774428 0.3725967 -0.0090460 -0.2716181 0.9623626 110 140 137 255
-0.2884273 0.6936919 0.3945403 -0.3905796 0.0796072 0.9171205 66 58 44 255
0.0390892 0.3850144 -0.3041348 -0.3706270 0.3465242 0.8617173 56 94 125 255
0.0756606 0.4061003 -0.2968850 -0.3706270 0.3465242 0.8617173 61 98 130 255
0.0257263 0.4465257 -0.3346190 0.4123258 0.6125768 0.6743420 61 98 130 255
0.1059889 0.1418734 0.3322911 0.2520565 0.5093618 0.8228111 116 92 62 255
-0.1830553 0.0326579 0.4222207 0.0865182 0.3782220 0.9216629 113 88 62 255
0.1663837 0.0287559 0.3565040 0.3219731 -0.7616541 0.5623310 56 93 124 255
0.3597946 0.1726319 -0.1856203 0.0844445 -0.9789152 0.1859953 113 146 140 255
0.3042550 0.1655674 -0.1864314 0.2692199 -0.8882430 0.3722163 115 147 141 255
0.3049914 0.1283226 -0.2364249 0.3734889 -0.7854788 0.4934867 115 147 141 255
0.3401071 0.9255545 -0.0027699 0.8398376 0.5326184 -0.1048342 124 97 67 255
0.2358917 1.0062083 0.1790476 0.7122362 0.6129985 0.3419827 106 69 67 255
0.3533893 0.8513734 0.0836663 0.9147267 0.3236583 0.2419100 127 99 69 255
0.1021229 0.7160187 0.2596703 -0.0953645 -0.2423521 0.9654900 110 86 59 255
0.0187869 0.7179977 0.1363554 -0.7701040 -0.6356543 0.0536980 56 93 125 255
0.0841841 0.7119337 0.2318296 -0.7943950 0.3782585 0.4752443 144 139 128 255
0.0271864 0.7127529 0.0668044 -0.9143094 -0.2840230 -0.2887371 57 91 123 255
0.0187869 0.7179977 0.1363554 -0.8682807 -0.4089531 0.2807952 53 90 121 255
-0.0145994 0.7657249 0.1228299 -0.8573939 -0.4262548 -0.2884139 45 74 103 255
-0.3392300 1.6260172 0.0830479 -0.7439885 0.6669260 0.0411207 66 49 44 255
-0.3024611 1.6777331 0.0783672 -0.9842793 0.0996861 0.1457970 114 64 84 255
-0.3307833 1.6474750 0.0424271 -0.8396248 0.0097681 0.5430788 82 50 57 255
-0.0542119 1.5109025 -0.0514669 0.8206280 -0.2241744 -0.5256572 82 49 54 255
-0.1597890 1.4974450 -0.1109066 0.6800865 -0.3303275 -0.6544969 140 110 80 255
-0.1778191 1.5376149 -0.1193213 0.4246189 0.0783957 -0.9019716 136 106 76 255
0.3975542 0.0208361 -0.1150322 0.9215356 0.3473385 0.1735746 56 96 127 255
0.3487675 0.1360411 -0.1861887 0.6957001 0.4118350 -0.5885519 58 99 127 255
0.3405724 0.1304899 -0.0762458 0.7814000 0.4370588 0.4454142 58 98 128 255
0.0210718 0.9429065 -0.3761110 -0.2737225 0.4450319 -0.8526562 128 99 69 255
0.0015554 1.1853947 -0.2211990 0.0222399 0.7883855 -0.6147794 93 73 50 255
0.1010980 0.9050758 -0.3960853 0.5707431 0.2513945 -0.7816989 133 102 70 255
-0.2966811 1.5061204 -0.1276751 -0.2982114 -0.1058410 -0.9486135 139 108 77 255
-0.3622049 1.5297037 -0.0762014 -0.8811442 -0.0541511 -0.4697366 138 109 78 255
-0.3178227 1.5578351 -0.1140752 -0.8618737 0.0323883 -0.5060877 120 90 61 255
-0.3712489 1.5921897 0.1036572 -0.9538381 0.1716933 0.2464031 106 78 61 255
-0.3482855 1.5979619 0.1443424 -0.5200832 0.2756847 0.8084006 42 35 25 255
-0.3392300 1.6260172 0.0830479 -0.7439885 0.6669260 0.0411207 66 49 44 255
-0.3307833 1.6474750 0.0424271 -0.8396248 0.0097681 0.5430788 82 50 57 255
-0.3024611 1.6777331 0.0783672 -0.9842793 0.0996861 0.1457970 114 64 84 255
-0.3355281 1.6837839 0.0685811 -0.8784165 0.2434695 0.4112265 116 66 82 255
-0.1623283 0.5806192 0.1062078 -0.4031418 0.8125766 -0.4209466 59 98 126 255
-0.1346526 0.5632346 0.1479831 -0.2355367 0.9483318 0.2125778 59 98 126 255
-0.1169200 0.5508875 0.1042175 -0.4343615 0.8903812 -0.1362031 59 98 126 255
0.0514201 0.7577224 -0.0970311 -0.7207286 -0.6333582 -0.2817937 54 88 121 255
0.0795034 0.7430893 -0.0803676 -0.8211852 -0.4204040 -0.3858956 135 132 125 255
0.0130681 0.8403071 -0.0584669 -0.8604449 -0.4851951 -0.1556290 56 89 120 255
0.2485327 0.7574929 0.2563586 0.3833986 -0.1659285 0.9085556 124 95 63 255
0.3121189 0.8303505 0.1982608 0.8623750 -0.0046242 0.5062490 135 105 73 255
0.2337100 0.7968943 0.2763200 0.4785822 -0.1917871 0.8568411 130 101 68 255
0.0419756 0.4933409 -0.3642764 0.2682578 -0.3869912 0.8821993 62 99 131 255
0.0257263 0.4465257 -0.3346190 0.4122905 0.6125083 0.6744258 59 99 130 255
0.0463792 0.4228148 -0.3688836 0.9510835 0.3054713 0.0461232 58 96 129 255
-0.0559239 0.4148240 -0.1227498 -0.9165714 -0.3857673 -0.1052645 119 145 141 255
-0.0456165 0.3452824 -0.0875163 -0.6373743 -0.6269228 -0.4480197 95 66 70 255
-0.0850402 0.4323119 -0.1357131 -0.8693793 0.4869122 0.0842390 119 146 143 255
-0.2763439 0.5878366 0.2465606 0.6677690 -0.5050977 0.5467731 60 99 130 255
-0.3117793 0.5704783 0.2738032 0.9490650 -0.3131062 -0.0352160 60 98 131 255
-0.2610243 0.5249701 0.2125015 0.4829285 -0.4627916 0.7433734 59 98 129 255
0.1265179 0.1639101 0.2648664 0.2271195 -0.9560295 0.1855380 58 96 125 255
0.0494319 0.1310909 0.3848805 -0.3026768 0.4167584 0.8571460 55 95 126 255
0.0710905 0.1672378 0.3274798 -0.6639550 -0.4938357 -0.5615070 50 81 115 255
0.3512214 0.1698917 -0.0671568 0.4260598 0.3996458 0.8116380 65 99 126 255
0.3597946 0.1726319 -0.1856203 0.6057615 0.6128440 -0.5074201 58 97 126 255
0.2313974 0.3330546 -0.1244206 0.6370296 0.7673879 0.0728648 54 92 124 255
-0.1768155 1.3161011 -0.0511889 0.1609301 -0.4103777 -0.8976033 140 112 81 255
-0.1005724 1.4149748 -0.0133524 0.8051171 -0.2718499 -0.5271472 143 114 83 255
-0.1115524 1.3242081 -0.0396552 0.1542744 0.3826811 -0.9109087 141 113 81 255
-0.3300780 0.5830795 0.2438240 -0.8209543 -0.4883910 0.2958182 104 125 126 255
-0.3117793 0.5704783 0.2738032 -0.9427770 -0.3270192 -0.0650380 100 142 135 255
-0.3290600 0.6174012 0.3213196 -0.9866694 0.1016184 0.1271102 101 130 126 255
0.0750417 0.6576539 -0.3730450 0.8667641 0.0832079 -0.4917281 60 98 126 255
0.0318798 0.5250915 -0.4230533 0.0179911 -0.1623755 -0.9865651 60 99 127 255
0.0048524 0.6422005 -0.4120822 -0.4691632 0.1359289 -0.8725877 43 73 102 255
0.0035842 0.1143606 0.3400173 -0.1201920 0.7900699 0.6011185 142 113 81 255
0.1059889 0.1418734 0.3322911 0.2520565 0.5093618 0.8228111 116 92 62 255
0.0710905 0.1672378 0.3274798 0.6069136 0.2573628 0.7519445 131 105 74 255
0.2077142 0.8660383 0.2911472 0.2089679 0.1880159 0.9596783 138 110 81 255
0.1264888 0.7617599 0.2898307 -0.1347204 -0.2787164 0.9508772 135 108 78 255
0.2337100 0.7968943 0.2763200 0.4797536 -0.1892331 0.8567539 82 44 56 255
-0.0464385 0.8475483 0.1966829 -0.8085938 -0.3645295 0.4618383 54 89 120 255
0.0203523 0.7777194 0.2540507 -0.6903378 -0.3920591 0.6080488 60 93 123 255
0.0394707 0.8064638 0.2757130 -0.3073394 -0.1316451 0.9424500 55 90 122 255
-0.1554375 1.2467383 0.1171532 -0.9987797 -0.0006548 0.0493847 64 55 43 255
-0.1594224 1.3139767 0.1400409 -0.7074196 0.2956981 0.6419659 63 55 41 255
-0.2002793 1.3169068 0.1234293 -0.2534240 -0.5145203 0.8191734 61 54 43 255
-0.1005724 1.4149748 -0.0133524 0.8051171 -0.2718499 -0.5271472 143 114 83 255
-0.0525591 1.5091909 0.0991216 0.9123415 -0.2618041 0.3147882 110 78 69 255
-0.1008646 1.4095233 0.0546970 0.9295398 -0.2691717 0.2519968 83 52 60 255
-0.0285306 1.3182163 0.0019231 0.5129059 0.8461723 -0.1446369 110 142 134 255
-0.0500904 1.2762178 -0.0897036 -0.0829006 0.7227068 -0.6861651 105 135 130 255
-0.0855047 1.3523634 -0.0026922 0.7282178 0.6726960 -0.1310684 111 141 135 255
0.3512214 0.1698917 -0.0671568 0.2528126 -0.9138700 -0.3176908 132 141 136 255
0.2896368 0.1371961 -0.0649195 0.4943459 -0.7243232 -0.4806017 124 118 112 255
0.3187981 0.1699879 -0.1089206 0.1779818 -0.9799959 -0.0890530 114 144 140 255
0.0419756 0.4933409 -0.3642764 0.2682578 -0.3869912 0.8821993 62 99 131 255
-0.0048245 0.4618152 -0.3509541 0.6219988 0.4806340 0.6181492 59 100 130 255
0.0257263 0.4465257 -0.3346190 0.4122905 0.6125083 0.6744258 59 99 130 255
-0.1047853 0.5831623 0.2017903 -0.3006171 0.6400265 -0.7071037 59 98 126 255
-0.0429772 0.6114120 0.2134194 -0.3394526 0.4649168 -0.8176945 59 99 127 255
-0.0373224 0.5854577 0.1963162 -0.5809627 0.6290087 -0.5165561 59 98 126 255
0.3187981 0.1699879 -0.1089206 0.6575888 0.7381442 0.1507317 58 99 129 255
0.2896368 0.1371961 -0.0649195 -0.0389291 0.1910830 0.9808016 56 94 125 255
0.3405724 0.1304899 -0.0762458 0.7814000 0.4370588 0.4454142 58 98 128 255
0.0086470 0.4235145 -0.2762346 0.6431153 0.7223129 0.2542967 56 96 127 255
-0.0048245 0.4618152 -0.3509541 0.6219988 0.4806340 0.6181492 59 100 130 255
-0.0076176 0.4556061 -0.3173785 -0.8112930 0.1089708 0.5743946 59 99 129 255
-0.2407192 1.3685517 0.0252652 -0.1367531 0.9855473 -0.0999753 55 92 124 255
-0.3266213 1.3529146 -0.0383086 -0.2089848 0.9647184 -0.1601364 60 51 38 255
-0.3316061 1.3513554 0.0733066 -0.3414991 0.9321375 -0.1204075 138 109 80 255
0.0959128 0.5155794 -0.3616257 0.6328737 -0.0506363 0.7725974 63 101 130 255
0.0790973 0.6249206 -0.3326349 0.5622581 0.1319329 0.8163697 59 97 128 255
0.0219307 0.6141453 -0.3297648 0.2367694 -0.1367240 0.9618975 57 96 126 255
-0.1804887 0.4989024 0.1926074 -0.6490442 0.0855949 0.7559201 63 52 43 255
-0.0617913 0.1646195 0.2879071 -0.8500879 -0.1612872 0.5013352 110 106 89 255
0.0494319 0.1310909 0.3848805 -0.1650386 0.4718515 0.8660939 115 145 140 255
-0.0176048 0.4160542 -0.3463178 -0.8346113 -0.3932638 0.3857039 67 83 87 255
0.0086470 0.4235145 -0.2762346 -0.7086959 -0.6226532 0.3317426 47 79 108 255
-0.0076176 0.4556061 -0.3173785 -0.8113833 0.1089049 0.5742795 103 102 96 255
-0.1804887 0.4989024 0.1926074 -0.6490442 0.0855949 0.7559201 63 52 43 255
0.0494319 0.1310909 0.3848805 -0.1650386 0.4718515 0.8660939 115 145 140 255
-0.1487782 0.4555420 0.2116418 0.3218621 0.3709068 0.8711101 94 128 128 255
-0.0687941 0.0743297 0.2346087 -0.6751353 0.1630013 -0.7194601 50 87 120 255
-0.0693774 0.1110170 0.3123055 -0.8892094 0.4569625 -0.0221803 76 98 115 255
-0.0496590 0.1430414 0.1963382 -0.8012338 -0.4447098 -0.4003216 51 79 108 255
0.0318798 0.5250915 -0.4230533 0.0145523 -0.1630136 -0.9865165 55 95 123 255
0.0463792 0.4228148 -0.3688836 -0.4767243 -0.6069030 -0.6359265 113 146 140 255
-0.0048245 0.4618152 -0.3509541 -0.2279501 -0.5689613 -0.7901403 112 144 138 255
-0.1798236 1.1740621 0.1000571 -0.9214549 -0.0232399 -0.3877897 54 92 123 255
-0.1594224 1.3139767 0.1400409 -0.8472475 0.2710023 0.4568694 128 100 69 255
-0.1554375 1.2467383 0.1171532 -0.9877238 0.1009183 -0.1192360 45 73 101 255
0.0935941 0.4926133 -0.3249621 -0.5647154 -0.8250181 0.0210170 59 96 125 255
0.0959128 0.5155794 -0.3616257 -0.9661042 -0.1868424 -0.1781363 61 101 130 255
0.1094135 0.4799348 -0.3974586 0.6668575 -0.0535508 -0.7432586 60 101 130 255
-0.1312073 1.7045636 0.1418338 0.2000552 0.5945772 0.7787527 142 114 82 255
-0.1104430 1.7449875 0.0257463 0.5165605 0.8560904 -0.0165700 142 112 81 255
-0.2799095 1.7536663 0.0842571 -0.1536725 0.9161020 0.3703267 137 109 77 255
0.0547338 0.6067255 0.0543308 -0.0767248 -0.1729914 -0.9819304 61 53 41 255
0.1378752 0.5685262 0.0219636 -0.5075236 -0.5372575 0.6736277 64 55 41 255
0.1805470 0.5582389 0.0857420 0.4992787 -0.4728765 -0.7260225 63 54 40 255
0.0774007 0.7099038 -0.3527007 0.9571058 -0.2883213 0.0286212 61 100 128 255
0.0501914 0.7254919 -0.4000349 0.2932739 0.0301306 -0.9555535 57 97 127 255
0.0877745 0.7527713 -0.3808894 0.7479849 -0.2194809 -0.6263759 59 98 127 255
-0.0222678 0.6504504 -0.3452401 -0.9989223 0.0436399 0.0158052 59 99 129 255
-0.0172540 0.7376015 -0.3813114 -0.8641577 0.0308850 -0.5022724 58 98 128 255
0.0048524 0.6422005 -0.4120822 -0.4323397 0.1309410 -0.8921529 59 99 128 255
-0.1164207 0.4323513 0.0346189 -0.0890136 -0.1102857 -0.9899058 47 80 110 255
-0.0598719 0.4195291 0.0781097 0.8455569 -0.2989752 -0.4423205 55 96 128 255
0.1575997 0.1365579 0.2131295 0.7560868 0.2603992 -0.6004374 50 80 110 255
-0.2432618 0.6056803 0.3826222 0.6115068 -0.0367890 0.7903836 84 68 50 255
-0.2352495 0.6253389 0.3341961 0.9083164 -0.2316699 -0.3482677 143 115 84 255
-0.2180739 0.6622968 0.3234601 0.6223948 -0.5612592 -0.5455391 59 53 40 255
0.1575997 0.1365579 0.2131295 -0.0637826 -0.8018862 0.5940624 58 52 40 255
0.1166295 0.1394490 0.2262840 0.2635190 -0.8125827 0.5198720 56 51 38 255
0.0717974 0.1086241 0.2052388 0.2522720 -0.6132039 0.7485586 60 53 40 255
0.3460428 0.0239205 -0.0486407 0.1141660 -0.9003836 0.4198518 119 99 82 255
0.1149347 0.0013429 -0.2646861 0.0009215 -0.9994433 -0.0333520 98 124 116 255
0.3844884 0.0223809 -0.1927733 0.3956738 -0.5508783 -0.7348301 87 120 115 255
-0.0855047 1.3523634 -0.0026922 0.7282178 0.6726960 -0.1310684 111 141 135 255
-0.0500904 1.2762178 -0.0897036 -0.0829006 0.7227068 -0.6861651 105 135 130 255
-0.1115524 1.3242081 -0.0396552 0.1095295 0.3835500 -0.9170021 115 146 140 255
-0.1487782 0.4555420 0.2116418 0.3218621 0.3709068 0.8711101 94 128 128 255
-0.0063363 0.6415731 0.1941209 -0.5819142 0.5876203 0.5622084 114 105 94 255
-0.0429772 0.6114120 0.2134194 0.1700579 -0.1304915 0.9767560 55 44 36 255
0.0048524 0.6422005 -0.4120822 -0.4964664 -0.0117029 -0.8679771 53 89 118 255
-0.0353989 0.4958528 -0.3710556 -0.9480662 -0.0308525 -0.3165733 73 109 124 255
0.0006244 0.5635655 -0.3421478 -0.9041423 -0.2865454 -0.3168889 57 97 127 255
0.0210718 0.9429065 -0.3761110 -0.2737225 0.4450319 -0.8526562 128 99 69 255
0.1010980 0.9050758 -0.3960853 0.5707431 0.2513945 -0.7816989 133 102 70 255
-0.0057779 0.7736886 -0.3933234 -0.5613647 0.1015435 -0.8213153 121 94 66 255
0.0364520 0.4120190 -0.3050284 0.3029946 -0.8248075 -0.4773749 113 146 139 255
-0.0176048 0.4160542 -0.3463178 0.5036935 -0.2251659 -0.8340222 112 146 139 255
-0.0048245 0.4618152 -0.3509541 -0.2279331 -0.5689937 -0.7901219 112 144 138 255
-0.0048245 0.4618152 -0.3509541 0.6219988 0.4806340 0.6181492 59 100 130 255
0.0419756 0.4933409 -0.3642764 0.2682578 -0.3869912 0.8821993 62 99 131 255
-0.0117497 0.4967786 -0.3326092 0.0530275 -0.1300811 0.9900843 60 100 130 255
-0.3927102 1.4759940 0.0191741 -0.9830248 0.1123174 0.1450768 139 110 80 255
-0.3554131 1.5242117 0.0285854 -0.9904071 0.0264829 0.1356181 142 113 82 255
-0.3903467 1.5180466 -0.0050750 -0.9503027 0.1188329 -0.2877560 141 113 81 255
0.0274900 0.6634280 0.0767369 -0.8881456 -0.1356293 -0.4390925 75 63 49 255
0.0271864 0.7127529 0.0668044 -0.9143094 -0.2840230 -0.2887371 57 91 123 255
0.0680548 0.6497315 -0.0122623 -0.9542352 0.0787568 0.2885004 139 111 79 255
0.0750417 0.6576539 -0.3730450 0.8667641 0.0832079 -0.4917281 60 98 126 255
0.0774007 0.7099038 -0.3527007 0.9571058 -0.2883213 0.0286212 61 100 128 255
0.0448193 0.7072004 -0.3063583 0.2758860 -0.5165610 0.8105872 60 99 130 255
-0.0373224 0.5854577 0.1963162 -0.5810857 0.6288874 -0.5165657 59 98 126 255
-0.0429772 0.6114120 0.2134194 -0.3396009 0.4648575 -0.8176666 59 99 127 255
-0.0063369 0.6415724 0.1941209 -0.6355255 0.3235044 -0.7010365 59 99 128 255
-0.3300780 0.5830795 0.2438240 -0.1285612 0.7128572 -0.6894247 57 79 96 255
-0.3290600 0.6174012 0.3213196 -0.9909905 0.1323551 0.0204925 65 54 41 255
-0.2666377 0.6247338 0.3111515 0.4256332 0.1003012 -0.8993198 68 103 122 255
0.0086470 0.4235145 -0.2762346 0.6431153 0.7223129 0.2542967 56 96 127 255
0.0364520 0.4120190 -0.3050284 0.5981892 0.7517696 0.2775107 56 95 127 255
-0.0048245 0.4618152 -0.3509541 0.6219988 0.4806340 0.6181492 59 100 130 255
0.0790973 0.6249206 -0.3326349 0.5622581 0.1319329 0.8163697 59 97 128 255
0.0959128 0.5155794 -0.3616257 0.6328737 -0.0506363 0.7725974 63 101 130 255
0.0750417 0.6576539 -0.3730450 0.8667641 0.0832079 -0.4917281 60 98 126 255
-0.0353989 0.4958528 -0.3710556 -0.9480662 -0.0308525 -0.3165733 73 109 124 255
-0.0076176 0.4556061 -0.3173785 -0.8113833 0.1089049 0.5742795 103 102 96 255
-0.0117497 0.4967786 -0.3326092 0.0530078 -0.1300717 0.9900867 56 96 126 255
-0.2884273 0.6936919 0.3945403 -0.3905796 0.0796072 0.9171205 66 58 44 255
-0.2432618 0.6056803 0.3826222 0.6115068 -0.0367890 0.7903836 84 68 50 255
-0.2383589 0.6715444 0.3865948 0.6150315 -0.2384822 0.7515732 59 53 43 255
-0.0076176 0.4556061 -0.3173785 -0.8112930 0.1089708 0.5743946 59 99 129 255
-0.0048245 0.4618152 -0.3509541 0.6219988 0.4806340 0.6181492 59 100 130 255
-0.0117497 0.4967786 -0.3326092 0.0530275 -0.1300811 0.9900843 60 100 130 255
-0.0373224 0.5854577 0.1963162 -0.5809627 0.6290087 -0.5165561 59 98 126 255
-0.0192132 0.5775500 0.1563210 -0.5908865 0.7983292 0.1162913 59 98 128 255
-0.1130091 0.5565789 0.1786194 -0.4483719 0.8845587 -0.1285245 59 99 127 255
-0.1627292 1.1028533 0.1752644 -0.9317241 -0.3581961 0.0598795 142 113 83 255
-0.1517594 1.0497637 0.1856952 -0.8503625 -0.3614830 0.3823789 140 112 82 255
-0.1334138 1.1075120 0.2194862 -0.4729614 -0.1843164 0.8615887 139 110 79 255
-0.0353989 0.4958528 -0.3710556 -0.9480662 -0.0308525 -0.3165733 73 109 124 255
-0.0176048 0.4160542 -0.3463178 -0.8346113 -0.3932638 0.3857039 67 83 87 255
-0.0076176 0.4556061 -0.3173785 -0.8113833 0.1089049 0.5742795 103 102 96 255
0.0680548 0.6497315 -0.0122623 -0.9542352 0.0787568 0.2885004 139 111 79 255
0.0271864 0.7127529 0.0668044 -0.9143094 -0.2840230 -0.2887371 57 91 123 255
0.0795034 0.7430893 -0.0803676 -0.8211852 -0.4204040 -0.3858956 135 132 125 255
0.2048855 0.0886191 -0.2172141 0.1356552 0.2191794 -0.9662080 95 126 119 255
0.2631833 0.1185458 -0.2016468 0.1186242 0.2704763 -0.9553904 110 141 134 255
0.3487675 0.1360411 -0.1861887 0.6957001 0.4118350 -0.5885519 58 99 127 255
-0.0244291 0.7782841 -0.3034859 -0.9507779 0.0521185 0.3054588 139 110 79 255
-0.0047520 0.9393404 -0.3354073 -0.9724889 0.0805611 -0.2185751 117 140 138 255
-0.0057779 0.7736886 -0.3933234 -0.5944720 0.0871533 -0.7993794 138 113 84 255
-0.2949986 1.3444136 -0.0475783 -0.5828250 -0.5904739 0.5582613 128 101 70 255
-0.3342306 1.4078021 -0.0214872 -0.4151823 -0.8864615 0.2044742 128 101 71 255
-0.3094623 1.3423098 -0.0742421 -0.2635000 -0.3666189 -0.8922771 133 105 74 255
-0.1130091 0.5565789 0.1786194 -0.4483719 0.8845587 -0.1285245 59 99 127 255
-0.0192132 0.5775500 0.1563210 -0.5908865 0.7983292 0.1162913 59 98 128 255
-0.1346526 0.5632346 0.1479831 -0.2355367 0.9483318 0.2125778 59 98 126 255
0.0048524 0.6422005 -0.4120822 -0.4964664 -0.0117029 -0.8679771 53 89 118 255
0.0318798 0.5250915 -0.4230533 0.0163724 -0.1661982 -0.9859564 55 95 123 255
-0.0353989 0.4958528 -0.3710556 -0.9480662 -0.0308525 -0.3165733 73 109 124 255
0.0649388 0.4641903 -0.3397121 -0.3823645 0.5547564 0.7389470 62 99 127 255
0.0812633 0.5042264 -0.3763480 0.0114554 0.6725029 0.7400060 60 99 127 255
0.0419756 0.4933409 -0.3642764 0.2682818 -0.3869922 0.8821914 58 98 127 255
-0.2180739 0.6622968 0.3234601 0.6457724 -0.5322994 -0.5473896 59 51 39 255
-0.1953052 0.7062930 0.2992821 0.6773701 -0.4392816 -0.5900859 61 54 42 255
-0.1944141 0.6905846 0.3673830 0.5223675 -0.4126574 0.7462212 59 53 41 255
-0.2180739 0.6622968 0.3234601 0.6223948 -0.5612592 -0.5455391 59 53 40 255
-0.1944141 0.6905846 0.3673830 0.5154452 -0.4237942 0.7447917 53 47 36 255
-0.2383589 0.6715444 0.3865948 0.6150315 -0.2384822 0.7515732 59 53 43 255
-0.2343373 0.4774428 0.3725967 -0.0090460 -0.2716181 0.9623626 110 140 137 255
-0.3018646 0.4738160 0.3432202 -0.6567781 -0.4245729 0.6232016 109 140 138 255
-0.2249612 0.4705499 0.3267765 -0.2399589 -0.8954839 0.3748710 110 140 137 255
0.2631833 0.1185458 -0.2016468 0.1186242 0.2704763 -0.9553904 110 141 134 255
0.3042550 0.1655674 -0.1864314 0.4247419 0.6348203 -0.6454435 58 99 128 255
0.3487675 0.1360411 -0.1861887 0.6957001 0.4118350 -0.5885519 58 99 127 255
-0.0081325 0.7967154 0.0280485 -0.8645077 -0.3867949 -0.3209611 56 92 126 255
-0.0215727 0.8468670 0.0599174 -0.9003863 -0.3813932 -0.2093893 57 93 125 255
0.0130681 0.8403071 -0.0584669 -0.8604449 -0.4851951 -0.1556290 56 89 120 255
0.3121189 0.8303505 0.1982608 0.8623750 -0.0046242 0.5062490 135 105 73 255
0.3533893 0.8513734 0.0836663 0.9147267 0.3236583 0.2419100 127 99 69 255
0.2954390 0.9091132 0.2044387 0.7507285 0.3884775 0.5343145 134 104 73 255
-0.3276941 0.4707566 0.2720065 -0.9885315 -0.1509041 -0.0057842 110 142 139 255
-0.3290600 0.6174012 0.3213196 -0.9866694 0.1016184 0.1271102 101 130 126 255
-0.3117793 0.5704783 0.2738032 -0.9427770 -0.3270192 -0.0650380 100 142 135 255
0.2750473 0.8927275 -0.1240635 0.6051503 0.3059385 -0.7349793 134 108 78 255
0.1123913 1.1780782 -0.0914025 0.6660269 0.6059123 -0.4350613 112 143 136 255
0.3401071 0.9255545 -0.0027699 0.8398376 0.5326184 -0.1048342 124 97 67 255
-0.0087161 0.5972351 -0.2978797 0.3392879 0.2684702 0.9015583 57 93 124 255
0.0006244 0.5635655 -0.3421478 0.8673088 -0.0439812 0.4958238 59 97 127 255
0.0219307 0.6141453 -0.3297648 0.2367694 -0.1367240 0.9618975 57 96 126 255
0.2778449 0.5876458 0.0233407 0.5619506 -0.7502332 0.3483698 61 52 38 255
0.2298093 0.5702402 0.1765194 0.8000417 -0.5124502 0.3119747 127 100 70 255
0.1805470 0.5582389 0.0857420 0.4992787 -0.4728765 -0.7260225 63 54 40 255
-0.0117497 0.4967786 -0.3326092 0.0530275 -0.1300811 0.9900843 60 100 130 255
0.0219307 0.6141453 -0.3297648 0.2367694 -0.1367240 0.9618975 57 96 126 255
0.0006244 0.5635655 -0.3421478 0.8673088 -0.0439812 0.4958238 59 97 127 255
-0.0286545 0.3947634 -0.2215652 -0.0089097 0.2971358 -0.9547937 143 114 82 255
0.2902615 0.6826446 -0.0997028 0.5441340 0.0738326 -0.8357433 56 50 39 255
0.0762105 0.3998419 -0.1947937 0.4282099 0.1301308 -0.8942607 126 97 73 255
-0.3448667 1.3953878 0.0650992 -0.2698580 -0.9153605 -0.2988175 127 99 70 255
-0.3342306 1.4078021 -0.0214872 -0.4151823 -0.8864615 0.2044742 128 101 71 255
-0.2407192 1.3685517 0.0252652 -0.4521849 -0.8892400 0.0691463 55 92 124 255
-0.1592353 1.1812015 0.0689678 -0.9690205 -0.1521223 -0.1945719 55 92 123 255
-0.1382903 1.0830298 0.0164280 -0.9525228 -0.1365069 -0.2721509 51 86 117 255
-0.1167773 1.0357205 0.0186372 -0.8943743 -0.3838111 -0.2297473 54 89 122 255
-0.0841826 1.0739294 -0.1223011 -0.6445205 -0.3621446 -0.6733828 147 142 132 255
-0.1009069 1.1257094 -0.1128101 -0.7245775 -0.0657927 -0.6860457 135 127 118 255
-0.0725088 1.1050671 -0.1413989 -0.2535821 0.0122191 -0.9672366 52 89 122 255
-0.1973990 1.5044354 0.1825633 0.4162644 -0.0934129 0.9044325 61 54 39 255
-0.2578932 1.6319003 0.1715441 -0.1157757 0.3399764 0.9332803 61 54 40 255
-0.2339278 1.5418439 0.1880407 -0.1235051 0.3006591 0.9457012 69 59 46 255
-0.0117497 0.4967786 -0.3326092 0.0530275 -0.1300811 0.9900843 60 100 130 255
0.0419756 0.4933409 -0.3642764 0.2682578 -0.3869912 0.8821993 62 99 131 255
0.0959128 0.5155794 -0.3616257 0.6328737 -0.0506363 0.7725974 63 101 130 255
-0.0609446 1.3170291 0.1192141 0.3622270 0.8375846 0.4089543 112 143 136 255
-0.0855047 1.3523634 -0.0026922 0.7282178 0.6726960 -0.1310684 111 141 135 255
-0.1193803 1.3542301 0.1070223 0.4343914 0.3171557 0.8430400 115 146 140 255
-0.0570848 1.1410410 0.2469454 -0.4398294 -0.2414538 0.8650144 63 55 43 255
-0.0960763 1.1311554 0.2322474 -0.0825773 -0.8659011 0.4933521 64 55 42 255
0.0376885 0.8433780 0.2882876 -0.2968141 -0.0343545 0.9543172 48 83 115 255
0.0759700 0.4198298 -0.3631387 -0.8622745 -0.4809605 0.1586178 60 99 127 255
0.0649388 0.4641903 -0.3397121 -0.3823645 0.5547564 0.7389470 62 99 127 255
0.0419756 0.4933409 -0.3642764 0.2682818 -0.3869922 0.8821914 58 98 127 255
0.0419756 0.4933409 -0.3642764 0.2682578 -0.3869912 0.8821993 62 99 131 255
0.0812633 0.5042264 -0.3763480 0.7010555 -0.5293877 -0.4777759 61 100 128 255
0.0959128 0.5155794 -0.3616257 0.6328737 -0.0506363 0.7725974 63 101 130 255
-0.0032079 0.5346537 -0.2714038 0.9771950 -0.2097972 -0.0327864 58 98 128 255
0.0006244 0.5635655 -0.3421478 0.8673088 -0.0439812 0.4958238 59 97 127 255
-0.0087161 0.5972351 -0.2978797 0.3392879 0.2684702 0.9015583 57 93 124 255
-0.3569665 1.4820578 0.1249185 -0.8492764 -0.1795752 0.4964699 144 115 83 255
-0.3927102 1.4759940 0.0191741 -0.9830248 0.1123174 0.1450768 139 110 80 255
-0.3517567 1.4265077 0.1023660 -0.5529357 -0.2800047 0.7847671 139 110 80 255
-0.0895354 0.4322480 0.1906366 0.5182956 0.1372115 0.8441224 109 142 138 255
0.0494319 0.1310909 0.3848805 -0.1650386 0.4718515 0.8660939 115 145 140 255
0.1430904 0.1710375 0.3346958 0.5918770 0.7091631 0.3831046 110 142 135 255
0.0274900 0.6634280 0.0767369 -0.6403736 0.2789005 -0.7156368 59 97 124 255
0.0680548 0.6497315 -0.0122623 -0.9891022 0.1028176 0.1053824 58 97 128 255
0.1378752 0.5685262 0.0219636 -0.5447614 -0.5458359 0.6366303 58 97 128 255
-0.1804887 0.4989024 0.1926074 -0.4835830 0.1367787 0.8645455 59 98 127 255
-0.1130091 0.5565789 0.1786194 -0.4483719 0.8845587 -0.1285245 59 99 127 255
-0.1685460 0.5057836 0.1618400 -0.6775845 0.7091146 0.1950276 59 98 126 255
0.0759700 0.4198298 -0.3631387 0.7900646 -0.1428493 -0.5961477 59 97 126 255
0.0318798 0.5250915 -0.4230533 0.0179911 -0.1623755 -0.9865651 60 99 127 255
0.0812633 0.5042264 -0.3763480 0.7010555 -0.5293877 -0.4777759 61 100 128 255
0.2290869 0.7726103 -0.1337996 0.3661923 -0.2141044 -0.9055731 137 109 78 255
0.1935821 0.7961741 -0.1510134 0.1892646 -0.2158140 -0.9579160 134 107 75 255
0.2837894 0.8253239 -0.1173820 0.7048766 0.0034376 -0.7093216 139 112 81 255
-0.2884273 0.6936919 0.3945403 -0.3905796 0.0796072 0.9171205 66 58 44 255
-0.1944141 0.6905846 0.3673830 0.5154452 -0.4237942 0.7447917 53 47 36 255
-0.2824641 0.7318704 0.3940454 -0.7008515 0.1500349 0.6973499 66 56 47 255
0.0959128 0.5155794 -0.3616257 0.6328737 -0.0506363 0.7725974 63 101 130 255
0.0812633 0.5042264 -0.3763480 0.7010555 -0.5293877 -0.4777759 61 100 128 255
0.1094135 0.4799348 -0.3974586 0.6646686 -0.0524625 -0.7452940 61 101 129 255
-0.0895354 0.4322480 0.1906366 0.5182956 0.1372115 0.8441224 109 142 138 255
-0.1487782 0.4555420 0.2116418 0.3218621 0.3709068 0.8711101 94 128 128 255
0.0494319 0.1310909 0.3848805 -0.1650386 0.4718515 0.8660939 115 145 140 255
0.0795034 0.7430893 -0.0803676 -0.8211852 -0.4204040 -0.3858956 135 132 125 255
-0.0081325 0.7967154 0.0280485 -0.8645077 -0.3867949 -0.3209611 56 92 126 255
0.0130681 0.8403071 -0.0584669 -0.8604449 -0.4851951 -0.1556290 56 89 120 255
0.1575997 0.1365579 0.2131295 -0.0637826 -0.8018862 0.5940624 58 52 40 255
0.1265179 0.1639101 0.2648664 0.0320376 -0.9983053 0.0485821 57 51 39 255
0.1166295 0.1394490 0.2262840 0.2635190 -0.8125827 0.5198720 56 51 38 255
-0.2180739 0.6622968 0.3234601 0.6223948 -0.5612592 -0.5455391 59 53 40 255
-0.2383589 0.6715444 0.3865948 0.6150315 -0.2384822 0.7515732 59 53 43 255
-0.2432618 0.6056803 0.3826222 0.6115068 -0.0367890 0.7903836 84 68 50 255
0.0935941 0.4926133 -0.3249621 -0.0280280 0.8479322 0.5293634 60 99 129 255
0.1297933 0.4933354 -0.3242021 0.5648174 0.8249490 -0.0209895 59 99 129 255
0.0959128 0.5155794 -0.3616257 0.6295956 -0.0535401 0.7750760 60 100 130 255
-0.0561197 0.9762544 -0.0839391 -0.7781034 -0.3296025 -0.5347122 153 148 140 255
0.0049652 0.8403727 -0.0965419 -0.8386195 -0.4346269 -0.3283549 156 170 185 255
-0.0490290 0.9231691 -0.0452023 -0.8505428 -0.4861732 -0.2005309 57 90 121 255
-0.3665962 1.3960984 -0.0280623 -0.6903786 -0.6745788 -0.2613825 136 107 76 255
-0.3342306 1.4078021 -0.0214872 -0.4151823 -0.8864615 0.2044742 128 101 71 255
-0.3448667 1.3953878 0.0650992 -0.2698580 -0.9153605 -0.2988175 127 99 70 255
-0.2666377 0.6247338 0.3111515 0.4256332 0.1003012 -0.8993198 68 103 122 255
-0.3117793 0.5704783 0.2738032 0.9522363 -0.3049299 -0.0162397 58 100 132 255
-0.2763439 0.5878366 0.2465606 0.6626993 -0.5090135 0.5493038 54 98 130 255
0.1090528 0.7637931 -0.1273589 -0.2549763 -0.4610614 -0.8499467 154 152 148 255
0.0514201 0.7577224 -0.0970311 -0.7207286 -0.6333582 -0.2817937 54 88 121 255
0.0585183 0.7891235 -0.1137543 -0.4353465 -0.2455161 -0.8661382 100 94 84 255
-0.0561197 0.9762544 -0.0839391 -0.7781034 -0.3296025 -0.5347122 153 148 140 255
-0.0356407 0.9890038 -0.1097231 -0.5148689 -0.3058963 -0.8008355 154 148 140 255
0.0755034 0.8976709 -0.1569023 -0.3075773 -0.0819421 -0.9479882 154 150 142 255
-0.1830553 0.0326579 0.4222207 -0.2265357 -0.9497770 0.2158826 65 99 123 255
-0.1919604 0.0992582 0.2704501 -0.6638468 0.7385541 -0.1176667 70 61 49 255
-0.2043922 0.0000000 0.2514873 -0.1819561 -0.9750910 -0.1268448 57 51 39 255
0.1297933 0.4933354 -0.3242021 0.0159482 -0.9843283 0.1756232 60 100 130 255
0.0935941 0.4926133 -0.3249621 -0.5647154 -0.8250181 0.0210170 59 96 125 255
0.1094135 0.4799348 -0.3974586 0.6668575 -0.0535508 -0.7432586 60 101 130 255
-0.0141385 0.7243652 -0.3201766 -0.7292978 -0.2766948 0.6257514 59 99 129 255
-0.0172540 0.7376015 -0.3813114 -0.8641577 0.0308850 -0.5022724 58 98 128 255
-0.0222678 0.6504504 -0.3452401 -0.9989223 0.0436399 0.0158052 59 99 129 255
-0.1167773 1.0357205 0.0186372 -0.8943743 -0.3838111 -0.2297473 54 89 122 255
-0.1382903 1.0830298 0.0164280 -0.9525228 -0.1365069 -0.2721509 51 86 117 255
-0.1218573 1.0855357 -0.0238824 -0.9197900 -0.3194783 -0.2278594 55 79 100 255
-0.0085212 0.6551766 0.1569510 -0.8889754 0.2061871 -0.4089126 144 139 127 255
-0.0063363 0.6415731 0.1941209 -0.2594299 -0.9117526 -0.3184388 133 127 113 255
-0.0398085 0.6595517 0.1699133 -0.3540590 -0.4201188 -0.8355492 57 95 127 255
-0.2993677 0.7466645 0.3102369 -0.8995333 0.2750551 -0.3393883 60 51 40 255
-0.2315035 0.8826287 0.2986226 -0.6938334 0.0705324 -0.7166733 100 146 134 255
-0.2522956 0.7329097 0.2750711 -0.1614736 -0.0746596 -0.9840488 49 44 33 255
-0.1919604 0.0992582 0.2704501 -0.6638468 0.7385541 -0.1176667 70 61 49 255
-0.0978083 0.0862974 0.2594848 -0.0452706 0.9138727 -0.4034691 141 112 81 255
-0.1660571 0.0506377 0.2279987 -0.1932749 0.2760823 -0.9415007 70 61 49 255
0.1094135 0.4799348 -0.3974586 0.6666349 -0.0537320 -0.7434452 61 101 131 255
0.0959128 0.5155794 -0.3616257 0.6295956 -0.0535401 0.7750760 60 100 130 255
0.1297933 0.4933354 -0.3242021 0.5648174 0.8249490 -0.0209895 59 99 129 255
-0.1346526 0.5632346 0.1479831 -0.2355367 0.9483318 0.2125778 59 98 126 255
-0.1623283 0.5806192 0.1062078 -0.4031418 0.8125766 -0.4209466 59 98 126 255
-0.1663910 0.5429593 0.1362910 -0.9014363 0.3045338 0.3076877 59 98 127 255
-0.1804887 0.4989024 0.1926074 -0.4835830 0.1367787 0.8645455 59 98 127 255
-0.1907742 0.5198223 0.1594272 -0.3686502 0.9293048 0.0221269 59 98 127 255
-0.2071808 0.4847563 0.1404767 -0.9848102 0.0374901 0.1695386 59 98 127 255
0.0855253 0.7018350 -0.0859175 -0.8259748 0.3657300 -0.4289607 141 113 81 255
-0.0625807 0.3871330 -0.2064319 -0.6633993 0.5033363 -0.5536731 141 113 81 255
-0.0850402 0.4323119 -0.1357131 -0.8685171 0.4721646 -0.1507937 142 113 81 255
-0.1169200 0.5508875 0.1042175 -0.4343615 0.8903812 -0.1362031 59 98 126 255
-0.1123341 0.5330375 0.0680490 -0.5080193 0.3957144 -0.7650663 59 98 127 255
-0.1608945 0.5279690 0.1050367 -0.6609809 0.7254725 -0.1918177 58 99 127 255
0.0331542 0.0072520 -0.0807886 -0.2120971 -0.8427029 0.4948401 107 139 133 255
0.0115919 0.0065026 -0.2282786 -0.8134335 -0.5034782 -0.2912655 81 111 106 255
0.1149347 0.0013429 -0.2646861 0.0009215 -0.9994433 -0.0333520 98 124 116 255
0.1342112 0.1617068 -0.0593152 -0.4480771 -0.4743397 0.7577788 127 118 110 255
0.1694675 0.0651801 -0.0749922 -0.3908969 0.0291558 0.9199726 60 99 128 255
0.2739804 0.1008329 -0.0372586 -0.0080472 -0.0387136 0.9992180 59 98 127 255
0.3401071 0.9255545 -0.0027699 0.8398376 0.5326184 -0.1048342 124 97 67 255
0.3498160 0.8471686 -0.0252872 0.9212979 0.0574258 -0.3845939 62 54 42 255
0.2837894 0.8253239 -0.1173820 0.7048766 0.0034376 -0.7093216 139 112 81 255
-0.2552368 0.4744973 0.2961426 0.5824727 0.2175743 -0.7831903 55 92 124 255
-0.3022260 0.4985852 0.2502193 0.4351560 0.1715647 -0.8838580 60 99 127 255
-0.2021019 0.4931588 0.3387895 0.9323573 0.1659494 -0.3212019 54 89 121 255
0.0219307 0.6141453 -0.3297648 0.2367694 -0.1367240 0.9618975 57 96 126 255
-0.0117497 0.4967786 -0.3326092 0.0530275 -0.1300811 0.9900843 60 100 130 255
0.0959128 0.5155794 -0.3616257 0.6328737 -0.0506363 0.7725974 63 101 130 255
0.2954390 0.9091132 0.2044387 0.7507285 0.3884775 0.5343145 134 104 73 255
0.3533893 0.8513734 0.0836663 0.9147267 0.3236583 0.2419100 127 99 69 255
0.2358917 1.0062083 0.1790476 0.7122362 0.6129985 0.3419827 106 69 67 255
-0.2927828 0.4529212 0.2703285 -0.6459998 -0.7623758 0.0383050 110 135 130 255
-0.3018646 0.4738160 0.3432202 -0.6567781 -0.4245729 0.6232016 109 140 138 255
-0.3276941 0.4707566 0.2720065 -0.9885315 -0.1509041 -0.0057842 110 142 139 255
-0.2580784 0.3886619 0.2490277 -0.5287253 -0.8441070 0.0890659 109 136 130 255
-0.3018646 0.4738160 0.3432202 -0.6567781 -0.4245729 0.6232016 109 140 138 255
-0.2927828 0.4529212 0.2703285 -0.6459998 -0.7623758 0.0383050 110 135 130 255
0.0187869 0.7179977 0.1363554 -0.7701040 -0.6356543 0.0536980 56 93 125 255
0.0321273 0.7297773 0.2186732 -0.4782988 -0.6988735 0.5317951 55 92 122 255
-0.0235237 0.7400127 0.1585269 -0.7906783 -0.5575349 0.2529479 53 87 117 255
0.0826348 0.7406645 -0.3046150 0.7522236 -0.4452767 0.4856833 135 106 75 255
0.0774007 0.7099038 -0.3527007 0.9365944 -0.3503735 -0.0054159 139 110 80 255
0.0877745 0.7527713 -0.3808894 0.7513434 -0.2077047 -0.6263721 135 107 76 255
-0.3591180 1.3250189 0.0599194 -0.9918123 -0.0034141 0.1276584 51 45 34 255
-0.3381204 1.2553023 0.0632191 -0.4357651 -0.7666228 0.4715913 56 49 37 255
-0.3325428 1.3521277 0.1039248 -0.4390107 -0.2044986 0.8749000 43 37 27 255
-0.1382903 1.0830298 0.0164280 -0.9525228 -0.1365069 -0.2721509 51 86 117 255
-0.1366898 1.1795255 0.0354033 -0.9448658 -0.3008441 -0.1293114 114 114 108 255
-0.1444518 1.1970710 -0.0101471 -0.9973153 0.0163826 -0.0713693 115 104 94 255
-0.1218573 1.0855357 -0.0238824 -0.9197900 -0.3194783 -0.2278594 55 79 100 255
-0.1194702 1.0950867 -0.0648975 -0.8738670 -0.3657121 -0.3203297 117 121 120 255
-0.0561197 0.9762544 -0.0839391 -0.7781034 -0.3296025 -0.5347122 153 148 140 255
0.0959128 0.5155794 -0.3616257 0.6328737 -0.0506363 0.7725974 63 101 130 255
0.1094135 0.4799348 -0.3974586 0.6646686 -0.0524625 -0.7452940 61 101 129 255
0.0750417 0.6576539 -0.3730450 0.8667641 0.0832079 -0.4917281 60 98 126 255
0.0473128 1.2711705 0.1328034 0.6735480 0.6749545 0.3012798 111 143 137 255
-0.0285306 1.3182163 0.0019231 0.5129059 0.8461723 -0.1446369 110 142 134 255
-0.0609446 1.3170291 0.1192141 0.3622270 0.8375846 0.4089543 112 143 136 255
-0.2383943 0.4419488 0.2084832 -0.1198555 0.8429674 -0.5244431 60 99 126 255
-0.2909764 0.4434881 0.2229729 -0.2684133 0.6317337 -0.7272323 60 100 127 255
-0.2927828 0.4529212 0.2703285 0.4432414 0.6874024 -0.5753390 60 99 127 255
0.2739804 0.1008329 -0.0372586 -0.0080472 -0.0387136 0.9992180 59 98 127 255
0.3512214 0.1698917 -0.0671568 0.4260598 0.3996458 0.8116380 65 99 126 255
-0.0024432 0.3435593 -0.0341277 -0.2015878 -0.0019298 0.9794685 60 98 130 255
-0.3927102 1.4759940 0.0191741 -0.9830248 0.1123174 0.1450768 139 110 80 255
-0.3569665 1.4820578 0.1249185 -0.8492764 -0.1795752 0.4964699 144 115 83 255
-0.3554131 1.5242117 0.0285854 -0.9904071 0.0264829 0.1356181 142 113 82 255
0.1446443 0.8789780 -0.2973242 0.9981625 0.0142000 -0.0589073 127 98 68 255
0.0769583 1.1748936 -0.1494346 0.7836611 0.5250366 -0.3319819 75 75 65 255
0.1051650 0.8726600 -0.2533016 0.5178331 -0.2894477 0.8050274 134 106 75 255
-0.1047853 0.5831623 0.2017903 -0.2782808 0.1676819 0.9457498 47 44 36 255
-0.1487782 0.4555420 0.2116418 0.3218621 0.3709068 0.8711101 94 128 128 255
-0.0429772 0.6114120 0.2134194 0.1031454 -0.0738951 0.9919176 55 44 36 255
-0.2927828 0.4529212 0.2703285 0.4432414 0.6874024 -0.5753390 60 99 127 255
-0.2909764 0.4434881 0.2229729 -0.2684133 0.6317337 -0.7272323 60 100 127 255
-0.3022260 0.4985852 0.2502193 0.4351560 0.1715647 -0.8838580 60 99 127 255
-0.2002793 1.3169068 0.1234293 -0.2534240 -0.5145203 0.8191734 61 54 43 255
-0.3381204 1.2553023 0.0632191 -0.4357651 -0.7666228 0.4715913 56 49 37 255
-0.2144774 1.2541920 0.0292187 -0.1842226 -0.9755356 -0.1199676 57 50 38 255
0.3498160 0.8471686 -0.0252872 0.9212979 0.0574258 -0.3845939 62 54 42 255
0.3401071 0.9255545 -0.0027699 0.8398376 0.5326184 -0.1048342 124 97 67 255
0.3564562 0.7992658 0.0414004 0.9988533 -0.0478773 -0.0001771 63 56 44 255
-0.3927102 1.4759940 0.0191741 -0.9830248 0.1123174 0.1450768 139 110 80 255
-0.3903467 1.5180466 -0.0050750 -0.9503027 0.1188329 -0.2877560 141 113 81 255
-0.3858164 1.4705931 -0.0141268 -0.9482187 -0.1169927 -0.2952865 140 111 79 255
-0.0489694 1.1551797 -0.1320925 -0.7061982 -0.6531758 0.2732132 77 40 55 255
0.0114501 0.9018211 -0.2805996 -0.8552861 -0.1530772 0.4950284 126 116 97 255
0.0466361 0.8857041 -0.2502398 -0.1807231 -0.2869955 0.9407299 141 112 81 255
-0.3448667 1.3953878 0.0650992 -0.2698580 -0.9153605 -0.2988175 127 99 70 255
-0.2828842 1.3645914 0.0740447 -0.2378694 -0.6801888 -0.6933696 56 95 126 255
-0.3316061 1.3513554 0.0733066 -0.3414380 0.9321620 -0.1203913 127 99 70 255
-0.1713463 1.1773042 0.1218944 -0.9970260 -0.0747428 0.0187735 141 113 83 255
-0.1798236 1.1740621 0.1000571 -0.9624559 0.0379072 -0.2687777 138 111 80 255
-0.1557282 1.0977171 0.0821080 -0.8841244 -0.2994383 -0.3586931 142 114 83 255
-0.2383589 0.6715444 0.3865948 0.6150315 -0.2384822 0.7515732 59 53 43 255
-0.1944141 0.6905846 0.3673830 0.5154452 -0.4237942 0.7447917 53 47 36 255
-0.2884273 0.6936919 0.3945403 -0.3905796 0.0796072 0.9171205 66 58 44 255
0.1200041 0.0966019 -0.1951985 -0.0661608 0.9974946 -0.0250443 109 140 134 255
0.1474648 0.0998441 -0.2160487 -0.0032377 0.9420975 -0.3353232 95 127 120 255
0.0683459 0.0743349 -0.2595153 -0.1122764 0.4447144 -0.8886074 99 130 124 255
-0.1713463 1.1773042 0.1218944 -0.9970260 -0.0747428 0.0187735 141 113 83 255
-0.1594224 1.3139767 0.1400409 -0.7360564 0.3473247 0.5810222 109 142 138 255
-0.1798236 1.1740621 0.1000571 -0.9624559 0.0379072 -0.2687777 138 111 80 255
-0.3903467 1.5180466 -0.0050750 -0.9503027 0.1188329 -0.2877560 141 113 81 255
-0.3492774 1.5567432 -0.0348687 -0.8885617 -0.0454477 -0.4565004 139 110 79 255
-0.3499657 1.4917452 -0.0461664 -0.8384277 0.0493256 -0.5427763 141 112 80 255
-0.1594224 1.3139767 0.1400409 -0.7360564 0.3473247 0.5810222 109 142 138 255
-0.1713463 1.1773042 0.1218944 -0.9970260 -0.0747428 0.0187735 141 113 83 255
-0.1829742 1.1639812 0.1737556 -0.9729027 0.1065893 -0.2051810 141 113 82 255
-0.2649206 0.4056415 0.1879530 -0.5025363 0.3749159 -0.7790349 61 99 127 255
-0.2909764 0.4434881 0.2229729 -0.2684133 0.6317337 -0.7272323 60 100 127 255
-0.2383943 0.4419488 0.2084832 -0.1198555 0.8429674 -0.5244431 60 99 126 255
0.2337100 0.7968943 0.2763200 0.4785822 -0.1917871 0.8568411 130 101 68 255
0.3121189 0.8303505 0.1982608 0.8623750 -0.0046242 0.5062490 135 105 73 255
0.2954390 0.9091132 0.2044387 0.7507285 0.3884775 0.5343145 134 104 73 255
0.2902615 0.6826446 -0.0997028 0.5441340 0.0738326 -0.8357433 56 50 39 255
0.3206261 0.6428528 -0.0299053 0.9044344 -0.3662741 -0.2187279 59 51 39 255
0.0762105 0.3998419 -0.1947937 0.4282099 0.1301308 -0.8942607 126 97 73 255
0.0750417 0.6576539 -0.3730450 0.8667641 0.0832079 -0.4917281 60 98 126 255
0.0048524 0.6422005 -0.4120822 -0.4691632 0.1359289 -0.8725877 43 73 102 255
0.0501914 0.7254919 -0.4000349 0.2932739 0.0301306 -0.9555535 57 97 127 255
-0.1366898 1.1795255 0.0354033 -0.9448658 -0.3008441 -0.1293114 114 114 108 255
-0.1238362 1.2608697 -0.0424466 -0.7569450 -0.2907945 -0.5852119 107 132 125 255
-0.1444518 1.1970710 -0.0101471 -0.9973153 0.0163826 -0.0713693 115 104 94 255
-0.0678872 1.6741316 0.1046968 0.8246121 0.3108115 0.4726638 143 112 81 255
-0.0525591 1.5091909 0.0991216 0.9123415 -0.2618041 0.3147882 110 78 69 255
-0.0276936 1.6089760 0.0260630 0.9721534 0.2129399 -0.0978486 140 111 79 255
-0.3276941 0.4707566 0.2720065 -0.9885315 -0.1509041 -0.0057842 110 142 139 255
-0.3200084 0.4230266 0.2520313 0.3634062 -0.6737470 0.6434290 56 91 124 255
-0.2927828 0.4529212 0.2703285 -0.6459998 -0.7623758 0.0383050 110 135 130 255
-0.2580784 0.3886619 0.2490277 -0.5287253 -0.8441070 0.0890659 109 136 130 255
-0.2666964 0.4500041 0.3051887 -0.2915728 -0.9514129 0.0989889 110 140 137 255
-0.3018646 0.4738160 0.3432202 -0.6567781 -0.4245729 0.6232016 109 140 138 255
-0.3482855 1.5979619 0.1443424 -0.5200832 0.2756847 0.8084006 42 35 25 255
-0.3712489 1.5921897 0.1036572 -0.9538381 0.1716933 0.2464031 106 78 61 255
-0.3261056 1.5096544 0.1617718 -0.5977556 -0.0748757 0.7981742 59 52 39 255
-0.2649206 0.4056415 0.1879530 -0.5025363 0.3749159 -0.7790349 61 99 127 255
-0.3200084 0.4230266 0.2520313 -0.7438657 0.1422853 -0.6530074 61 99 127 255
-0.2909764 0.4434881 0.2229729 -0.2684133 0.6317337 -0.7272323 60 100 127 255
-0.1238362 1.2608697 -0.0424466 -0.7360750 -0.3036679 -0.6049622 61 54 40 255
-0.2144774 1.2541920 0.0292187 -0.1842226 -0.9755356 -0.1199676 57 50 38 255
-0.1768155 1.3161011 -0.0511889 0.1608400 -0.4577948 -0.8743882 59 53 39 255
-0.2504272 1.7222700 -0.0755339 -0.4609155 0.5592648 -0.6890427 141 111 80 255
-0.3072481 1.7483850 -0.0244813 -0.0915324 0.9866961 -0.1343604 136 107 76 255
-0.1638741 1.7326212 -0.0707688 0.1529283 0.8883985 -0.4328523 140 110 80 255
0.2290869 0.7726103 -0.1337996 0.3661923 -0.2141044 -0.9055731 137 109 78 255
0.3214259 0.7929485 -0.0665689 0.8527376 -0.1012210 -0.5124381 81 54 55 255
0.2902615 0.6826446 -0.0997028 0.5441340 0.0738326 -0.8357433 56 50 39 255
-0.0258852 0.5183938 -0.3049521 0.0600446 -0.6552726 -0.7530022 56 92 123 255
-0.0565601 0.5909612 -0.3246512 -0.4656462 -0.5103101 -0.7230195 56 96 126 255
0.0006244 0.5635655 -0.3421478 -0.9041423 -0.2865454 -0.3168889 57 97 127 255
-0.3569665 1.4820578 0.1249185 -0.8492764 -0.1795752 0.4964699 144 115 83 255
-0.3261056 1.5096544 0.1617718 -0.5977556 -0.0748757 0.7981742 59 52 39 255
-0.3836925 1.5395131 0.0971322 -0.9749151 -0.0868139 0.2049486 142 114 84 255
-0.0565601 0.5909612 -0.3246512 -0.7729498 0.3653849 0.5186932 55 90 122 255
-0.0258852 0.5183938 -0.3049521 -0.7783505 -0.1645509 0.6058824 59 98 127 255
-0.0032079 0.5346537 -0.2714038 -0.6622256 0.0773030 0.7453063 58 98 128 255
-0.0526697 0.5711578 0.0803537 0.0314181 -0.6033752 0.7968383 58 97 126 255
0.0175872 0.6650373 0.1225710 -0.7618533 0.3525415 0.5434095 54 93 125 255
-0.0790181 0.6007716 0.1035118 -0.0803942 -0.3895313 0.9174977 58 97 127 255
-0.3018646 0.4738160 0.3432202 -0.6567781 -0.4245729 0.6232016 109 140 138 255
-0.3290600 0.6174012 0.3213196 -0.9866694 0.1016184 0.1271102 101 130 126 255
-0.3276941 0.4707566 0.2720065 -0.9885315 -0.1509041 -0.0057842 110 142 139 255
-0.1480716 1.4683709 -0.1454515 0.8322240 -0.2403222 -0.4996485 140 111 80 255
-0.1787537 1.5104345 -0.1585646 -0.1066677 0.0761471 -0.9913747 139 108 77 255
-0.1778191 1.5376149 -0.1193213 0.4246189 0.0783957 -0.9019716 136 106 76 255
0.0605014 0.3913294 -0.0490088 0.5018780 -0.1218540 0.8563119 59 95 126 255
-0.0024432 0.3435593 -0.0341277 -0.2015878 -0.0019298 0.9794685 60 98 130 255
0.3512214 0.1698917 -0.0671568 0.4260598 0.3996458 0.8116380 65 99 126 255
-0.0565601 0.5909612 -0.3246512 -0.7729498 0.3653849 0.5186932 55 90 122 255
-0.0032079 0.5346537 -0.2714038 -0.6622256 0.0773030 0.7453063 58 98 128 255
-0.0087161 0.5972351 -0.2978797 0.3392879 0.2684702 0.9015583 57 93 124 255
-0.0496590 0.1430414 0.1963382 -0.8012338 -0.4447098 -0.4003216 51 79 108 255
-0.0693774 0.1110170 0.3123055 -0.8892094 0.4569625 -0.0221803 76 98 115 255
-0.0617913 0.1646195 0.2879071 -0.8649958 -0.1082750 0.4899580 54 92 125 255
-0.2927828 0.4529212 0.2703285 0.4432414 0.6874024 -0.5753390 60 99 127 255
-0.2419778 0.4370291 0.2522969 0.6498237 0.7491930 -0.1282148 60 98 127 255
-0.2076200 0.4024939 0.2020864 0.5058644 0.8323879 -0.2263444 60 98 125 255
-0.2280815 1.4186685 0.1644654 0.0703169 -0.4392119 0.8956274 60 99 127 255
-0.2483157 1.4379776 0.1846809 -0.5319240 -0.3823622 0.7555501 60 99 126 255
-0.3517567 1.4265077 0.1023660 -0.5529357 -0.2800047 0.7847671 139 110 80 255
-0.1554375 1.2467383 0.1171532 -0.9877238 0.1009183 -0.1192360 45 73 101 255
-0.1366898 1.1795255 0.0354033 -0.9448658 -0.3008441 -0.1293114 114 114 108 255
-0.1776990 1.1992900 0.0704651 -0.8121413 0.3135279 -0.4920638 55 90 121 255
-0.0286545 0.3947634 -0.2215652 0.0085308 -0.0277683 -0.9995780 93 84 89 255
-0.0465862 0.3889871 -0.1673837 -0.8716769 -0.4146321 -0.2612655 81 42 52 255
-0.0625807 0.3871330 -0.2064319 -0.0970497 -0.9758980 0.1954597 117 144 142 255
0.0048524 0.6422005 -0.4120822 -0.4964664 -0.0117029 -0.8679771 53 89 118 255
0.0006244 0.5635655 -0.3421478 -0.9041423 -0.2865454 -0.3168889 57 97 127 255
-0.0565601 0.5909612 -0.3246512 -0.4656462 -0.5103101 -0.7230195 56 96 126 255
-0.0565601 0.5909612 -0.3246512 -0.7729498 0.3653849 0.5186932 55 90 122 255
-0.0222678 0.6504504 -0.3452401 -0.9989223 0.0436399 0.0158052 59 99 129 255
0.0048524 0.6422005 -0.4120822 -0.4323397 0.1309410 -0.8921529 59 99 128 255
-0.3381204 1.2553023 0.0632191 -0.4357651 -0.7666228 0.4715913 56 49 37 255
-0.3119431 1.2554680 -0.0341907 -0.1230136 -0.7963066 -0.5922530 61 53 40 255
-0.2144774 1.2541920 0.0292187 -0.1842226 -0.9755356 -0.1199676 57 50 38 255
-0.3022260 0.4985852 0.2502193 0.4351560 0.1715647 -0.8838580 60 99 127 255
-0.3200084 0.4230266 0.2520313 -0.7438657 0.1422853 -0.6530074 61 99 127 255
-0.3276941 0.4707566 0.2720065 -0.9890759 -0.1473949 -0.0019313 60 100 128 255
-0.1776990 1.1992900 0.0704651 -0.8121413 0.3135279 -0.4920638 55 90 121 255
-0.1366898 1.1795255 0.0354033 -0.9448658 -0.3008441 -0.1293114 114 114 108 255
-0.1592353 1.1812015 0.0689678 -0.9690205 -0.1521223 -0.1945719 55 92 123 255
-0.3381204 1.2553023 0.0632191 -0.4357651 -0.7666228 0.4715913 56 49 37 255
-0.2002793 1.3169068 0.1234293 -0.2534240 -0.5145203 0.8191734 61 54 43 255
-0.3325428 1.3521277 0.1039248 -0.4390107 -0.2044986 0.8749000 43 37 27 255
-0.1382903 1.0830298 0.0164280 -0.9525228 -0.1365069 -0.2721509 51 86 117 255
-0.1592353 1.1812015 0.0689678 -0.9690205 -0.1521223 -0.1945719 55 92 123 255
-0.1366898 1.1795255 0.0354033 -0.9448658 -0.3008441 -0.1293114 114 114 108 255
-0.3591180 1.3250189 0.0599194 -0.9918123 -0.0034141 0.1276584 51 45 34 255
-0.3325428 1.3521277 0.1039248 -0.4390107 -0.2044986 0.8749000 43 37 27 255
-0.3316061 1.3513554 0.0733066 -0.3414991 0.9321375 -0.1204075 138 109 80 255
-0.1768155 1.3161011 -0.0511889 0.1609301 -0.4103777 -0.8976033 140 112 81 255
-0.2311311 1.4235935 -0.1077967 -0.1616368 -0.4334102 -0.8865829 143 114 82 255
-0.1853900 1.4201534 -0.1000781 0.6200753 -0.4091104 -0.6694292 143 114 83 255
-0.0565601 0.5909612 -0.3246512 -0.7729498 0.3653849 0.5186932 55 90 122 255
0.0118704 0.6573411 -0.3261471 -0.0257854 0.0849885 0.9960482 62 102 131 255
-0.0222678 0.6504504 -0.3452401 -0.9989223 0.0436399 0.0158052 59 99 129 255
0.0015554 1.1853947 -0.2211990 0.0222399 0.7883855 -0.6147794 93 73 50 255
0.0210718 0.9429065 -0.3761110 -0.2737225 0.4450319 -0.8526562 128 99 69 255
-0.0047520 0.9393404 -0.3354073 -0.9566194 0.0680584 -0.2832797 133 104 73 255
-0.1872695 0.8536299 0.2715955 0.0045133 -0.0625947 -0.9980289 103 130 125 255
-0.2172209 0.8878338 0.2677794 -0.4667305 -0.2278934 -0.8545334 57 97 128 255
-0.1415731 0.8275273 0.2801676 0.6107186 -0.2799277 -0.7407181 99 130 128 255
0.0130681 0.8403071 -0.0584669 -0.8604449 -0.4851951 -0.1556290 56 89 120 255
-0.0490290 0.9231691 -0.0452023 -0.8505428 -0.4861732 -0.2005309 57 90 121 255
0.0049652 0.8403727 -0.0965419 -0.8386195 -0.4346269 -0.3283549 156 170 185 255
-0.1381097 1.2635942 0.1910548 -0.2337730 0.7972656 0.5565231 115 145 141 255
0.0473128 1.2711705 0.1328034 0.6735480 0.6749545 0.3012798 111 143 137 255
-0.0609446 1.3170291 0.1192141 0.3622270 0.8375846 0.4089543 112 143 136 255
-0.3355281 1.6837839 0.0685811 -0.8783806 0.2434807 0.4112963 110 102 89 255
-0.2799095 1.7536663 0.0842571 -0.1536725 0.9161020 0.3703267 137 109 77 255
-0.3216431 1.7201922 0.0277872 -0.8287742 0.4903572 -0.2695979 116 89 61 255
-0.0561197 0.9762544 -0.0839391 -0.7781034 -0.3296025 -0.5347122 153 148 140 255
-0.1167773 1.0357205 0.0186372 -0.8943743 -0.3838111 -0.2297473 54 89 122 255
-0.1218573 1.0855357 -0.0238824 -0.9197900 -0.3194783 -0.2278594 55 79 100 255
-0.1218573 1.0855357 -0.0238824 -0.9197900 -0.3194783 -0.2278594 55 79 100 255
-0.1444518 1.1970710 -0.0101471 -0.9973153 0.0163826 -0.0713693 115 104 94 255
-0.1369207 1.1804082 -0.0387745 -0.9971422 0.0100423 0.0748768 138 139 131 255
-0.1167773 1.0357205 0.0186372 -0.8943743 -0.3838111 -0.2297473 54 89 122 255
-0.0561197 0.9762544 -0.0839391 -0.7781034 -0.3296025 -0.5347122 153 148 140 255
-0.0490290 0.9231691 -0.0452023 -0.8505428 -0.4861732 -0.2005309 57 90 121 255
0.0877745 0.7527713 -0.3808894 0.7513434 -0.2077047 -0.6263721 135 107 76 255
0.1010980 0.9050758 -0.3960853 0.5707431 0.2513945 -0.7816989 133 102 70 255
0.1446443 0.8789780 -0.2973242 0.9981625 0.0142000 -0.0589073 127 98 68 255
-0.2552368 0.4744973 0.2961426 0.5824727 0.2175743 -0.7831903 55 92 124 255
-0.2419778 0.4370291 0.2522969 0.6498237 0.7491930 -0.1282148 60 98 127 255
-0.2927828 0.4529212 0.2703285 0.4432414 0.6874024 -0.5753390 60 99 127 255
0.0448193 0.7072004 -0.3063583 0.2758860 -0.5165610 0.8105872 60 99 130 255
0.0118704 0.6573411 -0.3261471 -0.0257854 0.0849885 0.9960482 62 102 131 255
0.0750417 0.6576539 -0.3730450 0.8667641 0.0832079 -0.4917281 60 98 126 255
0.2778449 0.5876458 0.0233407 0.4107478 -0.8582370 0.3077589 56 95 125 255
0.0605014 0.3913294 -0.0490088 0.5018780 -0.1218540 0.8563119 59 95 126 255
0.0951897 0.3966378 -0.1059141 0.9559147 0.2933888 0.0122277 58 97 126 255
0.0790973 0.6249206 -0.3326349 0.5622581 0.1319329 0.8163697 59 97 128 255
0.0118704 0.6573411 -0.3261471 -0.0257854 0.0849885 0.9960482 62 102 131 255
0.0219307 0.6141453 -0.3297648 0.2367694 -0.1367240 0.9618975 57 96 126 255
-0.3119431 1.2554680 -0.0341907 -0.1230136 -0.7963066 -0.5922530 61 53 40 255
-0.1768155 1.3161011 -0.0511889 0.1608400 -0.4577948 -0.8743882 59 53 39 255
-0.2144774 1.2541920 0.0292187 -0.1842226 -0.9755356 -0.1199676 57 50 38 255
-0.3517567 1.4265077 0.1023660 -0.5529357 -0.2800047 0.7847671 139 110 80 255
-0.2483157 1.4379776 0.1846809 -0.5319240 -0.3823622 0.7555501 60 99 126 255
-0.3569665 1.4820578 0.1249185 -0.8492764 -0.1795752 0.4964699 144 115 83 255
-0.1104430 1.7449875 0.0257463 0.5165605 0.8560904 -0.0165700 142 112 81 255
-0.0678872 1.6741316 0.1046968 0.8246121 0.3108115 0.4726638 143 112 81 255
-0.0276936 1.6089760 0.0260630 0.9721534 0.2129399 -0.0978486 140 111 79 255
0.0501914 0.7254919 -0.4000349 0.3264926 0.0197288 -0.9449939 132 105 74 255
-0.0057779 0.7736886 -0.3933234 -0.5613647 0.1015435 -0.8213153 121 94 66 255
0.0877745 0.7527713 -0.3808894 0.7513434 -0.2077047 -0.6263721 135 107 76 255
-0.0531813 0.8894070 0.0983000 -0.8724437 -0.4855149 0.0558342 56 93 125 255
-0.0258144 0.8181338 0.1170540 -0.7918740 -0.3142924 -0.5235990 54 96 127 255
-0.1557282 1.0977171 0.0821080 -0.9072961 -0.3035570 -0.2909756 55 94 125 255
-0.1382903 1.0830298 0.0164280 -0.9525228 -0.1365069 -0.2721509 51 86 117 255
-0.1444518 1.1970710 -0.0101471 -0.9973153 0.0163826 -0.0713693 115 104 94 255
-0.1218573 1.0855357 -0.0238824 -0.9197900 -0.3194783 -0.2278594 55 79 100 255
-0.0172540 0.7376015 -0.3813114 -0.8801351 0.0571453 -0.4712715 54 95 125 255
-0.0057779 0.7736886 -0.3933234 -0.5822495 0.1118039 -0.8052860 125 130 123 255
0.0501914 0.7254919 -0.4000349 0.2932739 0.0301306 -0.9555535 57 97 127 255
-0.2354188 1.5059116 0.2155724 -0.5214313 -0.0036682 0.8532854 60 100 127 255
-0.2008167 1.5003672 0.2238560 0.6547219 0.0953695 0.7498294 59 99 128 255
-0.2339278 1.5418439 0.1880407 -0.1235905 0.3006669 0.9456875 61 100 129 255
-0.0456165 0.3452824 -0.0875163 -0.6373743 -0.6269228 -0.4480197 95 66 70 255
-0.0788674 0.3356860 -0.0805764 0.0052624 -0.5978749 -0.8015721 110 83 57 255
-0.0850402 0.4323119 -0.1357131 -0.8693793 0.4869122 0.0842390 119 146 143 255
0.0118704 0.6573411 -0.3261471 -0.0257854 0.0849885 0.9960482 62 102 131 255
0.0448193 0.7072004 -0.3063583 0.2758860 -0.5165610 0.8105872 60 99 130 255
-0.0141385 0.7243652 -0.3201766 -0.7292978 -0.2766948 0.6257514 59 99 129 255
-0.0141385 0.7243652 -0.3201766 -0.7292978 -0.2766948 0.6257514 59 99 129 255
0.0270769 0.7630621 -0.2728181 -0.1870429 -0.2677552 0.9451572 56 95 127 255
-0.0244291 0.7782841 -0.3034859 -0.9553356 0.0792549 0.2846971 59 97 127 255
0.1200041 0.0966019 -0.1951985 -0.0661608 0.9974946 -0.0250443 109 140 134 255
0.1543662 0.1061907 -0.1741400 -0.7360084 0.6060526 -0.3016486 94 112 105 255
0.1474648 0.0998441 -0.2160487 -0.0032377 0.9420975 -0.3353232 95 127 120 255
-0.0561197 0.9762544 -0.0839391 -0.7781034 -0.3296025 -0.5347122 153 148 140 255
-0.1194702 1.0950867 -0.0648975 -0.8738670 -0.3657121 -0.3203297 117 121 120 255
-0.0841826 1.0739294 -0.1223011 -0.6445205 -0.3621446 -0.6733828 147 142 132 255
-0.0522015 0.8161004 0.1400533 -0.9230252 -0.3834789 0.0311214 57 92 124 255
-0.0464385 0.8475483 0.1966829 -0.8085938 -0.3645295 0.4618383 54 89 120 255
-0.0985102 0.9567691 0.1641083 -0.8588542 -0.3367638 0.3859528 63 56 42 255
-0.0276936 1.6089760 0.0260630 0.9721534 0.2129399 -0.0978486 140 111 79 255
-0.0525591 1.5091909 0.0991216 0.9123415 -0.2618041 0.3147882 110 78 69 255
-0.0542119 1.5109025 -0.0514669 0.8206280 -0.2241744 -0.5256572 82 49 54 255
-0.2076200 0.4024939 0.2020864 -0.5620691 -0.4022277 -0.7226971 111 141 139 255
-0.1987100 0.3859882 0.2344041 0.0709367 -0.8898406 0.4507236 105 137 134 255
-0.2580784 0.3886619 0.2490277 -0.5287253 -0.8441070 0.0890659 109 136 130 255
0.2077142 0.8660383 0.2911472 0.2089679 0.1880159 0.9596783 138 110 81 255
-0.0570848 1.1410410 0.2469454 -0.4398294 -0.2414538 0.8650144 63 55 43 255
0.0376885 0.8433780 0.2882876 -0.2968141 -0.0343545 0.9543172 48 83 115 255
-0.3403973 1.4448979 -0.0909562 -0.2940925 -0.2423525 -0.9245404 139 110 79 255
-0.3499657 1.4917452 -0.0461664 -0.8384277 0.0493256 -0.5427763 141 112 80 255
-0.2966811 1.5061204 -0.1276751 -0.2982114 -0.1058410 -0.9486135 139 108 77 255
-0.3117793 0.5704783 0.2738032 -0.9427770 -0.3270192 -0.0650380 100 142 135 255
-0.3300780 0.5830795 0.2438240 -0.8209543 -0.4883910 0.2958182 104 125 126 255
-0.3059890 0.5192538 0.2231131 -0.2792022 -0.6911670 0.6665841 103 138 134 255
-0.2580784 0.3886619 0.2490277 -0.5287253 -0.8441070 0.0890659 109 136 130 255
-0.1987100 0.3859882 0.2344041 0.0709367 -0.8898406 0.4507236 105 137 134 255
-0.2666964 0.4500041 0.3051887 -0.2915728 -0.9514129 0.0989889 110 140 137 255
-0.3018646 0.4738160 0.3432202 -0.6567781 -0.4245729 0.6232016 109 140 138 255
-0.2666964 0.4500041 0.3051887 -0.2915728 -0.9514129 0.0989889 110 140 137 255
-0.2307452 0.4016312 0.2926970 -0.5561572 -0.4866751 -0.6736738 110 140 137 255
-0.1768155 1.3161011 -0.0511889 0.1609301 -0.4103777 -0.8976033 140 112 81 255
-0.3403973 1.4448979 -0.0909562 -0.2940925 -0.2423525 -0.9245404 139 110 79 255
-0.2311311 1.4235935 -0.1077967 -0.1616368 -0.4334102 -0.8865829 143 114 82 255
-0.1768155 1.3161011 -0.0511889 0.1608400 -0.4577948 -0.8743882 59 53 39 255
-0.1115524 1.3242081 -0.0396552 0.1572254 0.3437729 -0.9257972 61 54 41 255
-0.1238362 1.2608697 -0.0424466 -0.7360750 -0.3036679 -0.6049622 61 54 40 255
0.2837894 0.8253239 -0.1173820 0.7048766 0.0034376 -0.7093216 139 112 81 255
0.2750473 0.8927275 -0.1240635 0.6051503 0.3059385 -0.7349793 134 108 78 255
0.3401071 0.9255545 -0.0027699 0.8398376 0.5326184 -0.1048342 124 97 67 255
-0.1934760 0.4114550 0.2833529 0.5248180 -0.1592356 0.8361877 53 92 122 255
-0.2172227 0.4448798 0.2715578 0.5555447 0.7987852 -0.2308946 56 93 126 255
-0.2249612 0.4705499 0.3267765 0.5514053 0.7236297 -0.4151052 56 92 121 255
-0.2041080 1.1496112 0.2190428 -0.7801015 0.5588849 -0.2812281 140 111 79 255
-0.2530843 0.9061567 0.3529077 -0.9714817 0.2071485 0.1153816 113 144 138 255
-0.2170164 1.1481301 0.2796044 -0.7036844 0.5544978 0.4442526 100 128 124 255
-0.3307833 1.6474750 0.0424271 -0.8396248 0.0097681 0.5430788 82 50 57 255
-0.3355281 1.6837839 0.0685811 -0.8784165 0.2434695 0.4112265 116 66 82 255
-0.3655495 1.6240861 0.0133381 -0.9185206 0.3847968 -0.0908374 141 113 81 255
0.0114501 0.9018211 -0.2805996 -0.8552861 -0.1530772 0.4950284 126 116 97 255
-0.0047520 0.9393404 -0.3354073 -0.9724889 0.0805611 -0.2185751 117 140 138 255
-0.0244291 0.7782841 -0.3034859 -0.9507779 0.0521185 0.3054588 139 110 79 255
-0.0339502 0.8627636 0.2330914 -0.7662587 -0.2839030 0.5764085 43 74 106 255
0.0376885 0.8433780 0.2882876 -0.2968141 -0.0343545 0.9543172 48 83 115 255
-0.0720894 0.9934405 0.2282920 -0.5988008 -0.2139824 0.7717829 63 56 42 255
0.0448193 0.7072004 -0.3063583 0.2758860 -0.5165610 0.8105872 60 99 130 255
0.0826348 0.7406645 -0.3046150 0.7470745 -0.4509160 0.4884202 64 101 131 255
0.0270769 0.7630621 -0.2728181 -0.1870429 -0.2677552 0.9451572 56 95 127 255
-0.1164207 0.4323513 0.0346189 -0.0890136 -0.1102857 -0.9899058 47 80 110 255
-0.0732513 0.5754631 0.0572844 -0.3115150 0.4925631 -0.8126130 59 99 126 255
0.0547338 0.6067255 0.0543308 0.1024332 0.0985997 -0.9898412 59 96 124 255
0.1575997 0.1365579 0.2131295 0.7619426 0.3101513 -0.5685505 107 138 132 255
-0.0598719 0.4195291 0.0781097 0.8867992 -0.3847878 -0.2559795 38 65 95 255
-0.0668177 0.4258772 0.1390815 0.9900042 -0.0116200 0.1405585 111 143 137 255
-0.1916026 0.4439517 0.2398982 -0.4735393 -0.4818377 -0.7372876 110 140 137 255
-0.1934760 0.4114550 0.2833529 0.0615872 -0.8005818 -0.5960502 110 140 137 255
-0.2307452 0.4016312 0.2926970 -0.5561572 -0.4866751 -0.6736738 110 140 137 255
-0.0542119 1.5109025 -0.0514669 0.8206280 -0.2241744 -0.5256572 82 49 54 255
-0.0937611 1.6633701 -0.0859075 0.6284206 0.2791314 -0.7260668 140 111 80 255
-0.0276936 1.6089760 0.0260630 0.9721534 0.2129399 -0.0978486 140 111 79 255
-0.3665962 1.3960984 -0.0280623 -0.6903786 -0.6745788 -0.2613825 136 107 76 255
-0.3927102 1.4759940 0.0191741 -0.9830248 0.1123174 0.1450768 139 110 80 255
-0.3577617 1.4077952 -0.0660357 -0.8730942 -0.2092421 -0.4403682 140 111 80 255
-0.0501356 0.3148314 -0.1301918 -0.8881466 -0.4415503 -0.1273923 106 114 113 255
-0.0017405 0.3035154 -0.1829381 -0.9848220 -0.1294459 -0.1156263 129 149 148 255
-0.0018363 0.2666703 -0.1301823 -0.9447680 -0.3041687 -0.1220440 38 31 26 255
0.0473128 1.2711705 0.1328034 0.5526731 0.6182544 0.5588505 111 141 139 255
-0.1377689 1.1793511 0.3042350 -0.0610788 0.6453904 0.7614070 113 131 133 255
-0.0480728 1.1611134 0.2805700 0.5223869 0.1659603 0.8364025 113 137 135 255
-0.2552368 0.4744973 0.2961426 0.5824727 0.2175743 -0.7831903 55 92 124 255
-0.2172227 0.4448798 0.2715578 0.5555447 0.7987852 -0.2308946 56 93 126 255
-0.2666964 0.4500041 0.3051887 -0.2913420 -0.9514776 0.0990457 58 95 128 255
-0.2339278 1.5418439 0.1880407 -0.1235905 0.3006669 0.9456875 61 100 129 255
-0.3482855 1.5979619 0.1443424 -0.5200832 0.2756847 0.8084006 42 35 25 255
-0.2584727 1.5156368 0.1878228 -0.4188928 0.0737917 0.9050325 60 99 128 255
-0.2172227 0.4448798 0.2715578 0.5555447 0.7987852 -0.2308946 56 93 126 255
-0.2552368 0.4744973 0.2961426 0.5824727 0.2175743 -0.7831903 55 92 124 255
-0.2249612 0.4705499 0.3267765 0.5514053 0.7236297 -0.4151052 56 92 121 255
-0.2249612 0.4705499 0.3267765 0.5514053 0.7236297 -0.4151052 56 92 121 255
-0.2552368 0.4744973 0.2961426 0.5824727 0.2175743 -0.7831903 55 92 124 255
-0.2021019 0.4931588 0.3387895 0.9323573 0.1659494 -0.3212019 54 89 121 255
-0.2763439 0.5878366 0.2465606 -0.0258894 0.7019416 -0.7117639 54 97 129 255
-0.3300780 0.5830795 0.2438240 -0.1285612 0.7128572 -0.6894247 57 79 96 255
-0.2666377 0.6247338 0.3111515 0.4256332 0.1003012 -0.8993198 68 103 122 255
-0.0960763 1.1311554 0.2322474 -0.0825773 -0.8659011 0.4933521 64 55 42 255
-0.0720894 0.9934405 0.2282920 -0.5988008 -0.2139824 0.7717829 63 56 42 255
0.0376885 0.8433780 0.2882876 -0.2968141 -0.0343545 0.9543172 48 83 115 255
-0.0244291 0.7782841 -0.3034859 -0.9507779 0.0521185 0.3054588 139 110 79 255
-0.0057779 0.7736886 -0.3933234 -0.5944720 0.0871533 -0.7993794 138 113 84 255
-0.0172540 0.7376015 -0.3813114 -0.8643955 0.1117447 -0.4902383 140 111 81 255
-0.0141385 0.7243652 -0.3201766 -0.7292978 -0.2766948 0.6257514 59 99 129 255
-0.0244291 0.7782841 -0.3034859 -0.9553356 0.0792549 0.2846971 59 97 127 255
-0.0172540 0.7376015 -0.3813114 -0.8641577 0.0308850 -0.5022724 58 98 128 255
-0.0398085 0.6595517 0.1699133 -0.3540590 -0.4201188 -0.8355492 57 95 127 255
0.0204286 0.6959837 0.1523681 -0.8043631 0.5831106 0.1139391 54 91 124 255
-0.0085212 0.6551766 0.1569510 -0.8889754 0.2061871 -0.4089126 144 139 127 255
0.3844884 0.0223809 -0.1927733 0.4623059 -0.4719521 -0.7506894 58 98 128 255
0.1149347 0.0013429 -0.2646861 0.2435228 0.2566541 -0.9353210 105 137 131 255
0.2048855 0.0886191 -0.2172141 0.1356552 0.2191794 -0.9662080 95 126 119 255
-0.0945650 1.1853452 -0.1281447 -0.7730960 0.0646212 -0.6309888 16 16 14 255
-0.1368004 1.1898028 -0.0611310 -0.8809723 -0.0728650 -0.4675236 124 123 114 255
-0.1389018 1.2633380 -0.0624752 -0.6959649 0.3392581 -0.6328798 102 128 121 255
-0.3290600 0.6174012 0.3213196 -0.9866694 0.1016184 0.1271102 101 130 126 255
-0.3018646 0.4738160 0.3432202 -0.6567781 -0.4245729 0.6232016 109 140 138 255
-0.2884273 0.6936919 0.3945403 -0.3905796 0.0796072 0.9171205 66 58 44 255
0.0841841 0.7119337 0.2318296 -0.7943950 0.3782585 0.4752443 144 139 128 255
0.0187869 0.7179977 0.1363554 -0.7701040 -0.6356543 0.0536980 56 93 125 255
0.0204286 0.6959837 0.1523681 -0.8633343 0.4471441 0.2339146 55 92 125 255
0.0951897 0.3966378 -0.1059141 0.8719116 -0.4793810 0.0998195 55 47 34 255
0.3206261 0.6428528 -0.0299053 0.9044344 -0.3662741 -0.2187279 59 51 39 255
0.2778449 0.5876458 0.0233407 0.5619506 -0.7502332 0.3483698 61 52 38 255
0.2954390 0.9091132 0.2044387 0.7507285 0.3884775 0.5343145 134 104 73 255
0.2358917 1.0062083 0.1790476 0.7122362 0.6129985 0.3419827 106 69 67 255
0.2077142 0.8660383 0.2911472 0.2397844 0.1865499 0.9527342 120 92 63 255
-0.2021019 0.4931588 0.3387895 0.9315086 0.1647125 -0.3242864 58 57 49 255
-0.2352495 0.6253389 0.3341961 0.9083164 -0.2316699 -0.3482677 143 115 84 255
-0.2432618 0.6056803 0.3826222 0.6115068 -0.0367890 0.7903836 84 68 50 255
0.0270769 0.7630621 -0.2728181 -0.1915687 -0.2643026 0.9452225 139 111 79 255
0.0114501 0.9018211 -0.2805996 -0.8552861 -0.1530772 0.4950284 126 116 97 255
-0.0244291 0.7782841 -0.3034859 -0.9507779 0.0521185 0.3054588 139 110 79 255
0.1343167 0.0898561 -0.1100621 -0.4009898 0.7172044 0.5699341 109 144 137 255
0.1543662 0.1061907 -0.1741400 -0.7360084 0.6060526 -0.3016486 94 112 105 255
0.1200041 0.0966019 -0.1951985 -0.0661608 0.9974946 -0.0250443 109 140 134 255
0.0114501 0.9018211 -0.2805996 -0.8552861 -0.1530772 0.4950284 126 116 97 255
0.0270769 0.7630621 -0.2728181 -0.1915687 -0.2643026 0.9452225 139 111 79 255
0.0466361 0.8857041 -0.2502398 -0.1807231 -0.2869955 0.9407299 141 112 81 255
-0.0841826 1.0739294 -0.1223011 -0.6445205 -0.3621446 -0.6733828 147 142 132 255
-0.1194702 1.0950867 -0.0648975 -0.8738670 -0.3657121 -0.3203297 117 121 120 255
-0.1009069 1.1257094 -0.1128101 -0.7245775 -0.0657927 -0.6860457 135 127 118 255
0.0203523 0.7777194 0.2540507 -0.6903378 -0.3920591 0.6080488 60 93 123 255
0.0321273 0.7297773 0.2186732 -0.4782988 -0.6988735 0.5317951 55 92 122 255
0.1264888 0.7617599 0.2898307 -0.1347204 -0.2787164 0.9508772 135 108 78 255
-0.3577617 1.4077952 -0.0660357 -0.8730942 -0.2092421 -0.4403682 140 111 80 255
-0.3094623 1.3423098 -0.0742421 -0.2635000 -0.3666189 -0.8922771 133 105 74 255
-0.3342306 1.4078021 -0.0214872 -0.4151823 -0.8864615 0.2044742 128 101 71 255
-0.2949986 1.3444136 -0.0475783 0.1475546 0.9264682 -0.3462431 56 49 38 255
-0.3094623 1.3423098 -0.0742421 -0.2324454 -0.3666445 -0.9008557 54 47 37 255
-0.3266213 1.3529146 -0.0383086 -0.2089848 0.9647184 -0.1601364 60 51 38 255
-0.2021019 0.4931588 0.3387895 0.9315086 0.1647125 -0.3242864 58 57 49 255
-0.2343373 0.4774428 0.3725967 -0.0090460 -0.2716181 0.9623626 110 140 137 255
-0.2135178 0.4313329 0.3510046 0.5917019 0.0497047 0.8046231 110 140 137 255
-0.0725088 1.1050671 -0.1413989 -0.2535821 0.0122191 -0.9672366 52 89 122 255
-0.0489694 1.1551797 -0.1320925 -0.5356725 -0.6664000 -0.5186194 50 89 120 255
0.0067114 1.0319461 -0.1449876 -0.0882422 0.0340402 -0.9955173 55 93 125 255
0.1805830 0.1421483 -0.2066312 -0.2936568 -0.1563358 -0.9430402 54 43 34 255
0.1462374 0.1318252 -0.0995927 -0.8085005 -0.5655481 -0.1627338 118 144 142 255
-0.0160095 0.2904254 -0.2022982 -0.5773776 -0.6152807 -0.5367166 127 149 148 255
-0.3927102 1.4759940 0.0191741 -0.9830248 0.1123174 0.1450768 139 110 80 255
-0.3858164 1.4705931 -0.0141268 -0.9482187 -0.1169927 -0.2952865 140 111 79 255
-0.3577617 1.4077952 -0.0660357 -0.8730942 -0.2092421 -0.4403682 140 111 80 255
0.0390892 0.3850144 -0.3041348 0.5169236 -0.7633350 -0.3874399 60 101 130 255
0.0463792 0.4228148 -0.3688836 -0.4766023 -0.6069888 -0.6359363 60 100 130 255
0.0756606 0.4061003 -0.2968850 0.5169236 -0.7633350 -0.3874399 59 96 127 255
-0.0129765 0.2959704 -0.0819888 -0.9572096 -0.2843568 0.0537681 95 53 70 255
-0.0501356 0.3148314 -0.1301918 -0.8881466 -0.4415503 -0.1273923 106 114 113 255
-0.0018363 0.2666703 -0.1301823 -0.9447680 -0.3041687 -0.1220440 38 31 26 255
-0.3178227 1.5578351 -0.1140752 -0.8618737 0.0323883 -0.5060877 120 90 61 255
-0.3492774 1.5567432 -0.0348687 -0.8885617 -0.0454477 -0.4565004 139 110 79 255
-0.3353461 1.5974174 -0.1176009 -0.6830565 0.3726043 -0.6281720 140 111 80 255
-0.3492774 1.5567432 -0.0348687 -0.8885617 -0.0454477 -0.4565004 139 110 79 255
-0.3767277 1.5812535 -0.0138617 -0.9240031 0.1029943 -0.3682531 142 113 82 255
-0.3353461 1.5974174 -0.1176009 -0.6830565 0.3726043 -0.6281720 140 111 80 255
0.3477762 0.6787854 0.0908103 0.9060590 -0.3468005 0.2424594 60 53 40 255
0.3564562 0.7992658 0.0414004 0.9988533 -0.0478773 -0.0001771 63 56 44 255
0.3087986 0.7757170 0.2008538 0.8459130 -0.1768484 0.5031460 133 103 73 255
-0.0960763 1.1311554 0.2322474 -0.2696877 -0.8116409 0.5181772 135 105 74 255
-0.2041080 1.1496112 0.2190428 -0.7801015 0.5588849 -0.2812281 140 111 79 255
-0.1334138 1.1075120 0.2194862 -0.4729614 -0.1843164 0.8615887 139 110 79 255
-0.3755591 1.6074698 0.0364776 -0.9548334 0.2316933 0.1860411 137 110 81 255
-0.3903467 1.5180466 -0.0050750 -0.9503027 0.1188329 -0.2877560 141 113 81 255
-0.3554131 1.5242117 0.0285854 -0.9904071 0.0264829 0.1356181 142 113 82 255
-0.3975542 1.4248294 0.0538640 -0.9480373 -0.2648086 0.1763569 137 108 78 255
-0.3761035 1.3988378 0.0348616 -0.5027192 -0.8573326 0.1106987 133 105 74 255
-0.3448667 1.3953878 0.0650992 -0.2698580 -0.9153605 -0.2988175 127 99 70 255
-0.3018646 0.4738160 0.3432202 -0.6567781 -0.4245729 0.6232016 109 140 138 255
-0.2307452 0.4016312 0.2926970 0.3091830 -0.3217390 0.8949246 110 140 137 255
-0.1934760 0.4114550 0.2833529 0.5247951 -0.1593328 0.8361837 110 140 137 255
0.1508816 0.7497634 -0.1244240 -0.0075108 0.1876823 -0.9822011 136 110 78 255
0.1935821 0.7961741 -0.1510134 0.1892646 -0.2158140 -0.9579160 134 107 75 255
0.2290869 0.7726103 -0.1337996 0.3661923 -0.2141044 -0.9055731 137 109 78 255
-0.3342306 1.4078021 -0.0214872 -0.4151823 -0.8864615 0.2044742 128 101 71 255
-0.2949986 1.3444136 -0.0475783 -0.5828250 -0.5904739 0.5582613 128 101 70 255
-0.2407192 1.3685517 0.0252652 -0.4521849 -0.8892400 0.0691463 55 92 124 255
0.3087986 0.7757170 0.2008538 0.8459130 -0.1768484 0.5031460 133 103 73 255
0.2485327 0.7574929 0.2563586 0.3833986 -0.1659285 0.9085556 124 95 63 255
0.2298093 0.5702402 0.1765194 0.8000417 -0.5124502 0.3119747 127 100 70 255
0.1446443 0.8789780 -0.2973242 0.9981625 0.0142000 -0.0589073 127 98 68 255
0.0826348 0.7406645 -0.3046150 0.7522236 -0.4452767 0.4856833 135 106 75 255
0.0877745 0.7527713 -0.3808894 0.7513434 -0.2077047 -0.6263721 135 107 76 255
-0.3316061 1.3513554 0.0733066 -0.3414991 0.9321375 -0.1204075 138 109 80 255
-0.3266213 1.3529146 -0.0383086 -0.2089848 0.9647184 -0.1601364 60 51 38 255
-0.3495955 1.3548207 0.0098896 -0.7629502 0.6426619 -0.0699474 96 77 57 255
-0.2828842 1.3645914 0.0740447 -0.2573496 0.9553952 -0.1448837 139 111 81 255
-0.2407192 1.3685517 0.0252652 -0.1367531 0.9855473 -0.0999753 55 92 124 255
-0.3316061 1.3513554 0.0733066 -0.3414991 0.9321375 -0.1204075 138 109 80 255
-0.3448667 1.3953878 0.0650992 -0.2698580 -0.9153605 -0.2988175 127 99 70 255
-0.2407192 1.3685517 0.0252652 -0.4521849 -0.8892400 0.0691463 55 92 124 255
-0.2828842 1.3645914 0.0740447 -0.2378694 -0.6801888 -0.6933696 56 95 126 255
-0.3325428 1.3521277 0.1039248 -0.4390107 -0.2044986 0.8749000 43 37 27 255
-0.2002793 1.3169068 0.1234293 -0.2534240 -0.5145203 0.8191734 61 54 43 255
-0.3517567 1.4265077 0.1023660 -0.5441167 -0.2877305 0.7881295 31 28 23 255
-0.0625807 0.3871330 -0.2064319 -0.6633993 0.5033363 -0.5536731 141 113 81 255
0.0855253 0.7018350 -0.0859175 -0.8259748 0.3657300 -0.4289607 141 113 81 255
0.1508816 0.7497634 -0.1244240 -0.0075108 0.1876823 -0.9822011 136 110 78 255
0.2077142 0.8660383 0.2911472 0.2089679 0.1880159 0.9596783 138 110 81 255
0.0394707 0.8064638 0.2757130 -0.3073394 -0.1316451 0.9424500 55 90 122 255
0.1264888 0.7617599 0.2898307 -0.1347204 -0.2787164 0.9508772 135 108 78 255
0.1430904 0.1710375 0.3346958 0.5918770 0.7091631 0.3831046 110 142 135 255
-0.0668177 0.4258772 0.1390815 0.9900042 -0.0116200 0.1405585 111 143 137 255
-0.0895354 0.4322480 0.1906366 0.5182956 0.1372115 0.8441224 109 142 138 255
-0.3198720 1.6584210 0.1086049 0.0043520 -0.8439029 -0.5364785 72 53 55 255
-0.3355281 1.6837839 0.0685811 -0.8784165 0.2434695 0.4112265 116 66 82 255
-0.3024611 1.6777331 0.0783672 -0.9842793 0.0996861 0.1457970 114 64 84 255
0.1508816 0.7497634 -0.1244240 -0.0075108 0.1876823 -0.9822011 136 110 78 255
0.2290869 0.7726103 -0.1337996 0.3661923 -0.2141044 -0.9055731 137 109 78 255
0.2902615 0.6826446 -0.0997028 0.5441340 0.0738326 -0.8357433 56 50 39 255
-0.1872695 0.8536299 0.2715955 0.0045133 -0.0625947 -0.9980289 103 130 125 255
-0.1415731 0.8275273 0.2801676 0.6107186 -0.2799277 -0.7407181 99 130 128 255
-0.1953052 0.7062930 0.2992821 0.6773701 -0.4392816 -0.5900859 61 54 42 255
-0.3018646 0.4738160 0.3432202 -0.6567781 -0.4245729 0.6232016 109 140 138 255
-0.1934760 0.4114550 0.2833529 0.5247951 -0.1593328 0.8361837 110 140 137 255
-0.2249612 0.4705499 0.3267765 -0.2399589 -0.8954839 0.3748710 110 140 137 255
-0.3261056 1.5096544 0.1617718 -0.5977556 -0.0748757 0.7981742 59 52 39 255
-0.3712489 1.5921897 0.1036572 -0.9538381 0.1716933 0.2464031 106 78 61 255
-0.3836925 1.5395131 0.0971322 -0.9749151 -0.0868139 0.2049486 142 114 84 255
-0.1194702 1.0950867 -0.0648975 -0.8738670 -0.3657121 -0.3203297 117 121 120 255
-0.1218573 1.0855357 -0.0238824 -0.9197900 -0.3194783 -0.2278594 55 79 100 255
-0.1379172 1.1219280 -0.0418077 -0.9002402 -0.1067808 -0.4220963 127 117 103 255
-0.3496923 1.5951191 0.0144167 -0.6650875 0.7100035 0.2314167 90 69 56 255
-0.3755591 1.6074698 0.0364776 -0.9548334 0.2316933 0.1860411 137 110 81 255
-0.3392300 1.6260172 0.0830479 -0.7439885 0.6669260 0.0411207 66 49 44 255
-0.0292475 0.2507247 -0.1291080 -0.7152807 -0.6865982 0.1302171 59 48 39 255
-0.0129765 0.2959704 -0.0819888 -0.9572096 -0.2843568 0.0537681 95 53 70 255
-0.0018363 0.2666703 -0.1301823 -0.9447680 -0.3041687 -0.1220440 38 31 26 255
-0.2249612 0.4705499 0.3267765 -0.2399589 -0.8954839 0.3748710 110 140 137 255
-0.2135178 0.4313329 0.3510046 -0.5013930 -0.6607922 -0.5585325 110 140 137 255
-0.2343373 0.4774428 0.3725967 -0.0090460 -0.2716181 0.9623626 110 140 137 255
-0.1778191 1.5376149 -0.1193213 0.4246189 0.0783957 -0.9019716 136 106 76 255
-0.1597890 1.4974450 -0.1109066 0.6800865 -0.3303275 -0.6544969 140 110 80 255
-0.1480716 1.4683709 -0.1454515 0.8322240 -0.2403222 -0.4996485 140 111 80 255
-0.3216431 1.7201922 0.0277872 -0.8288011 0.4903091 -0.2696030 105 60 74 255
-0.3655495 1.6240861 0.0133381 -0.9185206 0.3847968 -0.0908374 141 113 81 255
-0.3355281 1.6837839 0.0685811 -0.8784165 0.2434695 0.4112265 116 66 82 255
0.0717974 0.1086241 0.2052388 0.0809247 -0.0749711 -0.9938967 51 44 33 255
0.1530627 0.0044593 0.2201066 0.3986058 -0.6890978 -0.6051923 65 57 48 255
-0.0002600 0.0703842 0.2224450 -0.0398977 -0.2806802 -0.9589718 84 70 54 255
-0.3755591 1.6074698 0.0364776 -0.9548334 0.2316933 0.1860411 137 110 81 255
-0.3655495 1.6240861 0.0133381 -0.9185206 0.3847968 -0.0908374 141 113 81 255
-0.3767277 1.5812535 -0.0138617 -0.9240031 0.1029943 -0.3682531 142 113 82 255
-0.2249612 0.4705499 0.3267765 0.5514161 0.7235348 -0.4152563 61 99 131 255
-0.1569197 0.4577033 0.3168859 0.4591658 0.3789102 0.8034886 61 101 130 255
-0.1926384 0.4726166 0.3004899 0.2223247 0.9118652 0.3450703 58 87 113 255
-0.3755591 1.6074698 0.0364776 -0.9548334 0.2316933 0.1860411 137 110 81 255
-0.3496923 1.5951191 0.0144167 -0.6650875 0.7100035 0.2314167 90 69 56 255
-0.3655495 1.6240861 0.0133381 -0.9185206 0.3847968 -0.0908374 141 113 81 255
-0.3381204 1.2553023 0.0632191 -0.4357651 -0.7666228 0.4715913 56 49 37 255
-0.3591180 1.3250189 0.0599194 -0.9918123 -0.0034141 0.1276584 51 45 34 255
-0.3487052 1.3193885 -0.0338259 -0.9208984 -0.2108614 -0.3278466 57 50 38 255
-0.3392300 1.6260172 0.0830479 -0.7439885 0.6669260 0.0411207 66 49 44 255
-0.3198720 1.6584210 0.1086049 -0.6388777 0.5108796 0.5751846 96 71 62 255
-0.3024611 1.6777331 0.0783672 -0.9842793 0.0996861 0.1457970 114 64 84 255
0.3512214 0.1698917 -0.0671568 0.2528126 -0.9138700 -0.3176908 132 141 136 255
0.3187981 0.1699879 -0.1089206 0.1779818 -0.9799959 -0.0890530 114 144 140 255
0.3597946 0.1726319 -0.1856203 0.0844445 -0.9789152 0.1859953 113 146 140 255
-0.1167773 1.0357205 0.0186372 -0.8943743 -0.3838111 -0.2297473 54 89 122 255
-0.1557282 1.0977171 0.0821080 -0.9072961 -0.3035570 -0.2909756 55 94 125 255
-0.1592353 1.1812015 0.0689678 -0.9690205 -0.1521223 -0.1945719 55 92 123 255
-0.2530843 0.9061567 0.3529077 -0.9714817 0.2071485 0.1153816 113 144 138 255
-0.2239173 0.8462691 0.4230533 -0.3469294 0.2324393 0.9086320 115 133 126 255
-0.2170164 1.1481301 0.2796044 -0.7036844 0.5544978 0.4442526 100 128 124 255
-0.0047520 0.9393404 -0.3354073 -0.9566194 0.0680584 -0.2832797 133 104 73 255
-0.0519801 1.1480631 -0.2124028 -0.8084776 0.1662021 -0.5645712 121 93 64 255
0.0015554 1.1853947 -0.2211990 0.0222399 0.7883855 -0.6147794 93 73 50 255
0.2313974 0.3330546 -0.1244206 0.6370296 0.7673879 0.0728648 54 92 124 255
0.0951897 0.3966378 -0.1059141 0.9559147 0.2933888 0.0122277 58 97 126 255
0.0605014 0.3913294 -0.0490088 0.5018780 -0.1218540 0.8563119 59 95 126 255
-0.1569197 0.4577033 0.3168859 0.4592030 0.3789160 0.8034646 47 40 31 255
-0.2021019 0.4931588 0.3387895 0.9315086 0.1647125 -0.3242864 58 57 49 255
-0.2135178 0.4313329 0.3510046 0.5917019 0.0497047 0.8046231 110 140 137 255
-0.0855047 1.3523634 -0.0026922 0.8271600 0.5616468 -0.0189521 64 55 42 255
-0.1008646 1.4095233 0.0546970 0.9455922 -0.1911304 0.2632957 64 56 44 255
-0.1193803 1.3542301 0.1070223 0.6141888 0.1962056 0.7643791 62 54 40 255
0.0717974 0.1086241 0.2052388 0.2522720 -0.6132039 0.7485586 60 53 40 255
0.0534751 0.0695042 0.1824808 0.2624341 -0.5622004 0.7842569 60 53 40 255
0.1575997 0.1365579 0.2131295 -0.0637826 -0.8018862 0.5940624 58 52 40 255
-0.0687941 0.0743297 0.2346087 -0.6751353 0.1630013 -0.7194601 50 87 120 255
-0.0496590 0.1430414 0.1963382 -0.8012338 -0.4447098 -0.4003216 51 79 108 255
0.0534751 0.0695042 0.1824808 -0.1185096 -0.4321976 -0.8939580 56 97 127 255
-0.2666377 0.6247338 0.3111515 0.4256332 0.1003012 -0.8993198 68 103 122 255
-0.2940991 0.6963705 0.2956390 -0.2858915 -0.1628788 -0.9443181 63 53 41 255
-0.2180739 0.6622968 0.3234601 0.7340229 -0.5311159 -0.4232332 63 55 42 255
-0.2339278 1.5418439 0.1880407 -0.1235905 0.3006669 0.9456875 61 100 129 255
-0.2584727 1.5156368 0.1878228 -0.4188928 0.0737917 0.9050325 60 99 128 255
-0.2354188 1.5059116 0.2155724 -0.5214313 -0.0036682 0.8532854 60 100 127 255
-0.2249612 0.4705499 0.3267765 0.5514053 0.7236297 -0.4151052 56 92 121 255
-0.2021019 0.4931588 0.3387895 0.9323573 0.1659494 -0.3212019 54 89 121 255
-0.1569197 0.4577033 0.3168859 -0.0384429 -0.2915201 -0.9557919 55 91 124 255
0.0114501 0.9018211 -0.2805996 -0.8552861 -0.1530772 0.4950284 126 116 97 255
-0.0489694 1.1551797 -0.1320925 -0.7061982 -0.6531758 0.2732132 77 40 55 255
-0.0047520 0.9393404 -0.3354073 -0.9724889 0.0805611 -0.2185751 117 140 138 255
0.0197823 0.0913733 -0.2158737 -0.5658416 0.7775329 -0.2743461 101 130 125 255
0.1200041 0.0966019 -0.1951985 -0.0661608 0.9974946 -0.0250443 109 140 134 255
0.0683459 0.0743349 -0.2595153 -0.1122764 0.4447144 -0.8886074 99 130 124 255
-0.2035909 1.4337267 -0.1245241 -0.2467596 -0.4344684 -0.8662258 143 114 82 255
-0.1853900 1.4201534 -0.1000781 0.6200753 -0.4091104 -0.6694292 143 114 83 255
-0.2311311 1.4235935 -0.1077967 -0.1616368 -0.4334102 -0.8865829 143 114 82 255
-0.2649206 0.4056415 0.1879530 0.4648814 -0.6681388 0.5809267 106 139 137 255
-0.2383943 0.4419488 0.2084832 0.4569459 -0.6959236 0.5539773 108 140 136 255
-0.3200084 0.4230266 0.2520313 0.3634062 -0.6737470 0.6434290 56 91 124 255
-0.1008646 1.4095233 0.0546970 0.9455922 -0.1911304 0.2632957 64 56 44 255
-0.1301489 1.4477066 0.1412449 0.5513251 -0.3297431 0.7663616 64 56 43 255
-0.1193803 1.3542301 0.1070223 0.6141888 0.1962056 0.7643791 62 54 40 255
0.3460428 0.0239205 -0.0486407 0.1141660 -0.9003836 0.4198518 119 99 82 255
0.3844884 0.0223809 -0.1927733 0.3956738 -0.5508783 -0.7348301 87 120 115 255
0.3975542 0.0208361 -0.1150322 -0.0700914 -0.9975082 -0.0080405 115 146 143 255
0.0353875 1.1613798 -0.1171570 0.1848910 -0.5966159 0.7809383 66 57 45 255
0.0466361 0.8857041 -0.2502398 -0.1807231 -0.2869955 0.9407299 141 112 81 255
0.1051650 0.8726600 -0.2533016 0.5178331 -0.2894477 0.8050274 134 106 75 255
-0.3492774 1.5567432 -0.0348687 -0.8885617 -0.0454477 -0.4565004 139 110 79 255
-0.3903467 1.5180466 -0.0050750 -0.9503027 0.1188329 -0.2877560 141 113 81 255
-0.3767277 1.5812535 -0.0138617 -0.9240031 0.1029943 -0.3682531 142 113 82 255
-0.0855047 1.3523634 -0.0026922 0.8094348 0.5805082 -0.0884614 144 115 83 255
-0.1005724 1.4149748 -0.0133524 0.8051171 -0.2718499 -0.5271472 143 114 83 255
-0.1008646 1.4095233 0.0546970 0.9295398 -0.2691717 0.2519968 83 52 60 255
-0.3117793 0.5704783 0.2738032 -0.9427770 -0.3270192 -0.0650380 100 142 135 255
-0.3022260 0.4985852 0.2502193 0.4332958 0.1689218 -0.8852797 105 141 138 255
-0.3276941 0.4707566 0.2720065 -0.9885315 -0.1509041 -0.0057842 110 142 139 255
0.1462374 0.1318252 -0.0995927 -0.8085005 -0.5655481 -0.1627338 118 144 142 255
0.1342112 0.1617068 -0.0593152 -0.4751922 -0.5351421 0.6984379 119 143 139 255
-0.0292475 0.2507247 -0.1291080 -0.7152807 -0.6865982 0.1302171 59 48 39 255
-0.2315035 0.8826287 0.2986226 -0.6938334 0.0705324 -0.7166733 100 146 134 255
-0.1872695 0.8536299 0.2715955 0.0045133 -0.0625947 -0.9980289 103 130 125 255
-0.2522956 0.7329097 0.2750711 -0.1614736 -0.0746596 -0.9840488 49 44 33 255
0.0115919 0.0065026 -0.2282786 -0.8134335 -0.5034782 -0.2912655 81 111 106 255
0.0180341 0.0879410 -0.1169715 -0.6430356 0.6807874 0.3507617 112 142 136 255
0.0197823 0.0913733 -0.2158737 -0.5658416 0.7775329 -0.2743461 101 130 125 255
-0.0063363 0.6415731 0.1941209 -0.5301237 0.4845696 0.6958169 59 99 128 255
-0.0085212 0.6551766 0.1569510 -0.9354305 0.0511132 -0.3497958 59 99 127 255
-0.0373224 0.5854577 0.1963162 -0.5809627 0.6290087 -0.5165561 59 98 126 255
0.1446443 0.8789780 -0.2973242 0.9981625 0.0142000 -0.0589073 127 98 68 255
0.1010980 0.9050758 -0.3960853 0.5707431 0.2513945 -0.7816989 133 102 70 255
0.0769583 1.1748936 -0.1494346 0.7836611 0.5250366 -0.3319819 75 75 65 255
0.1449356 0.8684661 -0.1724839 -0.0837887 -0.1210496 -0.9891039 155 151 142 255
0.2750473 0.8927275 -0.1240635 0.6051503 0.3059385 -0.7349793 134 108 78 255
0.1615125 0.8395241 -0.1642833 0.0209082 -0.2121420 -0.9770151 157 153 145 255
-0.3022260 0.4985852 0.2502193 0.4351560 0.1715647 -0.8838580 60 99 127 255
-0.3117793 0.5704783 0.2738032 0.9522363 -0.3049299 -0.0162397 58 100 132 255
-0.2666377 0.6247338 0.3111515 0.4256332 0.1003012 -0.8993198 68 103 122 255
-0.3665962 1.3960984 -0.0280623 -0.6903786 -0.6745788 -0.2613825 136 107 76 255
-0.3577617 1.4077952 -0.0660357 -0.8730942 -0.2092421 -0.4403682 140 111 80 255
-0.3342306 1.4078021 -0.0214872 -0.4151823 -0.8864615 0.2044742 128 101 71 255
0.3477762 0.6787854 0.0908103 0.9060590 -0.3468005 0.2424594 60 53 40 255
0.2778449 0.5876458 0.0233407 0.5619506 -0.7502332 0.3483698 61 52 38 255
0.3206261 0.6428528 -0.0299053 0.9044344 -0.3662741 -0.2187279 59 51 39 255
0.2298093 0.5702402 0.1765194 0.8000417 -0.5124502 0.3119747 127 100 70 255
0.2778449 0.5876458 0.0233407 0.5619506 -0.7502332 0.3483698 61 52 38 255
0.3477762 0.6787854 0.0908103 0.9060590 -0.3468005 0.2424594 60 53 40 255
-0.2530843 0.9061567 0.3529077 -0.9714817 0.2071485 0.1153816 113 144 138 255
-0.2993677 0.7466645 0.3102369 -0.9056693 0.2772833 -0.3207447 52 87 118 255
-0.2824641 0.7318704 0.3940454 -0.7053133 0.1143815 0.6996071 89 71 52 255
-0.0531813 0.8894070 0.0983000 -0.8724437 -0.4855149 0.0558342 56 93 125 255
-0.1167773 1.0357205 0.0186372 -0.8943743 -0.3838111 -0.2297473 54 89 122 255
-0.0490290 0.9231691 -0.0452023 -0.8505428 -0.4861732 -0.2005309 57 90 121 255
-0.1479146 1.1787148 0.0894551 -0.8234236 -0.2197655 -0.5231411 54 92 122 255
-0.1776990 1.1992900 0.0704651 -0.8121413 0.3135279 -0.4920638 55 90 121 255
-0.1592353 1.1812015 0.0689678 -0.9690205 -0.1521223 -0.1945719 55 92 123 255
-0.0531813 0.8894070 0.0983000 -0.8724437 -0.4855149 0.0558342 56 93 125 255
-0.1557282 1.0977171 0.0821080 -0.9072961 -0.3035570 -0.2909756 55 94 125 255
-0.1167773 1.0357205 0.0186372 -0.8943743 -0.3838111 -0.2297473 54 89 122 255
-0.1334138 1.1075120 0.2194862 -0.4729614 -0.1843164 0.8615887 139 110 79 255
-0.0720894 0.9934405 0.2282920 -0.6614125 -0.2205741 0.7168548 121 92 63 255
-0.0960763 1.1311554 0.2322474 -0.2696877 -0.8116409 0.5181772 135 105 74 255
0.0353875 1.1613798 -0.1171570 0.1848910 -0.5966159 0.7809383 66 57 45 255
0.1051650 0.8726600 -0.2533016 0.5178331 -0.2894477 0.8050274 134 106 75 255
0.0769583 1.1748936 -0.1494346 0.7836611 0.5250366 -0.3319819 75 75 65 255
0.0115919 0.0065026 -0.2282786 -0.8134335 -0.5034782 -0.2912655 81 111 106 255
0.0331542 0.0072520 -0.0807886 -0.2120971 -0.8427029 0.4948401 107 139 133 255
0.0180341 0.0879410 -0.1169715 -0.6430356 0.6807874 0.3507617 112 142 136 255
-0.0489694 1.1551797 -0.1320925 -0.5883061 -0.7790735 0.2166571 139 110 78 255
-0.0519801 1.1480631 -0.2124028 -0.8084776 0.1662021 -0.5645712 121 93 64 255
-0.0047520 0.9393404 -0.3354073 -0.9566194 0.0680584 -0.2832797 133 104 73 255
-0.2043922 0.0000000 0.2514873 -0.1819561 -0.9750910 -0.1268448 57 51 39 255
-0.1919604 0.0992582 0.2704501 -0.6638468 0.7385541 -0.1176667 70 61 49 255
-0.1660571 0.0506377 0.2279987 -0.1932749 0.2760823 -0.9415007 70 61 49 255
-0.3200084 0.4230266 0.2520313 0.3634062 -0.6737470 0.6434290 56 91 124 255
-0.2383943 0.4419488 0.2084832 0.4569459 -0.6959236 0.5539773 108 140 136 255
-0.2927828 0.4529212 0.2703285 -0.6459998 -0.7623758 0.0383050 110 135 130 255
-0.0292475 0.2507247 -0.1291080 -0.7152807 -0.6865982 0.1302171 59 48 39 255
0.1342112 0.1617068 -0.0593152 -0.4751922 -0.5351421 0.6984379 119 143 139 255
-0.0189479 0.3020748 -0.0418944 -0.4986508 -0.3489667 0.7934542 87 47 63 255
0.1166295 0.1394490 0.2262840 0.6510457 0.5448259 -0.5284925 60 51 37 255
0.0710905 0.1672378 0.3274798 0.5706201 0.2155821 0.7924122 58 52 40 255
0.1059889 0.1418734 0.3322911 0.1567577 0.4101117 0.8984628 55 49 39 255
-0.0145994 0.7657249 0.1228299 -0.8573939 -0.4262548 -0.2884139 45 74 103 255
-0.0258144 0.8181338 0.1170540 -0.7918740 -0.3142924 -0.5235990 54 96 127 255
-0.0081325 0.7967154 0.0280485 -0.8645077 -0.3867949 -0.3209611 56 92 126 255
-0.2084004 1.5109292 -0.1356893 -0.1110925 -0.0071740 -0.9937842 137 107 75 255
-0.2035909 1.4337267 -0.1245241 -0.2467596 -0.4344684 -0.8662258 143 114 82 255
-0.2311311 1.4235935 -0.1077967 -0.1616368 -0.4334102 -0.8865829 143 114 82 255
-0.0189479 0.3020748 -0.0418944 -0.5455099 -0.2513160 0.7995368 122 95 73 255
-0.0024432 0.3435593 -0.0341277 -0.2015878 -0.0019298 0.9794685 60 98 130 255
0.0680548 0.6497315 -0.0122623 -0.8573829 0.1762908 0.4835453 57 96 127 255
0.0353875 1.1613798 -0.1171570 0.1848910 -0.5966159 0.7809383 66 57 45 255
-0.0489694 1.1551797 -0.1320925 -0.7061982 -0.6531758 0.2732132 77 40 55 255
0.0466361 0.8857041 -0.2502398 -0.1807231 -0.2869955 0.9407299 141 112 81 255
-0.0456165 0.3452824 -0.0875163 -0.6373743 -0.6269228 -0.4480197 95 66 70 255
-0.0129765 0.2959704 -0.0819888 -0.9572096 -0.2843568 0.0537681 95 53 70 255
-0.0189479 0.3020748 -0.0418944 -0.4986508 -0.3489667 0.7934542 87 47 63 255
-0.2578932 1.6319003 0.1715441 -0.1158465 0.3400334 0.9332507 142 114 85 255
-0.1092496 1.5525104 0.1699924 0.4088742 0.0462735 0.9114168 74 61 46 255
-0.1312073 1.7045636 0.1418338 0.2000552 0.5945772 0.7787527 142 114 82 255
-0.3300780 0.5830795 0.2438240 -0.1285612 0.7128572 -0.6894247 57 79 96 255
-0.2610243 0.5249701 0.2125015 -0.1124522 0.3646337 -0.9243358 56 84 107 255
-0.3059890 0.5192538 0.2231131 -0.2499306 0.2122366 -0.9447170 56 84 107 255
0.0015554 1.1853947 -0.2211990 0.0222399 0.7883855 -0.6147794 93 73 50 255
0.0769583 1.1748936 -0.1494346 0.7836611 0.5250366 -0.3319819 75 75 65 255
0.1010980 0.9050758 -0.3960853 0.5707431 0.2513945 -0.7816989 133 102 70 255
0.1090528 0.7637931 -0.1273589 -0.2549763 -0.4610614 -0.8499467 154 152 148 255
0.0795034 0.7430893 -0.0803676 -0.8211852 -0.4204040 -0.3858956 135 132 125 255
0.0514201 0.7577224 -0.0970311 -0.7207286 -0.6333582 -0.2817937 54 88 121 255
0.0180341 0.0879410 -0.1169715 -0.6430356 0.6807874 0.3507617 112 142 136 255
0.1343167 0.0898561 -0.1100621 -0.4009898 0.7172044 0.5699341 109 144 137 255
0.1200041 0.0966019 -0.1951985 -0.0661608 0.9974946 -0.0250443 109 140 134 255
-0.1660571 0.0506377 0.2279987 -0.1932749 0.2760823 -0.9415007 70 61 49 255
-0.0687941 0.0743297 0.2346087 -0.6200578 0.2040455 -0.7575577 141 111 81 255
-0.0002600 0.0703842 0.2224450 -0.0398977 -0.2806802 -0.9589718 84 70 54 255
-0.0519801 1.1480631 -0.2124028 -0.8084776 0.1662021 -0.5645712 121 93 64 255
-0.0489694 1.1551797 -0.1320925 -0.5883061 -0.7790735 0.2166571 139 110 78 255
-0.0945650 1.1853452 -0.1281447 -0.6924243 0.2989732 -0.6566305 136 113 84 255
-0.2043922 0.0000000 0.2514873 -0.1819561 -0.9750910 -0.1268448 57 51 39 255
-0.0002600 0.0703842 0.2224450 -0.0398977 -0.2806802 -0.9589718 84 70 54 255
0.1530627 0.0044593 0.2201066 0.3986058 -0.6890978 -0.6051923 65 57 48 255
-0.2298090 1.6500522 -0.1228466 0.0452594 0.2440608 -0.9687033 141 113 82 255
-0.0937611 1.6633701 -0.0859075 0.6284206 0.2791314 -0.7260668 140 111 80 255
-0.1778191 1.5376149 -0.1193213 0.4246189 0.0783957 -0.9019716 136 106 76 255
0.0841841 0.7119337 0.2318296 -0.7943950 0.3782585 0.4752443 144 139 128 255
-0.0063363 0.6415731 0.1941209 -0.5819142 0.5876203 0.5622084 114 105 94 255
0.1021229 0.7160187 0.2596703 -0.0953645 -0.2423521 0.9654900 110 86 59 255
-0.2043922 0.0000000 0.2514873 -0.1819561 -0.9750910 -0.1268448 57 51 39 255
-0.1660571 0.0506377 0.2279987 -0.1932749 0.2760823 -0.9415007 70 61 49 255
-0.0002600 0.0703842 0.2224450 -0.0398977 -0.2806802 -0.9589718 84 70 54 255
-0.3261056 1.5096544 0.1617718 -0.5977556 -0.0748757 0.7981742 59 52 39 255
-0.3569665 1.4820578 0.1249185 -0.8492764 -0.1795752 0.4964699 144 115 83 255
-0.2483157 1.4379776 0.1846809 -0.5319240 -0.3823622 0.7555501 60 99 126 255
-0.0500904 1.2762178 -0.0897036 -0.0829006 0.7227068 -0.6861651 105 135 130 255
-0.0519801 1.1480631 -0.2124028 -0.8084776 0.1662021 -0.5645712 121 93 64 255
-0.0945650 1.1853452 -0.1281447 -0.6924243 0.2989732 -0.6566305 136 113 84 255
-0.0489694 1.1551797 -0.1320925 -0.5356725 -0.6664000 -0.5186194 50 89 120 255
0.0353875 1.1613798 -0.1171570 0.1224367 0.2225144 -0.9672108 118 131 116 255
0.0067114 1.0319461 -0.1449876 -0.0882422 0.0340402 -0.9955173 55 93 125 255
0.1663837 0.0287559 0.3565040 0.2528121 -0.7412874 0.6217548 58 52 39 255
0.1512140 0.1299527 0.2772584 0.9335515 0.3555381 -0.0455427 61 54 41 255
0.1059889 0.1418734 0.3322911 0.1567577 0.4101117 0.8984628 55 49 39 255
0.3597946 0.1726319 -0.1856203 0.6057615 0.6128440 -0.5074201 58 97 126 255
0.0762105 0.3998419 -0.1947937 0.4280924 0.3296371 -0.8414727 55 95 125 255
0.2313974 0.3330546 -0.1244206 0.6370296 0.7673879 0.0728648 54 92 124 255
-0.0895354 0.4322480 0.1906366 0.5182956 0.1372115 0.8441224 109 142 138 255
-0.0668177 0.4258772 0.1390815 0.9900042 -0.0116200 0.1405585 111 143 137 255
0.2298093 0.5702402 0.1765194 0.2514746 -0.7297552 0.6357812 141 113 81 255
-0.0687941 0.0743297 0.2346087 -0.6200578 0.2040455 -0.7575577 141 111 81 255
-0.1660571 0.0506377 0.2279987 -0.1932749 0.2760823 -0.9415007 70 61 49 255
-0.0978083 0.0862974 0.2594848 -0.0452706 0.9138727 -0.4034691 141 112 81 255
-0.0160095 0.2904254 -0.2022982 -0.5773776 -0.6152807 -0.5367166 127 149 148 255
0.1462374 0.1318252 -0.0995927 -0.8085005 -0.5655481 -0.1627338 118 144 142 255
-0.0292475 0.2507247 -0.1291080 -0.7152807 -0.6865982 0.1302171 59 48 39 255
0.0494319 0.1310909 0.3848805 0.3614772 -0.9311574 -0.0477542 59 97 127 255
-0.0495602 0.1097811 0.3537612 0.1395293 -0.9660015 0.2176527 60 99 126 255
0.0035842 0.1143606 0.3400173 0.3809400 -0.9230502 -0.0535064 59 98 125 255
0.0795034 0.7430893 -0.0803676 -0.8211852 -0.4204040 -0.3858956 135 132 125 255
0.0271864 0.7127529 0.0668044 -0.9143094 -0.2840230 -0.2887371 57 91 123 255
-0.0081325 0.7967154 0.0280485 -0.8645077 -0.3867949 -0.3209611 56 92 126 255
-0.1830553 0.0326579 0.4222207 0.0865182 0.3782220 0.9216629 113 88 62 255
0.0035842 0.1143606 0.3400173 -0.1201920 0.7900699 0.6011185 142 113 81 255
-0.1715401 0.0876158 0.3974795 -0.2554273 0.8149017 0.5202808 134 107 78 255
-0.1804887 0.4989024 0.1926074 -0.4835830 0.1367787 0.8645455 59 98 127 255
-0.1047853 0.5831623 0.2017903 -0.3006171 0.6400265 -0.7071037 59 98 126 255
-0.1130091 0.5565789 0.1786194 -0.4483719 0.8845587 -0.1285245 59 99 127 255
-0.3381204 1.2553023 0.0632191 -0.4357651 -0.7666228 0.4715913 56 49 37 255
-0.3487052 1.3193885 -0.0338259 -0.9208984 -0.2108614 -0.3278466 57 50 38 255
-0.3119431 1.2554680 -0.0341907 -0.1230136 -0.7963066 -0.5922530 61 53 40 255
-0.2002793 1.3169068 0.1234293 -0.2534240 -0.5145203 0.8191734 61 54 43 255
-0.1193803 1.3542301 0.1070223 0.6141888 0.1962056 0.7643791 62 54 40 255
-0.2280815 1.4186685 0.1644654 0.0626141 -0.4568600 0.8873322 52 45 34 255
-0.3487052 1.3193885 -0.0338259 -0.9208984 -0.2108614 -0.3278466 57 50 38 255
-0.3094623 1.3423098 -0.0742421 -0.2324454 -0.3666445 -0.9008557 54 47 37 255
-0.3119431 1.2554680 -0.0341907 -0.1230136 -0.7963066 -0.5922530 61 53 40 255
-0.3266213 1.3529146 -0.0383086 -0.2089848 0.9647184 -0.1601364 60 51 38 255
-0.3094623 1.3423098 -0.0742421 -0.2324454 -0.3666445 -0.9008557 54 47 37 255
-0.3487052 1.3193885 -0.0338259 -0.9208984 -0.2108614 -0.3278466 57 50 38 255
-0.3487052 1.3193885 -0.0338259 -0.9208984 -0.2108614 -0.3278466 57 50 38 255
-0.3591180 1.3250189 0.0599194 -0.9918123 -0.0034141 0.1276584 51 45 34 255
-0.3495955 1.3548207 0.0098896 -0.7629502 0.6426619 -0.0699474 96 77 57 255
-0.3495955 1.3548207 0.0098896 -0.7629502 0.6426619 -0.0699474 96 77 57 255
-0.3266213 1.3529146 -0.0383086 -0.2089848 0.9647184 -0.1601364 60 51 38 255
-0.3487052 1.3193885 -0.0338259 -0.9208984 -0.2108614 -0.3278466 57 50 38 255
-0.1830553 0.0326579 0.4222207 0.0865182 0.3782220 0.9216629 113 88 62 255
-0.1715401 0.0876158 0.3974795 -0.2554273 0.8149017 0.5202808 134 107 78 255
-0.1919604 0.0992582 0.2704501 -0.6638468 0.7385541 -0.1176667 70 61 49 255
0.1123913 1.1780782 -0.0914025 0.6660269 0.6059123 -0.4350613 112 143 136 255
0.1789536 0.9140641 -0.1580348 0.2409774 0.2515994 -0.9373513 98 99 94 255
0.0353875 1.1613798 -0.1171570 0.1224367 0.2225144 -0.9672108 118 131 116 255
0.1094135 0.4799348 -0.3974586 0.6646686 -0.0524625 -0.7452940 61 101 129 255
0.0318798 0.5250915 -0.4230533 0.0179911 -0.1623755 -0.9865651 60 99 127 255
0.0750417 0.6576539 -0.3730450 0.8667641 0.0832079 -0.4917281 60 98 126 255
-0.0251640 0.3314097 -0.1713681 -0.9124820 -0.3113504 -0.2654009 122 144 142 255
-0.0465862 0.3889871 -0.1673837 -0.8716769 -0.4146321 -0.2612655 81 42 52 255
-0.0286545 0.3947634 -0.2215652 0.0085308 -0.0277683 -0.9995780 93 84 89 255
-0.1768155 1.3161011 -0.0511889 0.1608400 -0.4577948 -0.8743882 59 53 39 255
-0.3119431 1.2554680 -0.0341907 -0.1230136 -0.7963066 -0.5922530 61 53 40 255
-0.3094623 1.3423098 -0.0742421 -0.2324454 -0.3666445 -0.9008557 54 47 37 255
-0.3577617 1.4077952 -0.0660357 -0.8730942 -0.2092421 -0.4403682 140 111 80 255
-0.3403973 1.4448979 -0.0909562 -0.2940925 -0.2423525 -0.9245404 139 110 79 255
-0.3094623 1.3423098 -0.0742421 -0.2635000 -0.3666189 -0.8922771 133 105 74 255
0.1694675 0.0651801 -0.0749922 0.2757998 -0.9516585 0.1352051 56 96 126 255
0.2158573 0.0785397 -0.0755954 0.4170370 -0.9020026 -0.1116749 57 98 129 255
0.2739804 0.1008329 -0.0372586 -0.0877289 0.0782191 0.9930688 59 100 129 255
-0.0853057 0.1031091 0.3613844 -0.0772144 0.9969003 0.0150951 140 112 81 255
-0.1919604 0.0992582 0.2704501 -0.6638468 0.7385541 -0.1176667 70 61 49 255
-0.1715401 0.0876158 0.3974795 -0.2554273 0.8149017 0.5202808 134 107 78 255
-0.1130091 0.5565789 0.1786194 -0.4483719 0.8845587 -0.1285245 59 99 127 255
-0.1346526 0.5632346 0.1479831 -0.2355367 0.9483318 0.2125778 59 98 126 255
-0.1685460 0.5057836 0.1618400 -0.6775845 0.7091146 0.1950276 59 98 126 255
0.0271864 0.7127529 0.0668044 -0.9143094 -0.2840230 -0.2887371 57 91 123 255
0.0204286 0.6959837 0.1523681 -0.8043631 0.5831106 0.1139391 54 91 124 255
0.0187869 0.7179977 0.1363554 -0.8682807 -0.4089531 0.2807952 53 90 121 255
0.1663837 0.0287559 0.3565040 0.2528121 -0.7412874 0.6217548 58 52 39 255
-0.2043922 0.0000000 0.2514873 -0.1819561 -0.9750910 -0.1268448 57 51 39 255
0.1530627 0.0044593 0.2201066 0.3986058 -0.6890978 -0.6051923 65 57 48 255
-0.3622049 1.5297037 -0.0762014 -0.8811442 -0.0541511 -0.4697366 138 109 78 255
-0.3492774 1.5567432 -0.0348687 -0.8885617 -0.0454477 -0.4565004 139 110 79 255
-0.3178227 1.5578351 -0.1140752 -0.8618737 0.0323883 -0.5060877 120 90 61 255
-0.1830553 0.0326579 0.4222207 -0.2265357 -0.9497770 0.2158826 65 99 123 255
-0.2043922 0.0000000 0.2514873 -0.1819561 -0.9750910 -0.1268448 57 51 39 255
0.1663837 0.0287559 0.3565040 0.2528121 -0.7412874 0.6217548 58 52 39 255
-0.2966811 1.5061204 -0.1276751 -0.2982114 -0.1058410 -0.9486135 139 108 77 255
-0.3178227 1.5578351 -0.1140752 -0.8618737 0.0323883 -0.5060877 120 90 61 255
-0.3353461 1.5974174 -0.1176009 -0.6830565 0.3726043 -0.6281720 140 111 80 255
0.1021229 0.7160187 0.2596703 -0.0953645 -0.2423521 0.9654900 110 86 59 255
-0.1487782 0.4555420 0.2116418 0.3218621 0.3709068 0.8711101 94 128 128 255
0.2485327 0.7574929 0.2563586 0.3400267 -0.2727392 0.8999974 102 76 68 255
-0.1787537 1.5104345 -0.1585646 -0.1066677 0.0761471 -0.9913747 139 108 77 255
-0.2084004 1.5109292 -0.1356893 -0.1110925 -0.0071740 -0.9937842 137 107 75 255
-0.1778191 1.5376149 -0.1193213 0.4246189 0.0783957 -0.9019716 136 106 76 255
-0.2298090 1.6500522 -0.1228466 0.0452594 0.2440608 -0.9687033 141 113 82 255
-0.1778191 1.5376149 -0.1193213 0.4246189 0.0783957 -0.9019716 136 106 76 255
-0.2084004 1.5109292 -0.1356893 -0.1110925 -0.0071740 -0.9937842 137 107 75 255
-0.1787537 1.5104345 -0.1585646 -0.1066677 0.0761471 -0.9913747 139 108 77 255
-0.1480716 1.4683709 -0.1454515 0.8322240 -0.2403222 -0.4996485 140 111 80 255
-0.2035909 1.4337267 -0.1245241 -0.2467596 -0.4344684 -0.8662258 143 114 82 255
0.1264888 0.7617599 0.2898307 -0.1347204 -0.2787164 0.9508772 135 108 78 255
0.1021229 0.7160187 0.2596703 -0.0953645 -0.2423521 0.9654900 110 86 59 255
0.2337100 0.7968943 0.2763200 0.4797536 -0.1892331 0.8567539 82 44 56 255
-0.1608945 0.5279690 0.1050367 -0.6609809 0.7254725 -0.1918177 58 99 127 255
-0.1821490 0.5324621 0.0924349 -0.6553553 0.3805875 -0.6524283 58 98 127 255
-0.2071808 0.4847563 0.1404767 -0.9848102 0.0374901 0.1695386 59 98 127 255
-0.0525591 1.5091909 0.0991216 0.9123415 -0.2618041 0.3147882 110 78 69 255
-0.1005724 1.4149748 -0.0133524 0.8051171 -0.2718499 -0.5271472 143 114 83 255
-0.0542119 1.5109025 -0.0514669 0.8206280 -0.2241744 -0.5256572 82 49 54 255
0.3512214 0.1698917 -0.0671568 0.4260598 0.3996458 0.8116380 65 99 126 255
0.2313974 0.3330546 -0.1244206 0.6370296 0.7673879 0.0728648 54 92 124 255
0.0605014 0.3913294 -0.0490088 0.5018780 -0.1218540 0.8563119 59 95 126 255
-0.2552368 0.4744973 0.2961426 0.5824727 0.2175743 -0.7831903 55 92 124 255
-0.2666964 0.4500041 0.3051887 -0.2913420 -0.9514776 0.0990457 58 95 128 255
-0.2419778 0.4370291 0.2522969 0.6498237 0.7491930 -0.1282148 60 98 127 255
-0.2084004 1.5109292 -0.1356893 -0.1110925 -0.0071740 -0.9937842 137 107 75 255
-0.2966811 1.5061204 -0.1276751 -0.2982114 -0.1058410 -0.9486135 139 108 77 255
-0.2298090 1.6500522 -0.1228466 0.0452594 0.2440608 -0.9687033 141 113 82 255
-0.1562524 1.0273234 0.0187945 0.0054172 -0.0441756 -0.9990092 59 98 130 255
-0.1382903 1.0830298 0.0164280 -0.9485142 -0.1358415 -0.2861257 58 96 128 255
-0.1167773 1.0357205 0.0186372 -0.8970644 -0.3704807 -0.2408726 60 99 130 255
-0.1883552 0.3581451 0.1031013 -0.7687379 -0.3963621 -0.5019354 56 96 125 255
0.0534751 0.0695042 0.1824808 -0.1185096 -0.4321976 -0.8939580 56 97 127 255
-0.0496590 0.1430414 0.1963382 -0.8012338 -0.4447098 -0.4003216 51 79 108 255
-0.2966811 1.5061204 -0.1276751 -0.2982114 -0.1058410 -0.9486135 139 108 77 255
-0.2311311 1.4235935 -0.1077967 -0.1616368 -0.4334102 -0.8865829 143 114 82 255
-0.3403973 1.4448979 -0.0909562 -0.2940925 -0.2423525 -0.9245404 139 110 79 255
-0.1092496 1.5525104 0.1699924 0.4088742 0.0462735 0.9114168 74 61 46 255
-0.0678872 1.6741316 0.1046968 0.8246121 0.3108115 0.4726638 143 112 81 255
-0.1312073 1.7045636 0.1418338 0.2000552 0.5945772 0.7787527 142 114 82 255
-0.1369207 1.1804082 -0.0387745 -0.9971422 0.0100423 0.0748768 138 139 131 255
-0.1444518 1.1970710 -0.0101471 -0.9973153 0.0163826 -0.0713693 115 104 94 255
-0.1238362 1.2608697 -0.0424466 -0.7569450 -0.2907945 -0.5852119 107 132 125 255
-0.2966811 1.5061204 -0.1276751 -0.2982114 -0.1058410 -0.9486135 139 108 77 255
-0.2084004 1.5109292 -0.1356893 -0.1110925 -0.0071740 -0.9937842 137 107 75 255
-0.2311311 1.4235935 -0.1077967 -0.1616368 -0.4334102 -0.8865829 143 114 82 255
-0.0002600 0.0703842 0.2224450 -0.0047402 -0.1922236 -0.9813397 50 88 120 255
-0.0687941 0.0743297 0.2346087 -0.6751353 0.1630013 -0.7194601 50 87 120 255
0.0534751 0.0695042 0.1824808 -0.1185096 -0.4321976 -0.8939580 56 97 127 255
-0.3755591 1.6074698 0.0364776 -0.9548334 0.2316933 0.1860411 137 110 81 255
-0.3767277 1.5812535 -0.0138617 -0.9240031 0.1029943 -0.3682531 142 113 82 255
-0.3903467 1.5180466 -0.0050750 -0.9503027 0.1188329 -0.2877560 141 113 81 255
-0.0018363 0.2666703 -0.1301823 -0.9447680 -0.3041687 -0.1220440 38 31 26 255
-0.0017405 0.3035154 -0.1829381 -0.9848220 -0.1294459 -0.1156263 129 149 148 255
-0.0292475 0.2507247 -0.1291080 -0.7152807 -0.6865982 0.1302171 59 48 39 255
-0.1597890 1.4974450 -0.1109066 0.6800865 -0.3303275 -0.6544969 140 110 80 255
-0.1853900 1.4201534 -0.1000781 0.6200753 -0.4091104 -0.6694292 143 114 83 255
-0.1480716 1.4683709 -0.1454515 0.8322240 -0.2403222 -0.4996485 140 111 80 255
-0.0720894 0.9934405 0.2282920 -0.6614125 -0.2205741 0.7168548 121 92 63 255
-0.1102348 0.9684025 0.1824656 -0.7663269 -0.5148187 0.3843240 135 104 73 255
-0.0985102 0.9567691 0.1641083 -0.8933756 -0.2677210 0.3608401 135 105 75 255
-0.1787537 1.5104345 -0.1585646 -0.1066677 0.0761471 -0.9913747 139 108 77 255
-0.2035909 1.4337267 -0.1245241 -0.2467596 -0.4344684 -0.8662258 143 114 82 255
-0.2084004 1.5109292 -0.1356893 -0.1110925 -0.0071740 -0.9937842 137 107 75 255
-0.0002600 0.0703842 0.2224450 0.0288600 -0.2478244 -0.9683750 60 54 41 255
0.0534751 0.0695042 0.1824808 0.2624341 -0.5622004 0.7842569 60 53 40 255
0.0717974 0.1086241 0.2052388 0.2522720 -0.6132039 0.7485586 60 53 40 255
-0.1381097 1.2635942 0.1910548 -0.1396025 0.7788598 0.6114643 110 134 129 255
-0.1594224 1.3139767 0.1400409 -0.7360564 0.3473247 0.5810222 109 142 138 255
-0.1829742 1.1639812 0.1737556 -0.9729027 0.1065893 -0.2051810 141 113 82 255
0.1021229 0.7160187 0.2596703 -0.0953645 -0.2423521 0.9654900 110 86 59 255
0.2485327 0.7574929 0.2563586 0.3400267 -0.2727392 0.8999974 102 76 68 255
0.2337100 0.7968943 0.2763200 0.4797536 -0.1892331 0.8567539 82 44 56 255
-0.2298090 1.6500522 -0.1228466 0.0452594 0.2440608 -0.9687033 141 113 82 255
-0.2504272 1.7222700 -0.0755339 -0.4609155 0.5592648 -0.6890427 141 111 80 255
-0.1638741 1.7326212 -0.0707688 0.1529283 0.8883985 -0.4328523 140 110 80 255
-0.0937611 1.6633701 -0.0859075 0.6284206 0.2791314 -0.7260668 140 111 80 255
-0.1638741 1.7326212 -0.0707688 0.1529283 0.8883985 -0.4328523 140 110 80 255
-0.1104430 1.7449875 0.0257463 0.5165605 0.8560904 -0.0165700 142 112 81 255
-0.0465862 0.3889871 -0.1673837 -0.8716769 -0.4146321 -0.2612655 81 42 52 255
-0.0501356 0.3148314 -0.1301918 -0.8881466 -0.4415503 -0.1273923 106 114 113 255
-0.0559239 0.4148240 -0.1227498 -0.9165714 -0.3857673 -0.1052645 119 145 141 255
-0.0464385 0.8475483 0.1966829 -0.8085938 -0.3645295 0.4618383 54 89 120 255
0.0394707 0.8064638 0.2757130 -0.3073394 -0.1316451 0.9424500 55 90 122 255
0.0376885 0.8433780 0.2882876 -0.2968141 -0.0343545 0.9543172 48 83 115 255
-0.0339502 0.8627636 0.2330914 -0.7662587 -0.2839030 0.5764085 43 74 106 255
-0.0464385 0.8475483 0.1966829 -0.8085938 -0.3645295 0.4618383 54 89 120 255
0.0376885 0.8433780 0.2882876 -0.2968141 -0.0343545 0.9543172 48 83 115 255
-0.3975542 1.4248294 0.0538640 -0.9480296 -0.2648446 0.1763438 140 112 82 255
-0.3325428 1.3521277 0.1039248 -0.4390107 -0.2044986 0.8749000 43 37 27 255
-0.3517567 1.4265077 0.1023660 -0.5441167 -0.2877305 0.7881295 31 28 23 255
-0.0570848 1.1410410 0.2469454 -0.4398294 -0.2414538 0.8650144 63 55 43 255
0.2077142 0.8660383 0.2911472 0.2089679 0.1880159 0.9596783 138 110 81 255
-0.0480728 1.1611134 0.2805700 -0.0057267 -0.0542123 0.9985130 64 56 43 255
0.1051650 0.8726600 -0.2533016 0.5178331 -0.2894477 0.8050274 134 106 75 255
0.0270769 0.7630621 -0.2728181 -0.1915687 -0.2643026 0.9452225 139 111 79 255
0.0826348 0.7406645 -0.3046150 0.7522236 -0.4452767 0.4856833 135 106 75 255
-0.0788674 0.3356860 -0.0805764 -0.6909528 0.1745454 0.7015113 136 108 78 255
0.0680548 0.6497315 -0.0122623 -0.8573829 0.1762908 0.4835453 57 96 127 255
-0.0850402 0.4323119 -0.1357131 -0.9141312 0.3440610 0.2144440 139 111 80 255
0.1530627 0.0044593 0.2201066 0.3986058 -0.6890978 -0.6051923 65 57 48 255
0.0717974 0.1086241 0.2052388 0.0809247 -0.0749711 -0.9938967 51 44 33 255
0.1166295 0.1394490 0.2262840 0.6510457 0.5448259 -0.5284925 60 51 37 255
-0.3591180 1.3250189 0.0599194 -0.9918123 -0.0034141 0.1276584 51 45 34 255
-0.3316061 1.3513554 0.0733066 -0.3414991 0.9321375 -0.1204075 138 109 80 255
-0.3495955 1.3548207 0.0098896 -0.7629502 0.6426619 -0.0699474 96 77 57 255
-0.3403973 1.4448979 -0.0909562 -0.2940925 -0.2423525 -0.9245404 139 110 79 255
-0.3577617 1.4077952 -0.0660357 -0.8730942 -0.2092421 -0.4403682 140 111 80 255
-0.3499657 1.4917452 -0.0461664 -0.8384277 0.0493256 -0.5427763 141 112 80 255
-0.3767277 1.5812535 -0.0138617 -0.9240031 0.1029943 -0.3682531 142 113 82 255
-0.3655495 1.6240861 0.0133381 -0.9185206 0.3847968 -0.0908374 141 113 81 255
-0.3353461 1.5974174 -0.1176009 -0.6830565 0.3726043 -0.6281720 140 111 80 255
-0.3353461 1.5974174 -0.1176009 -0.6830565 0.3726043 -0.6281720 140 111 80 255
-0.3216431 1.7201922 0.0277872 -0.8288011 0.4903091 -0.2696030 105 60 74 255
-0.2504272 1.7222700 -0.0755339 -0.4609155 0.5592648 -0.6890427 141 111 80 255
0.0534751 0.0695042 0.1824808 -0.1185096 -0.4321976 -0.8939580 56 97 127 255
-0.1164207 0.4323513 0.0346189 -0.0890136 -0.1102857 -0.9899058 47 80 110 255
0.1575997 0.1365579 0.2131295 0.7560868 0.2603992 -0.6004374 50 80 110 255
-0.1804887 0.4989024 0.1926074 -0.6490442 0.0855949 0.7559201 63 52 43 255
-0.1487782 0.4555420 0.2116418 0.3218621 0.3709068 0.8711101 94 128 128 255
-0.1047853 0.5831623 0.2017903 -0.2782808 0.1676819 0.9457498 47 44 36 255
-0.3903467 1.5180466 -0.0050750 -0.9503027 0.1188329 -0.2877560 141 113 81 255
-0.3577617 1.4077952 -0.0660357 -0.8730942 -0.2092421 -0.4403682 140 111 80 255
-0.3858164 1.4705931 -0.0141268 -0.9482187 -0.1169927 -0.2952865 140 111 79 255
-0.3216431 1.7201922 0.0277872 -0.8288011 0.4903091 -0.2696030 105 60 74 255
-0.3353461 1.5974174 -0.1176009 -0.6830565 0.3726043 -0.6281720 140 111 80 255
-0.3655495 1.6240861 0.0133381 -0.9185206 0.3847968 -0.0908374 141 113 81 255
-0.3622049 1.5297037 -0.0762014 -0.8811442 -0.0541511 -0.4697366 138 109 78 255
-0.3499657 1.4917452 -0.0461664 -0.8384277 0.0493256 -0.5427763 141 112 80 255
-0.3492774 1.5567432 -0.0348687 -0.8885617 -0.0454477 -0.4565004 139 110 79 255
0.0534751 0.0695042 0.1824808 -0.1185096 -0.4321976 -0.8939580 56 97 127 255
-0.1883552 0.3581451 0.1031013 -0.7687379 -0.3963621 -0.5019354 56 96 125 255
-0.1164207 0.4323513 0.0346189 -0.0890136 -0.1102857 -0.9899058 47 80 110 255
-0.3117793 0.5704783 0.2738032 -0.9427770 -0.3270192 -0.0650380 100 142 135 255
-0.3059890 0.5192538 0.2231131 -0.2792022 -0.6911670 0.6665841 103 138 134 255
-0.2610243 0.5249701 0.2125015 0.4827896 -0.4629281 0.7433785 105 141 136 255
-0.2076200 0.4024939 0.2020864 -0.5620691 -0.4022277 -0.7226971 111 141 139 255
-0.2580784 0.3886619 0.2490277 -0.5287253 -0.8441070 0.0890659 109 136 130 255
-0.2927828 0.4529212 0.2703285 -0.6459998 -0.7623758 0.0383050 110 135 130 255
-0.1883552 0.3581451 0.1031013 -0.7687379 -0.3963621 -0.5019354 56 96 125 255
-0.1821490 0.5324621 0.0924349 -0.6553553 0.3805875 -0.6524283 58 98 127 255
-0.1123341 0.5330375 0.0680490 -0.5080193 0.3957144 -0.7650663 59 98 127 255
-0.1821490 0.5324621 0.0924349 -0.6553553 0.3805875 -0.6524283 58 98 127 255
-0.1608945 0.5279690 0.1050367 -0.6609809 0.7254725 -0.1918177 58 99 127 255
-0.1123341 0.5330375 0.0680490 -0.5080193 0.3957144 -0.7650663 59 98 127 255
-0.3665962 1.3960984 -0.0280623 -0.6903786 -0.6745788 -0.2613825 136 107 76 255
-0.3448667 1.3953878 0.0650992 -0.2698580 -0.9153605 -0.2988175 127 99 70 255
-0.3761035 1.3988378 0.0348616 -0.5027192 -0.8573326 0.1106987 133 105 74 255
-0.3496923 1.5951191 0.0144167 -0.6650875 0.7100035 0.2314167 90 69 56 255
-0.3307833 1.6474750 0.0424271 -0.8396248 0.0097681 0.5430788 82 50 57 255
-0.3655495 1.6240861 0.0133381 -0.9185206 0.3847968 -0.0908374 141 113 81 255
-0.3216431 1.7201922 0.0277872 -0.8287742 0.4903572 -0.2695979 116 89 61 255
-0.2799095 1.7536663 0.0842571 -0.1536725 0.9161020 0.3703267 137 109 77 255
-0.3072481 1.7483850 -0.0244813 -0.0915324 0.9866961 -0.1343604 136 107 76 255
0.2485327 0.7574929 0.2563586 0.3400267 -0.2727392 0.8999974 102 76 68 255
-0.0895354 0.4322480 0.1906366 0.5182956 0.1372115 0.8441224 109 142 138 255
0.2298093 0.5702402 0.1765194 0.2514746 -0.7297552 0.6357812 141 113 81 255
-0.2170164 1.1481301 0.2796044 -0.7036844 0.5544978 0.4442526 100 128 124 255
-0.1377689 1.1793511 0.3042350 -0.0610788 0.6453904 0.7614070 113 131 133 255
-0.1381097 1.2635942 0.1910548 -0.1396025 0.7788598 0.6114643 110 134 129 255
-0.1164207 0.4323513 0.0346189 -0.0890136 -0.1102857 -0.9899058 47 80 110 255
-0.1883552 0.3581451 0.1031013 -0.7687379 -0.3963621 -0.5019354 56 96 125 255
-0.1123341 0.5330375 0.0680490 -0.5080193 0.3957144 -0.7650663 59 98 127 255
-0.2135178 0.4313329 0.3510046 -0.5013930 -0.6607922 -0.5585325 110 140 137 255
-0.1926384 0.4726166 0.3004899 -0.2305800 -0.7045764 -0.6711221 110 140 137 255
-0.1569197 0.4577033 0.3168859 -0.0384855 -0.2914400 -0.9558147 110 140 137 255
-0.0519801 1.1480631 -0.2124028 -0.8084776 0.1662021 -0.5645712 121 93 64 255
-0.0500904 1.2762178 -0.0897036 -0.0829006 0.7227068 -0.6861651 105 135 130 255
0.0015554 1.1853947 -0.2211990 0.0222399 0.7883855 -0.6147794 93 73 50 255
-0.1104430 1.7449875 0.0257463 0.5165605 0.8560904 -0.0165700 142 112 81 255
-0.1638741 1.7326212 -0.0707688 0.1529283 0.8883985 -0.4328523 140 110 80 255
-0.2799095 1.7536663 0.0842571 -0.1536725 0.9161020 0.3703267 137 109 77 255
-0.1301489 1.4477066 0.1412449 0.5513251 -0.3297431 0.7663616 64 56 43 255
-0.0525591 1.5091909 0.0991216 0.9143405 -0.2652874 0.3059477 63 55 42 255
-0.1092496 1.5525104 0.1699924 0.4089395 0.0448965 0.9114564 62 54 40 255
-0.2298090 1.6500522 -0.1228466 0.0452594 0.2440608 -0.9687033 141 113 82 255
-0.1638741 1.7326212 -0.0707688 0.1529283 0.8883985 -0.4328523 140 110 80 255
-0.0937611 1.6633701 -0.0859075 0.6284206 0.2791314 -0.7260668 140 111 80 255
-0.0048245 0.4618152 -0.3509541 -0.2279331 -0.5689937 -0.7901219 112 144 138 255
-0.0176048 0.4160542 -0.3463178 0.5036935 -0.2251659 -0.8340222 112 146 139 255
-0.0353989 0.4958528 -0.3710556 -0.9480662 -0.0308525 -0.3165733 73 109 124 255
0.0130681 0.8403071 -0.0584669 -0.8604449 -0.4851951 -0.1556290 56 89 120 255
-0.0215727 0.8468670 0.0599174 -0.9003863 -0.3813932 -0.2093893 57 93 125 255
-0.0490290 0.9231691 -0.0452023 -0.8505428 -0.4861732 -0.2005309 57 90 121 255
-0.0542119 1.5109025 -0.0514669 0.8206280 -0.2241744 -0.5256572 82 49 54 255
-0.1005724 1.4149748 -0.0133524 0.8051171 -0.2718499 -0.5271472 143 114 83 255
-0.1597890 1.4974450 -0.1109066 0.6800865 -0.3303275 -0.6544969 140 110 80 255
0.0841841 0.7119337 0.2318296 -0.7943950 0.3782585 0.4752443 144 139 128 255
0.0204286 0.6959837 0.1523681 -0.8633343 0.4471441 0.2339146 55 92 125 255
-0.0063363 0.6415731 0.1941209 -0.5819142 0.5876203 0.5622084 114 105 94 255
0.0130681 0.8403071 -0.0584669 -0.8604449 -0.4851951 -0.1556290 56 89 120 255
0.0049652 0.8403727 -0.0965419 -0.8386195 -0.4346269 -0.3283549 156 170 185 255
0.0514201 0.7577224 -0.0970311 -0.7207286 -0.6333582 -0.2817937 54 88 121 255
-0.2041080 1.1496112 0.2190428 -0.7801015 0.5588849 -0.2812281 140 111 79 255
-0.1829742 1.1639812 0.1737556 -0.9729027 0.1065893 -0.2051810 141 113 82 255
-0.1627292 1.1028533 0.1752644 -0.9317241 -0.3581961 0.0598795 142 113 83 255
0.0585183 0.7891235 -0.1137543 -0.4353465 -0.2455161 -0.8661382 100 94 84 255
0.0049652 0.8403727 -0.0965419 -0.8386195 -0.4346269 -0.3283549 156 170 185 255
-0.0561197 0.9762544 -0.0839391 -0.7781034 -0.3296025 -0.5347122 153 148 140 255
0.0585183 0.7891235 -0.1137543 -0.4353465 -0.2455161 -0.8661382 100 94 84 255
0.0514201 0.7577224 -0.0970311 -0.7207286 -0.6333582 -0.2817937 54 88 121 255
0.0049652 0.8403727 -0.0965419 -0.8386195 -0.4346269 -0.3283549 156 170 185 255
-0.0356407 0.9890038 -0.1097231 -0.5148689 -0.3058963 -0.8008355 154 148 140 255
-0.0561197 0.9762544 -0.0839391 -0.7781034 -0.3296025 -0.5347122 153 148 140 255
-0.0841826 1.0739294 -0.1223011 -0.6445205 -0.3621446 -0.6733828 147 142 132 255
-0.1829742 1.1639812 0.1737556 -0.9729027 0.1065893 -0.2051810 141 113 82 255
-0.1713463 1.1773042 0.1218944 -0.9970260 -0.0747428 0.0187735 141 113 83 255
-0.1627292 1.1028533 0.1752644 -0.9317241 -0.3581961 0.0598795 142 113 83 255
-0.0496590 0.1430414 0.1963382 -0.8012338 -0.4447098 -0.4003216 51 79 108 255
-0.0617913 0.1646195 0.2879071 -0.8649958 -0.1082750 0.4899580 54 92 125 255
-0.1883552 0.3581451 0.1031013 -0.7687379 -0.3963621 -0.5019354 56 96 125 255
-0.1627292 1.1028533 0.1752644 -0.9317241 -0.3581961 0.0598795 142 113 83 255
-0.1334138 1.1075120 0.2194862 -0.4729614 -0.1843164 0.8615887 139 110 79 255
-0.2041080 1.1496112 0.2190428 -0.7801015 0.5588849 -0.2812281 140 111 79 255
0.2485327 0.7574929 0.2563586 0.3833986 -0.1659285 0.9085556 124 95 63 255
0.3087986 0.7757170 0.2008538 0.8459130 -0.1768484 0.5031460 133 103 73 255
0.3121189 0.8303505 0.1982608 0.8623750 -0.0046242 0.5062490 135 105 73 255
-0.2170164 1.1481301 0.2796044 -0.7036844 0.5544978 0.4442526 100 128 124 255
-0.1381097 1.2635942 0.1910548 -0.1396025 0.7788598 0.6114643 110 134 129 255
-0.1829742 1.1639812 0.1737556 -0.9729027 0.1065893 -0.2051810 141 113 82 255
-0.1368004 1.1898028 -0.0611310 -0.8809723 -0.0728650 -0.4675236 124 123 114 255
-0.1379172 1.1219280 -0.0418077 -0.9002402 -0.1067808 -0.4220963 127 117 103 255
-0.1369207 1.1804082 -0.0387745 -0.9971422 0.0100423 0.0748768 138 139 131 255
-0.3927102 1.4759940 0.0191741 -0.9830248 0.1123174 0.1450768 139 110 80 255
-0.3975542 1.4248294 0.0538640 -0.9480373 -0.2648086 0.1763569 137 108 78 255
-0.3517567 1.4265077 0.1023660 -0.5529357 -0.2800047 0.7847671 139 110 80 255
-0.0945650 1.1853452 -0.1281447 -0.6924243 0.2989732 -0.6566305 136 113 84 255
-0.1389018 1.2633380 -0.0624752 -0.6750668 0.3871878 -0.6279892 115 147 141 255
-0.0500904 1.2762178 -0.0897036 -0.0829006 0.7227068 -0.6861651 105 135 130 255
-0.1115524 1.3242081 -0.0396552 0.1095295 0.3835500 -0.9170021 115 146 140 255
-0.0500904 1.2762178 -0.0897036 -0.0829006 0.7227068 -0.6861651 105 135 130 255
-0.1389018 1.2633380 -0.0624752 -0.6750668 0.3871878 -0.6279892 115 147 141 255
-0.3266213 1.3529146 -0.0383086 -0.2089848 0.9647184 -0.1601364 60 51 38 255
-0.2407192 1.3685517 0.0252652 -0.1367531 0.9855473 -0.0999753 55 92 124 255
-0.2949986 1.3444136 -0.0475783 0.1475546 0.9264682 -0.3462431 56 49 38 255
-0.0373224 0.5854577 0.1963162 -0.5809627 0.6290087 -0.5165561 59 98 126 255
-0.0085212 0.6551766 0.1569510 -0.9354305 0.0511132 -0.3497958 59 99 127 255
-0.0192132 0.5775500 0.1563210 -0.5908865 0.7983292 0.1162913 59 98 128 255
0.2485327 0.7574929 0.2563586 0.3400267 -0.2727392 0.8999974 102 76 68 255
-0.1487782 0.4555420 0.2116418 0.3218621 0.3709068 0.8711101 94 128 128 255
-0.0895354 0.4322480 0.1906366 0.5182956 0.1372115 0.8441224 109 142 138 255
-0.1568489 1.0768324 0.1175585 -0.9366503 -0.3302521 -0.1167045 139 112 82 255
-0.1627292 1.1028533 0.1752644 -0.9317241 -0.3581961 0.0598795 142 113 83 255
-0.1557282 1.0977171 0.0821080 -0.8841244 -0.2994383 -0.3586931 142 114 83 255
-0.1517594 1.0497637 0.1856952 -0.8503625 -0.3614830 0.3823789 140 112 82 255
-0.1627292 1.1028533 0.1752644 -0.9317241 -0.3581961 0.0598795 142 113 83 255
-0.1568489 1.0768324 0.1175585 -0.9366503 -0.3302521 -0.1167045 139 112 82 255
0.0680548 0.6497315 -0.0122623 -0.9542352 0.0787568 0.2885004 139 111 79 255
0.0795034 0.7430893 -0.0803676 -0.8211852 -0.4204040 -0.3858956 135 132 125 255
0.0855253 0.7018350 -0.0859175 -0.8259748 0.3657300 -0.4289607 141 113 81 255
-0.1009069 1.1257094 -0.1128101 -0.7245775 -0.0657927 -0.6860457 135 127 118 255
-0.1379172 1.1219280 -0.0418077 -0.9002402 -0.1067808 -0.4220963 127 117 103 255
-0.0945650 1.1853452 -0.1281447 -0.7730960 0.0646212 -0.6309888 16 16 14 255
0.1663837 0.0287559 0.3565040 0.2528121 -0.7412874 0.6217548 58 52 39 255
0.1530627 0.0044593 0.2201066 0.3986058 -0.6890978 -0.6051923 65 57 48 255
0.1512140 0.1299527 0.2772584 0.9335515 0.3555381 -0.0455427 61 54 41 255
0.1059889 0.1418734 0.3322911 0.1567577 0.4101117 0.8984628 55 49 39 255
0.1512140 0.1299527 0.2772584 0.9335515 0.3555381 -0.0455427 61 54 41 255
0.1166295 0.1394490 0.2262840 0.6510457 0.5448259 -0.5284925 60 51 37 255
0.1166295 0.1394490 0.2262840 0.2635190 -0.8125827 0.5198720 56 51 38 255
0.1265179 0.1639101 0.2648664 0.0320376 -0.9983053 0.0485821 57 51 39 255
0.0710905 0.1672378 0.3274798 0.5677412 0.2320888 0.7898132 47 77 109 255
-0.1916026 0.4439517 0.2398982 0.5175239 0.7582324 0.3965506 55 93 124 255
-0.2666964 0.4500041 0.3051887 0.6976378 0.6846713 0.2110137 57 95 126 255
-0.2172227 0.4448798 0.2715578 0.5555447 0.7987852 -0.2308946 56 93 126 255
0.0762105 0.3998419 -0.1947937 0.4282099 0.1301308 -0.8942607 126 97 73 255
0.3206261 0.6428528 -0.0299053 0.9044344 -0.3662741 -0.2187279 59 51 39 255
0.0951897 0.3966378 -0.1059141 0.8719116 -0.4793810 0.0998195 55 47 34 255
-0.0625807 0.3871330 -0.2064319 -0.7314281 0.3245946 -0.5997093 120 146 143 255
-0.0465862 0.3889871 -0.1673837 -0.8716769 -0.4146321 -0.2612655 81 42 52 255
-0.0559239 0.4148240 -0.1227498 -0.9165714 -0.3857673 -0.1052645 119 145 141 255
0.1575997 0.1365579 0.2131295 0.7619426 0.3101513 -0.5685505 107 138 132 255
-0.0668177 0.4258772 0.1390815 0.9900042 -0.0116200 0.1405585 111 143 137 255
0.1430904 0.1710375 0.3346958 0.5918770 0.7091631 0.3831046 110 142 135 255
0.0514679 0.8766046 -0.1392674 -0.4992041 -0.2595679 -0.8266921 154 149 141 255
0.0585183 0.7891235 -0.1137543 -0.4353465 -0.2455161 -0.8661382 100 94 84 255
-0.0561197 0.9762544 -0.0839391 -0.7781034 -0.3296025 -0.5347122 153 148 140 255
0.0321273 0.7297773 0.2186732 -0.4782988 -0.6988735 0.5317951 55 92 122 255
0.1021229 0.7160187 0.2596703 -0.0953645 -0.2423521 0.9654900 110 86 59 255
0.1264888 0.7617599 0.2898307 -0.1347204 -0.2787164 0.9508772 135 108 78 255
0.0514679 0.8766046 -0.1392674 -0.4992041 -0.2595679 -0.8266921 154 149 141 255
-0.0561197 0.9762544 -0.0839391 -0.7781034 -0.3296025 -0.5347122 153 148 140 255
0.0755034 0.8976709 -0.1569023 -0.3075773 -0.0819421 -0.9479882 154 150 142 255
0.1530627 0.0044593 0.2201066 0.3986058 -0.6890978 -0.6051923 65 57 48 255
0.1166295 0.1394490 0.2262840 0.6510457 0.5448259 -0.5284925 60 51 37 255
0.1512140 0.1299527 0.2772584 0.9335515 0.3555381 -0.0455427 61 54 41 255
0.1342112 0.1617068 -0.0593152 -0.4480771 -0.4743397 0.7577788 127 118 110 255
-0.0024432 0.3435593 -0.0341277 -0.2015878 -0.0019298 0.9794685 60 98 130 255
-0.0189479 0.3020748 -0.0418944 -0.5455099 -0.2513160 0.7995368 122 95 73 255
-0.1381097 1.2635942 0.1910548 -0.1396025 0.7788598 0.6114643 110 134 129 255
-0.1193803 1.3542301 0.1070223 0.5974348 0.1541088 0.7869703 111 142 139 255
-0.1594224 1.3139767 0.1400409 -0.7360564 0.3473247 0.5810222 109 142 138 255
0.0585183 0.7891235 -0.1137543 -0.4353465 -0.2455161 -0.8661382 100 94 84 255
0.0514679 0.8766046 -0.1392674 -0.4992041 -0.2595679 -0.8266921 154 149 141 255
0.1449356 0.8684661 -0.1724839 -0.0837887 -0.1210496 -0.9891039 155 151 142 255
0.1615125 0.8395241 -0.1642833 0.0209082 -0.2121420 -0.9770151 157 153 145 255
0.0585183 0.7891235 -0.1137543 -0.4353465 -0.2455161 -0.8661382 100 94 84 255
0.1449356 0.8684661 -0.1724839 -0.0837887 -0.1210496 -0.9891039 155 151 142 255
0.0605014 0.3913294 -0.0490088 0.5018780 -0.1218540 0.8563119 59 95 126 255
0.2778449 0.5876458 0.0233407 0.4107478 -0.8582370 0.3077589 56 95 125 255
0.1378752 0.5685262 0.0219636 -0.2327199 -0.5127505 0.8263948 59 98 127 255
-0.2799095 1.7536663 0.0842571 -0.1536725 0.9161020 0.3703267 137 109 77 255
-0.3198720 1.6584210 0.1086049 -0.6388512 0.5108470 0.5752431 139 110 79 255
-0.2578932 1.6319003 0.1715441 -0.1158465 0.3400334 0.9332507 142 114 85 255
-0.0598719 0.4195291 0.0781097 0.8867992 -0.3847878 -0.2559795 38 65 95 255
0.2298093 0.5702402 0.1765194 0.2514746 -0.7297552 0.6357812 141 113 81 255
-0.0668177 0.4258772 0.1390815 0.9900042 -0.0116200 0.1405585 111 143 137 255
-0.1379172 1.1219280 -0.0418077 -0.9002402 -0.1067808 -0.4220963 127 117 103 255
-0.1368004 1.1898028 -0.0611310 -0.8809723 -0.0728650 -0.4675236 124 123 114 255
-0.0945650 1.1853452 -0.1281447 -0.7730960 0.0646212 -0.6309888 16 16 14 255
-0.0841826 1.0739294 -0.1223011 -0.6445205 -0.3621446 -0.6733828 147 142 132 255
0.0067114 1.0319461 -0.1449876 -0.0882422 0.0340402 -0.9955173 55 93 125 255
-0.0356407 0.9890038 -0.1097231 -0.5148689 -0.3058963 -0.8008355 154 148 140 255
0.0067114 1.0319461 -0.1449876 -0.0882422 0.0340402 -0.9955173 55 93 125 255
-0.0841826 1.0739294 -0.1223011 -0.6445205 -0.3621446 -0.6733828 147 142 132 255
-0.0725088 1.1050671 -0.1413989 -0.2535821 0.0122191 -0.9672366 52 89 122 255
0.1446443 0.8789780 -0.2973242 0.9981625 0.0142000 -0.0589073 127 98 68 255
0.1051650 0.8726600 -0.2533016 0.5178331 -0.2894477 0.8050274 134 106 75 255
0.0826348 0.7406645 -0.3046150 0.7522236 -0.4452767 0.4856833 135 106 75 255
-0.3448667 1.3953878 0.0650992 -0.2698580 -0.9153605 -0.2988175 127 99 70 255
-0.3325428 1.3521277 0.1039248 -0.2361496 -0.6854305 -0.6887804 129 101 72 255
-0.3975542 1.4248294 0.0538640 -0.9480373 -0.2648086 0.1763569 137 108 78 255
0.1378752 0.5685262 0.0219636 -0.5447614 -0.5458359 0.6366303 58 97 128 255
0.0547338 0.6067255 0.0543308 0.1024332 0.0985997 -0.9898412 59 96 124 255
0.0274900 0.6634280 0.0767369 -0.6403736 0.2789005 -0.7156368 59 97 124 255
-0.1663910 0.5429593 0.1362910 -0.9014363 0.3045338 0.3076877 59 98 127 255
-0.1685460 0.5057836 0.1618400 -0.6775845 0.7091146 0.1950276 59 98 126 255
-0.1346526 0.5632346 0.1479831 -0.2355367 0.9483318 0.2125778 59 98 126 255
0.3121189 0.8303505 0.1982608 0.8623750 -0.0046242 0.5062490 135 105 73 255
0.3564562 0.7992658 0.0414004 0.9988533 -0.0478773 -0.0001771 63 56 44 255
0.3533893 0.8513734 0.0836663 0.9147267 0.3236583 0.2419100 127 99 69 255
0.0067114 1.0319461 -0.1449876 -0.0882422 0.0340402 -0.9955173 55 93 125 255
0.0353875 1.1613798 -0.1171570 0.1224367 0.2225144 -0.9672108 118 131 116 255
0.1789536 0.9140641 -0.1580348 0.2409774 0.2515994 -0.9373513 98 99 94 255
0.0466361 0.8857041 -0.2502398 -0.1807231 -0.2869955 0.9407299 141 112 81 255
0.0270769 0.7630621 -0.2728181 -0.1915687 -0.2643026 0.9452225 139 111 79 255
0.1051650 0.8726600 -0.2533016 0.5178331 -0.2894477 0.8050274 134 106 75 255
0.0067114 1.0319461 -0.1449876 -0.0882422 0.0340402 -0.9955173 55 93 125 255
0.1789536 0.9140641 -0.1580348 0.2409774 0.2515994 -0.9373513 98 99 94 255
0.0755034 0.8976709 -0.1569023 -0.3075773 -0.0819421 -0.9479882 154 150 142 255
0.0035842 0.1143606 0.3400173 -0.1201920 0.7900699 0.6011185 142 113 81 255
-0.1830553 0.0326579 0.4222207 0.0865182 0.3782220 0.9216629 113 88 62 255
0.1059889 0.1418734 0.3322911 0.2520565 0.5093618 0.8228111 116 92 62 255
-0.0598719 0.4195291 0.0781097 0.8867992 -0.3847878 -0.2559795 38 65 95 255
0.1805470 0.5582389 0.0857420 0.1794297 -0.8451134 -0.5035754 139 110 79 255
0.2298093 0.5702402 0.1765194 0.2514746 -0.7297552 0.6357812 141 113 81 255
0.3087986 0.7757170 0.2008538 0.8459130 -0.1768484 0.5031460 133 103 73 255
0.2298093 0.5702402 0.1765194 0.8000417 -0.5124502 0.3119747 127 100 70 255
0.3477762 0.6787854 0.0908103 0.9060590 -0.3468005 0.2424594 60 53 40 255
0.3087986 0.7757170 0.2008538 0.8459130 -0.1768484 0.5031460 133 103 73 255
0.3564562 0.7992658 0.0414004 0.9988533 -0.0478773 -0.0001771 63 56 44 255
0.3121189 0.8303505 0.1982608 0.8623750 -0.0046242 0.5062490 135 105 73 255
-0.0850402 0.4323119 -0.1357131 -0.8685171 0.4721646 -0.1507937 142 113 81 255
0.0680548 0.6497315 -0.0122623 -0.9542352 0.0787568 0.2885004 139 111 79 255
0.0855253 0.7018350 -0.0859175 -0.8259748 0.3657300 -0.4289607 141 113 81 255
-0.2993677 0.7466645 0.3102369 -0.8906099 0.3064134 -0.3360430 107 139 133 255
-0.2940991 0.6963705 0.2956390 -0.3497799 -0.0639606 -0.9346460 108 142 136 255
-0.3085308 0.7035540 0.3569689 -0.9715294 0.2184017 0.0918223 77 64 50 255
-0.3353461 1.5974174 -0.1176009 -0.6830565 0.3726043 -0.6281720 140 111 80 255
-0.2298090 1.6500522 -0.1228466 0.0452594 0.2440608 -0.9687033 141 113 82 255
-0.2966811 1.5061204 -0.1276751 -0.2982114 -0.1058410 -0.9486135 139 108 77 255
-0.1169200 0.5508875 0.1042175 -0.4343615 0.8903812 -0.1362031 59 98 126 255
-0.1346526 0.5632346 0.1479831 -0.2355367 0.9483318 0.2125778 59 98 126 255
-0.0192132 0.5775500 0.1563210 -0.5908865 0.7983292 0.1162913 59 98 128 255
-0.1005724 1.4149748 -0.0133524 0.8051171 -0.2718499 -0.5271472 143 114 83 255
-0.1768155 1.3161011 -0.0511889 0.1609301 -0.4103777 -0.8976033 140 112 81 255
-0.1853900 1.4201534 -0.1000781 0.6200753 -0.4091104 -0.6694292 143 114 83 255
-0.1715401 0.0876158 0.3974795 -0.2554273 0.8149017 0.5202808 134 107 78 255
-0.0495602 0.1097811 0.3537612 -0.2737381 0.3400036 0.8997028 140 112 81 255
-0.0853057 0.1031091 0.3613844 -0.0772144 0.9969003 0.0150951 140 112 81 255
-0.0047520 0.9393404 -0.3354073 -0.9566194 0.0680584 -0.2832797 133 104 73 255
0.0210718 0.9429065 -0.3761110 -0.2737225 0.4450319 -0.8526562 128 99 69 255
-0.0057779 0.7736886 -0.3933234 -0.5613647 0.1015435 -0.8213153 121 94 66 255
0.1935821 0.7961741 -0.1510134 0.1892646 -0.2158140 -0.9579160 134 107 75 255
0.1090528 0.7637931 -0.1273589 -0.2549763 -0.4610614 -0.8499467 154 152 148 255
0.1615125 0.8395241 -0.1642833 0.0209082 -0.2121420 -0.9770151 157 153 145 255
-0.0024432 0.3435593 -0.0341277 -0.2015878 -0.0019298 0.9794685 60 98 130 255
0.0605014 0.3913294 -0.0490088 0.5018780 -0.1218540 0.8563119 59 95 126 255
0.1378752 0.5685262 0.0219636 -0.2327199 -0.5127505 0.8263948 59 98 127 255
-0.1008646 1.4095233 0.0546970 0.9455922 -0.1911304 0.2632957 64 56 44 255
-0.0525591 1.5091909 0.0991216 0.9143405 -0.2652874 0.3059477 63 55 42 255
-0.1301489 1.4477066 0.1412449 0.5513251 -0.3297431 0.7663616 64 56 43 255
-0.2940991 0.6963705 0.2956390 -0.3497799 -0.0639606 -0.9346460 108 142 136 255
-0.3290600 0.6174012 0.3213196 -0.9866694 0.1016184 0.1271102 101 130 126 255
-0.3085308 0.7035540 0.3569689 -0.9715294 0.2184017 0.0918223 77 64 50 255
0.0086470 0.4235145 -0.2762346 -0.7086959 -0.6226532 0.3317426 47 79 108 255
-0.0176048 0.4160542 -0.3463178 -0.8346113 -0.3932638 0.3857039 67 83 87 255
0.0364520 0.4120190 -0.3050284 0.3031583 -0.8247135 -0.4774335 58 91 119 255
0.2902615 0.6826446 -0.0997028 0.5441340 0.0738326 -0.8357433 56 50 39 255
0.3214259 0.7929485 -0.0665689 0.8527376 -0.1012210 -0.5124381 81 54 55 255
0.3206261 0.6428528 -0.0299053 0.9044344 -0.3662741 -0.2187279 59 51 39 255
-0.3085308 0.7035540 0.3569689 -0.9715294 0.2184017 0.0918223 77 64 50 255
-0.2824641 0.7318704 0.3940454 -0.7008515 0.1500349 0.6973499 66 56 47 255
-0.2993677 0.7466645 0.3102369 -0.8906099 0.3064134 -0.3360430 107 139 133 255
-0.1047853 0.5831623 0.2017903 -0.3006171 0.6400265 -0.7071037 59 98 126 255
-0.0373224 0.5854577 0.1963162 -0.5809627 0.6290087 -0.5165561 59 98 126 255
-0.1130091 0.5565789 0.1786194 -0.4483719 0.8845587 -0.1285245 59 99 127 255
0.1449356 0.8684661 -0.1724839 -0.0837887 -0.1210496 -0.9891039 155 151 142 255
0.1789536 0.9140641 -0.1580348 0.2409774 0.2515994 -0.9373513 98 99 94 255
0.2750473 0.8927275 -0.1240635 0.6051503 0.3059385 -0.7349793 134 108 78 255
-0.2315035 0.8826287 0.2986226 -0.7995333 0.0318003 -0.5997793 111 140 133 255
-0.2993677 0.7466645 0.3102369 -0.9056693 0.2772833 -0.3207447 52 87 118 255
-0.2530843 0.9061567 0.3529077 -0.9714817 0.2071485 0.1153816 113 144 138 255
-0.1301489 1.4477066 0.1412449 0.5513251 -0.3297431 0.7663616 64 56 43 255
-0.2280815 1.4186685 0.1644654 0.0626141 -0.4568600 0.8873322 52 45 34 255
-0.1193803 1.3542301 0.1070223 0.6141888 0.1962056 0.7643791 62 54 40 255
0.1789536 0.9140641 -0.1580348 0.2409774 0.2515994 -0.9373513 98 99 94 255
0.1123913 1.1780782 -0.0914025 0.6660269 0.6059123 -0.4350613 112 143 136 255
0.2750473 0.8927275 -0.1240635 0.6051503 0.3059385 -0.7349793 134 108 78 255
0.3498160 0.8471686 -0.0252872 0.9212979 0.0574258 -0.3845939 62 54 42 255
0.3564562 0.7992658 0.0414004 0.9988533 -0.0478773 -0.0001771 63 56 44 255
0.3214259 0.7929485 -0.0665689 0.8527376 -0.1012210 -0.5124381 81 54 55 255
-0.0085212 0.6551766 0.1569510 -0.9354305 0.0511132 -0.3497958 59 99 127 255
-0.0229705 0.6665051 0.1098514 0.0420468 -0.9684018 -0.2458253 60 99 128 255
0.0175872 0.6650373 0.1225710 -0.7436525 0.3910541 0.5422710 59 99 127 255
0.0463792 0.4228148 -0.3688836 0.9511188 0.3053655 0.0460977 52 86 118 255
0.0318798 0.5250915 -0.4230533 0.0145252 -0.1630968 -0.9865032 53 91 122 255
0.0419756 0.4933409 -0.3642764 0.2682818 -0.3869922 0.8821914 58 98 127 255
-0.3927102 1.4759940 0.0191741 -0.9830248 0.1123174 0.1450768 139 110 80 255
-0.3665962 1.3960984 -0.0280623 -0.6903786 -0.6745788 -0.2613825 136 107 76 255
-0.3975542 1.4248294 0.0538640 -0.9480373 -0.2648086 0.1763569 137 108 78 255
0.0769583 1.1748936 -0.1494346 0.7836611 0.5250366 -0.3319819 75 75 65 255
0.1123913 1.1780782 -0.0914025 0.6971051 0.5690253 -0.4361820 113 92 68 255
0.0353875 1.1613798 -0.1171570 0.1848910 -0.5966159 0.7809383 66 57 45 255
0.3498160 0.8471686 -0.0252872 0.9212979 0.0574258 -0.3845939 62 54 42 255
0.3214259 0.7929485 -0.0665689 0.8527376 -0.1012210 -0.5124381 81 54 55 255
0.2837894 0.8253239 -0.1173820 0.7048766 0.0034376 -0.7093216 139 112 81 255
0.0762105 0.3998419 -0.1947937 0.4280924 0.3296371 -0.8414727 55 95 125 255
0.3597946 0.1726319 -0.1856203 0.6057615 0.6128440 -0.5074201 58 97 126 255
0.3049914 0.1283226 -0.2364249 0.0435586 0.1932207 -0.9801879 56 97 126 255
-0.2041080 1.1496112 0.2190428 -0.7801015 0.5588849 -0.2812281 140 111 79 255
-0.2170164 1.1481301 0.2796044 -0.7036844 0.5544978 0.4442526 100 128 124 255
-0.1829742 1.1639812 0.1737556 -0.9729027 0.1065893 -0.2051810 141 113 82 255
0.1615125 0.8395241 -0.1642833 0.0209082 -0.2121420 -0.9770151 157 153 145 255
0.2750473 0.8927275 -0.1240635 0.6051503 0.3059385 -0.7349793 134 108 78 255
0.1935821 0.7961741 -0.1510134 0.1892646 -0.2158140 -0.9579160 134 107 75 255
0.2837894 0.8253239 -0.1173820 0.7048766 0.0034376 -0.7093216 139 112 81 255
0.1935821 0.7961741 -0.1510134 0.1892646 -0.2158140 -0.9579160 134 107 75 255
0.2750473 0.8927275 -0.1240635 0.6051503 0.3059385 -0.7349793 134 108 78 255
0.0015554 1.1853947 -0.2211990 0.0222399 0.7883855 -0.6147794 93 73 50 255
-0.0500904 1.2762178 -0.0897036 -0.0829006 0.7227068 -0.6861651 105 135 130 255
-0.0285306 1.3182163 0.0019231 0.5129059 0.8461723 -0.1446369 110 142 134 255
0.0015554 1.1853947 -0.2211990 0.0222399 0.7883855 -0.6147794 93 73 50 255
-0.0285306 1.3182163 0.0019231 0.5129059 0.8461723 -0.1446369 110 142 134 255
0.0769583 1.1748936 -0.1494346 0.7836611 0.5250366 -0.3319819 75 75 65 255
0.0473128 1.2711705 0.1328034 0.6735480 0.6749545 0.3012798 111 143 137 255
0.1123913 1.1780782 -0.0914025 0.6971051 0.5690253 -0.4361820 113 92 68 255
-0.0285306 1.3182163 0.0019231 0.5129059 0.8461723 -0.1446369 110 142 134 255
-0.3517567 1.4265077 0.1023660 -0.5441167 -0.2877305 0.7881295 31 28 23 255
-0.2002793 1.3169068 0.1234293 -0.2534240 -0.5145203 0.8191734 61 54 43 255
-0.2280815 1.4186685 0.1644654 0.0626141 -0.4568600 0.8873322 52 45 34 255
-0.3200084 0.4230266 0.2520313 -0.7438657 0.1422853 -0.6530074 61 99 127 255
-0.3022260 0.4985852 0.2502193 0.4351560 0.1715647 -0.8838580 60 99 127 255
-0.2909764 0.4434881 0.2229729 -0.2684133 0.6317337 -0.7272323 60 100 127 255
-0.1193803 1.3542301 0.1070223 0.5974348 0.1541088 0.7869703 111 142 139 255
-0.2002793 1.3169068 0.1234293 -0.2222538 -0.5336502 0.8159785 106 133 131 255
-0.1594224 1.3139767 0.1400409 -0.7360564 0.3473247 0.5810222 109 142 138 255
-0.1301489 1.4477066 0.1412449 0.5513251 -0.3297431 0.7663616 64 56 43 255
-0.1092496 1.5525104 0.1699924 0.4089395 0.0448965 0.9114564 62 54 40 255
-0.1973990 1.5044354 0.1825633 0.4162644 -0.0934129 0.9044325 61 54 39 255
-0.0480728 1.1611134 0.2805700 0.5223869 0.1659603 0.8364025 113 137 135 255
-0.1377689 1.1793511 0.3042350 -0.0610788 0.6453904 0.7614070 113 131 133 255
-0.1648052 0.8480751 0.4172049 0.4455583 0.0088774 0.8952090 111 148 142 255
-0.3448667 1.3953878 0.0650992 -0.2698580 -0.9153605 -0.2988175 127 99 70 255
-0.3316061 1.3513554 0.0733066 -0.3414380 0.9321620 -0.1203913 127 99 70 255
-0.3325428 1.3521277 0.1039248 -0.4606094 -0.2063247 0.8632897 129 101 72 255
-0.1627292 1.1028533 0.1752644 -0.9317241 -0.3581961 0.0598795 142 113 83 255
-0.1713463 1.1773042 0.1218944 -0.9970260 -0.0747428 0.0187735 141 113 83 255
-0.1557282 1.0977171 0.0821080 -0.8841244 -0.2994383 -0.3586931 142 114 83 255
-0.1009069 1.1257094 -0.1128101 -0.7245775 -0.0657927 -0.6860457 135 127 118 255
-0.1194702 1.0950867 -0.0648975 -0.8738670 -0.3657121 -0.3203297 117 121 120 255
-0.1379172 1.1219280 -0.0418077 -0.9002402 -0.1067808 -0.4220963 127 117 103 255
-0.3392300 1.6260172 0.0830479 -0.7439885 0.6669260 0.0411207 66 49 44 255
-0.3307833 1.6474750 0.0424271 -0.8396248 0.0097681 0.5430788 82 50 57 255
-0.3496923 1.5951191 0.0144167 -0.6650875 0.7100035 0.2314167 90 69 56 255
-0.1005724 1.4149748 -0.0133524 0.8051171 -0.2718499 -0.5271472 143 114 83 255
-0.0855047 1.3523634 -0.0026922 0.8094348 0.5805082 -0.0884614 144 115 83 255
-0.1115524 1.3242081 -0.0396552 0.1542744 0.3826811 -0.9109087 141 113 81 255
-0.2041080 1.1496112 0.2190428 -0.7801015 0.5588849 -0.2812281 140 111 79 255
-0.0960763 1.1311554 0.2322474 -0.2696877 -0.8116409 0.5181772 135 105 74 255
-0.2172209 0.8878338 0.2677794 -0.4041764 -0.2083814 -0.8906282 112 144 135 255
-0.0160095 0.2904254 -0.2022982 -0.5773776 -0.6152807 -0.5367166 127 149 148 255
-0.0286545 0.3947634 -0.2215652 0.0085308 -0.0277683 -0.9995780 93 84 89 255
0.1805830 0.1421483 -0.2066312 -0.2936568 -0.1563358 -0.9430402 54 43 34 255
0.1694675 0.0651801 -0.0749922 -0.3106741 0.0986870 0.9453796 108 136 134 255
0.3460428 0.0239205 -0.0486407 0.1141660 -0.9003836 0.4198518 119 99 82 255
0.2158573 0.0785397 -0.0755954 -0.1498708 0.1553556 0.9764239 114 149 144 255
0.0331542 0.0072520 -0.0807886 -0.2120971 -0.8427029 0.4948401 107 139 133 255
0.3460428 0.0239205 -0.0486407 0.1141660 -0.9003836 0.4198518 119 99 82 255
0.1694675 0.0651801 -0.0749922 -0.3106741 0.0986870 0.9453796 108 136 134 255
0.0795034 0.7430893 -0.0803676 -0.8211852 -0.4204040 -0.3858956 135 132 125 255
0.1508816 0.7497634 -0.1244240 -0.0075108 0.1876823 -0.9822011 136 110 78 255
0.0855253 0.7018350 -0.0859175 -0.8259748 0.3657300 -0.4289607 141 113 81 255
0.0180341 0.0879410 -0.1169715 -0.6430356 0.6807874 0.3507617 112 142 136 255
0.0331542 0.0072520 -0.0807886 -0.2120971 -0.8427029 0.4948401 107 139 133 255
0.1343167 0.0898561 -0.1100621 -0.4009898 0.7172044 0.5699341 109 144 137 255
-0.2280815 1.4186685 0.1644654 0.0626141 -0.4568600 0.8873322 52 45 34 255
-0.1301489 1.4477066 0.1412449 0.5513251 -0.3297431 0.7663616 64 56 43 255
-0.1973990 1.5044354 0.1825633 0.4162644 -0.0934129 0.9044325 61 54 39 255
-0.1369207 1.1804082 -0.0387745 -0.9971422 0.0100423 0.0748768 138 139 131 255
-0.1238362 1.2608697 -0.0424466 -0.7569450 -0.2907945 -0.5852119 107 132 125 255
-0.1389018 1.2633380 -0.0624752 -0.6959649 0.3392581 -0.6328798 102 128 121 255
0.1123913 1.1780782 -0.0914025 0.6971051 0.5690253 -0.4361820 113 92 68 255
0.0769583 1.1748936 -0.1494346 0.7836611 0.5250366 -0.3319819 75 75 65 255
-0.0285306 1.3182163 0.0019231 0.5129059 0.8461723 -0.1446369 110 142 134 255
0.0180341 0.0879410 -0.1169715 -0.6430356 0.6807874 0.3507617 112 142 136 255
0.1200041 0.0966019 -0.1951985 -0.0661608 0.9974946 -0.0250443 109 140 134 255
0.0197823 0.0913733 -0.2158737 -0.5658416 0.7775329 -0.2743461 101 130 125 255
-0.0720894 0.9934405 0.2282920 -0.6614125 -0.2205741 0.7168548 121 92 63 255
-0.1517594 1.0497637 0.1856952 -0.8503625 -0.3614830 0.3823789 140 112 82 255
-0.1102348 0.9684025 0.1824656 -0.7663269 -0.5148187 0.3843240 135 104 73 255
0.1449356 0.8684661 -0.1724839 -0.0837887 -0.1210496 -0.9891039 155 151 142 255
0.0755034 0.8976709 -0.1569023 -0.3075773 -0.0819421 -0.9479882 154 150 142 255
0.1789536 0.9140641 -0.1580348 0.2409774 0.2515994 -0.9373513 98 99 94 255
0.0204286 0.6959837 0.1523681 -0.8633343 0.4471441 0.2339146 55 92 125 255
-0.0398085 0.6595517 0.1699133 -0.1809050 0.6531883 0.7352676 73 83 90 255
-0.0063363 0.6415731 0.1941209 -0.5819142 0.5876203 0.5622084 114 105 94 255
-0.1377689 1.1793511 0.3042350 -0.0610788 0.6453904 0.7614070 113 131 133 255
0.0473128 1.2711705 0.1328034 0.5526731 0.6182544 0.5588505 111 141 139 255
-0.1381097 1.2635942 0.1910548 -0.1396025 0.7788598 0.6114643 110 134 129 255
0.3206261 0.6428528 -0.0299053 0.9044344 -0.3662741 -0.2187279 59 51 39 255
0.3564562 0.7992658 0.0414004 0.9988533 -0.0478773 -0.0001771 63 56 44 255
0.3477762 0.6787854 0.0908103 0.9060590 -0.3468005 0.2424594 60 53 40 255
-0.2940991 0.6963705 0.2956390 -0.3979002 -0.1043411 -0.9114760 59 53 41 255
-0.2522956 0.7329097 0.2750711 -0.1614736 -0.0746596 -0.9840488 49 44 33 255
-0.2180739 0.6622968 0.3234601 0.6457724 -0.5322994 -0.5473896 59 51 39 255
0.0115919 0.0065026 -0.2282786 -0.8134335 -0.5034782 -0.2912655 81 111 106 255
0.0683459 0.0743349 -0.2595153 -0.1122764 0.4447144 -0.8886074 99 130 124 255
0.1149347 0.0013429 -0.2646861 0.0009215 -0.9994433 -0.0333520 98 124 116 255
0.0197823 0.0913733 -0.2158737 -0.5658416 0.7775329 -0.2743461 101 130 125 255
0.0683459 0.0743349 -0.2595153 -0.1122764 0.4447144 -0.8886074 99 130 124 255
0.0115919 0.0065026 -0.2282786 -0.8134335 -0.5034782 -0.2912655 81 111 106 255
0.3533893 0.8513734 0.0836663 0.9147267 0.3236583 0.2419100 127 99 69 255
0.3564562 0.7992658 0.0414004 0.9988533 -0.0478773 -0.0001771 63 56 44 255
0.3401071 0.9255545 -0.0027699 0.8398376 0.5326184 -0.1048342 124 97 67 255
-0.0160095 0.2904254 -0.2022982 -0.5773776 -0.6152807 -0.5367166 127 149 148 255
-0.0292475 0.2507247 -0.1291080 -0.7152807 -0.6865982 0.1302171 59 48 39 255
-0.0017405 0.3035154 -0.1829381 -0.9848220 -0.1294459 -0.1156263 129 149 148 255
-0.3261056 1.5096544 0.1617718 -0.5977556 -0.0748757 0.7981742 59 52 39 255
-0.2584727 1.5156368 0.1878228 -0.4188928 0.0737917 0.9050325 60 99 128 255
-0.3482855 1.5979619 0.1443424 -0.5200832 0.2756847 0.8084006 42 35 25 255
-0.2280815 1.4186685 0.1644654 0.0703169 -0.4392119 0.8956274 60 99 127 255
-0.2254069 1.4211810 0.1959505 -0.4570960 -0.3473547 0.8187847 60 99 126 255
-0.2483157 1.4379776 0.1846809 -0.5319240 -0.3823622 0.7555501 60 99 126 255
-0.2584727 1.5156368 0.1878228 -0.4188928 0.0737917 0.9050325 60 99 128 255
-0.2483157 1.4379776 0.1846809 -0.5319240 -0.3823622 0.7555501 60 99 126 255
-0.2354188 1.5059116 0.2155724 -0.5214313 -0.0036682 0.8532854 60 100 127 255
-0.3761035 1.3988378 0.0348616 -0.5027192 -0.8573326 0.1106987 133 105 74 255
-0.3975542 1.4248294 0.0538640 -0.9480373 -0.2648086 0.1763569 137 108 78 255
-0.3665962 1.3960984 -0.0280623 -0.6903786 -0.6745788 -0.2613825 136 107 76 255
-0.0855047 1.3523634 -0.0026922 0.7282178 0.6726960 -0.1310684 111 141 135 255
-0.0609446 1.3170291 0.1192141 0.3622270 0.8375846 0.4089543 112 143 136 255
-0.0285306 1.3182163 0.0019231 0.5129059 0.8461723 -0.1446369 110 142 134 255
0.3487675 0.1360411 -0.1861887 0.6957001 0.4118350 -0.5885519 58 99 127 255
0.3042550 0.1655674 -0.1864314 0.4247419 0.6348203 -0.6454435 58 99 128 255
0.3187981 0.1699879 -0.1089206 0.6575888 0.7381442 0.1507317 58 99 129 255
0.0271864 0.7127529 0.0668044 -0.9143094 -0.2840230 -0.2887371 57 91 123 255
-0.0145994 0.7657249 0.1228299 -0.8573939 -0.4262548 -0.2884139 45 74 103 255
-0.0081325 0.7967154 0.0280485 -0.8645077 -0.3867949 -0.3209611 56 92 126 255
0.0755034 0.8976709 -0.1569023 -0.3075773 -0.0819421 -0.9479882 154 150 142 255
0.1449356 0.8684661 -0.1724839 -0.0837887 -0.1210496 -0.9891039 155 151 142 255
0.0514679 0.8766046 -0.1392674 -0.4992041 -0.2595679 -0.8266921 154 149 141 255
-0.2339278 1.5418439 0.1880407 -0.1235905 0.3006669 0.9456875 61 100 129 255
-0.2578932 1.6319003 0.1715441 -0.1158966 0.3399923 0.9332595 130 104 76 255
-0.3482855 1.5979619 0.1443424 -0.5200832 0.2756847 0.8084006 42 35 25 255
-0.2239173 0.8462691 0.4230533 -0.3469294 0.2324393 0.9086320 115 133 126 255
-0.1377689 1.1793511 0.3042350 -0.0610788 0.6453904 0.7614070 113 131 133 255
-0.2170164 1.1481301 0.2796044 -0.7036844 0.5544978 0.4442526 100 128 124 255
0.1543662 0.1061907 -0.1741400 -0.7360084 0.6060526 -0.3016486 94 112 105 255
0.1805830 0.1421483 -0.2066312 -0.2936568 -0.1563358 -0.9430402 54 43 34 255
0.2048855 0.0886191 -0.2172141 0.1356552 0.2191794 -0.9662080 95 126 119 255
0.1543662 0.1061907 -0.1741400 -0.7360084 0.6060526 -0.3016486 94 112 105 255
0.2048855 0.0886191 -0.2172141 0.1356552 0.2191794 -0.9662080 95 126 119 255
0.1474648 0.0998441 -0.2160487 -0.0032377 0.9420975 -0.3353232 95 127 120 255
0.1343167 0.0898561 -0.1100621 -0.4009898 0.7172044 0.5699341 109 144 137 255
0.1462374 0.1318252 -0.0995927 -0.8085005 -0.5655481 -0.1627338 118 144 142 255
0.1543662 0.1061907 -0.1741400 -0.7360084 0.6060526 -0.3016486 94 112 105 255
0.1805830 0.1421483 -0.2066312 -0.2936568 -0.1563358 -0.9430402 54 43 34 255
0.1543662 0.1061907 -0.1741400 -0.7360084 0.6060526 -0.3016486 94 112 105 255
0.1462374 0.1318252 -0.0995927 -0.8085005 -0.5655481 -0.1627338 118 144 142 255
-0.0480728 1.1611134 0.2805700 0.5722118 0.4218369 0.7032974 68 57 47 255
0.2358917 1.0062083 0.1790476 0.7122362 0.6129985 0.3419827 106 69 67 255
0.0473128 1.2711705 0.1328034 0.5801017 0.7365707 0.3477725 114 144 138 255
0.0877745 0.7527713 -0.3808894 0.7513434 -0.2077047 -0.6263721 135 107 76 255
-0.0057779 0.7736886 -0.3933234 -0.5613647 0.1015435 -0.8213153 121 94 66 255
0.1010980 0.9050758 -0.3960853 0.5707431 0.2513945 -0.7816989 133 102 70 255
-0.2584727 1.5156368 0.1878228 -0.4188928 0.0737917 0.9050325 60 99 128 255
-0.3261056 1.5096544 0.1617718 -0.5977556 -0.0748757 0.7981742 59 52 39 255
-0.2483157 1.4379776 0.1846809 -0.5319240 -0.3823622 0.7555501 60 99 126 255
-0.2076200 0.4024939 0.2020864 0.5058644 0.8323879 -0.2263444 60 98 125 255
-0.2419778 0.4370291 0.2522969 0.6498237 0.7491930 -0.1282148 60 98 127 255
-0.1987100 0.3859882 0.2344041 0.7802784 0.6019683 0.1697050 58 97 125 255
0.2358917 1.0062083 0.1790476 0.7122362 0.6129985 0.3419827 106 69 67 255
0.3401071 0.9255545 -0.0027699 0.8398376 0.5326184 -0.1048342 124 97 67 255
0.1123913 1.1780782 -0.0914025 0.6660269 0.6059123 -0.4350613 112 143 136 255
0.1694675 0.0651801 -0.0749922 -0.3106741 0.0986870 0.9453796 108 136 134 255
0.1343167 0.0898561 -0.1100621 -0.4009898 0.7172044 0.5699341 109 144 137 255
0.0331542 0.0072520 -0.0807886 -0.2120971 -0.8427029 0.4948401 107 139 133 255
0.2358917 1.0062083 0.1790476 0.7122362 0.6129985 0.3419827 106 69 67 255
0.1123913 1.1780782 -0.0914025 0.6660269 0.6059123 -0.4350613 112 143 136 255
0.0473128 1.2711705 0.1328034 0.5801017 0.7365707 0.3477725 114 144 138 255
0.1090528 0.7637931 -0.1273589 -0.2549763 -0.4610614 -0.8499467 154 152 148 255
0.1508816 0.7497634 -0.1244240 -0.0075108 0.1876823 -0.9822011 136 110 78 255
0.0795034 0.7430893 -0.0803676 -0.8211852 -0.4204040 -0.3858956 135 132 125 255
-0.3216431 1.7201922 0.0277872 -0.8288011 0.4903091 -0.2696030 105 60 74 255
-0.3072481 1.7483850 -0.0244813 -0.6847594 -0.5457612 -0.4829589 99 64 66 255
-0.2504272 1.7222700 -0.0755339 -0.4609155 0.5592648 -0.6890427 141 111 80 255
-0.1623283 0.5806192 0.1062078 -0.4031418 0.8125766 -0.4209466 59 98 126 255
-0.1169200 0.5508875 0.1042175 -0.4343615 0.8903812 -0.1362031 59 98 126 255
-0.1608945 0.5279690 0.1050367 -0.6609809 0.7254725 -0.1918177 58 99 127 255
0.0448193 0.7072004 -0.3063583 0.2758860 -0.5165610 0.8105872 60 99 130 255
0.0774007 0.7099038 -0.3527007 0.9571058 -0.2883213 0.0286212 61 100 128 255
0.0826348 0.7406645 -0.3046150 0.7470745 -0.4509160 0.4884202 64 101 131 255
-0.1557282 1.0977171 0.0821080 -0.9072961 -0.3035570 -0.2909756 55 94 125 255
-0.1798236 1.1740621 0.1000571 -0.9214549 -0.0232399 -0.3877897 54 92 123 255
-0.1479146 1.1787148 0.0894551 -0.8234236 -0.2197655 -0.5231411 54 92 122 255
-0.1557282 1.0977171 0.0821080 -0.9072961 -0.3035570 -0.2909756 55 94 125 255
-0.1479146 1.1787148 0.0894551 -0.8234236 -0.2197655 -0.5231411 54 92 122 255
-0.1592353 1.1812015 0.0689678 -0.9690205 -0.1521223 -0.1945719 55 92 123 255
-0.1479146 1.1787148 0.0894551 -0.8234236 -0.2197655 -0.5231411 54 92 122 255
-0.1798236 1.1740621 0.1000571 -0.9214549 -0.0232399 -0.3877897 54 92 123 255
-0.1776990 1.1992900 0.0704651 -0.8121413 0.3135279 -0.4920638 55 90 121 255
-0.1381097 1.2635942 0.1910548 -0.2337730 0.7972656 0.5565231 115 145 141 255
-0.0609446 1.3170291 0.1192141 0.3622270 0.8375846 0.4089543 112 143 136 255
-0.1193803 1.3542301 0.1070223 0.4343914 0.3171557 0.8430400 115 146 140 255
-0.1557282 1.0977171 0.0821080 -0.8841244 -0.2994383 -0.3586931 142 114 83 255
-0.1155761 0.9794831 0.1227551 -0.8724799 -0.4385622 -0.2155041 136 107 77 255
-0.1568489 1.0768324 0.1175585 -0.9366503 -0.3302521 -0.1167045 139 112 82 255
0.1805830 0.1421483 -0.2066312 -0.2936568 -0.1563358 -0.9430402 54 43 34 255
-0.0286545 0.3947634 -0.2215652 0.0085308 -0.0277683 -0.9995780 93 84 89 255
0.0762105 0.3998419 -0.1947937 0.5011012 0.2416797 -0.8309565 55 69 64 255
-0.0258144 0.8181338 0.1170540 -0.7918740 -0.3142924 -0.5235990 54 96 127 255
-0.0522015 0.8161004 0.1400533 -0.9234527 -0.3815715 0.0404750 55 96 127 255
-0.1557282 1.0977171 0.0821080 -0.9072961 -0.3035570 -0.2909756 55 94 125 255
-0.1562524 1.0273234 0.0187945 -0.0054189 0.0441888 0.9990085 60 97 129 255
-0.1167773 1.0357205 0.0186372 -0.0054189 0.0441888 0.9990085 58 100 132 255
-0.1382902 1.0830313 0.0164275 -0.0054189 0.0441888 0.9990085 58 100 132 255
-0.1379172 1.1219280 -0.0418077 -0.9002402 -0.1067808 -0.4220963 127 117 103 255
-0.1218573 1.0855357 -0.0238824 -0.9197900 -0.3194783 -0.2278594 55 79 100 255
-0.1369207 1.1804082 -0.0387745 -0.9971422 0.0100423 0.0748768 138 139 131 255
0.0680548 0.6497315 -0.0122623 -0.8573829 0.1762908 0.4835453 57 96 127 255
-0.0788674 0.3356860 -0.0805764 -0.6909528 0.1745454 0.7015113 136 108 78 255
-0.0189479 0.3020748 -0.0418944 -0.5455099 -0.2513160 0.7995368 122 95 73 255
0.2954390 0.9091132 0.2044387 0.7507285 0.3884775 0.5343145 134 104 73 255
0.2077142 0.8660383 0.2911472 0.2397844 0.1865499 0.9527342 120 92 63 255
0.2337100 0.7968943 0.2763200 0.4785822 -0.1917871 0.8568411 130 101 68 255
-0.0251640 0.3314097 -0.1713681 -0.9124820 -0.3113504 -0.2654009 122 144 142 255
-0.0286545 0.3947634 -0.2215652 0.0085308 -0.0277683 -0.9995780 93 84 89 255
-0.0160095 0.2904254 -0.2022982 -0.5773776 -0.6152807 -0.5367166 127 149 148 255
-0.0160095 0.2904254 -0.2022982 -0.5773776 -0.6152807 -0.5367166 127 149 148 255
-0.0017405 0.3035154 -0.1829381 -0.9848220 -0.1294459 -0.1156263 129 149 148 255
-0.0251640 0.3314097 -0.1713681 -0.9124820 -0.3113504 -0.2654009 122 144 142 255
-0.2530843 0.9061567 0.3529077 -0.9714817 0.2071485 0.1153816 113 144 138 255
-0.2824641 0.7318704 0.3940454 -0.7053133 0.1143815 0.6996071 89 71 52 255
-0.2239173 0.8462691 0.4230533 -0.3469294 0.2324393 0.9086320 115 133 126 255
-0.2021019 0.4931588 0.3387895 0.9315086 0.1647125 -0.3242864 58 57 49 255
-0.2432618 0.6056803 0.3826222 0.6115068 -0.0367890 0.7903836 84 68 50 255
-0.2343373 0.4774428 0.3725967 -0.0090460 -0.2716181 0.9623626 110 140 137 255
0.1694675 0.0651801 -0.0749922 -0.3106741 0.0986870 0.9453796 108 136 134 255
0.1462374 0.1318252 -0.0995927 -0.8085005 -0.5655481 -0.1627338 118 144 142 255
0.1343167 0.0898561 -0.1100621 -0.4009898 0.7172044 0.5699341 109 144 137 255
0.1805470 0.5582389 0.0857420 0.4992787 -0.4728765 -0.7260225 63 54 40 255
0.1378752 0.5685262 0.0219636 -0.5075236 -0.5372575 0.6736277 64 55 41 255
0.2778449 0.5876458 0.0233407 0.5619506 -0.7502332 0.3483698 61 52 38 255
-0.0480728 1.1611134 0.2805700 0.5722118 0.4218369 0.7032974 68 57 47 255
0.2077142 0.8660383 0.2911472 0.2397844 0.1865499 0.9527342 120 92 63 255
0.2358917 1.0062083 0.1790476 0.7122362 0.6129985 0.3419827 106 69 67 255
-0.2021019 0.4931588 0.3387895 0.9323573 0.1659494 -0.3212019 54 89 121 255
-0.2666377 0.6247338 0.3111515 0.4256332 0.1003012 -0.8993198 68 103 122 255
-0.2352495 0.6253389 0.3341961 0.9279839 -0.1264576 -0.3505058 64 56 42 255
-0.2144774 1.2541920 0.0292187 -0.1842226 -0.9755356 -0.1199676 57 50 38 255
-0.1238362 1.2608697 -0.0424466 -0.7360750 -0.3036679 -0.6049622 61 54 40 255
-0.1366898 1.1795255 0.0354033 -0.9183629 -0.3749700 -0.1265188 64 55 43 255
0.0683459 0.0743349 -0.2595153 -0.1122764 0.4447144 -0.8886074 99 130 124 255
0.1474648 0.0998441 -0.2160487 -0.0032377 0.9420975 -0.3353232 95 127 120 255
0.2048855 0.0886191 -0.2172141 0.1356552 0.2191794 -0.9662080 95 126 119 255
-0.1368004 1.1898028 -0.0611310 -0.8809723 -0.0728650 -0.4675236 124 123 114 255
-0.1369207 1.1804082 -0.0387745 -0.9971422 0.0100423 0.0748768 138 139 131 255
-0.1389018 1.2633380 -0.0624752 -0.6959649 0.3392581 -0.6328798 102 128 121 255
0.3206261 0.6428528 -0.0299053 0.9044344 -0.3662741 -0.2187279 59 51 39 255
0.3214259 0.7929485 -0.0665689 0.8527376 -0.1012210 -0.5124381 81 54 55 255
0.3564562 0.7992658 0.0414004 0.9988533 -0.0478773 -0.0001771 63 56 44 255
0.0274900 0.6634280 0.0767369 -0.8881456 -0.1356293 -0.4390925 75 63 49 255
0.0204286 0.6959837 0.1523681 -0.8043631 0.5831106 0.1139391 54 91 124 255
0.0271864 0.7127529 0.0668044 -0.9143094 -0.2840230 -0.2887371 57 91 123 255
0.1805830 0.1421483 -0.2066312 -0.2936568 -0.1563358 -0.9430402 54 43 34 255
0.3049914 0.1283226 -0.2364249 0.0197863 0.1714267 -0.9849982 40 32 25 255
0.2048855 0.0886191 -0.2172141 0.1356552 0.2191794 -0.9662080 95 126 119 255
0.0683459 0.0743349 -0.2595153 -0.1122764 0.4447144 -0.8886074 99 130 124 255
0.2048855 0.0886191 -0.2172141 0.1356552 0.2191794 -0.9662080 95 126 119 255
0.1149347 0.0013429 -0.2646861 0.2435228 0.2566541 -0.9353210 105 137 131 255
0.1805830 0.1421483 -0.2066312 -0.2936568 -0.1563358 -0.9430402 54 43 34 255
0.0762105 0.3998419 -0.1947937 0.5011012 0.2416797 -0.8309565 55 69 64 255
0.3049914 0.1283226 -0.2364249 0.0197863 0.1714267 -0.9849982 40 32 25 255
-0.1164207 0.4323513 0.0346189 -0.0890136 -0.1102857 -0.9899058 47 80 110 255
0.1805470 0.5582389 0.0857420 0.1570974 -0.6773860 -0.7186574 56 96 126 255
-0.0598719 0.4195291 0.0781097 0.8455569 -0.2989752 -0.4423205 55 96 128 255
-0.3554131 1.5242117 0.0285854 -0.9904071 0.0264829 0.1356181 142 113 82 255
-0.3569665 1.4820578 0.1249185 -0.8492764 -0.1795752 0.4964699 144 115 83 255
-0.3836925 1.5395131 0.0971322 -0.9749151 -0.0868139 0.2049486 142 114 84 255
0.2290869 0.7726103 -0.1337996 0.3661923 -0.2141044 -0.9055731 137 109 78 255
0.2837894 0.8253239 -0.1173820 0.7048766 0.0034376 -0.7093216 139 112 81 255
0.3214259 0.7929485 -0.0665689 0.8527376 -0.1012210 -0.5124381 81 54 55 255
-0.3085308 0.7035540 0.3569689 -0.9715294 0.2184017 0.0918223 77 64 50 255
-0.2884273 0.6936919 0.3945403 -0.3905796 0.0796072 0.9171205 66 58 44 255
-0.2824641 0.7318704 0.3940454 -0.7008515 0.1500349 0.6973499 66 56 47 255
-0.1778191 1.5376149 -0.1193213 0.4246189 0.0783957 -0.9019716 136 106 76 255
-0.0937611 1.6633701 -0.0859075 0.6284206 0.2791314 -0.7260668 140 111 80 255
-0.0542119 1.5109025 -0.0514669 0.8206280 -0.2241744 -0.5256572 82 49 54 255
-0.0945650 1.1853452 -0.1281447 -0.7730960 0.0646212 -0.6309888 16 16 14 255
-0.0489694 1.1551797 -0.1320925 -0.5356725 -0.6664000 -0.5186194 50 89 120 255
-0.1009069 1.1257094 -0.1128101 -0.7245775 -0.0657927 -0.6860457 135 127 118 255
-0.2071808 0.4847563 0.1404767 -0.9848102 0.0374901 0.1695386 59 98 127 255
-0.1685460 0.5057836 0.1618400 -0.6775845 0.7091146 0.1950276 59 98 126 255
-0.1608945 0.5279690 0.1050367 -0.6609809 0.7254725 -0.1918177 58 99 127 255
-0.1608945 0.5279690 0.1050367 -0.6609809 0.7254725 -0.1918177 58 99 127 255
-0.1685460 0.5057836 0.1618400 -0.6775845 0.7091146 0.1950276 59 98 126 255
-0.1663910 0.5429593 0.1362910 -0.9014363 0.3045338 0.3076877 59 98 127 255
-0.2315035 0.8826287 0.2986226 -0.6938334 0.0705324 -0.7166733 100 146 134 255
-0.2172209 0.8878338 0.2677794 -0.4667305 -0.2278934 -0.8545334 57 97 128 255
-0.1872695 0.8536299 0.2715955 0.0045133 -0.0625947 -0.9980289 103 130 125 255
-0.0501356 0.3148314 -0.1301918 -0.8881466 -0.4415503 -0.1273923 106 114 113 255
-0.0251640 0.3314097 -0.1713681 -0.9124820 -0.3113504 -0.2654009 122 144 142 255
-0.0017405 0.3035154 -0.1829381 -0.9848220 -0.1294459 -0.1156263 129 149 148 255
0.2313974 0.3330546 -0.1244206 0.6370296 0.7673879 0.0728648 54 92 124 255
0.0762105 0.3998419 -0.1947937 0.4280924 0.3296371 -0.8414727 55 95 125 255
0.0951897 0.3966378 -0.1059141 0.9559147 0.2933888 0.0122277 58 97 126 255
-0.2172209 0.8878338 0.2677794 -0.4041764 -0.2083814 -0.8906282 112 144 135 255
-0.2530843 0.9061567 0.3529077 -0.9714817 0.2071485 0.1153816 113 144 138 255
-0.2041080 1.1496112 0.2190428 -0.7801015 0.5588849 -0.2812281 140 111 79 255
-0.0145994 0.7657249 0.1228299 -0.8300297 -0.4698989 -0.3004091 56 96 126 255
0.0187869 0.7179977 0.1363554 -0.7701040 -0.6356543 0.0536980 56 93 125 255
-0.0235237 0.7400127 0.1585269 -0.7906783 -0.5575349 0.2529479 53 87 117 255
-0.0235237 0.7400127 0.1585269 -0.7906783 -0.5575349 0.2529479 53 87 117 255
-0.0522015 0.8161004 0.1400533 -0.9230252 -0.3834789 0.0311214 57 92 124 255
-0.0145994 0.7657249 0.1228299 -0.8300297 -0.4698989 -0.3004091 56 96 126 255
-0.0522015 0.8161004 0.1400533 -0.8997747 -0.4268921 -0.0903807 61 53 41 255
-0.0985102 0.9567691 0.1641083 -0.8933756 -0.2677210 0.3608401 135 105 75 255
-0.1155761 0.9794831 0.1227551 -0.8724799 -0.4385622 -0.2155041 136 107 77 255
-0.0522015 0.8161004 0.1400533 -0.8997747 -0.4268921 -0.0903807 61 53 41 255
-0.1155761 0.9794831 0.1227551 -0.8724799 -0.4385622 -0.2155041 136 107 77 255
-0.1557282 1.0977171 0.0821080 -0.8841244 -0.2994383 -0.3586931 142 114 83 255
-0.2021019 0.4931588 0.3387895 0.9323573 0.1659494 -0.3212019 54 89 121 255
-0.3022260 0.4985852 0.2502193 0.4351560 0.1715647 -0.8838580 60 99 127 255
-0.2666377 0.6247338 0.3111515 0.4256332 0.1003012 -0.8993198 68 103 122 255
-0.1415731 0.8275273 0.2801676 0.6107186 -0.2799277 -0.7407181 99 130 128 255
-0.2172209 0.8878338 0.2677794 -0.4667305 -0.2278934 -0.8545334 57 97 128 255
-0.0960763 1.1311554 0.2322474 -0.1991203 -0.6083329 -0.7682981 112 145 139 255
-0.1092496 1.5525104 0.1699924 0.4088742 0.0462735 0.9114168 74 61 46 255
-0.0525591 1.5091909 0.0991216 0.9123415 -0.2618041 0.3147882 110 78 69 255
-0.0678872 1.6741316 0.1046968 0.8246121 0.3108115 0.4726638 143 112 81 255
-0.0145994 0.7657249 0.1228299 -0.8573939 -0.4262548 -0.2884139 45 74 103 255
-0.0522015 0.8161004 0.1400533 -0.9234527 -0.3815715 0.0404750 55 96 127 255
-0.0258144 0.8181338 0.1170540 -0.7918740 -0.3142924 -0.5235990 54 96 127 255
-0.1554375 1.2467383 0.1171532 -0.9877238 0.1009183 -0.1192360 45 73 101 255
-0.1776990 1.1992900 0.0704651 -0.8121413 0.3135279 -0.4920638 55 90 121 255
-0.1798236 1.1740621 0.1000571 -0.9214549 -0.0232399 -0.3877897 54 92 123 255
-0.1173848 0.8275902 0.3642263 0.9421108 -0.3149851 0.1149422 109 143 135 255
-0.1953052 0.7062930 0.2992821 0.6773701 -0.4392816 -0.5900859 61 54 42 255
-0.1415731 0.8275273 0.2801676 0.6107186 -0.2799277 -0.7407181 99 130 128 255
-0.0215727 0.8468670 0.0599174 -0.9003863 -0.3813932 -0.2093893 57 93 125 255
-0.0258144 0.8181338 0.1170540 -0.7918740 -0.3142924 -0.5235990 54 96 127 255
-0.0531813 0.8894070 0.0983000 -0.8724437 -0.4855149 0.0558342 56 93 125 255
-0.1916026 0.4439517 0.2398982 -0.4735393 -0.4818377 -0.7372876 110 140 137 255
-0.2307452 0.4016312 0.2926970 -0.5561572 -0.4866751 -0.6736738 110 140 137 255
-0.2666964 0.4500041 0.3051887 -0.2915728 -0.9514129 0.0989889 110 140 137 255
0.0035842 0.1143606 0.3400173 -0.1201920 0.7900699 0.6011185 142 113 81 255
-0.0495602 0.1097811 0.3537612 -0.2737381 0.3400036 0.8997028 140 112 81 255
-0.1715401 0.0876158 0.3974795 -0.2554273 0.8149017 0.5202808 134 107 78 255
-0.1104430 1.7449875 0.0257463 0.5165605 0.8560904 -0.0165700 142 112 81 255
-0.1312073 1.7045636 0.1418338 0.2000552 0.5945772 0.7787527 142 114 82 255
-0.0678872 1.6741316 0.1046968 0.8246121 0.3108115 0.4726638 143 112 81 255
-0.2135178 0.4313329 0.3510046 -0.5013930 -0.6607922 -0.5585325 110 140 137 255
-0.2249612 0.4705499 0.3267765 -0.2399589 -0.8954839 0.3748710 110 140 137 255
-0.1926384 0.4726166 0.3004899 -0.2305800 -0.7045764 -0.6711221 110 140 137 255
0.2631833 0.1185458 -0.2016468 0.4624453 -0.8252858 0.3241104 115 149 141 255
0.3049914 0.1283226 -0.2364249 0.3734889 -0.7854788 0.4934867 115 147 141 255
0.3042550 0.1655674 -0.1864314 0.2692199 -0.8882430 0.3722163 115 147 141 255
-0.1987100 0.3859882 0.2344041 0.7802784 0.6019683 0.1697050 58 97 125 255
-0.2419778 0.4370291 0.2522969 0.6498237 0.7491930 -0.1282148 60 98 127 255
-0.2666964 0.4500041 0.3051887 0.6976193 0.6847349 0.2108685 60 98 126 255
0.2048855 0.0886191 -0.2172141 0.1356552 0.2191794 -0.9662080 95 126 119 255
0.3487675 0.1360411 -0.1861887 0.6957001 0.4118350 -0.5885519 58 99 127 255
0.3844884 0.0223809 -0.1927733 0.4623059 -0.4719521 -0.7506894 58 98 128 255
0.3049914 0.1283226 -0.2364249 0.3734889 -0.7854788 0.4934867 115 147 141 255
0.2631833 0.1185458 -0.2016468 0.4624453 -0.8252858 0.3241104 115 149 141 255
0.2048855 0.0886191 -0.2172141 0.3963286 -0.8897799 0.2263087 115 148 141 255
0.1805470 0.5582389 0.0857420 0.1570974 -0.6773860 -0.7186574 56 96 126 255
-0.1164207 0.4323513 0.0346189 -0.0890136 -0.1102857 -0.9899058 47 80 110 255
0.0547338 0.6067255 0.0543308 0.1024332 0.0985997 -0.9898412 59 96 124 255
-0.2239173 0.8462691 0.4230533 -0.3469294 0.2324393 0.9086320 115 133 126 255
-0.1648052 0.8480751 0.4172049 0.4455583 0.0088774 0.8952090 111 148 142 255
-0.1377689 1.1793511 0.3042350 -0.0610788 0.6453904 0.7614070 113 131 133 255
-0.1173848 0.8275902 0.3642263 0.9421108 -0.3149851 0.1149422 109 143 135 255
-0.0570848 1.1410410 0.2469454 0.9020297 -0.2325077 -0.3637071 108 142 137 255
-0.0480728 1.1611134 0.2805700 0.5299410 -0.2242492 0.8178477 100 133 130 255
0.3187981 0.1699879 -0.1089206 0.6575888 0.7381442 0.1507317 58 99 129 255
0.3405724 0.1304899 -0.0762458 0.7814000 0.4370588 0.4454142 58 98 128 255
0.3487675 0.1360411 -0.1861887 0.6957001 0.4118350 -0.5885519 58 99 127 255
-0.0215727 0.8468670 0.0599174 -0.9003863 -0.3813932 -0.2093893 57 93 125 255
-0.0531813 0.8894070 0.0983000 -0.8724437 -0.4855149 0.0558342 56 93 125 255
-0.0490290 0.9231691 -0.0452023 -0.8505428 -0.4861732 -0.2005309 57 90 121 255
-0.1366898 1.1795255 0.0354033 -0.9183629 -0.3749700 -0.1265188 64 55 43 255
-0.2002793 1.3169068 0.1234293 -0.2534240 -0.5145203 0.8191734 61 54 43 255
-0.2144774 1.2541920 0.0292187 -0.1842226 -0.9755356 -0.1199676 57 50 38 255
0.0035842 0.1143606 0.3400173 0.3809400 -0.9230502 -0.0535064 59 98 125 255
0.0710905 0.1672378 0.3274798 0.5590839 -0.7802616 -0.2803871 53 92 125 255
0.0494319 0.1310909 0.3848805 0.3614772 -0.9311574 -0.0477542 59 97 127 255
-0.2002793 1.3169068 0.1234293 -0.2534240 -0.5145203 0.8191734 61 54 43 255
-0.1366898 1.1795255 0.0354033 -0.9183629 -0.3749700 -0.1265188 64 55 43 255
-0.1554375 1.2467383 0.1171532 -0.9987797 -0.0006548 0.0493847 64 55 43 255
-0.2799095 1.7536663 0.0842571 -0.1536725 0.9161020 0.3703267 137 109 77 255
-0.2578932 1.6319003 0.1715441 -0.1158465 0.3400334 0.9332507 142 114 85 255
-0.1312073 1.7045636 0.1418338 0.2000552 0.5945772 0.7787527 142 114 82 255
-0.1102348 0.9684025 0.1824656 -0.7663269 -0.5148187 0.3843240 135 104 73 255
-0.1155761 0.9794831 0.1227551 -0.8724799 -0.4385622 -0.2155041 136 107 77 255
-0.0985102 0.9567691 0.1641083 -0.8933756 -0.2677210 0.3608401 135 105 75 255
0.0258656 0.4456668 -0.3347173 -0.5423741 -0.8112789 0.2183047 60 98 131 255
-0.0048245 0.4618152 -0.3509541 -0.2278692 -0.5690600 -0.7900928 60 99 130 255
0.0464416 0.4227690 -0.3686914 -0.5423741 -0.8112789 0.2183047 60 100 130 255
0.1090528 0.7637931 -0.1273589 -0.2549763 -0.4610614 -0.8499467 154 152 148 255
0.0585183 0.7891235 -0.1137543 -0.4353465 -0.2455161 -0.8661382 100 94 84 255
0.1615125 0.8395241 -0.1642833 0.0209082 -0.2121420 -0.9770151 157 153 145 255
-0.1517594 1.0497637 0.1856952 -0.8503625 -0.3614830 0.3823789 140 112 82 255
-0.1155761 0.9794831 0.1227551 -0.8724799 -0.4385622 -0.2155041 136 107 77 255
-0.1102348 0.9684025 0.1824656 -0.7663269 -0.5148187 0.3843240 135 104 73 255
0.0755034 0.8976709 -0.1569023 -0.3075773 -0.0819421 -0.9479882 154 150 142 255
-0.0356407 0.9890038 -0.1097231 -0.5148689 -0.3058963 -0.8008355 154 148 140 255
0.0067114 1.0319461 -0.1449876 -0.0882422 0.0340402 -0.9955173 55 93 125 255
-0.0570848 1.1410410 0.2469454 0.9020297 -0.2325077 -0.3637071 108 142 137 255
-0.1173848 0.8275902 0.3642263 0.9421108 -0.3149851 0.1149422 109 143 135 255
-0.1415731 0.8275273 0.2801676 0.6107186 -0.2799277 -0.7407181 99 130 128 255
-0.0286545 0.3947634 -0.2215652 -0.0089097 0.2971358 -0.9547937 143 114 82 255
0.1508816 0.7497634 -0.1244240 -0.0075108 0.1876823 -0.9822011 136 110 78 255
0.2902615 0.6826446 -0.0997028 0.5441340 0.0738326 -0.8357433 56 50 39 255
-0.1005724 1.4149748 -0.0133524 0.8051171 -0.2718499 -0.5271472 143 114 83 255
-0.1853900 1.4201534 -0.1000781 0.6200753 -0.4091104 -0.6694292 143 114 83 255
-0.1597890 1.4974450 -0.1109066 0.6800865 -0.3303275 -0.6544969 140 110 80 255
0.0203523 0.7777194 0.2540507 -0.6903378 -0.3920591 0.6080488 60 93 123 255
-0.0235237 0.7400127 0.1585269 -0.7906783 -0.5575349 0.2529479 53 87 117 255
0.0321273 0.7297773 0.2186732 -0.4782988 -0.6988735 0.5317951 55 92 122 255
-0.0625807 0.3871330 -0.2064319 -0.4440491 -0.8747700 0.1939017 140 112 81 255
-0.0559239 0.4148240 -0.1227498 -0.9165714 -0.3857673 -0.1052645 119 145 141 255
-0.0850402 0.4323119 -0.1357131 -0.8693793 0.4869122 0.0842390 119 146 143 255
-0.2315035 0.8826287 0.2986226 -0.7995333 0.0318003 -0.5997793 111 140 133 255
-0.2530843 0.9061567 0.3529077 -0.9714817 0.2071485 0.1153816 113 144 138 255
-0.2172209 0.8878338 0.2677794 -0.4041764 -0.2083814 -0.8906282 112 144 135 255
-0.0489694 1.1551797 -0.1320925 -0.5356725 -0.6664000 -0.5186194 50 89 120 255
-0.0725088 1.1050671 -0.1413989 -0.2535821 0.0122191 -0.9672366 52 89 122 255
-0.1009069 1.1257094 -0.1128101 -0.7245775 -0.0657927 -0.6860457 135 127 118 255
-0.0522015 0.8161004 0.1400533 -0.9230252 -0.3834789 0.0311214 57 92 124 255
-0.0235237 0.7400127 0.1585269 -0.7906783 -0.5575349 0.2529479 53 87 117 255
0.0203523 0.7777194 0.2540507 -0.6903378 -0.3920591 0.6080488 60 93 123 255
0.0321273 0.7297773 0.2186732 -0.4782988 -0.6988735 0.5317951 55 92 122 255
0.0187869 0.7179977 0.1363554 -0.7701040 -0.6356543 0.0536980 56 93 125 255
0.1021229 0.7160187 0.2596703 -0.0953645 -0.2423521 0.9654900 110 86 59 255
0.0203523 0.7777194 0.2540507 -0.6903378 -0.3920591 0.6080488 60 93 123 255
-0.0464385 0.8475483 0.1966829 -0.8085938 -0.3645295 0.4618383 54 89 120 255
-0.0522015 0.8161004 0.1400533 -0.9230252 -0.3834789 0.0311214 57 92 124 255
-0.0339502 0.8627636 0.2330914 -0.7662587 -0.2839030 0.5764085 43 74 106 255
-0.0720894 0.9934405 0.2282920 -0.5988008 -0.2139824 0.7717829 63 56 42 255
-0.0985102 0.9567691 0.1641083 -0.8588542 -0.3367638 0.3859528 63 56 42 255
0.0331542 0.0072520 -0.0807886 -0.2120971 -0.8427029 0.4948401 107 139 133 255
0.1149347 0.0013429 -0.2646861 0.0009215 -0.9994433 -0.0333520 98 124 116 255
0.3460428 0.0239205 -0.0486407 0.1141660 -0.9003836 0.4198518 119 99 82 255
-0.0790181 0.6007716 0.1035118 -0.0803942 -0.3895313 0.9174977 58 97 127 255
-0.0732513 0.5754631 0.0572844 -0.5487898 -0.7602065 0.3477299 59 99 129 255
-0.0526697 0.5711578 0.0803537 0.0314181 -0.6033752 0.7968383 58 97 126 255
0.2158573 0.0785397 -0.0755954 -0.1498708 0.1553556 0.9764239 114 149 144 255
0.3460428 0.0239205 -0.0486407 0.1141660 -0.9003836 0.4198518 119 99 82 255
0.2896368 0.1371961 -0.0649195 0.0097426 0.1986359 0.9800250 113 146 139 255
-0.2610243 0.5249701 0.2125015 -0.1124522 0.3646337 -0.9243358 56 84 107 255
-0.3300780 0.5830795 0.2438240 -0.1285612 0.7128572 -0.6894247 57 79 96 255
-0.2763439 0.5878366 0.2465606 -0.0258894 0.7019416 -0.7117639 54 97 129 255
-0.0464385 0.8475483 0.1966829 -0.8085938 -0.3645295 0.4618383 54 89 120 255
-0.0339502 0.8627636 0.2330914 -0.7662587 -0.2839030 0.5764085 43 74 106 255
-0.0985102 0.9567691 0.1641083 -0.8588542 -0.3367638 0.3859528 63 56 42 255
-0.0465862 0.3889871 -0.1673837 -0.8716769 -0.4146321 -0.2612655 81 42 52 255
-0.0251640 0.3314097 -0.1713681 -0.9124820 -0.3113504 -0.2654009 122 144 142 255
-0.0501356 0.3148314 -0.1301918 -0.8881466 -0.4415503 -0.1273923 106 114 113 255
-0.0495602 0.1097811 0.3537612 -0.4659610 0.7495956 0.4700922 114 147 144 255
0.0494319 0.1310909 0.3848805 -0.1650386 0.4718515 0.8660939 115 145 140 255
-0.0617913 0.1646195 0.2879071 -0.8500879 -0.1612872 0.5013352 110 106 89 255
-0.1123341 0.5330375 0.0680490 -0.5080193 0.3957144 -0.7650663 59 98 127 255
-0.1169200 0.5508875 0.1042175 -0.4343615 0.8903812 -0.1362031 59 98 126 255
-0.0526697 0.5711578 0.0803537 -0.4941548 0.7362056 -0.4623985 59 99 126 255
0.1430904 0.1710375 0.3346958 0.1826220 -0.9812351 0.0618626 54 94 124 255
0.1265179 0.1639101 0.2648664 0.0320376 -0.9983053 0.0485821 57 51 39 255
0.1575997 0.1365579 0.2131295 -0.0637826 -0.8018862 0.5940624 58 52 40 255
0.1935821 0.7961741 -0.1510134 0.1892646 -0.2158140 -0.9579160 134 107 75 255
0.1508816 0.7497634 -0.1244240 -0.0075108 0.1876823 -0.9822011 136 110 78 255
0.1090528 0.7637931 -0.1273589 -0.2549763 -0.4610614 -0.8499467 154 152 148 255
-0.0229705 0.6665051 0.1098514 -0.7421767 0.6585141 0.1246310 55 92 126 255
-0.0790181 0.6007716 0.1035118 -0.0803942 -0.3895313 0.9174977 58 97 127 255
0.0175872 0.6650373 0.1225710 -0.7618533 0.3525415 0.5434095 54 93 125 255
0.3460428 0.0239205 -0.0486407 0.2342400 -0.8170204 0.5268865 49 84 116 255
0.3405724 0.1304899 -0.0762458 0.7814000 0.4370588 0.4454142 58 98 128 255
0.2896368 0.1371961 -0.0649195 -0.0389291 0.1910830 0.9808016 56 94 125 255
-0.1648052 0.8480751 0.4172049 0.4455583 0.0088774 0.8952090 111 148 142 255
-0.1173848 0.8275902 0.3642263 0.9432513 -0.3205026 0.0869207 110 146 140 255
-0.0480728 1.1611134 0.2805700 0.5223869 0.1659603 0.8364025 113 137 135 255
-0.3085308 0.7035540 0.3569689 -0.9715294 0.2184017 0.0918223 77 64 50 255
-0.3290600 0.6174012 0.3213196 -0.9866694 0.1016184 0.1271102 101 130 126 255
-0.2884273 0.6936919 0.3945403 -0.3905796 0.0796072 0.9171205 66 58 44 255
-0.1608945 0.5279690 0.1050367 -0.6609809 0.7254725 -0.1918177 58 99 127 255
-0.1663910 0.5429593 0.1362910 -0.9014363 0.3045338 0.3076877 59 98 127 255
-0.1623283 0.5806192 0.1062078 -0.4031418 0.8125766 -0.4209466 59 98 126 255
-0.0937611 1.6633701 -0.0859075 0.6284206 0.2791314 -0.7260668 140 111 80 255
-0.1104430 1.7449875 0.0257463 0.5165605 0.8560904 -0.0165700 142 112 81 255
-0.0276936 1.6089760 0.0260630 0.9721534 0.2129399 -0.0978486 140 111 79 255
-0.1169200 0.5508875 0.1042175 -0.4343615 0.8903812 -0.1362031 59 98 126 255
-0.0192132 0.5775500 0.1563210 -0.5908865 0.7983292 0.1162913 59 98 128 255
0.0175872 0.6650373 0.1225710 -0.7436525 0.3910541 0.5422710 59 99 127 255
-0.0526697 0.5711578 0.0803537 -0.4941548 0.7362056 -0.4623985 59 99 126 255
-0.1169200 0.5508875 0.1042175 -0.4343615 0.8903812 -0.1362031 59 98 126 255
0.0175872 0.6650373 0.1225710 -0.7436525 0.3910541 0.5422710 59 99 127 255
0.3042550 0.1655674 -0.1864314 0.2692199 -0.8882430 0.3722163 115 147 141 255
0.3597946 0.1726319 -0.1856203 0.0844445 -0.9789152 0.1859953 113 146 140 255
0.3187981 0.1699879 -0.1089206 0.1779818 -0.9799959 -0.0890530 114 144 140 255
0.3844884 0.0223809 -0.1927733 0.4623059 -0.4719521 -0.7506894 58 98 128 255
0.3487675 0.1360411 -0.1861887 0.6957001 0.4118350 -0.5885519 58 99 127 255
0.3975542 0.0208361 -0.1150322 0.9215356 0.3473385 0.1735746 56 96 127 255
-0.1123341 0.5330375 0.0680490 -0.5080193 0.3957144 -0.7650663 59 98 127 255
-0.0526697 0.5711578 0.0803537 -0.4941548 0.7362056 -0.4623985 59 99 126 255
-0.0732513 0.5754631 0.0572844 -0.3115150 0.4925631 -0.8126130 59 99 126 255
-0.1973990 1.5044354 0.1825633 0.4162644 -0.0934129 0.9044325 61 54 39 255
-0.1092496 1.5525104 0.1699924 0.4089395 0.0448965 0.9114564 62 54 40 255
-0.2578932 1.6319003 0.1715441 -0.1157757 0.3399764 0.9332803 61 54 40 255
-0.2522956 0.7329097 0.2750711 -0.1614736 -0.0746596 -0.9840488 49 44 33 255
-0.1872695 0.8536299 0.2715955 0.0045133 -0.0625947 -0.9980289 103 130 125 255
-0.1953052 0.7062930 0.2992821 0.6773701 -0.4392816 -0.5900859 61 54 42 255
0.0494319 0.1310909 0.3848805 0.4586339 -0.8875775 -0.0431411 47 77 109 255
0.1265179 0.1639101 0.2648664 0.0320376 -0.9983053 0.0485821 57 51 39 255
0.1430904 0.1710375 0.3346958 0.1826220 -0.9812351 0.0618626 54 94 124 255
-0.0229705 0.6665051 0.1098514 -0.4872986 0.8716146 -0.0531798 121 114 103 255
0.0204286 0.6959837 0.1523681 -0.8043631 0.5831106 0.1139391 54 91 124 255
0.0274900 0.6634280 0.0767369 -0.8881456 -0.1356293 -0.4390925 75 63 49 255
-0.0258144 0.8181338 0.1170540 -0.7918740 -0.3142924 -0.5235990 54 96 127 255
-0.0215727 0.8468670 0.0599174 -0.9003863 -0.3813932 -0.2093893 57 93 125 255
-0.0081325 0.7967154 0.0280485 -0.8645077 -0.3867949 -0.3209611 56 92 126 255
-0.2343373 0.4774428 0.3725967 -0.0090460 -0.2716181 0.9623626 110 140 137 255
-0.2432618 0.6056803 0.3826222 0.6115068 -0.0367890 0.7903836 84 68 50 255
-0.2884273 0.6936919 0.3945403 -0.3905796 0.0796072 0.9171205 66 58 44 255
0.1694675 0.0651801 -0.0749922 -0.3106741 0.0986870 0.9453796 108 136 134 255
0.1342112 0.1617068 -0.0593152 -0.4751922 -0.5351421 0.6984379 119 143 139 255
0.1462374 0.1318252 -0.0995927 -0.8085005 -0.5655481 -0.1627338 118 144 142 255
-0.0732513 0.5754631 0.0572844 -0.3115150 0.4925631 -0.8126130 59 99 126 255
-0.0790181 0.6007716 0.1035118 -0.3494496 0.5496171 -0.7588189 59 98 126 255
0.0547338 0.6067255 0.0543308 0.1024332 0.0985997 -0.9898412 59 96 124 255
-0.0790181 0.6007716 0.1035118 -0.3494496 0.5496171 -0.7588189 59 98 126 255
-0.0229705 0.6665051 0.1098514 -0.6365704 0.7516602 -0.1725839 59 97 125 255
0.0274900 0.6634280 0.0767369 -0.6403736 0.2789005 -0.7156368 59 97 124 255
0.0547338 0.6067255 0.0543308 0.1024332 0.0985997 -0.9898412 59 96 124 255
-0.0790181 0.6007716 0.1035118 -0.3494496 0.5496171 -0.7588189 59 98 126 255
0.0274900 0.6634280 0.0767369 -0.6403736 0.2789005 -0.7156368 59 97 124 255
-0.2927828 0.4529212 0.2703285 0.4432414 0.6874024 -0.5753390 60 99 127 255
-0.3022260 0.4985852 0.2502193 0.4351560 0.1715647 -0.8838580 60 99 127 255
-0.2552368 0.4744973 0.2961426 0.5824727 0.2175743 -0.7831903 55 92 124 255
-0.2280815 1.4186685 0.1644654 0.0626141 -0.4568600 0.8873322 52 45 34 255
-0.1973990 1.5044354 0.1825633 0.4162644 -0.0934129 0.9044325 61 54 39 255
-0.2254069 1.4211810 0.1959505 0.9479377 -0.3184423 0.0028816 47 40 31 255
-0.1164207 0.4323513 0.0346189 -0.0890136 -0.1102857 -0.9899058 47 80 110 255
-0.1123341 0.5330375 0.0680490 -0.5080193 0.3957144 -0.7650663 59 98 127 255
-0.0732513 0.5754631 0.0572844 -0.3115150 0.4925631 -0.8126130 59 99 126 255
-0.0085212 0.6551766 0.1569510 -0.8889754 0.2061871 -0.4089126 144 139 127 255
0.0204286 0.6959837 0.1523681 -0.8043631 0.5831106 0.1139391 54 91 124 255
-0.0229705 0.6665051 0.1098514 -0.4872986 0.8716146 -0.0531798 121 114 103 255
-0.0501356 0.3148314 -0.1301918 -0.8881466 -0.4415503 -0.1273923 106 114 113 255
-0.0129765 0.2959704 -0.0819888 -0.9572096 -0.2843568 0.0537681 95 53 70 255
-0.0456165 0.3452824 -0.0875163 -0.6373743 -0.6269228 -0.4480197 95 66 70 255
-0.0085212 0.6551766 0.1569510 -0.9354305 0.0511132 -0.3497958 59 99 127 255
0.0175872 0.6650373 0.1225710 -0.7436525 0.3910541 0.5422710 59 99 127 255
-0.0192132 0.5775500 0.1563210 -0.5908865 0.7983292 0.1162913 59 98 128 255
-0.0501356 0.3148314 -0.1301918 -0.8881466 -0.4415503 -0.1273923 106 114 113 255
-0.0456165 0.3452824 -0.0875163 -0.6373743 -0.6269228 -0.4480197 95 66 70 255
-0.0559239 0.4148240 -0.1227498 -0.9165714 -0.3857673 -0.1052645 119 145 141 255
-0.3072481 1.7483850 -0.0244813 -0.0915324 0.9866961 -0.1343604 136 107 76 255
-0.2799095 1.7536663 0.0842571 -0.1536725 0.9161020 0.3703267 137 109 77 255
-0.1638741 1.7326212 -0.0707688 0.1529283 0.8883985 -0.4328523 140 110 80 255
-0.1804887 0.4989024 0.1926074 -0.4835830 0.1367787 0.8645455 59 98 127 255
-0.1685460 0.5057836 0.1618400 -0.6775845 0.7091146 0.1950276 59 98 126 255
-0.1907742 0.5198223 0.1594272 -0.3686502 0.9293048 0.0221269 59 98 127 255
-0.2483157 1.4379776 0.1846809 -0.5319240 -0.3823622 0.7555501 60 99 126 255
-0.2254069 1.4211810 0.1959505 -0.4570960 -0.3473547 0.8187847 60 99 126 255
-0.2354188 1.5059116 0.2155724 -0.5214313 -0.0036682 0.8532854 60 100 127 255
-0.0292475 0.2507247 -0.1291080 -0.7152807 -0.6865982 0.1302171 59 48 39 255
-0.0189479 0.3020748 -0.0418944 -0.4986508 -0.3489667 0.7934542 87 47 63 255
-0.0129765 0.2959704 -0.0819888 -0.9572096 -0.2843568 0.0537681 95 53 70 255
-0.1883552 0.3581451 0.1031013 -0.7687379 -0.3963621 -0.5019354 56 96 125 255
-0.2071808 0.4847563 0.1404767 -0.9848102 0.0374901 0.1695386 59 98 127 255
-0.1821490 0.5324621 0.0924349 -0.6553553 0.3805875 -0.6524283 58 98 127 255
0.0376885 0.8433780 0.2882876 -0.2968141 -0.0343545 0.9543172 48 83 115 255
0.0394707 0.8064638 0.2757130 -0.3073394 -0.1316451 0.9424500 55 90 122 255
0.2077142 0.8660383 0.2911472 0.2089679 0.1880159 0.9596783 138 110 81 255
-0.2254069 1.4211810 0.1959505 -0.4570960 -0.3473547 0.8187847 60 99 126 255
-0.2008167 1.5003672 0.2238560 0.6547219 0.0953695 0.7498294 59 99 128 255
-0.2354188 1.5059116 0.2155724 -0.5214313 -0.0036682 0.8532854 60 100 127 255
-0.3755591 1.6074698 0.0364776 -0.9548334 0.2316933 0.1860411 137 110 81 255
-0.3554131 1.5242117 0.0285854 -0.9904071 0.0264829 0.1356181 142 113 82 255
-0.3712489 1.5921897 0.1036572 -0.9538381 0.1716933 0.2464031 106 78 61 255
-0.2339278 1.5418439 0.1880407 -0.1235051 0.3006591 0.9457012 69 59 46 255
-0.2008167 1.5003672 0.2238560 0.6546532 0.0953774 0.7498883 53 48 36 255
-0.1973990 1.5044354 0.1825633 0.4162644 -0.0934129 0.9044325 61 54 39 255
-0.0978083 0.0862974 0.2594848 -0.0452706 0.9138727 -0.4034691 141 112 81 255
-0.0693774 0.1110170 0.3123055 -0.8631536 0.5027346 -0.0471555 141 113 81 255
-0.0687941 0.0743297 0.2346087 -0.6200578 0.2040455 -0.7575577 141 111 81 255
0.3460428 0.0239205 -0.0486407 0.2342400 -0.8170204 0.5268865 49 84 116 255
0.3975542 0.0208361 -0.1150322 0.9215356 0.3473385 0.1735746 56 96 127 255
0.3405724 0.1304899 -0.0762458 0.7814000 0.4370588 0.4454142 58 98 128 255
-0.0495602 0.1097811 0.3537612 -0.2737381 0.3400036 0.8997028 140 112 81 255
-0.0693774 0.1110170 0.3123055 -0.8631536 0.5027346 -0.0471555 141 113 81 255
-0.0853057 0.1031091 0.3613844 -0.0772144 0.9969003 0.0150951 140 112 81 255
0.3512214 0.1698917 -0.0671568 0.2528126 -0.9138700 -0.3176908 132 141 136 255
0.2739804 0.1008329 -0.0372586 0.4422208 -0.6473722 -0.6207655 105 104 106 255
0.2896368 0.1371961 -0.0649195 0.4943459 -0.7243232 -0.4806017 124 118 112 255
-0.1919604 0.0992582 0.2704501 -0.6638468 0.7385541 -0.1176667 70 61 49 255
-0.0853057 0.1031091 0.3613844 -0.0772144 0.9969003 0.0150951 140 112 81 255
-0.0978083 0.0862974 0.2594848 -0.0452706 0.9138727 -0.4034691 141 112 81 255
-0.1953052 0.7062930 0.2992821 0.6773701 -0.4392816 -0.5900859 61 54 42 255
-0.2180739 0.6622968 0.3234601 0.6457724 -0.5322994 -0.5473896 59 51 39 255
-0.2522956 0.7329097 0.2750711 -0.1614736 -0.0746596 -0.9840488 49 44 33 255
-0.2993677 0.7466645 0.3102369 -0.8995333 0.2750551 -0.3393883 60 51 40 255
-0.2522956 0.7329097 0.2750711 -0.1614736 -0.0746596 -0.9840488 49 44 33 255
-0.2940991 0.6963705 0.2956390 -0.3979002 -0.1043411 -0.9114760 59 53 41 255
-0.2071808 0.4847563 0.1404767 -0.9848102 0.0374901 0.1695386 59 98 127 255
-0.1907742 0.5198223 0.1594272 -0.3686502 0.9293048 0.0221269 59 98 127 255
-0.1685460 0.5057836 0.1618400 -0.6775845 0.7091146 0.1950276 59 98 126 255
-0.2071808 0.4847563 0.1404767 -0.9848102 0.0374901 0.1695386 59 98 127 255
-0.1883552 0.3581451 0.1031013 -0.7687379 -0.3963621 -0.5019354 56 96 125 255
-0.0617913 0.1646195 0.2879071 -0.8649958 -0.1082750 0.4899580 54 92 125 255
-0.0024432 0.3435593 -0.0341277 -0.2015878 -0.0019298 0.9794685 60 98 130 255
0.1342112 0.1617068 -0.0593152 -0.4480771 -0.4743397 0.7577788 127 118 110 255
0.2739804 0.1008329 -0.0372586 -0.0080472 -0.0387136 0.9992180 59 98 127 255
-0.2666377 0.6247338 0.3111515 0.4256332 0.1003012 -0.8993198 68 103 122 255
-0.2180739 0.6622968 0.3234601 0.7340229 -0.5311159 -0.4232332 63 55 42 255
-0.2352495 0.6253389 0.3341961 0.9279839 -0.1264576 -0.3505058 64 56 42 255
-0.2239173 0.8462691 0.4230533 -0.3469294 0.2324393 0.9086320 115 133 126 255
-0.1944141 0.6905846 0.3673830 0.5313243 -0.4275441 0.7313690 139 111 79 255
-0.1648052 0.8480751 0.4172049 0.4455583 0.0088774 0.8952090 111 148 142 255
-0.1916026 0.4439517 0.2398982 0.5175239 0.7582324 0.3965506 55 93 124 255
-0.2172227 0.4448798 0.2715578 0.5555447 0.7987852 -0.2308946 56 93 126 255
-0.1934760 0.4114550 0.2833529 0.5248180 -0.1592356 0.8361877 53 92 122 255
-0.0625807 0.3871330 -0.2064319 -0.6633993 0.5033363 -0.5536731 141 113 81 255
0.1508816 0.7497634 -0.1244240 -0.0075108 0.1876823 -0.9822011 136 110 78 255
-0.0286545 0.3947634 -0.2215652 -0.0089097 0.2971358 -0.9547937 143 114 82 255
0.2739804 0.1008329 -0.0372586 0.4422208 -0.6473722 -0.6207655 105 104 106 255
0.2158573 0.0785397 -0.0755954 0.5454356 -0.7415298 -0.3906834 76 84 94 255
0.2896368 0.1371961 -0.0649195 0.4943459 -0.7243232 -0.4806017 124 118 112 255
3 0 1 2
3 3 4 5
3 6 7 8
3 9 10 11
3 12 13 14
3 15 16 17
3 18 19 20
3 21 22 23
3 24 25 26
3 27 28 29
3 30 31 32
3 33 34 35
3 36 37 38
3 39 40 41
3 42 43 44
3 45 46 47
3 48 49 50
3 51 52 53
3 54 55 56
3 57 58 59
3 60 61 62
3 63 64 65
3 66 67 68
3 69 70 71
3 72 73 74
3 75 76 77
3 78 79 80
3 81 82 83
3 84 85 86
3 87 88 89
3 90 91 92
3 93 94 95
3 96 97 98
3 99 100 101
3 102 103 104
3 105 106 107
3 108 109 110
3 111 112 113
3 114 115 116
3 117 118 119
3 120 121 122
3 123 124 125
3 126 127 128
3 129 130 131
3 132 133 134
3 135 136 137
3 138 139 140
3 141 142 143
3 144 145 146
3 147 148 149
3 150 151 152
3 153 154 155
3 156 157 158
3 159 160 161
3 162 163 164
3 165 166 167
3 168 169 170
3 171 172 173
3 174 175 176
3 177 178 179
3 180 181 182
3 183 184 185
3 186 187 188
3 189 190 191
3 192 193 194
3 195 196 197
3 198 199 200
3 201 202 203
3 204 205 206
3 207 208 209
3 210 211 212
3 213 214 215
3 216 217 218
3 219 220 221
3 222 223 224
3 225 226 227
3 228 229 230
3 231 232 233
3 234 235 236
3 237 238 239
3 240 241 242
3 243 244 245
3 246 247 248
3 249 250 251
3 252 253 254
3 255 256 257
3 258 259 260
3 261 262 263
3 264 265 266
3 267 268 269
3 270 271 272
3 273 274 275
3 276 277 278
3 279 280 281
3 282 283 284
3 285 286 287
3 288 289 290
3 291 292 293
3 294 295 296
3 297 298 299
3 300 301 302
3 303 304 305
3 306 307 308
3 309 310 311
3 312 313 314
3 315 316 317
3 318 319 320
3 321 322 323
3 324 325 326
3 327 328 329
3 330 331 332
3 333 334 335
3 336 337 338
3 339 340 341
3 342 343 344
3 345 346 347
3 348 349 350
3 351 352 353
3 354 355 356
3 357 358 359
3 360 361 362
3 363 364 365
3 366 367 368
3 369 370 371
3 372 373 374
3 375 376 377
3 378 379 380
3 381 382 383
3 384 385 386
3 387 388 389
3 390 391 392
3 393 394 395
3 396 397 398
3 399 400 401
3 402 403 404
3 405 406 407
3 408 409 410
3 411 412 413
3 414 415 416
3 417 418 419
3 420 421 422
3 423 424 425
3 426 427 428
3 429 430 431
3 432 433 434
3 435 436 437
3 438 439 440
3 441 442 443
3 444 445 446
3 447 448 449
3 450 451 452
3 453 454 455
3 456 457 458
3 459 460 461
3 462 463 464
3 465 466 467
3 468 469 470
3 471 472 473
3 474 475 476
3 477 478 479
3 480 481 482
3 483 484 485
3 486 487 488
3 489 490 491
3 492 493 494
3 495 496 497
3 498 499 500
3 501 502 503
3 504 505 506
3 507 508 509
3 510 511 512
3 513 514 515
3 516 517 518
3 519 520 521
3 522 523 524
3 525 526 527
3 528 529 530
3 531 532 533
3 534 535 536
3 537 538 539
3 540 541 542
3 543 544 545
3 546 547 548
3 549 550 551
3 552 553 554
3 555 556 557
3 558 559 560
3 561 562 563
3 564 565 566
3 567 568 569
3 570 571 572
3 573 574 575
3 576 577 578
3 579 580 581
3 582 583 584
3 585 586 587
3 588 589 590
3 591 592 593
3 594 595 596
3 597 598 599
3 600 601 602
3 603 604 605
3 606 607 608
3 609 610 611
3 612 613 614
3 615 616 617
3 618 619 620
3 621 622 623
3 624 625 626
3 627 628 629
3 630 631 632
3 633 634 635
3 636 637 638
3 639 640 641
3 642 643 644
3 645 646 647
3 648 649 650
3 651 652 653
3 654 655 656
3 657 658 659
3 660 661 662
3 663 664 665
3 666 667 668
3 669 670 671
3 672 673 674
3 675 676 677
3 678 679 680
3 681 682 683
3 684 685 686
3 687 688 689
3 690 691 692
3 693 694 695
3 696 697 698
3 699 700 701
3 702 703 704
3 705 706 707
3 708 709 710
3 711 712 713
3 714 715 716
3 717 718 719
3 720 721 722
3 723 724 725
3 726 727 728
3 729 730 731
3 732 733 734
3 735 736 737
3 738 739 740
3 741 742 743
3 744 745 746
3 747 748 749
3 750 751 752
3 753 754 755
3 756 757 758
3 759 760 761
3 762 763 764
3 765 766 767
3 768 769 770
3 771 772 773
3 774 775 776
3 777 778 779
3 780 781 782
3 783 784 785
3 786 787 788
3 789 790 791
3 792 793 794
3 795 796 797
3 798 799 800
3 801 802 803
3 804 805 806
3 807 808 809
3 810 811 812
3 813 814 815
3 816 817 818
3 819 820 821
3 822 823 824
3 825 826 827
3 828 829 830
3 831 832 833
3 834 835 836
3 837 838 839
3 840 841 842
3 843 844 845
3 846 847 848
3 849 850 851
3 852 853 854
3 855 856 857
3 858 859 860
3 861 862 863
3 864 865 866
3 867 868 869
3 870 871 872
3 873 874 875
3 876 877 878
3 879 880 881
3 882 883 884
3 885 886 887
3 888 889 890
3 891 892 893
3 894 895 896
3 897 898 899
3 900 901 902
3 903 904 905
3 906 907 908
3 909 910 911
3 912 913 914
3 915 916 917
3 918 919 920
3 921 922 923
3 924 925 926
3 927 928 929
3 930 931 932
3 933 934 935
3 936 937 938
3 939 940 941
3 942 943 944
3 945 946 947
3 948 949 950
3 951 952 953
3 954 955 956
3 957 958 959
3 960 961 962
3 963 964 965
3 966 967 968
3 969 970 971
3 972 973 974
3 975 976 977
3 978 979 980
3 981 982 983
3 984 985 986
3 987 988 989
3 990 991 992
3 993 994 995
3 996 997 998
3 999 1000 1001
3 1002 1003 1004
3 1005 1006 1007
3 1008 1009 1010
3 1011 1012 1013
3 1014 1015 1016
3 1017 1018 1019
3 1020 1021 1022
3 1023 1024 1025
3 1026 1027 1028
3 1029 1030 1031
3 1032 1033 1034
3 1035 1036 1037
3 1038 1039 1040
3 1041 1042 1043
3 1044 1045 1046
3 1047 1048 1049
3 1050 1051 1052
3 1053 1054 1055
3 1056 1057 1058
3 1059 1060 1061
3 1062 1063 1064
3 1065 1066 1067
3 1068 1069 1070
3 1071 1072 1073
3 1074 1075 1076
3 1077 1078 1079
3 1080 1081 1082
3 1083 1084 1085
3 1086 1087 1088
3 1089 1090 1091
3 1092 1093 1094
3 1095 1096 1097
3 1098 1099 1100
3 1101 1102 1103
3 1104 1105 1106
3 1107 1108 1109
3 1110 1111 1112
3 1113 1114 1115
3 1116 1117 1118
3 1119 1120 1121
3 1122 1123 1124
3 1125 1126 1127
3 1128 1129 1130
3 1131 1132 1133
3 1134 1135 1136
3 1137 1138 1139
3 1140 1141 1142
3 1143 1144 1145
3 1146 1147 1148
3 1149 1150 1151
3 1152 1153 1154
3 1155 1156 1157
3 1158 1159 1160
3 1161 1162 1163
3 1164 1165 1166
3 1167 1168 1169
3 1170 1171 1172
3 1173 1174 1175
3 1176 1177 1178
3 1179 1180 1181
3 1182 1183 1184
3 1185 1186 1187
3 1188 1189 1190
3 1191 1192 1193
3 1194 1195 1196
3 1197 1198 1199
3 1200 1201 1202
3 1203 1204 1205
3 1206 1207 1208
3 1209 1210 1211
3 1212 1213 1214
3 1215 1216 1217
3 1218 1219 1220
3 1221 1222 1223
3 1224 1225 1226
3 1227 1228 1229
3 1230 1231 1232
3 1233 1234 1235
3 1236 1237 1238
3 1239 1240 1241
3 1242 1243 1244
3 1245 1246 1247
3 1248 1249 1250
3 1251 1252 1253
3 1254 1255 1256
3 1257 1258 1259
3 1260 1261 1262
3 1263 1264 1265
3 1266 1267 1268
3 1269 1270 1271
3 1272 1273 1274
3 1275 1276 1277
3 1278 1279 1280
3 1281 1282 1283
3 1284 1285 1286
3 1287 1288 1289
3 1290 1291 1292
3 1293 1294 1295
3 1296 1297 1298
3 1299 1300 1301
3 1302 1303 1304
3 1305 1306 1307
3 1308 1309 1310
3 1311 1312 1313
3 1314 1315 1316
3 1317 1318 1319
3 1320 1321 1322
3 1323 1324 1325
3 1326 1327 1328
3 1329 1330 1331
3 1332 1333 1334
3 1335 1336 1337
3 1338 1339 1340
3 1341 1342 1343
3 1344 1345 1346
3 1347 1348 1349
3 1350 1351 1352
3 1353 1354 1355
3 1356 1357 1358
3 1359 1360 1361
3 1362 1363 1364
3 1365 1366 1367
3 1368 1369 1370
3 1371 1372 1373
3 1374 1375 1376
3 1377 1378 1379
3 1380 1381 1382
3 1383 1384 1385
3 1386 1387 1388
3 1389 1390 1391
3 1392 1393 1394
3 1395 1396 1397
3 1398 1399 1400
3 1401 1402 1403
3 1404 1405 1406
3 1407 1408 1409
3 1410 1411 1412
3 1413 1414 1415
3 1416 1417 1418
3 1419 1420 1421
3 1422 1423 1424
3 1425 1426 1427
3 1428 1429 1430
3 1431 1432 1433
3 1434 1435 1436
3 1437 1438 1439
3 1440 1441 1442
3 1443 1444 1445
3 1446 1447 1448
3 1449 1450 1451
3 1452 1453 1454
3 1455 1456 1457
3 1458 1459 1460
3 1461 1462 1463
3 1464 1465 1466
3 1467 1468 1469
3 1470 1471 1472
3 1473 1474 1475
3 1476 1477 1478
3 1479 1480 1481
3 1482 1483 1484
3 1485 1486 1487
3 1488 1489 1490
3 1491 1492 1493
3 1494 1495 1496
3 1497 1498 1499
3 1500 1501 1502
3 1503 1504 1505
3 1506 1507 1508
3 1509 1510 1511
3 1512 1513 1514
3 1515 1516 1517
3 1518 1519 1520
3 1521 1522 1523
3 1524 1525 1526
3 1527 1528 1529
3 1530 1531 1532
3 1533 1534 1535
3 1536 1537 1538
3 1539 1540 1541
3 1542 1543 1544
3 1545 1546 1547
3 1548 1549 1550
3 1551 1552 1553
3 1554 1555 1556
3 1557 1558 1559
3 1560 1561 1562
3 1563 1564 1565
3 1566 1567 1568
3 1569 1570 1571
3 1572 1573 1574
3 1575 1576 1577
3 1578 1579 1580
3 1581 1582 1583
3 1584 1585 1586
3 1587 1588 1589
3 1590 1591 1592
3 1593 1594 1595
3 1596 1597 1598
3 1599 1600 1601
3 1602 1603 1604
3 1605 1606 1607
3 1608 1609 1610
3 1611 1612 1613
3 1614 1615 1616
3 1617 1618 1619
3 1620 1621 1622
3 1623 1624 1625
3 1626 1627 1628
3 1629 1630 1631
3 1632 1633 1634
3 1635 1636 1637
3 1638 1639 1640
3 1641 1642 1643
3 1644 1645 1646
3 1647 1648 1649
3 1650 1651 1652
3 1653 1654 1655
3 1656 1657 1658
3 1659 1660 1661
3 1662 1663 1664
3 1665 1666 1667
3 1668 1669 1670
3 1671 1672 1673
3 1674 1675 1676
3 1677 1678 1679
3 1680 1681 1682
3 1683 1684 1685
3 1686 1687 1688
3 1689 1690 1691
3 1692 1693 1694
3 1695 1696 1697
3 1698 1699 1700
3 1701 1702 1703
3 1704 1705 1706
3 1707 1708 1709
3 1710 1711 1712
3 1713 1714 1715
3 1716 1717 1718
3 1719 1720 1721
3 1722 1723 1724
3 1725 1726 1727
3 1728 1729 1730
3 1731 1732 1733
3 1734 1735 1736
3 1737 1738 1739
3 1740 1741 1742
3 1743 1744 1745
3 1746 1747 1748
3 1749 1750 1751
3 1752 1753 1754
3 1755 1756 1757
3 1758 1759 1760
3 1761 1762 1763
3 1764 1765 1766
3 1767 1768 1769
3 1770 1771 1772
3 1773 1774 1775
3 1776 1777 1778
3 1779 1780 1781
3 1782 1783 1784
3 1785 1786 1787
3 1788 1789 1790
3 1791 1792 1793
3 1794 1795 1796
3 1797 1798 1799
3 1800 1801 1802
3 1803 1804 1805
3 1806 1807 1808
3 1809 1810 1811
3 1812 1813 1814
3 1815 1816 1817
3 1818 1819 1820
3 1821 1822 1823
3 1824 1825 1826
3 1827 1828 1829
3 1830 1831 1832
3 1833 1834 1835
3 1836 1837 1838
3 1839 1840 1841
3 1842 1843 1844
3 1845 1846 1847
3 1848 1849 1850
3 1851 1852 1853
3 1854 1855 1856
3 1857 1858 1859
3 1860 1861 1862
3 1863 1864 1865
3 1866 1867 1868
3 1869 1870 1871
3 1872 1873 1874
3 1875 1876 1877
3 1878 1879 1880
3 1881 1882 1883
3 1884 1885 1886
3 1887 1888 1889
3 1890 1891 1892
3 1893 1894 1895
3 1896 1897 1898
3 1899 1900 1901
3 1902 1903 1904
3 1905 1906 1907
3 1908 1909 1910
3 1911 1912 1913
3 1914 1915 1916
3 1917 1918 1919
3 1920 1921 1922
3 1923 1924 1925
3 1926 1927 1928
3 1929 1930 1931
3 1932 1933 1934
3 1935 1936 1937
3 1938 1939 1940
3 1941 1942 1943
3 1944 1945 1946
3 1947 1948 1949
3 1950 1951 1952
3 1953 1954 1955
3 1956 1957 1958
3 1959 1960 1961
3 1962 1963 1964
3 1965 1966 1967
3 1968 1969 1970
3 1971 1972 1973
3 1974 1975 1976
3 1977 1978 1979
3 1980 1981 1982
3 1983 1984 1985
3 1986 1987 1988
3 1989 1990 1991
3 1992 1993 1994
3 1995 1996 1997
3 1998 1999 2000
3 2001 2002 2003
3 2004 2005 2006
3 2007 2008 2009
3 2010 2011 2012
3 2013 2014 2015
3 2016 2017 2018
3 2019 2020 2021
3 2022 2023 2024
3 2025 2026 2027
3 2028 2029 2030
3 2031 2032 2033
3 2034 2035 2036
3 2037 2038 2039
3 2040 2041 2042
3 2043 2044 2045
3 2046 2047 2048
3 2049 2050 2051
3 2052 2053 2054
3 2055 2056 2057
3 2058 2059 2060
3 2061 2062 2063
3 2064 2065 2066
3 2067 2068 2069
3 2070 2071 2072
3 2073 2074 2075
3 2076 2077 2078
3 2079 2080 2081
3 2082 2083 2084
3 2085 2086 2087
3 2088 2089 2090
3 2091 2092 2093
3 2094 2095 2096
3 2097 2098 2099
3 2100 2101 2102
3 2103 2104 2105
3 2106 2107 2108
3 2109 2110 2111
3 2112 2113 2114
3 2115 2116 2117
3 2118 2119 2120
3 2121 2122 2123
3 2124 2125 2126
3 2127 2128 2129
3 2130 2131 2132
3 2133 2134 2135
3 2136 2137 2138
3 2139 2140 2141
3 2142 2143 2144
3 2145 2146 2147
3 2148 2149 2150
3 2151 2152 2153
3 2154 2155 2156
3 2157 2158 2159
3 2160 2161 2162
3 2163 2164 2165
3 2166 2167 2168
3 2169 2170 2171
3 2172 2173 2174
3 2175 2176 2177
3 2178 2179 2180
3 2181 2182 2183
3 2184 2185 2186
3 2187 2188 2189
3 2190 2191 2192
3 2193 2194 2195
3 2196 2197 2198
3 2199 2200 2201
3 2202 2203 2204
3 2205 2206 2207
3 2208 2209 2210
3 2211 2212 2213
3 2214 2215 2216
3 2217 2218 2219
3 2220 2221 2222
3 2223 2224 2225
3 2226 2227 2228
3 2229 2230 2231
3 2232 2233 2234
3 2235 2236 2237
3 2238 2239 2240
3 2241 2242 2243
3 2244 2245 2246
3 2247 2248 2249
3 2250 2251 2252
3 2253 2254 2255
3 2256 2257 2258
3 2259 2260 2261
3 2262 2263 2264
3 2265 2266 2267
3 2268 2269 2270
3 2271 2272 2273
3 2274 2275 2276
3 2277 2278 2279
3 2280 2281 2282
3 2283 2284 2285
3 2286 2287 2288
3 2289 2290 2291
3 2292 2293 2294
3 2295 2296 2297
3 2298 2299 2300
3 2301 2302 2303
3 2304 2305 2306
3 2307 2308 2309
3 2310 2311 2312
3 2313 2314 2315
3 2316 2317 2318
3 2319 2320 2321
3 2322 2323 2324
3 2325 2326 2327
3 2328 2329 2330
3 2331 2332 2333
3 2334 2335 2336
3 2337 2338 2339
3 2340 2341 2342
3 2343 2344 2345
3 2346 2347 2348
3 2349 2350 2351
3 2352 2353 2354
3 2355 2356 2357
3 2358 2359 2360
3 2361 2362 2363
3 2364 2365 2366
3 2367 2368 2369
3 2370 2371 2372
3 2373 2374 2375
3 2376 2377 2378
3 2379 2380 2381
3 2382 2383 2384
3 2385 2386 2387
3 2388 2389 2390
3 2391 2392 2393
3 2394 2395 2396
3 2397 2398 2399
