ply
format ascii 1.0
comment Created for BetterNecromancy boss visual overlay; world Z remapped to Colony Y
element vertex 2388
property float x
property float y
property float z
property float nx
property float ny
property float nz
property uchar red
property uchar green
property uchar blue
property uchar alpha
element face 796
property list uchar uint vertex_indices
end_header
0.0464733 1.5827235 -0.3395970 -0.2602466 -0.1224560 -0.9577454 45 43 41 255
0.0217988 1.2772349 -0.2732784 -0.3329076 -0.2890649 -0.8975601 53 60 69 255
0.0026822 1.5646494 -0.3134631 -0.5046502 -0.1384549 -0.8521492 58 62 56 255
0.1623039 1.4600895 -0.2873425 -0.3739845 0.1862499 0.9085408 180 175 97 255
0.1509619 1.2666279 -0.2429475 0.7111937 -0.5000474 0.4941217 178 178 111 255
0.2304847 1.3509492 -0.2414855 -0.2600467 0.1851459 0.9476795 193 191 133 255
0.0217988 1.2772349 -0.2732784 -0.3329076 -0.2890649 -0.8975601 53 60 69 255
0.0517776 1.2586585 -0.2775936 0.1046868 -0.4501545 -0.8867930 82 95 111 255
0.0102341 1.1825429 -0.2565736 -0.3245299 -0.1430938 -0.9349891 97 109 122 255
0.2377338 0.5845683 -0.1176085 -0.4630264 -0.4608175 -0.7571353 136 165 148 255
0.2441120 0.6423406 -0.1566710 -0.8898405 0.0743806 0.4501682 147 163 141 255
0.2871337 0.6218691 -0.1705214 -0.4630264 -0.4608175 -0.7571353 140 171 152 255
0.0710819 1.6897570 -0.3342689 -0.2832586 0.1606858 -0.9454865 12 12 12 255
0.0202191 1.7272544 -0.3007648 -0.4236732 0.5068666 -0.7507244 0 0 0 255
0.1147137 1.7243781 -0.3265390 0.0197585 0.2531622 -0.9672221 185 183 180 255
0.2304847 1.3509492 -0.2414855 0.5973212 -0.3739823 -0.7094679 192 189 185 255
0.1509619 1.2666279 -0.2429475 0.2996330 0.0971551 0.9490948 8 7 7 255
0.1789262 1.2294247 -0.2421123 0.8359584 -0.4364657 -0.3326734 8 8 8 255
0.0454071 1.3320943 0.0426884 -0.1250665 0.9617035 -0.2438947 190 192 192 255
0.0177464 1.3020299 -0.0293829 -0.6120185 0.7144051 -0.3392033 44 65 91 255
0.0277119 1.3607895 0.1040914 -0.2931591 0.9553551 0.0368024 192 193 193 255
0.2441120 0.6423406 -0.1566710 -0.8898153 0.0743413 0.4502243 98 117 86 255
0.2377338 0.5845683 -0.1176085 -0.7199470 0.4415375 0.5354634 111 112 106 255
0.2832718 0.6561032 -0.1153682 -0.4670964 0.6945238 0.5472273 114 129 97 255
-0.0518754 1.4387392 -0.1406895 0.9141557 0.1976785 0.3538962 9 14 19 255
-0.0552423 1.3985843 -0.0534980 0.7901956 0.1360026 -0.5975736 154 139 52 255
-0.0403304 1.3706856 -0.0952795 0.6643436 0.4207345 0.6177621 149 137 54 255
-0.1458328 0.0188101 -0.1826599 -0.1032309 -0.9143719 0.3914939 1 0 0 255
-0.0081701 0.1059860 -0.2016163 0.6332424 -0.3084058 0.7098520 176 160 77 255
-0.0968838 0.1014486 -0.1644019 0.0470433 -0.3445830 0.9375764 0 1 2 255
-0.0627089 0.1404793 -0.2822887 0.3932272 0.4821582 -0.7828767 198 194 137 255
-0.1588960 0.1716101 -0.2658433 -0.5116739 0.5068389 -0.6937608 194 190 131 255
-0.0945075 0.2303718 -0.2737353 0.0207711 0.2427294 -0.9698717 197 192 140 255
0.1147137 1.7243781 -0.3265390 0.0197585 0.2531622 -0.9672221 185 183 180 255
0.1710665 1.5125636 -0.3368477 0.1514165 -0.0171380 -0.9883214 176 170 165 255
0.1283307 1.5533917 -0.3488896 0.0724877 -0.0233499 -0.9970959 5 4 4 255
0.2078207 1.8575128 -0.0555351 0.2155642 0.8676795 0.4479557 151 157 130 255
0.2055130 1.7964009 0.0110071 0.2060024 0.6058070 0.7684795 96 89 86 255
0.3152728 1.6998699 0.0466194 0.4526735 0.5580463 0.6954646 87 154 141 255
0.1050320 1.7706629 -0.2916801 -0.2235492 0.8002278 -0.5564721 185 183 181 255
0.1147137 1.7243781 -0.3265390 0.0197585 0.2531622 -0.9672221 185 183 180 255
0.0202191 1.7272544 -0.3007648 -0.4236732 0.5068666 -0.7507244 0 0 0 255
0.0277119 1.3607895 0.1040914 -0.3681704 0.9132069 0.1746532 93 55 9 255
0.0232282 1.2842115 0.1809270 -0.5333971 0.6409745 0.5519414 92 50 8 255
0.1182513 1.3100429 0.1464498 0.5453221 0.7746124 0.3203112 48 35 18 255
0.3181324 1.4499083 -0.1978183 0.4765165 -0.5398753 -0.6938781 86 115 90 255
0.3214126 1.4483315 -0.1431144 0.4451134 -0.8062632 -0.3896329 92 116 86 255
0.2802935 1.4577450 -0.1780934 0.4368707 -0.7690480 -0.4665931 81 107 82 255
0.1534591 1.8584566 -0.0636685 -0.0712701 0.8367764 0.5428865 144 155 122 255
0.2055130 1.7964009 0.0110071 0.2060024 0.6058070 0.7684795 96 89 86 255
0.2078207 1.8575128 -0.0555351 0.2155642 0.8676795 0.4479557 151 157 130 255
0.0588412 1.2010591 -0.2089648 -0.9658365 -0.2473819 -0.0772128 188 182 178 255
0.0499353 1.2376080 -0.2061462 -0.9639344 -0.0042679 0.2661057 180 177 144 255
0.0102341 1.1825429 -0.2565736 -0.5273445 -0.4048388 0.7470030 100 91 85 255
0.2832718 0.6561032 -0.1153682 0.9597393 -0.2022865 0.1948868 139 136 57 255
0.2377338 0.5845683 -0.1176085 0.7786383 -0.5072347 0.3693713 154 143 58 255
0.2871337 0.6218691 -0.1705214 0.9633777 -0.1058064 0.2463907 126 132 61 255
-0.0456915 0.2073328 -0.2488711 0.7072378 0.1625100 -0.6880444 198 191 131 255
-0.0627089 0.1404793 -0.2822887 0.3932272 0.4821582 -0.7828767 198 194 137 255
-0.0945075 0.2303718 -0.2737353 0.0207711 0.2427294 -0.9698717 197 192 140 255
-0.2130249 0.1369557 0.1022577 0.2682379 0.7207335 -0.6392118 193 186 106 255
-0.2283401 0.1066936 0.0897417 -0.1686607 0.0621385 -0.9837136 193 188 107 255
-0.2972927 0.2178809 0.1262474 -0.5717991 0.4756445 -0.6684369 192 191 138 255
0.2452991 1.4106718 -0.0443285 0.6703780 -0.4573470 0.5843176 180 175 120 255
0.2321992 1.4225607 0.0270875 0.9339237 0.2052950 -0.2926438 196 193 138 255
0.2915277 1.3627496 -0.0382946 0.5812047 0.7230269 0.3734077 186 181 105 255
0.2321992 1.4225607 0.0270875 0.9339237 0.2052950 -0.2926438 196 193 138 255
0.2785578 1.3944951 0.0587370 0.5813058 -0.2342819 0.7792276 164 157 88 255
0.2915277 1.3627496 -0.0382946 0.5812047 0.7230269 0.3734077 186 181 105 255
-0.1257646 1.5647004 -0.1502782 -0.9594774 -0.0364907 -0.2794131 7 6 6 255
-0.0632129 1.3480903 -0.1483660 -0.8430238 -0.1366911 -0.5202175 62 110 86 255
-0.0704682 1.3408554 -0.1387075 -0.8890886 -0.0068235 -0.4576842 110 131 99 255
0.1975377 0.4691490 -0.1186509 -0.8657331 0.4137357 -0.2816534 181 176 171 255
0.2523043 0.5505091 -0.1674782 -0.7597557 0.2677583 0.5925174 83 97 115 255
0.2594528 0.5258155 -0.2071117 -0.8576141 0.3526156 -0.3743799 56 72 91 255
0.0180070 1.2674415 -0.2126991 0.5516063 0.0434591 0.8329717 189 187 184 255
0.0367713 1.2758839 -0.2281967 0.0177173 0.8383003 0.5449208 156 155 146 255
0.0117588 1.3368565 -0.1978458 0.9012058 0.2157475 0.3758738 138 139 126 255
-0.0337603 1.5897218 -0.2883012 -0.6883853 0.0182891 -0.7251146 11 24 35 255
0.0464733 1.5827235 -0.3395970 -0.2602466 -0.1224560 -0.9577454 45 43 41 255
0.0026822 1.5646494 -0.3134631 -0.5046502 -0.1384549 -0.8521492 58 62 56 255
-0.0285256 1.5035513 0.1342213 -0.7115926 0.1050268 0.6946981 117 131 90 255
0.0304375 1.3913920 0.1567237 -0.1602212 -0.0428352 0.9861513 87 111 81 255
0.0191610 1.5210277 0.1290855 -0.3320450 0.2464946 0.9104869 119 132 88 255
0.1067672 0.5032730 0.3422866 0.7026961 -0.6193126 0.3502431 143 138 52 255
0.1743841 0.5997346 0.3828330 0.2543058 -0.0013051 0.9671229 120 108 24 255
0.1280394 0.6064086 0.3780935 -0.1571458 -0.7256927 0.6698323 123 113 42 255
0.2871337 0.6218691 -0.1705214 0.9633777 -0.1058064 0.2463907 126 132 61 255
0.2898483 0.7172076 -0.2364316 0.7573240 0.3183027 0.5702138 126 142 102 255
0.2832718 0.6561032 -0.1153682 0.9597393 -0.2022865 0.1948868 139 136 57 255
0.1743841 0.5997346 0.3828330 0.2543058 -0.0013051 0.9671229 120 108 24 255
0.0610950 0.6306269 0.3942027 0.0043488 -0.0276101 0.9996093 120 141 112 255
0.0945995 0.6216295 0.3976445 -0.5325838 -0.6849424 0.4972007 78 86 47 255
0.0774746 1.3908545 0.0164142 -0.6300977 -0.3299318 0.7029381 126 144 115 255
-0.0212290 1.4900686 -0.0074451 -0.7241415 -0.5895943 0.3577675 175 161 77 255
0.0999541 1.3292780 -0.0697799 -0.5872281 -0.8079681 0.0484849 190 182 112 255
0.0232282 1.2842115 0.1809270 -0.5333971 0.6409745 0.5519414 92 50 8 255
0.0277119 1.3607895 0.1040914 -0.3681704 0.9132069 0.1746532 93 55 9 255
-0.0761514 1.2741108 0.0727620 -0.8782225 0.4682071 0.0975054 54 82 109 255
0.2804527 1.4894148 -0.2699260 0.0128786 -0.3179167 0.9480312 186 187 181 255
0.3231776 1.5703800 -0.2295582 -0.0314092 -0.3352761 0.9415962 80 85 27 255
0.2470810 1.5063953 -0.2550734 0.2213635 -0.3285368 0.9181839 199 203 195 255
0.2030854 0.8740785 -0.2312140 0.1774902 -0.0183917 0.9839507 108 183 171 255
0.2064619 1.0027363 -0.2385063 0.9208184 0.3827153 -0.0749823 30 48 68 255
0.1515920 0.9556359 -0.2092792 -0.1906565 -0.2421317 0.9513267 87 6 4 255
0.2064619 1.0027363 -0.2385063 0.9208184 0.3827153 -0.0749823 30 48 68 255
0.1320148 1.1382903 -0.2537998 0.4685573 0.0713866 -0.8805442 111 120 132 255
0.1395326 1.2092737 -0.2297673 0.8840421 0.3877383 -0.2610145 109 120 133 255
0.2485578 1.8352915 -0.1877098 0.4980012 0.7821161 -0.3745520 186 185 183 255
0.3384905 1.7743628 -0.1072018 0.8065887 0.5908297 0.0182993 186 185 183 255
0.3616760 1.7323399 -0.1434596 0.8673533 0.4884808 -0.0953138 186 185 182 255
0.1272562 1.5477502 0.0991373 0.7210486 -0.1057751 -0.6847631 180 178 175 255
0.1684196 1.4931339 0.1509173 0.5569631 -0.3178295 -0.7673177 123 165 149 255
0.1314230 1.4950124 0.1043327 0.5802646 -0.1582546 -0.7989045 121 131 116 255
0.1684196 1.4931339 0.1509173 0.5569631 -0.3178295 -0.7673177 123 165 149 255
0.1639273 1.3761499 0.1528611 0.4388551 -0.2874834 -0.8513280 143 150 108 255
0.1314230 1.4950124 0.1043327 0.5802646 -0.1582546 -0.7989045 121 131 116 255
0.0359528 0.9336233 -0.0289898 0.8520455 -0.3997737 -0.3379341 103 114 127 255
0.0220830 0.9703960 -0.0724421 0.6749921 -0.1331025 -0.7257199 100 110 124 255
0.1099036 1.0062309 0.0097053 0.7677426 -0.6256942 -0.1381226 125 171 156 255
-0.2119477 0.9364887 -0.1261057 -0.4819185 0.5467074 -0.6847375 49 70 93 255
-0.2889867 0.9163283 0.0405059 -0.8273724 0.5601774 -0.0406971 104 126 93 255
-0.1230569 1.0541042 -0.0242357 -0.7427500 0.4402048 -0.5045217 30 57 77 255
0.1984887 0.6792740 0.3344498 0.8668302 -0.1649111 0.4705419 188 183 179 255
0.1996756 0.6146908 0.2717302 0.9459887 -0.0944439 -0.3101383 188 183 179 255
0.2172768 0.7018245 0.2988822 0.9617617 0.2092769 -0.1766857 188 183 179 255
0.2470810 1.5063953 -0.2550734 0.5171720 -0.2025430 -0.8315704 97 166 151 255
0.3181324 1.4499083 -0.1978183 0.4765165 -0.5398753 -0.6938781 86 115 90 255
0.2384646 1.4789208 -0.2523003 0.4323465 -0.3736613 -0.8206422 99 161 143 255
0.2304847 1.3509492 -0.2414855 0.5973212 -0.3739823 -0.7094679 192 189 185 255
0.2804527 1.4894148 -0.2699260 0.5635051 -0.3216115 -0.7609390 150 146 133 255
0.2636075 1.4471928 -0.2494872 0.1200777 0.1482368 0.9816350 150 146 133 255
0.1346004 1.2075173 -0.1606331 0.6033462 0.0476417 0.7960551 102 115 130 255
0.1275461 1.2259284 -0.1292322 0.6718220 -0.7406071 0.0125033 77 102 123 255
0.0703983 1.2037499 -0.1483713 -0.6455110 -0.6207350 -0.4449759 83 106 128 255
-0.1191394 1.6280633 -0.0934777 -0.9957174 0.0834264 -0.0398360 136 135 132 255
-0.1012914 1.6820146 -0.0637200 -0.9034961 0.3295977 0.2739706 185 184 181 255
-0.0886176 1.7120310 -0.1960881 -0.9408910 0.2564500 -0.2212632 186 185 183 255
0.0703983 1.2037499 -0.1483713 -0.6455110 -0.6207350 -0.4449759 83 106 128 255
0.0663192 1.2041224 -0.1603385 -0.4848799 -0.7144487 0.5044349 88 106 125 255
0.1346004 1.2075173 -0.1606331 0.6033462 0.0476417 0.7960551 102 115 130 255
-0.2283401 0.1066936 0.0897417 0.0874876 -0.0509453 0.9948621 179 172 83 255
-0.2130249 0.1369557 0.1022577 -0.6039851 -0.1255765 0.7870404 192 192 138 255
-0.2229667 0.1761728 0.1004026 -0.1731828 -0.5250421 0.8332698 10 17 23 255
0.0102341 1.1825429 -0.2565736 -0.5273445 -0.4048388 0.7470030 100 91 85 255
0.0325296 1.2439466 -0.2181215 -0.3663605 -0.2468142 0.8971415 79 85 73 255
-0.0334513 1.2335672 -0.2438880 -0.5330134 -0.1491552 0.8328563 139 121 110 255
0.1515920 0.9556359 -0.2092792 -0.1906565 -0.2421317 0.9513267 87 6 4 255
0.1346004 1.2075173 -0.1606331 0.6033462 0.0476417 0.7960551 102 115 130 255
0.0663192 1.2041224 -0.1603385 -0.4848799 -0.7144487 0.5044349 88 106 125 255
-0.0212290 1.4900686 -0.0074451 -0.7241415 -0.5895943 0.3577675 175 161 77 255
-0.0001223 1.5363920 0.0408647 -0.5567086 -0.3208688 0.7662367 169 152 66 255
-0.0482168 1.5886505 -0.0099649 -0.7955016 -0.1649933 0.5830560 193 191 138 255
-0.0621834 1.7591904 -0.0658209 -0.7696970 0.5339196 0.3499948 185 183 181 255
-0.0886176 1.7120310 -0.1960881 -0.9408910 0.2564500 -0.2212632 186 185 183 255
-0.1012914 1.6820146 -0.0637200 -0.9034961 0.3295977 0.2739706 185 184 181 255
0.2442303 1.4959414 -0.2479537 -0.9500703 0.3047311 0.0671233 46 69 91 255
0.2470810 1.5063953 -0.2550734 0.1135475 -0.2445768 0.9629586 47 69 91 255
0.2384646 1.4789208 -0.2523003 -0.1780976 0.2592672 0.9492428 46 69 91 255
0.2113035 1.2773531 0.0225723 0.0500988 -0.9918115 0.1174732 186 156 61 255
0.2785578 1.3944951 0.0587370 0.5815152 -0.2958774 0.7578236 195 191 136 255
0.1624560 1.3808836 0.0948205 -0.1531682 -0.3088715 0.9386895 190 182 108 255
-0.2130249 0.1369557 0.1022577 -0.6039851 -0.1255765 0.7870404 192 192 138 255
-0.1724913 0.1494421 0.1412313 -0.6352773 -0.7385082 0.2258950 192 191 136 255
-0.2229667 0.1761728 0.1004026 -0.1731828 -0.5250421 0.8332698 10 17 23 255
0.2341609 1.5456730 0.1104748 -0.3890083 -0.6647010 -0.6378441 145 157 135 255
0.2057304 1.5289067 0.1452863 -0.0735960 -0.6319091 -0.7715405 140 166 146 255
0.1836128 1.6127032 0.0860898 0.0091201 -0.5395000 -0.8419363 143 158 135 255
0.0414128 0.4208591 0.0948427 0.8993975 -0.2900138 -0.3270720 108 61 3 255
-0.1724122 0.1500654 0.1410222 0.8578620 -0.4533995 -0.2418714 150 159 127 255
-0.1931524 0.1858011 0.0723937 0.2752067 -0.4451170 -0.8521339 151 170 149 255
-0.0241935 1.2770071 -0.1794906 -0.5973868 -0.7964131 0.0941017 118 132 89 255
-0.0473347 1.3007983 -0.0878072 0.5114834 -0.6318934 0.5823190 129 132 74 255
-0.0607936 1.3052259 -0.1944468 -0.7503008 -0.6609602 -0.0134302 192 191 133 255
0.0527403 1.5613436 0.0956342 0.2955247 -0.2720096 -0.9157925 121 162 143 255
0.0063095 1.5799379 0.0540352 0.6196877 -0.2132982 -0.7553087 95 115 81 255
0.0342016 1.5781890 0.0661547 0.3670774 -0.6892096 -0.6246954 23 26 26 255
-0.0282583 1.3297688 -0.1421261 0.9639728 0.0683622 0.2570660 136 132 64 255
-0.0283685 1.4565115 -0.2059486 0.9487977 0.1222586 0.2912658 17 25 31 255
-0.0212407 1.4317170 -0.1520734 0.9734979 -0.1147021 -0.1978517 56 81 106 255
-0.0481803 1.4979335 -0.0583234 -0.8317847 -0.5342597 0.1506682 180 169 96 255
-0.0613651 1.5268264 -0.1671517 -0.8929509 -0.4500298 -0.0105815 156 130 36 255
-0.0212407 1.4317170 -0.1520734 -0.8986436 -0.4379721 0.0249000 176 165 87 255
-0.0191920 0.1126105 0.0588968 0.5498552 0.6465406 -0.5288142 171 155 70 255
-0.0907011 0.1459571 0.1689816 0.1725742 0.9837536 -0.0494682 173 156 72 255
-0.0106077 0.1171544 0.1893189 0.5119616 0.5173873 0.6857155 169 153 65 255
0.2721262 0.6763147 -0.2813550 0.5882745 -0.1349599 -0.7973198 78 99 71 255
0.1199021 0.9537424 -0.2561878 -0.8799996 -0.4032075 -0.2510465 189 185 119 255
0.1427293 0.9855560 -0.2844943 0.0635063 -0.0614764 -0.9960861 193 189 126 255
0.0491743 1.1783443 -0.2048283 0.9166045 -0.3574964 0.1789764 186 183 115 255
0.0523505 1.1533195 -0.2710800 -0.0127495 -0.8713092 0.4905690 107 121 105 255
0.0588412 1.2010591 -0.2089648 0.9166045 -0.3574964 0.1789764 190 186 128 255
-0.0923181 0.4406340 0.0682318 -0.9976221 -0.0154750 0.0671603 28 53 73 255
-0.0890350 0.4407170 0.1592035 -0.1830747 0.3002741 0.9361192 37 64 86 255
-0.2015455 0.5875431 0.1152570 -0.8327044 -0.5188341 0.1934286 120 126 79 255
-0.0427260 0.6928486 0.0872376 0.8919843 0.3484474 0.2880074 107 179 166 255
-0.0239332 0.6769970 0.0365393 0.8351156 0.3803417 -0.3973943 122 171 143 255
-0.0724769 0.7744243 0.0820181 0.9896508 0.0038551 0.1434440 145 154 125 255
0.2030854 0.8740785 -0.2312140 0.1774902 -0.0183917 0.9839507 108 183 171 255
0.2136908 0.7909437 -0.2430716 -0.5189894 -0.1940402 0.8324653 150 159 128 255
0.2898483 0.7172076 -0.2364316 0.7366677 0.3284199 0.5911524 102 127 94 255
0.2439060 1.5101978 0.1561286 0.7251596 -0.4600868 -0.5123121 145 166 146 255
0.2057304 1.5289067 0.1452863 -0.0735960 -0.6319091 -0.7715405 140 166 146 255
0.2341609 1.5456730 0.1104748 -0.3890083 -0.6647010 -0.6378441 145 157 135 255
0.2057304 1.5289067 0.1452863 0.2772478 0.3112459 0.9089882 136 144 86 255
0.2439060 1.5101978 0.1561286 0.2498284 0.3799646 0.8906249 28 36 42 255
0.1814756 1.7145473 0.0864594 0.2141763 0.5308282 0.8199695 137 109 24 255
0.0186176 1.2398397 -0.1147922 -0.2707740 0.6161444 -0.7396266 182 177 173 255
0.0499353 1.2376080 -0.2061462 -0.8819851 -0.4649135 -0.0771871 159 158 154 255
0.0703983 1.2037499 -0.1483713 -0.3759075 -0.6807727 -0.6286830 185 180 175 255
0.3599632 1.6422409 -0.1633019 -0.7359692 0.3936926 -0.5507773 192 187 124 255
0.3381908 1.6116797 -0.2072625 0.9435565 0.2147072 0.2521943 145 142 137 255
0.3475254 1.6496309 -0.1258070 -0.4884819 0.8110306 -0.3218925 190 184 151 255
-0.1067202 0.7591213 0.1550531 0.3973595 0.0492403 0.9163409 117 123 115 255
-0.0996132 1.0183361 0.1647403 -0.1565857 0.0216754 0.9874265 77 90 106 255
-0.1752150 0.7757459 0.1936193 -0.3288643 -0.0137264 0.9442774 171 170 166 255
0.1789262 1.2294247 -0.2421123 0.8359584 -0.4364657 -0.3326734 8 8 8 255
0.1422188 1.3483442 -0.2987587 0.1418806 -0.2580413 -0.9556592 7 6 6 255
0.2304847 1.3509492 -0.2414855 0.5973212 -0.3739823 -0.7094679 192 189 185 255
0.2335429 1.5203668 -0.3250710 0.5099384 -0.3425820 -0.7890503 183 180 174 255
0.1422188 1.3483442 -0.2987587 0.1418806 -0.2580413 -0.9556592 7 6 6 255
0.1710665 1.5125636 -0.3368477 0.1514165 -0.0171380 -0.9883214 176 170 165 255
0.1601808 1.3355517 -0.2030258 0.4732311 -0.8683990 -0.1481066 175 32 36 255
0.1723647 1.4340254 -0.2512856 0.6093642 -0.3748234 -0.6987008 91 105 121 255
0.3181324 1.4499083 -0.1978183 0.5812106 -0.5189142 -0.6268351 52 87 113 255
0.0177464 1.3020299 -0.0293829 -0.6120185 0.7144051 -0.3392033 44 65 91 255
0.0367713 1.2758839 -0.2281967 -0.3257401 0.8343486 0.4446977 161 160 155 255
0.0499353 1.2376080 -0.2061462 -0.8819851 -0.4649135 -0.0771871 159 158 154 255
-0.0679629 1.4206044 -0.2378725 -0.8116550 -0.0671880 -0.5802603 112 129 88 255
-0.0680428 1.4114345 -0.1796703 -0.9278237 -0.2559999 -0.2713069 101 113 84 255
-0.0966315 1.5603497 -0.2172834 -0.8583384 -0.0309346 -0.5121508 6 5 5 255
0.2304847 1.3509492 -0.2414855 0.5973212 -0.3739823 -0.7094679 192 189 185 255
0.2335429 1.5203668 -0.3250710 0.5099384 -0.3425820 -0.7890503 183 180 174 255
0.2804527 1.4894148 -0.2699260 0.5635051 -0.3216115 -0.7609390 150 146 133 255
-0.1458328 0.0188101 -0.1826599 -0.1032309 -0.9143719 0.3914939 1 0 0 255
0.1339922 0.1099184 -0.2431431 0.5723347 0.4811022 0.6640584 186 180 179 255
-0.0081701 0.1059860 -0.2016163 0.6332424 -0.3084058 0.7098520 176 160 77 255
0.1515920 0.9556359 -0.2092792 -0.1906565 -0.2421317 0.9513267 87 6 4 255
0.1199021 0.9537424 -0.2561878 -0.9226565 -0.3258386 -0.2062384 65 21 12 255
0.2136908 0.7909437 -0.2430716 -0.5189894 -0.1940402 0.8324653 150 159 128 255
-0.0030081 0.5457147 0.0281539 0.5871664 -0.0895280 -0.8044999 68 82 102 255
-0.0573621 0.6541092 0.0036194 0.0691857 -0.0979424 -0.9927843 128 131 91 255
-0.0163114 0.6152121 0.0523417 0.9401984 0.2815865 -0.1916668 160 25 17 255
0.1272562 1.5477502 0.0991373 0.7210486 -0.1057751 -0.6847631 180 178 175 255
0.1337643 1.5972502 0.0910065 0.2715686 -0.4105030 -0.8704814 160 156 143 255
0.1684196 1.4931339 0.1509173 0.5569631 -0.3178295 -0.7673177 123 165 149 255
-0.0334513 1.2335672 -0.2438880 -0.6764663 0.1366888 -0.7236779 128 145 117 255
-0.0363815 1.2813456 -0.2243545 -0.8134740 -0.1032390 -0.5723649 102 139 119 255
-0.0326650 1.3506957 -0.2312410 -0.7209266 -0.0223102 -0.6926523 68 106 77 255
-0.0337603 1.5897218 -0.2883012 -0.6883853 0.0182891 -0.7251146 11 24 35 255
-0.0292301 1.7206175 -0.2684257 -0.7235393 0.1871778 -0.6644211 0 2 5 255
0.0202191 1.7272544 -0.3007648 -0.4236732 0.5068666 -0.7507244 0 0 0 255
0.2136908 0.7909437 -0.2430716 -0.5189894 -0.1940402 0.8324653 150 159 128 255
0.2030854 0.8740785 -0.2312140 0.1774902 -0.0183917 0.9839507 108 183 171 255
0.1515920 0.9556359 -0.2092792 -0.1906565 -0.2421317 0.9513267 87 6 4 255
-0.0337603 1.5897218 -0.2883012 -0.7328275 0.0518405 -0.6784368 8 8 8 255
-0.0679629 1.4206044 -0.2378725 -0.8116550 -0.0671880 -0.5802603 112 129 88 255
-0.0292301 1.7206175 -0.2684257 -0.7234003 0.1867278 -0.6646991 21 45 64 255
-0.0292301 1.7206175 -0.2684257 -0.7234003 0.1867278 -0.6646991 21 45 64 255
-0.0679629 1.4206044 -0.2378725 -0.8116550 -0.0671880 -0.5802603 112 129 88 255
-0.0966315 1.5603497 -0.2172834 -0.8583384 -0.0309346 -0.5121508 6 5 5 255
-0.0668533 1.3811808 0.0098124 0.6103307 -0.0369149 0.7912861 151 140 59 255
-0.0299268 1.3237736 -0.0511739 0.8274121 -0.1879654 0.5292054 145 136 59 255
-0.0481803 1.4979335 -0.0583234 0.9674965 0.1783951 0.1792367 36 45 54 255
-0.2229667 0.1761728 0.1004026 0.9886209 0.0541297 -0.1403516 17 20 24 255
-0.2082734 0.1768524 0.2041671 0.8655469 -0.5006056 0.0149189 177 170 102 255
-0.2169688 0.1552839 0.1345961 0.9249654 0.3416984 -0.1663760 181 173 91 255
0.1437316 1.2309403 0.1210063 0.8901072 0.3782614 0.2542194 146 154 130 255
0.0961206 1.2599154 0.1658068 0.6909853 0.0275311 0.7223444 130 145 116 255
0.1463375 1.1415477 0.2058661 0.3199424 -0.0996841 0.9421784 162 158 100 255
-0.1067202 0.7591213 0.1550531 0.3747539 0.0516231 0.9256859 101 177 164 255
-0.0151551 0.6085401 0.1217666 0.8437464 0.3369840 0.4177726 138 135 83 255
-0.0427260 0.6928486 0.0872376 0.8919843 0.3484474 0.2880074 107 179 166 255
-0.0622509 0.7700269 0.1271782 0.7373250 -0.3313047 0.5887181 117 125 136 255
-0.1067202 0.7591213 0.1550531 0.4257734 0.0224330 0.9045517 127 133 143 255
-0.0724769 0.7744243 0.0820181 0.8948710 -0.4398447 0.0757794 113 121 133 255
0.2064619 1.0027363 -0.2385063 0.9208184 0.3827153 -0.0749823 30 48 68 255
0.1427293 0.9855560 -0.2844943 -0.0644609 0.1475358 -0.9869539 28 42 58 255
0.1320148 1.1382903 -0.2537998 0.4685573 0.0713866 -0.8805442 111 120 132 255
0.3381908 1.6116797 -0.2072625 0.9435565 0.2147072 0.2521943 145 142 137 255
0.3724749 1.6079478 -0.1889451 0.8788742 -0.4157752 -0.2339042 72 62 48 255
0.3547363 1.5744797 -0.2027738 0.9327304 -0.1823148 -0.3110875 166 161 156 255
-0.3561981 0.0716726 0.1165001 -0.4545880 -0.6758115 -0.5801970 189 191 130 255
-0.0465629 0.0240005 0.0370569 -0.0468262 -0.8841117 -0.4649233 191 179 82 255
-0.2209525 0.0415070 0.2742004 -0.0457493 -0.8292208 0.5570457 180 180 108 255
-0.0624835 1.7745006 -0.1706907 -0.4939947 0.8054963 -0.3273302 124 144 117 255
0.0202191 1.7272544 -0.3007648 -0.4236732 0.5068666 -0.7507244 0 0 0 255
-0.0292301 1.7206175 -0.2684257 -0.7235393 0.1871778 -0.6644211 0 2 5 255
0.1595263 0.5285258 0.3032193 0.9178175 -0.2811826 -0.2802629 196 191 134 255
0.1778154 0.6111423 0.3375556 -0.0676265 -0.2929898 -0.9537210 194 194 144 255
0.1859491 0.5494296 0.3687782 0.9416977 -0.3234766 0.0925661 194 190 137 255
0.3440716 1.6719359 0.0149438 0.8701636 0.0043614 0.4927437 127 154 127 255
0.3307643 1.6084949 -0.0458479 0.9665022 0.1355763 0.2179276 112 143 109 255
0.3409033 1.6596173 -0.0354276 0.8142636 0.4152974 0.4055894 90 114 79 255
0.1258340 1.8262206 -0.0125744 -0.1992512 0.7830645 0.5891596 164 170 129 255
0.1288610 1.8541219 -0.1386898 -0.1837973 0.9827073 -0.0224696 112 181 169 255
0.0820026 1.8472651 -0.0875013 -0.2799424 0.8805102 0.3825364 147 162 133 255
0.3554559 1.6077285 -0.1132809 0.9762516 0.0771527 0.2024358 104 129 100 255
0.3409033 1.6596173 -0.0354276 0.8142636 0.4152974 0.4055894 90 114 79 255
0.3307643 1.6084949 -0.0458479 0.9665022 0.1355763 0.2179276 112 143 109 255
0.0367713 1.2758839 -0.2281967 0.0177173 0.8383003 0.5449208 156 155 146 255
0.0212684 1.3661474 -0.2426821 0.8157173 0.0947995 0.5706298 19 30 36 255
0.0117588 1.3368565 -0.1978458 0.9012058 0.2157475 0.3758738 138 139 126 255
-0.1844084 0.8018730 -0.1897039 -0.2835223 -0.0001638 -0.9589655 46 68 91 255
-0.2119477 0.9364887 -0.1261057 -0.4819185 0.5467074 -0.6847375 49 70 93 255
-0.0843065 0.7817711 -0.1936154 0.1968735 0.0428374 -0.9794927 46 68 91 255
-0.1724913 0.1494421 0.1412313 -0.6352773 -0.7385082 0.2258950 192 191 136 255
-0.1876776 0.1527316 0.1931837 -0.7215813 -0.4188041 -0.5512928 193 192 131 255
-0.2082734 0.1768524 0.2041671 -0.7744521 -0.4420069 -0.4526079 191 191 132 255
0.0304375 1.3913920 0.1567237 -0.1602520 -0.0428801 0.9861444 142 144 110 255
0.0248821 1.3794406 0.1295950 -0.3537711 -0.8328794 0.4256265 142 110 80 255
0.0647235 1.3747029 0.1440482 -0.4045129 -0.1471145 0.9026220 141 154 128 255
-0.1257646 1.5647004 -0.1502782 -0.9594774 -0.0364907 -0.2794131 7 6 6 255
-0.0886176 1.7120310 -0.1960881 -0.9408910 0.2564500 -0.2212632 186 185 183 255
-0.0966315 1.5603497 -0.2172834 -0.8583384 -0.0309346 -0.5121508 6 5 5 255
0.2871337 0.6218691 -0.1705214 0.9633777 -0.1058064 0.2463907 126 132 61 255
0.2721262 0.6763147 -0.2813550 0.5882745 -0.1349599 -0.7973198 78 99 71 255
0.2898483 0.7172076 -0.2364316 0.7573240 0.3183027 0.5702138 126 142 102 255
0.3476768 1.5635338 -0.0758805 0.9799142 0.1500612 0.1313380 107 135 102 255
0.3554559 1.6077285 -0.1132809 0.9762516 0.0771527 0.2024358 104 129 100 255
0.3307643 1.6084949 -0.0458479 0.9665022 0.1355763 0.2179276 112 143 109 255
-0.0239332 0.6769970 0.0365393 0.8351156 0.3803417 -0.3973943 122 171 143 255
-0.0873213 0.7121740 0.0019493 0.4364417 -0.5267997 -0.7293839 151 160 135 255
-0.0724769 0.7744243 0.0820181 0.9896508 0.0038551 0.1434440 145 154 125 255
0.1684196 1.4931339 0.1509173 0.5568219 -0.3179467 -0.7673717 123 165 149 255
0.1836128 1.6127032 0.0860898 0.0091201 -0.5395000 -0.8419363 143 158 135 255
0.2057304 1.5289067 0.1452863 -0.0735960 -0.6319091 -0.7715405 140 166 146 255
0.2636075 1.4471928 -0.2494872 0.3685163 0.0273748 0.9292182 95 168 152 255
0.2384646 1.4789208 -0.2523003 0.0184987 0.1349124 0.9906847 193 193 189 255
0.2304847 1.3509492 -0.2414855 -0.4317192 0.1471049 0.8899319 91 175 165 255
0.3379080 1.7424347 -0.0396836 0.7385691 0.5094975 0.4415065 188 186 185 255
0.2621498 1.8258792 -0.0406237 0.5174930 0.7738383 0.3652059 145 157 127 255
0.3152728 1.6998699 0.0466194 0.4526735 0.5580463 0.6954646 87 154 141 255
0.1194143 1.3967143 0.1442599 0.0404435 -0.3365847 -0.9407842 136 151 119 255
0.1639273 1.3761499 0.1528611 0.4388551 -0.2874834 -0.8513280 143 150 108 255
0.1130331 1.3784036 0.1695940 0.0629061 -0.8163123 -0.5741749 122 136 94 255
-0.0966315 1.5603497 -0.2172834 -0.8583384 -0.0309346 -0.5121508 6 5 5 255
-0.0886176 1.7120310 -0.1960881 -0.9408910 0.2564500 -0.2212632 186 185 183 255
-0.0292301 1.7206175 -0.2684257 -0.7234003 0.1867278 -0.6646991 21 45 64 255
0.0304375 1.3913920 0.1567237 -0.1602212 -0.0428352 0.9861513 87 111 81 255
-0.0285256 1.5035513 0.1342213 -0.7115926 0.1050268 0.6946981 117 131 90 255
-0.0092652 1.3909239 0.1196380 -0.7151780 -0.0674963 0.6956757 128 140 111 255
-0.2972927 0.2178809 0.1262474 -0.5717991 0.4756445 -0.6684369 192 191 138 255
-0.3561981 0.0716726 0.1165001 -0.4545880 -0.6758115 -0.5801970 189 191 130 255
-0.4042296 0.0904692 0.1831908 -0.9400331 -0.1431074 0.3096092 190 188 128 255
-0.0081701 0.1059860 -0.2016163 0.6332424 -0.3084058 0.7098520 176 160 77 255
-0.0005836 0.1327521 -0.2749181 0.8782837 0.3917173 -0.2741810 197 192 135 255
0.0785618 0.3512513 -0.0727546 0.4545901 -0.5413007 0.7073481 89 102 118 255
0.2636075 1.4471928 -0.2494872 0.3685163 0.0273748 0.9292182 95 168 152 255
0.2804527 1.4894148 -0.2699260 0.0128786 -0.3179167 0.9480312 186 187 181 255
0.2470810 1.5063953 -0.2550734 0.2213635 -0.3285368 0.9181839 199 203 195 255
0.2057304 1.5289067 0.1452863 0.2772478 0.3112459 0.9089882 136 144 86 255
0.1814756 1.7145473 0.0864594 0.2141763 0.5308282 0.8199695 137 109 24 255
0.1281595 1.6932598 0.1080730 -0.0022313 0.5215207 0.8532356 128 94 5 255
-0.0465629 0.0240005 0.0370569 -0.0468262 -0.8841117 -0.4649233 191 179 82 255
-0.0191920 0.1126105 0.0588968 0.5546716 0.6470855 -0.5230867 194 192 145 255
0.0239990 0.0270814 0.1762435 0.6044774 -0.7323763 0.3134199 194 187 122 255
0.0202191 1.7272544 -0.3007648 -0.4236732 0.5068666 -0.7507244 0 0 0 255
0.0710819 1.6897570 -0.3342689 -0.2832586 0.1606858 -0.9454865 12 12 12 255
-0.0337603 1.5897218 -0.2883012 -0.6883853 0.0182891 -0.7251146 11 24 35 255
0.0774746 1.3908545 0.0164142 -0.5531119 0.1506494 0.8193730 162 153 80 255
0.1209500 1.2707803 0.0578911 0.8348722 0.5045921 0.2199438 191 187 184 255
0.1220813 1.3465812 0.0184586 -0.0800832 -0.6641055 0.7433374 182 177 126 255
0.3724749 1.6079478 -0.1889451 0.8788748 -0.4158210 -0.2338202 105 124 95 255
0.3823748 1.6358423 -0.1586044 0.9831743 0.0294487 0.1802805 99 118 89 255
0.3554559 1.6077285 -0.1132809 0.9762516 0.0771527 0.2024358 104 129 100 255
0.0774746 1.3908545 0.0164142 -0.6300977 -0.3299318 0.7029381 126 144 115 255
0.1220813 1.3465812 0.0184586 0.0135110 -0.7708846 0.6368315 133 154 125 255
0.1624560 1.3808836 0.0948205 -0.0860391 -0.3751899 0.9229462 121 137 109 255
0.1601808 1.3355517 -0.2030258 0.4732311 -0.8683990 -0.1481066 175 32 36 255
0.3181324 1.4499083 -0.1978183 0.5812106 -0.5189142 -0.6268351 52 87 113 255
0.2508314 1.3859501 -0.1488348 0.6095136 -0.7212403 -0.3290980 158 151 58 255
0.2508314 1.3859501 -0.1488348 0.4816208 0.1539567 0.8627507 125 138 98 255
0.3181324 1.4499083 -0.1978183 0.4628929 -0.5500628 -0.6950980 134 147 118 255
0.2802935 1.4577450 -0.1780934 0.4816208 0.1539567 0.8627507 136 150 120 255
0.2470810 1.5063953 -0.2550734 0.4765123 -0.1624281 -0.8640331 47 68 91 255
0.2442303 1.4959414 -0.2479537 0.8290150 -0.1582148 0.5363787 47 68 91 255
0.2482104 1.4911534 -0.2553912 0.0726593 0.0628854 0.9953724 47 68 91 255
0.3409033 1.6596173 -0.0354276 -0.4316285 -0.7204943 -0.5427568 98 116 90 255
0.3660083 1.6748153 -0.0755677 -0.3751475 -0.9214013 0.1014096 99 123 86 255
0.3802974 1.6464841 -0.0413959 -0.3405065 -0.7888442 -0.5116445 104 123 95 255
0.1785240 0.5607227 -0.2455578 -0.9181519 0.2147477 0.3329874 189 184 180 255
0.1733837 0.5556183 -0.2766066 -0.8112115 0.5834937 0.0383537 189 184 179 255
0.1327925 0.5665629 -0.2227765 0.2677578 0.9145705 0.3030952 189 185 181 255
0.3214126 1.4483315 -0.1431144 0.4451134 -0.8062632 -0.3896329 92 116 86 255
0.3181324 1.4499083 -0.1978183 0.4765165 -0.5398753 -0.6938781 86 115 90 255
0.3541763 1.4760755 -0.1572088 0.9048563 -0.2975453 -0.3044697 90 118 92 255
0.1836128 1.6127032 0.0860898 -0.0765493 0.1895088 0.9788905 88 107 90 255
0.1337643 1.5972502 0.0910065 0.0490731 0.1555966 0.9866010 103 117 88 255
0.1272562 1.5477502 0.0991373 0.0825363 0.1269345 0.9884713 102 119 88 255
0.0778375 1.2289716 -0.2446226 -0.6511317 0.7561151 -0.0657066 97 112 128 255
0.0736754 1.2129752 -0.2575083 -0.3170752 0.8871924 -0.3351912 95 110 126 255
0.0587697 1.2009834 -0.2088146 -0.8593585 0.0280665 -0.5106027 86 104 124 255
-0.0050962 1.3490095 0.0511253 0.7852103 0.1522809 0.6002128 179 170 89 255
-0.0326228 1.3717127 0.0746417 0.2368306 -0.0987662 0.9665177 179 171 95 255
-0.0656817 1.3495426 0.0356686 -0.1234740 -0.6516606 -0.7483933 195 185 109 255
-0.0724769 0.7744243 0.0820181 0.9720608 -0.0009498 0.2347269 141 133 44 255
-0.0545802 0.7206112 -0.0203075 0.5086079 -0.0070492 0.8609694 109 126 77 255
-0.0198522 0.7849130 -0.1106040 0.9568803 0.2883220 0.0353620 97 120 78 255
0.1427293 0.9855560 -0.2844943 -0.1570836 0.1943577 -0.9682716 38 65 89 255
0.1020417 1.1532447 -0.2651365 -0.4968382 -0.2126643 -0.8413832 184 180 176 255
0.1320148 1.1382903 -0.2537998 0.4855238 0.1473845 -0.8617101 178 175 172 255
0.1809406 1.8067972 -0.2561805 0.1714755 0.7297969 -0.6618100 186 184 182 255
0.1050320 1.7706629 -0.2916801 -0.2235492 0.8002278 -0.5564721 185 183 181 255
0.0582690 1.8222113 -0.1526046 -0.2864220 0.9089873 -0.3028275 103 162 146 255
0.2078207 1.8575128 -0.0555351 0.2155642 0.8676795 0.4479557 151 157 130 255
0.3152728 1.6998699 0.0466194 0.4526735 0.5580463 0.6954646 87 154 141 255
0.2621498 1.8258792 -0.0406237 0.5174930 0.7738383 0.3652059 145 157 127 255
0.0454071 1.3320943 0.0426884 -0.1250665 0.9617035 -0.2438947 190 192 192 255
0.0774746 1.3908545 0.0164142 -0.5531119 0.1506494 0.8193730 162 153 80 255
0.0999541 1.3292780 -0.0697799 -0.8210133 -0.5537287 -0.1390023 49 71 98 255
0.1636720 1.7682316 -0.2947843 0.2969155 0.4383207 -0.8483609 186 184 182 255
0.1050320 1.7706629 -0.2916801 -0.2235492 0.8002278 -0.5564721 185 183 181 255
0.1809406 1.8067972 -0.2561805 0.1714755 0.7297969 -0.6618100 186 184 182 255
0.3073137 1.3388777 -0.0242488 0.7597998 -0.6314411 -0.1548755 155 162 131 255
0.2915277 1.3627496 -0.0382946 0.5812047 0.7230269 0.3734077 186 181 105 255
0.2785578 1.3944951 0.0587370 0.5813058 -0.2342819 0.7792276 164 157 88 255
-0.0050962 1.3490095 0.0511253 0.2285818 -0.3509082 -0.9080825 157 145 61 255
-0.0656817 1.3495426 0.0356686 -0.1302229 -0.6590051 -0.7407795 148 139 58 255
-0.0212290 1.4900686 -0.0074451 0.2328646 -0.3518288 -0.9066370 168 153 63 255
0.0367713 1.2758839 -0.2281967 0.0177173 0.8383003 0.5449208 156 155 146 255
0.0325296 1.2439466 -0.2181215 -0.3663605 -0.2468142 0.8971415 79 85 73 255
0.0499353 1.2376080 -0.2061462 -0.9639344 -0.0042679 0.2661057 180 177 144 255
0.2748005 1.3966963 -0.1159047 0.6043825 -0.6157405 -0.5055547 91 112 83 255
0.2508314 1.3859501 -0.1488348 0.4661224 -0.7182155 -0.5166202 91 113 84 255
0.2802935 1.4577450 -0.1780934 0.4368707 -0.7690480 -0.4665931 81 107 82 255
-0.0050962 1.3490095 0.0511253 0.7852103 0.1522809 0.6002128 179 170 89 255
-0.0482168 1.5886505 -0.0099649 0.9681743 0.1606276 0.1919304 9 8 8 255
-0.0326228 1.3717127 0.0746417 0.2368306 -0.0987662 0.9665177 179 171 95 255
0.1743841 0.5997346 0.3828330 0.2543058 -0.0013051 0.9671229 120 108 24 255
0.0945995 0.6216295 0.3976445 -0.5325838 -0.6849424 0.4972007 78 86 47 255
0.1280394 0.6064086 0.3780935 -0.1571458 -0.7256927 0.6698323 123 113 42 255
0.3447373 1.4206314 -0.0635107 0.7412850 -0.6685627 -0.0593349 94 120 87 255
0.3073137 1.3388777 -0.0242488 0.7597998 -0.6314411 -0.1548755 155 162 131 255
0.2748005 1.3966963 -0.1159047 0.6043825 -0.6157405 -0.5055547 91 112 83 255
-0.0886176 1.7120310 -0.1960881 -0.9408910 0.2564500 -0.2212632 186 185 183 255
-0.0621834 1.7591904 -0.0658209 -0.7696970 0.5339196 0.3499948 185 183 181 255
-0.0624835 1.7745006 -0.1706907 -0.4940193 0.8054813 -0.3273297 186 186 184 255
-0.0624835 1.7745006 -0.1706907 -0.4940193 0.8054813 -0.3273297 186 186 184 255
-0.0292301 1.7206175 -0.2684257 -0.7234003 0.1867278 -0.6646991 21 45 64 255
-0.0886176 1.7120310 -0.1960881 -0.9408910 0.2564500 -0.2212632 186 185 183 255
0.2804527 1.4894148 -0.2699260 0.0128786 -0.3179167 0.9480312 186 187 181 255
0.3296554 1.4677521 -0.2589698 -0.2374000 -0.2813050 0.9297897 56 72 41 255
0.3231776 1.5703800 -0.2295582 -0.0314092 -0.3352761 0.9415962 80 85 27 255
0.0961206 1.2599154 0.1658068 0.1113686 -0.3386178 -0.9343100 186 181 176 255
0.0931282 0.9979674 0.2701130 0.1822494 -0.1847948 -0.9657309 27 36 43 255
0.0230789 1.2408118 0.1642034 0.0588678 -0.3319931 -0.9414431 184 179 175 255
0.2214963 0.5332357 -0.2277710 0.2266992 -0.6906586 -0.6867301 168 163 92 255
0.1785240 0.5607227 -0.2455578 -0.1231956 -0.8918860 -0.4351579 32 67 45 255
0.1733837 0.5556183 -0.2766066 0.2055746 -0.4777334 -0.8541135 63 118 105 255
-0.4042296 0.0904692 0.1831908 -0.9400331 -0.1431074 0.3096092 190 188 128 255
-0.3096972 0.1423048 0.2596879 -0.0325445 0.2959569 0.9546468 187 180 109 255
-0.3278062 0.1682850 0.2313321 -0.7304608 0.6202593 0.2858417 190 187 123 255
0.1368182 1.2023915 -0.2641295 0.4286503 -0.8271627 0.3634016 195 192 141 255
0.0778375 1.2289716 -0.2446226 0.1117976 -0.0620274 0.9917933 197 192 143 255
0.0736754 1.2129752 -0.2575083 0.4327714 -0.3843699 0.8154561 196 191 135 255
0.1395326 1.2092737 -0.2297673 0.8840421 0.3877383 -0.2610145 109 120 133 255
0.1368182 1.2023915 -0.2641295 0.1408337 0.9685534 -0.2051105 105 118 132 255
0.0736754 1.2129752 -0.2575083 -0.1407314 0.8614188 -0.4880085 95 110 126 255
0.1050320 1.7706629 -0.2916801 -0.2235492 0.8002278 -0.5564721 185 183 181 255
0.1636720 1.7682316 -0.2947843 0.2969155 0.4383207 -0.8483609 186 184 182 255
0.1727927 1.6788639 -0.3385425 0.1967386 0.2050759 -0.9587689 185 183 180 255
-0.0787258 1.3156211 -0.0771637 -0.8459672 -0.4886966 0.2133429 143 134 56 255
-0.0299268 1.3237736 -0.0511739 0.8274121 -0.1879654 0.5292054 145 136 59 255
-0.0668533 1.3811808 0.0098124 0.6103307 -0.0369149 0.7912861 151 140 59 255
-0.0473347 1.3007983 -0.0878072 0.5114834 -0.6318934 0.5823190 129 132 74 255
-0.0299268 1.3237736 -0.0511739 0.8274121 -0.1879654 0.5292054 145 136 59 255
-0.0787258 1.3156211 -0.0771637 -0.8459672 -0.4886966 0.2133429 143 134 56 255
0.1281595 1.6932598 0.1080730 -0.0022313 0.5215207 0.8532356 128 94 5 255
0.1814756 1.7145473 0.0864594 0.2141763 0.5308282 0.8199695 137 109 24 255
0.1258340 1.8262206 -0.0125744 -0.1992512 0.7830645 0.5891596 164 170 129 255
0.0736754 1.2129752 -0.2575083 -0.1407314 0.8614188 -0.4880085 95 110 126 255
0.0778375 1.2289716 -0.2446226 -0.7723749 0.6330119 0.0522783 97 112 128 255
0.1395326 1.2092737 -0.2297673 0.8840421 0.3877383 -0.2610145 109 120 133 255
-0.0704682 1.3408554 -0.1387075 -0.8890886 -0.0068235 -0.4576842 110 131 99 255
-0.0363815 1.2813456 -0.2243545 -0.8134740 -0.1032390 -0.5723649 102 139 119 255
-0.0607936 1.3052259 -0.1944468 -0.9060773 0.2409502 -0.3478028 119 146 120 255
0.3307643 1.6084949 -0.0458479 0.9665022 0.1355763 0.2179276 112 143 109 255
0.3147621 1.5370950 0.0688033 0.7308154 -0.0026477 0.6825700 107 61 6 255
0.3837569 1.5001888 -0.0243034 0.9785878 0.0138209 0.2053656 47 40 33 255
0.1427293 0.9855560 -0.2844943 -0.1570836 0.1943577 -0.9682716 38 65 89 255
0.0588412 1.2010591 -0.2089648 -0.9658365 -0.2473819 -0.0772128 188 182 178 255
0.1020417 1.1532447 -0.2651365 -0.4968382 -0.2126643 -0.8413832 184 180 176 255
-0.0481803 1.4979335 -0.0583234 0.9674965 0.1783951 0.1792367 36 45 54 255
-0.0725908 1.5600422 -0.0481236 0.8537841 -0.1900002 -0.4847191 95 95 98 255
-0.0668533 1.3811808 0.0098124 0.6103307 -0.0369149 0.7912861 151 140 59 255
0.1209500 1.2707803 0.0578911 0.8348722 0.5045921 0.2199438 191 187 184 255
0.1182513 1.3100429 0.1464498 0.6734033 0.7280056 0.1285908 191 188 185 255
0.1437316 1.2309403 0.1210063 0.9041898 0.3406867 0.2576304 188 185 182 255
-0.0001223 1.5363920 0.0408647 0.7053412 -0.1798882 -0.6856632 146 153 127 255
0.0063095 1.5799379 0.0540352 0.6196877 -0.2132982 -0.7553087 95 115 81 255
0.0248821 1.3794406 0.1295950 0.7427036 -0.1824342 -0.6442895 135 162 145 255
-0.0473347 1.3007983 -0.0878072 0.5114834 -0.6318934 0.5823190 129 132 74 255
-0.0241935 1.2770071 -0.1794906 -0.5973868 -0.7964131 0.0941017 118 132 89 255
0.0180070 1.2674415 -0.2126991 0.4701973 -0.3147406 0.8245322 111 124 73 255
-0.1018677 1.4568313 -0.0166767 -0.9369258 -0.3410312 0.0766017 106 128 95 255
-0.0817404 1.3417553 -0.0916274 -0.9598203 -0.2769103 -0.0454490 124 139 102 255
-0.0668533 1.3811808 0.0098124 -0.0002177 -0.2039462 0.9789821 123 138 98 255
0.0499353 1.2376080 -0.2061462 -0.8819851 -0.4649135 -0.0771871 159 158 154 255
0.0663192 1.2041224 -0.1603385 -0.7099234 -0.6949603 0.1141881 158 158 153 255
0.0703983 1.2037499 -0.1483713 -0.3759075 -0.6807727 -0.6286830 185 180 175 255
0.3724749 1.6079478 -0.1889451 -0.9349580 -0.3543188 0.0176551 1 0 0 255
0.3599632 1.6422409 -0.1633019 -0.7359517 0.3937311 -0.5507731 184 182 178 255
0.3594859 1.6409345 -0.2148025 -0.9349580 -0.3543188 0.0176551 6 5 5 255
-0.1193800 1.4462537 0.0320692 -0.8862723 0.0251142 0.4624833 172 160 79 255
-0.0656817 1.3495426 0.0356686 -0.1234740 -0.6516606 -0.7483933 195 185 109 255
-0.0326228 1.3717127 0.0746417 0.2368306 -0.0987662 0.9665177 179 171 95 255
-0.2905464 0.7862866 0.1239345 -0.5722120 -0.2324090 0.7864855 191 189 187 255
-0.0890350 0.4407170 0.1592035 -0.1830747 0.3002741 0.9361192 37 64 86 255
0.0095532 0.4042042 0.1678483 0.3687263 0.1641455 0.9149302 33 63 85 255
0.1130331 1.3784036 0.1695940 -0.0438159 0.0509933 0.9977373 159 132 35 255
0.1062803 1.5647025 0.1650465 -0.1210450 0.2872074 0.9501894 115 128 85 255
0.0641508 1.6352644 0.1188524 -0.1416574 0.3726714 0.9170873 12 17 21 255
-0.0545802 0.7206112 -0.0203075 0.3024705 0.0777764 0.9499802 149 152 127 255
-0.2175217 0.7061299 -0.0523996 -0.6170551 -0.5509120 0.5619066 94 98 105 255
0.0291193 0.4250209 -0.0665505 -0.4110699 -0.1829392 0.8930591 186 181 176 255
0.1199021 0.9537424 -0.2561878 -0.9750837 -0.1700146 -0.1425020 118 127 137 255
0.0663192 1.2041224 -0.1603385 -0.7114491 -0.3019242 0.6345723 188 183 179 255
0.0588412 1.2010591 -0.2089648 -0.9658365 -0.2473819 -0.0772128 188 182 178 255
-0.0407500 1.3580866 0.1064806 -0.8901502 -0.2317878 0.3923097 124 136 107 255
-0.0921574 1.5727828 0.0039363 -0.8250604 0.1964695 0.5297877 43 74 101 255
-0.0326228 1.3717127 0.0746417 0.0191107 -0.4343857 -0.9005243 121 133 105 255
0.1258340 1.8262206 -0.0125744 -0.1992512 0.7830645 0.5891596 164 170 129 255
0.1534591 1.8584566 -0.0636685 -0.0712701 0.8367764 0.5428865 144 155 122 255
0.1288610 1.8541219 -0.1386898 -0.1837973 0.9827073 -0.0224696 112 181 169 255
0.0142233 0.8934869 -0.0074747 0.9296693 -0.3668672 -0.0335171 110 119 131 255
0.0359528 0.9336233 -0.0289898 0.8520455 -0.3997737 -0.3379341 103 114 127 255
0.0321016 0.9118121 0.0081120 0.8067335 -0.5240710 -0.2730030 106 116 129 255
0.1623039 1.4600895 -0.2873425 0.7982827 -0.3573820 -0.4847917 83 82 71 255
0.1723647 1.4340254 -0.2512856 0.6093642 -0.3748234 -0.6987008 91 105 121 255
0.1509619 1.2666279 -0.2429475 0.0030289 -0.1311094 0.9913633 162 158 137 255
0.0230789 1.2408118 0.1642034 -0.8910359 -0.2275313 0.3927909 191 187 116 255
0.0732765 1.0572624 0.3237264 -0.3713194 0.2255998 0.9006813 59 89 115 255
0.0232282 1.2842115 0.1809270 -0.3933935 0.3659984 0.8433782 110 105 27 255
0.2384646 1.4789208 -0.2523003 0.3663431 -0.4924523 -0.7894831 65 86 108 255
0.3181324 1.4499083 -0.1978183 0.5812106 -0.5189142 -0.6268351 52 87 113 255
0.1723647 1.4340254 -0.2512856 0.6093642 -0.3748234 -0.6987008 91 105 121 255
0.2304847 1.3509492 -0.2414855 -0.2600467 0.1851459 0.9476795 193 191 133 255
0.2387087 1.4783999 -0.2523904 -0.4412710 0.1572794 0.8834835 185 181 106 255
0.1623039 1.4600895 -0.2873425 -0.3739845 0.1862499 0.9085408 180 175 97 255
0.3599632 1.6422409 -0.1633019 -0.7359477 0.3937114 -0.5507926 193 183 123 255
0.3475254 1.6496309 -0.1258070 0.6792526 -0.7159697 0.1612552 193 183 122 255
0.3594859 1.6409345 -0.2148025 0.9776111 0.0100666 -0.2101793 92 55 9 255
0.0783219 1.5896418 0.0856512 -0.3950416 -0.0404905 0.9177704 70 87 106 255
0.0342016 1.5781890 0.0661547 -0.4700848 -0.2703479 0.8401978 112 130 98 255
0.1314230 1.4950124 0.1043327 -0.4541803 -0.1776424 0.8730196 95 114 86 255
0.3456454 1.5185584 -0.2447931 0.1783985 -0.2055500 0.9622491 126 122 62 255
0.3231776 1.5703800 -0.2295582 -0.0314092 -0.3352761 0.9415962 80 85 27 255
0.3296554 1.4677521 -0.2589698 -0.2374000 -0.2813050 0.9297897 56 72 41 255
-0.0679629 1.4206044 -0.2378725 -0.8116550 -0.0671880 -0.5802603 112 129 88 255
-0.0363815 1.2813456 -0.2243545 -0.8134740 -0.1032390 -0.5723649 102 139 119 255
-0.0680428 1.4114345 -0.1796703 -0.9278237 -0.2559999 -0.2713069 101 113 84 255
-0.0704682 1.3408554 -0.1387075 -0.8890886 -0.0068235 -0.4576842 110 131 99 255
-0.0817404 1.3417553 -0.0916274 -0.9598203 -0.2769103 -0.0454490 124 139 102 255
-0.1172900 1.4818325 -0.0873520 -0.9776209 -0.1247165 -0.1694201 84 95 72 255
0.0647235 1.3747029 0.1440482 0.3570384 -0.2749744 -0.8926997 148 159 137 255
0.0527403 1.5613436 0.0956342 0.2955247 -0.2720096 -0.9157925 121 162 143 255
0.1194143 1.3967143 0.1442599 0.0404250 -0.3365186 -0.9408087 142 151 127 255
0.3889058 1.5368557 -0.1414785 0.9982085 -0.0274431 0.0531658 113 149 124 255
0.3554559 1.6077285 -0.1132809 0.9762516 0.0771527 0.2024358 104 129 100 255
0.3476768 1.5635338 -0.0758805 0.9799142 0.1500612 0.1313380 107 135 102 255
0.3181324 1.4499083 -0.1978183 0.4765165 -0.5398753 -0.6938781 86 115 90 255
0.2470810 1.5063953 -0.2550734 0.5171720 -0.2025430 -0.8315704 97 166 151 255
0.3231776 1.5703800 -0.2295582 0.6172369 -0.3130001 -0.7218376 117 136 108 255
0.0732765 1.0572624 0.3237264 -0.3713194 0.2255998 0.9006813 59 89 115 255
0.1817279 0.7617917 0.3485103 0.7123495 0.2922710 0.6380719 13 20 26 255
0.1241956 1.0651410 0.2900767 0.9452121 0.1535630 0.2880844 64 89 114 255
0.2803593 1.6922702 0.0174780 -0.2246372 -0.6090533 -0.7606524 19 25 33 255
0.3379080 1.7424347 -0.0396836 -0.2246372 -0.6090533 -0.7606524 12 20 27 255
0.3440716 1.6719359 0.0149438 -0.2246372 -0.6090533 -0.7606524 63 91 117 255
0.0588412 1.2010591 -0.2089648 -0.9658365 -0.2473819 -0.0772128 188 182 178 255
0.0102341 1.1825429 -0.2565736 -0.5273445 -0.4048388 0.7470030 100 91 85 255
0.0491743 1.1783443 -0.2048283 -0.6759740 -0.5533905 0.4866394 126 137 116 255
0.2318168 0.5612628 -0.1846951 -0.5648074 0.3202374 0.7605528 173 160 77 255
0.2214963 0.5332357 -0.2277710 -0.1168090 0.7013112 0.7032199 173 160 77 255
0.1815431 0.4989959 -0.1793461 -0.8489019 0.2919320 -0.4406146 12 20 27 255
0.0647235 1.3747029 0.1440482 -0.4045570 -0.1471143 0.9026024 78 76 46 255
0.0313375 1.5463812 0.1585774 -0.3961819 0.2032682 0.8953893 118 132 88 255
0.0191610 1.5210277 0.1290855 -0.3320450 0.2464946 0.9104869 119 132 88 255
0.1493363 0.0212121 -0.3610390 0.8798365 0.3004704 -0.3682463 186 185 183 255
0.0447712 0.0362692 -0.3976445 -0.0413721 0.4491001 -0.8925231 141 108 22 255
0.0979292 0.1167200 -0.3596287 0.0580230 0.7089083 -0.7029098 158 134 41 255
0.4042296 1.6259359 -0.1876278 0.8348227 0.2546365 -0.4880896 193 183 116 255
0.3823748 1.6358423 -0.1586044 0.9831721 0.0294657 0.1802895 187 186 183 255
0.3724749 1.6079478 -0.1889451 0.8788804 -0.4157872 -0.2338594 193 183 122 255
-0.0456915 0.2073328 -0.2488711 0.0018879 -0.3359039 0.9418944 191 191 137 255
-0.0945075 0.2303718 -0.2737353 -0.1866689 -0.7924849 0.5806223 14 22 29 255
-0.0381787 0.1416141 -0.2874731 -0.3433324 -0.4673318 0.8146925 0 1 2 255
0.3616760 1.7323399 -0.1434596 0.8673533 0.4884808 -0.0953138 186 185 182 255
0.3887267 1.6324523 -0.1097741 0.9931742 0.0867496 0.0779709 55 48 37 255
0.3351226 1.7527279 -0.1930745 0.8293098 0.4946187 -0.2599957 186 184 182 255
0.2594528 0.5258155 -0.2071117 0.5625069 -0.6947275 -0.4482629 159 155 72 255
0.1815431 0.4989959 -0.1793461 0.1667194 -0.9003775 -0.4019016 181 177 108 255
0.2214963 0.5332357 -0.2277710 0.2266992 -0.6906586 -0.6867301 168 163 92 255
-0.0341079 0.1088727 -0.2294321 0.9250824 0.2009599 0.3222383 190 188 127 255
-0.0689919 0.1534674 -0.1788616 0.7618349 -0.0938582 0.6409354 185 183 116 255
-0.1129467 0.1231888 -0.1760920 0.2220354 -0.3468345 0.9112663 184 181 111 255
0.3660083 1.6748153 -0.0755677 -0.3751475 -0.9214013 0.1014096 99 123 86 255
0.3409033 1.6596173 -0.0354276 -0.4316285 -0.7204943 -0.5427568 98 116 90 255
0.3203201 1.6890509 -0.0502050 -0.4369414 -0.8028970 0.4055105 114 133 108 255
0.3475254 1.6496309 -0.1258070 0.2919979 -0.5030613 0.8134290 106 129 101 255
0.3887267 1.6324523 -0.1097741 0.9931794 0.0866727 0.0779911 109 133 92 255
0.3660083 1.6748153 -0.0755677 -0.3751475 -0.9214013 0.1014096 99 123 86 255
0.2335429 1.5203668 -0.3250710 0.5099384 -0.3425820 -0.7890503 183 180 174 255
0.2534544 1.6101554 -0.3149301 0.4276849 0.0595127 -0.9019667 180 176 171 255
0.2804527 1.4894148 -0.2699260 0.5635051 -0.3216115 -0.7609390 150 146 133 255
0.3447373 1.4206314 -0.0635107 0.7412850 -0.6685627 -0.0593349 94 120 87 255
0.3837569 1.5001888 -0.0243034 0.9785878 0.0138209 0.2053656 47 40 33 255
0.3144152 1.4543430 0.0468245 0.5801498 -0.6258137 0.5213284 197 193 147 255
-0.1630712 0.1866062 -0.3297491 -0.1478560 0.5282514 -0.8361155 84 101 120 255
-0.2253027 0.1594067 -0.2256864 -0.8542745 0.4499305 0.2603414 80 103 123 255
-0.1250889 0.3316759 -0.1953592 -0.6766354 0.7188126 -0.1596028 110 120 133 255
0.3152728 1.6998699 0.0466194 0.4526181 0.5580862 0.6954687 186 181 107 255
0.2055130 1.7964009 0.0110071 0.2059973 0.6057471 0.7685282 28 44 59 255
0.2894573 1.6746036 0.0532844 0.5450059 0.2865161 0.7879575 144 130 58 255
0.3476768 1.5635338 -0.0758805 0.9799142 0.1500612 0.1313380 107 135 102 255
0.3307643 1.6084949 -0.0458479 0.9665022 0.1355763 0.2179276 112 143 109 255
0.3837569 1.5001888 -0.0243034 0.9785878 0.0138209 0.2053656 47 40 33 255
-0.3138049 0.8090278 0.0091548 -0.9611207 -0.2193898 -0.1676754 183 185 184 255
-0.1948581 0.6587932 -0.1263616 -0.6172397 -0.4882767 -0.6169288 173 87 87 255
-0.2175217 0.7061299 -0.0523996 -0.6170551 -0.5509120 0.5619066 94 98 105 255
0.1130331 1.3784036 0.1695940 -0.0438159 0.0509933 0.9977373 159 132 35 255
0.1684196 1.4931339 0.1509173 0.1683801 0.0971659 0.9809215 119 132 88 255
0.1062803 1.5647025 0.1650465 -0.1210450 0.2872074 0.9501894 115 128 85 255
0.3837569 1.5001888 -0.0243034 0.9785878 0.0138209 0.2053656 47 40 33 255
0.3147621 1.5370950 0.0688033 0.7308154 -0.0026477 0.6825700 107 61 6 255
0.3144152 1.4543430 0.0468245 0.5801498 -0.6258137 0.5213284 197 193 147 255
0.0979292 0.1167200 -0.3596287 0.0580230 0.7089083 -0.7029098 158 134 41 255
-0.1588960 0.1716101 -0.2658433 -0.5116739 0.5068389 -0.6937608 194 190 131 255
-0.0390882 0.1328739 -0.3066418 0.0795868 0.9301716 -0.3583947 197 194 136 255
0.0979292 0.1167200 -0.3596287 0.0580230 0.7089083 -0.7029098 158 134 41 255
-0.0005836 0.1327521 -0.2749181 0.8782837 0.3917173 -0.2741810 197 192 135 255
0.1339922 0.1099184 -0.2431431 0.5723347 0.4811022 0.6640584 186 180 179 255
-0.0772812 0.3988412 0.0445344 0.0544084 -0.9487509 0.3113060 37 61 85 255
-0.3795395 0.1663761 0.1133273 -0.5074717 0.3545112 -0.7853625 155 132 36 255
-0.0923181 0.4406340 0.0682318 -0.9976221 -0.0154750 0.0671603 28 53 73 255
0.0647235 1.3747029 0.1440482 -0.4045570 -0.1471143 0.9026024 78 76 46 255
0.1130331 1.3784036 0.1695940 -0.0438159 0.0509933 0.9977373 159 132 35 255
0.0313375 1.5463812 0.1585774 -0.3961819 0.2032682 0.8953893 118 132 88 255
0.4042296 1.6259359 -0.1876278 0.8348227 0.2546365 -0.4880896 193 183 116 255
0.3351226 1.7527279 -0.1930745 0.8293098 0.4946187 -0.2599957 186 184 182 255
0.3823748 1.6358423 -0.1586044 0.9831721 0.0294657 0.1802895 187 186 183 255
0.0999541 1.3292780 -0.0697799 -0.5872281 -0.8079681 0.0484849 190 182 112 255
-0.0212290 1.4900686 -0.0074451 -0.7241415 -0.5895943 0.3577675 175 161 77 255
0.0070419 1.3877987 -0.1914953 -0.5607572 -0.8027616 0.2027939 178 167 79 255
0.0879638 1.3435659 -0.2644701 -0.3755199 0.3146041 0.8717850 165 148 52 255
0.0778375 1.2289716 -0.2446226 -0.7958269 0.2696026 0.5421938 119 147 112 255
0.1022000 1.3253815 -0.2309450 -0.6204258 -0.5460771 0.5629135 154 133 31 255
0.3511825 1.5987257 0.0298779 0.9155751 0.2073110 0.3445928 123 90 14 255
0.2894573 1.6746036 0.0532844 0.5450059 0.2865161 0.7879575 144 130 58 255
0.2855046 1.6064630 0.0756049 0.4772414 0.1950070 0.8568622 161 138 49 255
-0.1709383 1.0431104 0.1051812 -0.7869044 0.4460238 0.4264322 72 89 108 255
-0.1230569 1.0541042 -0.0242357 -0.7427500 0.4402048 -0.5045217 30 57 77 255
-0.2889867 0.9163283 0.0405059 -0.8273724 0.5601774 -0.0406971 104 126 93 255
0.0191610 1.5210277 0.1290855 -0.3320450 0.2464946 0.9104869 119 132 88 255
0.0304375 1.3913920 0.1567237 -0.1602212 -0.0428352 0.9861513 87 111 81 255
0.0647235 1.3747029 0.1440482 -0.4045570 -0.1471143 0.9026024 78 76 46 255
0.3147621 1.5370950 0.0688033 0.7308154 -0.0026477 0.6825700 107 61 6 255
0.3511825 1.5987257 0.0298779 0.9155751 0.2073110 0.3445928 123 90 14 255
0.2855046 1.6064630 0.0756049 0.4772414 0.1950070 0.8568622 161 138 49 255
0.1984887 0.6792740 0.3344498 0.8675297 -0.1653492 0.4690971 180 180 177 255
0.1743841 0.5997346 0.3828330 0.2543058 -0.0013051 0.9671229 120 108 24 255
0.1859491 0.5494296 0.3687782 0.9417264 -0.3234142 0.0924914 135 124 37 255
0.1268001 1.2657074 -0.0150814 0.9224123 0.3670539 -0.1201125 147 157 130 255
0.1644244 1.1821957 0.0542002 0.9543088 0.2804703 0.1031069 151 160 131 255
0.2065883 1.0810104 -0.0186777 0.8274245 -0.2060584 -0.5224065 132 172 155 255
0.2785578 1.3944951 0.0587370 0.5813058 -0.2342819 0.7792276 164 157 88 255
0.2321992 1.4225607 0.0270875 0.9339237 0.2052950 -0.2926438 196 193 138 255
0.2952056 1.4666967 0.0346489 0.3656997 -0.9304401 -0.0233444 192 188 129 255
0.1975377 0.4691490 -0.1186509 -0.8657331 0.4137357 -0.2816534 181 176 171 255
0.2083304 0.4954538 -0.0945759 -0.4519761 0.8214639 0.3477278 181 177 173 255
0.2523043 0.5505091 -0.1674782 -0.7597557 0.2677583 0.5925174 83 97 115 255
0.1778154 0.6111423 0.3375556 -0.0676265 -0.2929898 -0.9537210 194 194 144 255
0.1984887 0.6792740 0.3344498 0.7046423 -0.2441815 -0.6662242 194 192 142 255
0.1859491 0.5494296 0.3687782 0.9416977 -0.3234766 0.0925661 194 190 137 255
0.3724749 1.6079478 -0.1889451 0.8788804 -0.4157872 -0.2338594 193 183 122 255
0.3594859 1.6409345 -0.2148025 0.9776111 0.0100666 -0.2101793 92 55 9 255
0.4042296 1.6259359 -0.1876278 0.8348227 0.2546365 -0.4880896 193 183 116 255
0.1379962 0.4640528 -0.1551218 0.8872768 0.3034286 -0.3473774 76 85 100 255
-0.0545802 0.7206112 -0.0203075 0.5086079 -0.0070492 0.8609694 109 126 77 255
0.1341524 0.4053674 -0.0979819 0.9633052 -0.0020302 0.2684008 80 91 106 255
0.2785578 1.3944951 0.0587370 0.5815152 -0.2958774 0.7578236 195 191 136 255
0.2113035 1.2773531 0.0225723 0.0500988 -0.9918115 0.1174732 186 156 61 255
0.3073137 1.3388777 -0.0242488 0.6851404 -0.7173275 -0.1265854 96 112 84 255
-0.0212407 1.4317170 -0.1520734 0.3988021 0.5039591 0.7661474 45 63 81 255
-0.0613651 1.5268264 -0.1671517 0.8372380 0.2543848 0.4840670 194 191 134 255
-0.0518754 1.4387392 -0.1406895 0.9141557 0.1976785 0.3538962 9 14 19 255
-0.0326650 1.3506957 -0.2312410 -0.5559557 -0.0912065 -0.8261929 116 125 136 255
-0.0337603 1.5897218 -0.2883012 -0.6883853 0.0182891 -0.7251146 11 24 35 255
-0.0159028 1.2544010 -0.2515967 -0.4010076 -0.3880959 -0.8298039 99 110 124 255
0.0517776 1.2586585 -0.2775936 0.1046868 -0.4501545 -0.8867930 82 95 111 255
0.1320148 1.1382903 -0.2537998 0.2124317 0.4505011 -0.8671340 74 90 108 255
0.1020417 1.1532447 -0.2651365 -0.2942560 0.3805029 -0.8767160 76 90 108 255
0.3616760 1.7323399 -0.1434596 0.8673533 0.4884808 -0.0953138 186 185 182 255
0.3351226 1.7527279 -0.1930745 0.8293098 0.4946187 -0.2599957 186 184 182 255
0.2485578 1.8352915 -0.1877098 0.4980012 0.7821161 -0.3745520 186 185 183 255
0.1099036 1.0062309 0.0097053 0.7677426 -0.6256942 -0.1381226 125 171 156 255
0.0321016 0.9118121 0.0081120 0.8067335 -0.5240710 -0.2730030 106 116 129 255
0.0359528 0.9336233 -0.0289898 0.8520455 -0.3997737 -0.3379341 103 114 127 255
0.0321016 0.9118121 0.0081120 0.8067335 -0.5240710 -0.2730030 106 116 129 255
0.0267520 0.8887806 -0.0037229 0.7767002 -0.5887771 -0.2237820 110 119 131 255
0.0142233 0.8934869 -0.0074747 0.9296693 -0.3668672 -0.0335171 110 119 131 255
-0.1230569 1.0541042 -0.0242357 -0.7427500 0.4402048 -0.5045217 30 57 77 255
-0.1709383 1.0431104 0.1051812 -0.7869044 0.4460238 0.4264322 72 89 108 255
-0.0761514 1.2741108 0.0727620 -0.8782225 0.4682071 0.0975054 54 82 109 255
-0.0921574 1.5727828 0.0039363 -0.8250604 0.1964695 0.5297877 43 74 101 255
-0.0407500 1.3580866 0.1064806 -0.8901502 -0.2317878 0.3923097 124 136 107 255
-0.0669014 1.5387278 0.0706913 -0.6821097 0.1450754 0.7167144 22 41 56 255
0.0454071 1.3320943 0.0426884 -0.1250665 0.9617035 -0.2438947 190 192 192 255
0.1182513 1.3100429 0.1464498 0.6734033 0.7280056 0.1285908 191 188 185 255
0.1209500 1.2707803 0.0578911 0.8348722 0.5045921 0.2199438 191 187 184 255
0.0999541 1.3292780 -0.0697799 0.9480087 0.1675284 -0.2705807 192 189 124 255
0.1220813 1.3465812 0.0184586 -0.0800832 -0.6641055 0.7433374 182 177 126 255
0.1268001 1.2657074 -0.0150814 0.9258963 0.2959854 -0.2347527 184 175 94 255
0.2436373 1.6653103 0.0764487 0.5218993 0.3849026 0.7612300 90 78 36 255
0.2055130 1.7964009 0.0110071 0.2060024 0.6058070 0.7684795 96 89 86 255
0.1814756 1.7145473 0.0864594 0.2141763 0.5308282 0.8199695 137 109 24 255
-0.2381542 0.6884114 0.0077515 -0.5387035 -0.4658189 -0.7020053 156 165 134 255
-0.0873213 0.7121740 0.0019493 0.4364417 -0.5267997 -0.7293839 151 160 135 255
-0.0573621 0.6541092 0.0036194 0.0691857 -0.0979424 -0.9927843 128 131 91 255
0.1275461 1.2259284 -0.1292322 0.8243566 -0.0720492 -0.5614668 154 166 138 255
0.1268001 1.2657074 -0.0150814 0.9224123 0.3670539 -0.1201125 147 157 130 255
0.2065883 1.0810104 -0.0186777 0.8274245 -0.2060584 -0.5224065 132 172 155 255
-0.0407500 1.3580866 0.1064806 -0.8901601 -0.2318376 0.3922580 142 102 70 255
-0.0326228 1.3717127 0.0746417 0.0191981 -0.4344284 -0.9005017 121 161 139 255
0.0048096 1.3698098 0.0906582 0.6850173 -0.4281158 -0.5894644 138 157 136 255
0.1684196 1.4931339 0.1509173 0.1683801 0.0971659 0.9809215 119 132 88 255
0.1130331 1.3784036 0.1695940 -0.0438159 0.0509933 0.9977373 159 132 35 255
0.1639273 1.3761499 0.1528611 0.3124803 0.0037856 0.9499167 127 140 100 255
-0.0817404 1.3417553 -0.0916274 -0.9598203 -0.2769103 -0.0454490 124 139 102 255
-0.1018677 1.4568313 -0.0166767 -0.9369258 -0.3410312 0.0766017 106 128 95 255
-0.1358821 1.4826821 -0.0481687 -0.9780808 -0.0550452 0.2008184 106 129 95 255
0.0999541 1.3292780 -0.0697799 -0.7904158 -0.6119883 -0.0267069 191 190 134 255
0.2113035 1.2773531 0.0225723 0.0500988 -0.9918115 0.1174732 186 156 61 255
0.1220813 1.3465812 0.0184586 -0.0508373 -0.7464194 0.6635312 191 183 112 255
0.3952422 1.5849643 -0.2420760 0.6579525 0.3498600 -0.6668555 170 166 159 255
0.1809406 1.8067972 -0.2561805 0.1714755 0.7297969 -0.6618100 186 184 182 255
0.2869289 1.7675183 -0.2423451 0.5342094 0.4276839 -0.7291822 185 184 181 255
0.3952422 1.5849643 -0.2420760 0.6579525 0.3498600 -0.6668555 170 166 159 255
0.2746928 1.6722165 -0.2969131 0.5075257 0.2779508 -0.8155740 182 178 173 255
0.1809406 1.8067972 -0.2561805 0.1714755 0.7297969 -0.6618100 186 184 182 255
0.1129653 1.4918537 0.1267383 -0.2754856 -0.3326640 -0.9019103 137 154 126 255
0.1194143 1.3967143 0.1442599 0.0404250 -0.3365186 -0.9408087 142 151 127 255
0.0783219 1.5896418 0.0856512 0.0424646 -0.3760614 -0.9256212 129 144 116 255
0.1062803 1.5647025 0.1650465 -0.1210450 0.2872074 0.9501894 115 128 85 255
0.1684196 1.4931339 0.1509173 0.1683801 0.0971659 0.9809215 119 132 88 255
0.1281595 1.6932598 0.1080730 -0.0022813 0.5215045 0.8532456 13 21 30 255
0.2057304 1.5289067 0.1452863 0.2772478 0.3112459 0.9089882 136 144 86 255
0.1281595 1.6932598 0.1080730 -0.0022313 0.5215207 0.8532356 128 94 5 255
0.1745450 1.5058340 0.1779022 0.5867592 0.2806509 0.7595715 165 146 50 255
0.0149517 0.8780018 0.0339985 0.8707131 -0.4360426 0.2274325 113 121 133 255
0.0267520 0.8887806 -0.0037229 0.7767002 -0.5887771 -0.2237820 110 119 131 255
0.0321016 0.9118121 0.0081120 0.8067335 -0.5240710 -0.2730030 106 116 129 255
-0.1630712 0.1866062 -0.3297491 0.1570887 -0.7408968 0.6529894 30 39 45 255
-0.0945075 0.2303718 -0.2737353 -0.1822268 -0.7176173 0.6721748 14 22 29 255
-0.1467471 0.2367127 -0.2344372 0.5913978 -0.8027945 0.0759592 27 45 63 255
0.0641508 1.6352644 0.1188524 -0.1416574 0.3726714 0.9170873 12 17 21 255
0.0313375 1.5463812 0.1585774 -0.3961819 0.2032682 0.8953893 118 132 88 255
0.1130331 1.3784036 0.1695940 -0.0438159 0.0509933 0.9977373 159 132 35 255
0.1314230 1.4950124 0.1043327 -0.4541803 -0.1776424 0.8730196 95 114 86 255
0.2341609 1.5456730 0.1104748 0.2948408 -0.0737944 0.9526927 121 143 106 255
0.1836128 1.6127032 0.0860898 -0.0766209 0.1895267 0.9788815 88 107 90 255
-0.2431631 0.1432276 0.2222779 -0.4651682 0.0058855 -0.8852028 189 186 126 255
-0.2082734 0.1768524 0.2041671 -0.7744521 -0.4420069 -0.4526079 191 191 132 255
-0.1876776 0.1527316 0.1931837 -0.7215813 -0.4188041 -0.5512928 193 192 131 255
0.3296554 1.4677521 -0.2589698 0.4005651 -0.1422895 -0.9051526 96 105 80 255
0.2534544 1.6101554 -0.3149301 0.4276849 0.0595127 -0.9019667 180 176 171 255
0.3456454 1.5185584 -0.2447931 0.5586963 -0.0221456 -0.8290766 117 129 104 255
0.3456454 1.5185584 -0.2447931 0.5586963 -0.0221456 -0.8290766 117 129 104 255
0.2534544 1.6101554 -0.3149301 0.4276849 0.0595127 -0.9019667 180 176 171 255
0.2746928 1.6722165 -0.2969131 0.5075257 0.2779508 -0.8155740 182 178 173 255
0.0820026 1.8472651 -0.0875013 -0.2799424 0.8805102 0.3825364 147 162 133 255
0.0682473 1.7995631 0.0122118 -0.1844201 0.7406884 0.6460418 186 168 95 255
0.1281595 1.6932598 0.1080730 -0.0022313 0.5215207 0.8532356 128 94 5 255
0.3547363 1.5744797 -0.2027738 0.9327239 -0.1823786 -0.3110696 111 131 103 255
0.3554559 1.6077285 -0.1132809 0.9762516 0.0771527 0.2024358 104 129 100 255
0.3889058 1.5368557 -0.1414785 0.9982085 -0.0274431 0.0531658 113 149 124 255
0.0476701 0.3010641 -0.2243676 0.7061000 -0.0395668 -0.7070059 99 110 124 255
0.1341524 0.4053674 -0.0979819 0.9633052 -0.0020302 0.2684008 80 91 106 255
-0.0005836 0.1327521 -0.2749181 0.9602972 0.2083922 -0.1854777 48 68 91 255
-0.0465629 0.0240005 0.0370569 -0.0468262 -0.8841117 -0.4649233 191 179 82 255
-0.1695232 0.1330799 0.0936747 0.0865287 0.6211488 -0.7789011 194 192 141 255
-0.0191920 0.1126105 0.0588968 0.5546716 0.6470855 -0.5230867 194 192 145 255
0.0044994 0.8425801 -0.0146599 0.9092612 -0.4146481 0.0362100 119 126 137 255
0.0359528 0.9336233 -0.0289898 0.8520455 -0.3997737 -0.3379341 103 114 127 255
0.0142233 0.8934869 -0.0074747 0.9296693 -0.3668672 -0.0335171 110 119 131 255
0.0063095 1.5799379 0.0540352 -0.4006646 -0.2105269 0.8917098 178 173 94 255
-0.0001223 1.5363920 0.0408647 -0.5567086 -0.3208688 0.7662367 169 152 66 255
0.0342016 1.5781890 0.0661547 -0.4700848 -0.2703479 0.8401978 112 130 98 255
0.3440716 1.6719359 0.0149438 0.8701636 0.0043614 0.4927437 127 154 127 255
0.3409033 1.6596173 -0.0354276 0.8142636 0.4152974 0.4055894 90 114 79 255
0.2803593 1.6922702 0.0174780 0.8355858 0.4537723 0.3096562 115 140 109 255
0.0044994 0.8425801 -0.0146599 0.9092612 -0.4146481 0.0362100 119 126 137 255
-0.0075698 0.8762109 -0.1060693 0.8205822 -0.0327125 -0.5705917 77 93 111 255
0.0359528 0.9336233 -0.0289898 0.8520455 -0.3997737 -0.3379341 103 114 127 255
0.2341609 1.5456730 0.1104748 0.2948408 -0.0737944 0.9526927 121 143 106 255
0.1314230 1.4950124 0.1043327 -0.4541803 -0.1776424 0.8730196 95 114 86 255
0.1624560 1.3808836 0.0948205 -0.0860391 -0.3751899 0.9229462 121 137 109 255
-0.0622509 0.7700269 0.1271782 0.7373250 -0.3313047 0.5887181 117 125 136 255
-0.0198522 0.7849130 -0.1106040 0.9681193 -0.2294951 -0.1003838 26 50 70 255
0.0044994 0.8425801 -0.0146599 0.9092612 -0.4146481 0.0362100 119 126 137 255
0.3440716 1.6719359 0.0149438 0.8701636 0.0043614 0.4927437 127 154 127 255
0.2894573 1.6746036 0.0532844 0.5450059 0.2865161 0.7879575 144 130 58 255
0.3307643 1.6084949 -0.0458479 0.9665022 0.1355763 0.2179276 112 143 109 255
-0.0390882 0.1328739 -0.3066418 0.0795868 0.9301716 -0.3583947 197 194 136 255
-0.0627089 0.1404793 -0.2822887 0.3932272 0.4821582 -0.7828767 198 194 137 255
-0.0381849 0.1415268 -0.2874640 0.4520026 0.8757387 0.1696333 197 192 138 255
0.3409033 1.6596173 -0.0354276 0.8141587 0.4153692 0.4057268 92 172 162 255
0.3379080 1.7424347 -0.0396836 0.7385691 0.5094975 0.4415065 188 186 185 255
0.3203201 1.6890509 -0.0502050 -0.4369627 -0.8029340 0.4054143 92 173 164 255
0.1422188 1.3483442 -0.2987587 0.1418806 -0.2580413 -0.9556592 7 6 6 255
0.0875742 1.5634164 -0.3461735 -0.1589582 -0.1299489 -0.9786958 3 3 3 255
0.1283307 1.5533917 -0.3488896 0.0724877 -0.0233499 -0.9970959 5 4 4 255
0.2894573 1.6746036 0.0532844 0.5450059 0.2865161 0.7879575 144 130 58 255
0.3440716 1.6719359 0.0149438 0.8701636 0.0043614 0.4927437 127 154 127 255
0.3152728 1.6998699 0.0466194 0.4526181 0.5580862 0.6954687 186 181 107 255
0.0517776 1.2586585 -0.2775936 0.1046868 -0.4501545 -0.8867930 82 95 111 255
0.0464733 1.5827235 -0.3395970 -0.2602466 -0.1224560 -0.9577454 45 43 41 255
0.1422188 1.3483442 -0.2987587 0.1418806 -0.2580413 -0.9556592 7 6 6 255
-0.2169688 0.1552839 0.1345961 0.7642354 0.6356732 -0.1089209 193 183 115 255
-0.1876776 0.1527316 0.1931837 0.0078673 0.9985818 -0.0526558 151 20 10 255
-0.2130249 0.1369557 0.1022577 0.2682379 0.7207335 -0.6392118 193 186 106 255
-0.0064385 1.7103306 0.0400441 -0.5683975 0.5246707 0.6337546 5 7 10 255
-0.0621834 1.7591904 -0.0658209 -0.7696440 0.5339431 0.3500752 19 18 18 255
-0.0337207 1.6923808 0.0455079 -0.7089997 0.3083715 0.6342132 165 160 138 255
-0.1724913 0.1494421 0.1412313 -0.1881519 0.9751768 -0.1167435 194 192 142 255
-0.2130249 0.1369557 0.1022577 0.2682379 0.7207335 -0.6392118 193 186 106 255
-0.1876776 0.1527316 0.1931837 0.0078673 0.9985818 -0.0526558 151 20 10 255
0.1639273 1.3761499 0.1528611 0.4388551 -0.2874834 -0.8513280 143 150 108 255
0.1194143 1.3967143 0.1442599 0.0404435 -0.3365847 -0.9407842 136 151 119 255
0.1314230 1.4950124 0.1043327 0.5802646 -0.1582546 -0.7989045 121 131 116 255
0.2439060 1.5101978 0.1561286 0.7252268 -0.4600153 -0.5122812 188 185 114 255
0.2341609 1.5456730 0.1104748 0.2986557 -0.0514563 0.9529728 178 171 94 255
0.2436373 1.6653103 0.0764487 0.5218881 0.3848684 0.7612548 174 177 169 255
0.3203201 1.6890509 -0.0502050 0.9348429 0.2372303 0.2641790 112 134 102 255
0.3554559 1.6077285 -0.1132809 0.9762516 0.0771527 0.2024358 104 129 100 255
0.3475254 1.6496309 -0.1258070 0.2919979 -0.5030613 0.8134290 106 129 101 255
0.1836128 1.6127032 0.0860898 0.0092024 -0.5394487 -0.8419682 143 158 135 255
0.1684196 1.4931339 0.1509173 0.5569631 -0.3178295 -0.7673177 123 165 149 255
0.1337643 1.5972502 0.0910065 0.2715686 -0.4105030 -0.8704814 160 156 143 255
0.1314230 1.4950124 0.1043327 -0.4432155 -0.1621040 0.8816362 135 151 121 255
0.1194143 1.3967143 0.1442599 0.0404250 -0.3365186 -0.9408087 142 151 127 255
0.1129653 1.4918537 0.1267383 -0.2754856 -0.3326640 -0.9019103 137 154 126 255
-0.0427260 0.6928486 0.0872376 0.8919843 0.3484474 0.2880074 107 179 166 255
-0.0163114 0.6152121 0.0523417 0.9401984 0.2815865 -0.1916668 160 25 17 255
-0.0239332 0.6769970 0.0365393 0.8351156 0.3803417 -0.3973943 122 171 143 255
0.1422188 1.3483442 -0.2987587 0.1418806 -0.2580413 -0.9556592 7 6 6 255
0.1789262 1.2294247 -0.2421123 0.8359584 -0.4364657 -0.3326734 8 8 8 255
0.1368182 1.2023915 -0.2641295 0.7034890 -0.3544042 -0.6160364 84 97 115 255
-0.0030081 0.5457147 0.0281539 0.5871664 -0.0895280 -0.8044999 68 82 102 255
-0.0163114 0.6152121 0.0523417 0.9401984 0.2815865 -0.1916668 160 25 17 255
0.0075848 0.5741271 0.0963943 0.9510850 0.2788753 0.1329133 96 6 5 255
-0.2905464 0.7862866 0.1239345 -0.5580381 0.2035767 0.8044564 103 124 95 255
-0.1709383 1.0431104 0.1051812 -0.7869044 0.4460238 0.4264322 72 89 108 255
-0.2889867 0.9163283 0.0405059 -0.8273724 0.5601774 -0.0406971 104 126 93 255
0.2636075 1.4471928 -0.2494872 0.3685163 0.0273748 0.9292182 95 168 152 255
0.2470810 1.5063953 -0.2550734 0.2213635 -0.3285368 0.9181839 199 203 195 255
0.2482104 1.4911534 -0.2553912 0.2293049 0.0579960 0.9716253 194 195 190 255
0.2442303 1.4959414 -0.2479537 0.8290150 -0.1582148 0.5363787 47 68 91 255
0.2384646 1.4789208 -0.2523003 0.4532069 -0.4110803 -0.7909592 47 68 92 255
0.2482104 1.4911534 -0.2553912 0.0726593 0.0628854 0.9953724 47 68 91 255
-0.0001223 1.5363920 0.0408647 -0.5567086 -0.3208688 0.7662367 169 152 66 255
-0.0278196 1.5891544 0.0116024 -0.7265437 -0.0003146 0.6871202 191 189 139 255
-0.0482168 1.5886505 -0.0099649 -0.7955016 -0.1649933 0.5830560 193 191 138 255
0.2898483 0.7172076 -0.2364316 0.7366677 0.3284199 0.5911524 102 127 94 255
0.2136908 0.7909437 -0.2430716 -0.5189894 -0.1940402 0.8324653 150 159 128 255
0.2343962 0.6981068 -0.2103494 -0.7681679 0.3006912 0.5652459 95 113 91 255
0.2384646 1.4789208 -0.2523003 0.2923785 -0.3859018 -0.8749825 65 86 108 255
0.1723647 1.4340254 -0.2512856 0.6093642 -0.3748234 -0.6987008 91 105 121 255
0.2118900 1.5052172 -0.2721598 0.4580407 -0.4799649 -0.7482195 66 84 105 255
0.3660083 1.6748153 -0.0755677 0.9453928 0.3008055 0.1254926 92 164 151 255
0.3887267 1.6324523 -0.1097741 0.9931742 0.0867496 0.0779709 55 48 37 255
0.3616760 1.7323399 -0.1434596 0.8673533 0.4884808 -0.0953138 186 185 182 255
0.3616760 1.7323399 -0.1434596 0.8673533 0.4884808 -0.0953138 186 185 182 255
0.3384905 1.7743628 -0.1072018 0.8065887 0.5908297 0.0182993 186 185 183 255
0.3660083 1.6748153 -0.0755677 0.9453928 0.3008055 0.1254926 92 164 151 255
-0.1012914 1.6820146 -0.0637200 -0.9034961 0.3295977 0.2739706 185 184 181 255
-0.0921574 1.5727828 0.0039363 -0.8250018 0.1965124 0.5298631 0 0 0 255
-0.0621834 1.7591904 -0.0658209 -0.7696970 0.5339196 0.3499948 185 183 181 255
0.2118900 1.5052172 -0.2721598 -0.4464875 0.1969357 0.8728488 176 175 93 255
0.1623039 1.4600895 -0.2873425 -0.3739845 0.1862499 0.9085408 180 175 97 255
0.2387087 1.4783999 -0.2523904 -0.4412710 0.1572794 0.8834835 185 181 106 255
0.0785618 0.3512513 -0.0727546 0.5159588 -0.3791183 0.7681509 189 182 178 255
0.1341524 0.4053674 -0.0979819 0.9529666 -0.0950491 0.2877852 189 183 178 255
-0.0545802 0.7206112 -0.0203075 0.3024705 0.0777764 0.9499802 149 152 127 255
0.1809406 1.8067972 -0.2561805 0.1714755 0.7297969 -0.6618100 186 184 182 255
0.0582690 1.8222113 -0.1526046 -0.2864220 0.9089873 -0.3028275 103 162 146 255
0.1866138 1.8595198 -0.1451796 -0.0192412 0.9648139 -0.2622291 108 182 170 255
0.0367713 1.2758839 -0.2281967 0.0177173 0.8383003 0.5449208 156 155 146 255
0.0879638 1.3435659 -0.2644701 -0.0879086 0.4334496 0.8968799 179 176 173 255
0.0212684 1.3661474 -0.2426821 0.8157173 0.0947995 0.5706298 19 30 36 255
0.1254666 0.7633451 0.3316700 -0.6327384 -0.1210806 -0.7648410 128 95 12 255
0.1666310 0.6814002 0.2998743 -0.7878609 -0.4258080 -0.4449301 140 152 111 255
0.1778154 0.6111423 0.3375556 -0.0689410 -0.2909158 -0.9542616 126 138 114 255
0.1723647 1.4340254 -0.2512856 0.6093642 -0.3748234 -0.6987008 91 105 121 255
0.1623039 1.4600895 -0.2873425 0.7982827 -0.3573820 -0.4847917 83 82 71 255
0.2118900 1.5052172 -0.2721598 0.4580407 -0.4799649 -0.7482195 66 84 105 255
-0.1724122 0.1500654 0.1410222 0.8578620 -0.4533995 -0.2418714 150 159 127 255
0.0095532 0.4042042 0.1678483 0.4429231 -0.2519333 0.8604354 140 108 32 255
-0.1621721 0.1424643 0.2074168 0.3135420 -0.1117003 0.9429817 150 159 132 255
-0.0403304 1.3706856 -0.0952795 0.6643436 0.4207345 0.6177621 149 137 54 255
-0.0212407 1.4317170 -0.1520734 0.3988021 0.5039591 0.7661474 45 63 81 255
-0.0518754 1.4387392 -0.1406895 0.9141557 0.1976785 0.3538962 9 14 19 255
0.0212684 1.3661474 -0.2426821 -0.4426818 -0.8956130 0.0437043 175 164 72 255
0.0879638 1.3435659 -0.2644701 0.5721741 -0.7378306 0.3580821 169 152 58 255
0.1022000 1.3253815 -0.2309450 -0.6204258 -0.5460771 0.5629135 154 133 31 255
0.1275461 1.2259284 -0.1292322 0.8243566 -0.0720492 -0.5614668 154 166 138 255
0.0110831 1.0659055 -0.1002126 0.0715204 -0.3073167 -0.9489160 85 100 118 255
0.0703983 1.2037499 -0.1483713 -0.4608367 -0.7207413 -0.5178432 117 178 161 255
0.3384905 1.7743628 -0.1072018 0.8065887 0.5908297 0.0182993 186 185 183 255
0.2484357 1.8553909 -0.1268106 0.5486369 0.8317739 0.0845576 107 179 166 255
0.3379080 1.7424347 -0.0396836 0.7385691 0.5094975 0.4415065 188 186 185 255
-0.0282583 1.3297688 -0.1421261 0.9639728 0.0683622 0.2570660 136 132 64 255
-0.0295243 1.3462732 -0.0870657 0.9634584 0.0719009 0.2580279 145 135 57 255
-0.0299268 1.3237736 -0.0511739 0.8274121 -0.1879654 0.5292054 145 136 59 255
0.0686989 0.4147973 -0.2003721 -0.0685301 0.1479897 -0.9866117 65 93 120 255
0.1379962 0.4640528 -0.1551218 0.8872768 0.3034286 -0.3473774 76 85 100 255
0.0476701 0.3010641 -0.2243676 0.7061000 -0.0395668 -0.7070059 99 110 124 255
0.1339922 0.1099184 -0.2431431 0.5723347 0.4811022 0.6640584 186 180 179 255
0.1493363 0.0212121 -0.3610390 0.8798365 0.3004704 -0.3682463 186 185 183 255
0.0979292 0.1167200 -0.3596287 0.0580230 0.7089083 -0.7029098 158 134 41 255
-0.0299268 1.3237736 -0.0511739 0.8274121 -0.1879654 0.5292054 145 136 59 255
-0.0295243 1.3462732 -0.0870657 0.9634584 0.0719009 0.2580279 145 135 57 255
-0.0552423 1.3985843 -0.0534980 0.7901956 0.1360026 -0.5975736 154 139 52 255
-0.0968838 0.1014486 -0.1644019 0.0470433 -0.3445830 0.9375764 0 1 2 255
-0.1659012 0.1312610 -0.1807188 -0.6109952 0.0207577 0.7913622 63 81 101 255
-0.1458328 0.0188101 -0.1826599 -0.1032309 -0.9143719 0.3914939 1 0 0 255
0.3823748 1.6358423 -0.1586044 0.9831743 0.0294487 0.1802805 99 118 89 255
0.3887267 1.6324523 -0.1097741 0.9931794 0.0866727 0.0779911 109 133 92 255
0.3554559 1.6077285 -0.1132809 0.9762516 0.0771527 0.2024358 104 129 100 255
0.1996756 0.6146908 0.2717302 0.9459887 -0.0944439 -0.3101383 188 183 179 255
0.1809464 0.7074864 0.2723548 -0.0197906 0.4581521 -0.8886535 188 183 178 255
0.2172768 0.7018245 0.2988822 0.9617617 0.2092769 -0.1766857 188 183 179 255
-0.2175217 0.7061299 -0.0523996 -0.6170551 -0.5509120 0.5619066 94 98 105 255
-0.2381542 0.6884114 0.0077515 -0.5387035 -0.4658189 -0.7020053 156 165 134 255
-0.3138049 0.8090278 0.0091548 -0.9611207 -0.2193898 -0.1676754 183 185 184 255
0.0232282 1.2842115 0.1809270 -0.5333971 0.6409745 0.5519414 92 50 8 255
-0.0761514 1.2741108 0.0727620 -0.8782225 0.4682071 0.0975054 54 82 109 255
0.0230789 1.2408118 0.1642034 -0.7293235 0.2096500 0.6512557 14 24 33 255
0.3887267 1.6324523 -0.1097741 0.9931742 0.0867496 0.0779709 55 48 37 255
0.3823748 1.6358423 -0.1586044 0.9831721 0.0294657 0.1802895 187 186 183 255
0.3351226 1.7527279 -0.1930745 0.8293098 0.4946187 -0.2599957 186 184 182 255
0.3802974 1.6464841 -0.0413959 0.8740083 0.3221849 0.3637393 93 165 153 255
0.3379080 1.7424347 -0.0396836 0.7385691 0.5094975 0.4415065 188 186 185 255
0.3409033 1.6596173 -0.0354276 0.8141587 0.4153692 0.4057268 92 172 162 255
-0.0761514 1.2741108 0.0727620 -0.8782225 0.4682071 0.0975054 54 82 109 255
-0.0313120 1.1648774 0.1807745 -0.1948351 0.2288617 0.9537618 33 65 89 255
0.0230789 1.2408118 0.1642034 -0.7293235 0.2096500 0.6512557 14 24 33 255
0.3660083 1.6748153 -0.0755677 0.9453928 0.3008055 0.1254926 92 164 151 255
0.3384905 1.7743628 -0.1072018 0.8065887 0.5908297 0.0182993 186 185 183 255
0.3802974 1.6464841 -0.0413959 0.8740083 0.3221849 0.3637393 93 165 153 255
0.3724749 1.6079478 -0.1889451 0.8788742 -0.4157752 -0.2339042 72 62 48 255
0.3381908 1.6116797 -0.2072625 0.9435565 0.2147072 0.2521943 145 142 137 255
0.3599632 1.6422409 -0.1633019 -0.7359692 0.3936926 -0.5507773 192 187 124 255
0.0170250 0.2633029 -0.2504362 0.3828579 0.1427482 -0.9127118 104 115 129 255
-0.1630712 0.1866062 -0.3297491 -0.1478560 0.5282514 -0.8361155 84 101 120 255
0.0476701 0.3010641 -0.2243676 0.7061000 -0.0395668 -0.7070059 99 110 124 255
0.3379080 1.7424347 -0.0396836 0.7385721 0.5095362 0.4414569 102 118 87 255
0.2803593 1.6922702 0.0174780 0.8355858 0.4537723 0.3096562 115 140 109 255
0.3203201 1.6890509 -0.0502050 0.9348254 0.2371784 0.2642877 112 134 102 255
0.3456454 1.5185584 -0.2447931 0.1783985 -0.2055500 0.9622491 126 122 62 255
0.3637664 1.5671088 -0.2440748 0.4574836 -0.4877558 -0.7435072 178 174 95 255
0.3231776 1.5703800 -0.2295582 -0.0314092 -0.3352761 0.9415962 80 85 27 255
0.3541763 1.4760755 -0.1572088 0.9048563 -0.2975453 -0.3044697 90 118 92 255
0.3889058 1.5368557 -0.1414785 0.9982085 -0.0274431 0.0531658 113 149 124 255
0.3476768 1.5635338 -0.0758805 0.9799142 0.1500612 0.1313380 107 135 102 255
0.1493363 0.0212121 -0.3610390 -0.0804729 -0.9814804 -0.1738399 181 171 97 255
0.1459718 0.0000000 -0.2397201 -0.0893383 -0.9816970 -0.1681954 187 183 121 255
0.0447712 0.0362692 -0.3976445 -0.0810350 -0.9838357 -0.1596889 188 182 116 255
-0.0780075 1.5410662 -0.1083646 -0.7803726 -0.6213377 -0.0704141 149 146 88 255
-0.0613651 1.5268264 -0.1671517 -0.8929509 -0.4500298 -0.0105815 156 130 36 255
-0.0481803 1.4979335 -0.0583234 -0.8317847 -0.5342597 0.1506682 180 169 96 255
-0.0908463 1.3000557 -0.0781257 -0.9628516 0.1274929 -0.2380386 136 148 114 255
-0.0704682 1.3408554 -0.1387075 -0.8890886 -0.0068235 -0.4576842 110 131 99 255
-0.0607936 1.3052259 -0.1944468 -0.9060773 0.2409502 -0.3478028 119 146 120 255
0.3384905 1.7743628 -0.1072018 0.8065887 0.5908297 0.0182993 186 185 183 255
0.2485578 1.8352915 -0.1877098 0.4980012 0.7821161 -0.3745520 186 185 183 255
0.2484357 1.8553909 -0.1268106 0.5486369 0.8317739 0.0845576 107 179 166 255
0.1866138 1.8595198 -0.1451796 -0.0192412 0.9648139 -0.2622291 108 182 170 255
0.2621498 1.8258792 -0.0406237 0.5174930 0.7738383 0.3652059 145 157 127 255
0.2484357 1.8553909 -0.1268106 0.5486369 0.8317739 0.0845576 107 179 166 255
-0.1458328 0.0188101 -0.1826599 -0.1004225 -0.8706843 0.4814812 190 188 129 255
0.0447712 0.0362692 -0.3976445 -0.0810350 -0.9838357 -0.1596889 188 182 116 255
0.1459718 0.0000000 -0.2397201 -0.0893383 -0.9816970 -0.1681954 187 183 121 255
0.3296554 1.4677521 -0.2589698 0.4005651 -0.1422895 -0.9051526 96 105 80 255
0.2804527 1.4894148 -0.2699260 0.5635051 -0.3216115 -0.7609390 150 146 133 255
0.2534544 1.6101554 -0.3149301 0.4276849 0.0595127 -0.9019667 180 176 171 255
0.2343962 0.6981068 -0.2103494 -0.7681679 0.3006912 0.5652459 95 113 91 255
0.2219348 0.6943253 -0.2810239 -0.9716417 0.0714631 0.2254009 126 131 141 255
0.1785240 0.5607227 -0.2455578 -0.9181266 0.2148291 0.3330048 189 184 180 255
-0.1931524 0.1858011 0.0723937 0.1409282 -0.1880299 -0.9719999 75 102 125 255
-0.0772812 0.3988412 0.0445344 0.0544084 -0.9487509 0.3113060 37 61 85 255
-0.0030081 0.5457147 0.0281539 0.5871664 -0.0895280 -0.8044999 68 82 102 255
-0.0704682 1.3408554 -0.1387075 -0.8890886 -0.0068235 -0.4576842 110 131 99 255
-0.0908463 1.3000557 -0.0781257 -0.9628516 0.1274929 -0.2380386 136 148 114 255
-0.0817404 1.3417553 -0.0916274 -0.9598203 -0.2769103 -0.0454490 124 139 102 255
0.0732765 1.0572624 0.3237264 -0.3713194 0.2255998 0.9006813 59 89 115 255
0.1239338 0.7768168 0.3824039 -0.2205622 0.1750649 0.9595335 12 22 28 255
0.1817279 0.7617917 0.3485103 0.7123495 0.2922710 0.6380719 13 20 26 255
-0.1458328 0.0188101 -0.1826599 -0.1004225 -0.8706843 0.4814812 190 188 129 255
-0.1659012 0.1312610 -0.1807188 -0.6307453 0.0428163 0.7748078 193 190 135 255
-0.2225564 0.0464381 -0.2316638 -0.9966500 -0.0802516 -0.0157650 194 189 127 255
0.1062803 1.5647025 0.1650465 -0.1210450 0.2872074 0.9501894 115 128 85 255
0.0682473 1.7995631 0.0122118 -0.1844469 0.7406947 0.6460268 173 172 167 255
0.0641508 1.6352644 0.1188524 -0.1416574 0.3726714 0.9170873 12 17 21 255
-0.0613651 1.5268264 -0.1671517 0.8372380 0.2543848 0.4840670 194 191 134 255
-0.0780075 1.5410662 -0.1083646 0.9903888 0.1227103 -0.0638133 53 55 60 255
-0.0518754 1.4387392 -0.1406895 0.9141557 0.1976785 0.3538962 9 14 19 255
-0.0198522 0.7849130 -0.1106040 0.9681193 -0.2294951 -0.1003838 26 50 70 255
-0.0843065 0.7817711 -0.1936154 0.1968735 0.0428374 -0.9794927 46 68 91 255
-0.0075698 0.8762109 -0.1060693 0.8205822 -0.0327125 -0.5705917 77 93 111 255
-0.0304384 1.0079391 -0.0988166 0.0756200 0.4610022 -0.8841711 94 105 120 255
-0.0843065 0.7817711 -0.1936154 0.1968735 0.0428374 -0.9794927 46 68 91 255
-0.2119477 0.9364887 -0.1261057 -0.4819185 0.5467074 -0.6847375 49 70 93 255
0.0367713 1.2758839 -0.2281967 0.1714092 0.9060193 0.3869725 89 107 127 255
0.1395326 1.2092737 -0.2297673 0.8840421 0.3877383 -0.2610145 109 120 133 255
0.0778375 1.2289716 -0.2446226 -0.7723749 0.6330119 0.0522783 97 112 128 255
-0.0473347 1.3007983 -0.0878072 0.5114834 -0.6318934 0.5823190 129 132 74 255
-0.0282583 1.3297688 -0.1421261 0.9639728 0.0683622 0.2570660 136 132 64 255
-0.0299268 1.3237736 -0.0511739 0.8274121 -0.1879654 0.5292054 145 136 59 255
0.2485578 1.8352915 -0.1877098 0.4980012 0.7821161 -0.3745520 186 185 183 255
0.1809406 1.8067972 -0.2561805 0.1714755 0.7297969 -0.6618100 186 184 182 255
0.1866138 1.8595198 -0.1451796 -0.0192412 0.9648139 -0.2622291 108 182 170 255
0.0767293 1.2983443 -0.0503721 0.4040118 0.9095028 -0.0978731 49 71 98 255
0.0177464 1.3020299 -0.0293829 -0.6120185 0.7144051 -0.3392033 44 65 91 255
0.0454071 1.3320943 0.0426884 -0.1250665 0.9617035 -0.2438947 190 192 192 255
-0.0761514 1.2741108 0.0727620 -0.8782225 0.4682071 0.0975054 54 82 109 255
0.0177464 1.3020299 -0.0293829 -0.6807348 0.7129453 -0.1682536 130 96 21 255
0.0186176 1.2398397 -0.1147922 -0.7636114 0.0979058 -0.6382101 148 165 158 255
-0.0064385 1.7103306 0.0400441 -0.5683975 0.5246707 0.6337546 5 7 10 255
-0.0337207 1.6923808 0.0455079 -0.7089997 0.3083715 0.6342132 165 160 138 255
0.0191610 1.5210277 0.1290855 -0.3320450 0.2464946 0.9104869 119 132 88 255
-0.0106077 0.1171544 0.1893189 0.5119616 0.5173873 0.6857155 169 153 65 255
-0.1621721 0.1424643 0.2074168 0.2902122 0.4231911 0.8583041 177 158 68 255
-0.2209525 0.0415070 0.2742004 0.0211064 -0.7816589 0.6233490 181 171 92 255
0.0149517 0.8780018 0.0339985 0.8707131 -0.4360426 0.2274325 113 121 133 255
0.0321016 0.9118121 0.0081120 0.8067335 -0.5240710 -0.2730030 106 116 129 255
0.1099036 1.0062309 0.0097053 0.7677426 -0.6256942 -0.1381226 125 171 156 255
0.0239990 0.0270814 0.1762435 0.6044774 -0.7323763 0.3134199 194 187 122 255
-0.0106077 0.1171544 0.1893189 0.5160697 0.5169421 0.6829664 172 158 80 255
-0.2209525 0.0415070 0.2742004 -0.0457493 -0.8292208 0.5570457 180 180 108 255
-0.0669014 1.5387278 0.0706913 -0.6821097 0.1450754 0.7167144 22 41 56 255
-0.0092652 1.3909239 0.1196380 -0.7151780 -0.0674963 0.6956757 128 140 111 255
-0.0337207 1.6923808 0.0455079 -0.7089997 0.3083715 0.6342132 165 160 138 255
-0.0465629 0.0240005 0.0370569 -0.0468262 -0.8841117 -0.4649233 191 179 82 255
0.0239990 0.0270814 0.1762435 0.6044774 -0.7323763 0.3134199 194 187 122 255
-0.2209525 0.0415070 0.2742004 -0.0457493 -0.8292208 0.5570457 180 180 108 255
0.1817279 0.7617917 0.3485103 0.7108069 0.1622680 0.6844141 186 182 178 255
0.1809464 0.7074864 0.2723548 -0.0197906 0.4581521 -0.8886535 188 183 178 255
0.1254666 0.7633451 0.3316700 -0.6327384 -0.1210806 -0.7648410 128 95 12 255
-0.2894084 0.1577944 0.2370043 -0.0736417 0.2521606 0.9648793 193 192 133 255
-0.2891719 0.2165268 0.2216735 -0.6709383 0.6240195 0.4005516 191 188 110 255
-0.3278062 0.1682850 0.2313321 -0.6640663 0.6590942 0.3530028 190 187 123 255
-0.3795395 0.1663761 0.1133273 -0.5060425 0.2976437 -0.8095242 168 155 67 255
-0.2972927 0.2178809 0.1262474 0.3871519 -0.7444792 0.5439340 164 146 49 255
-0.2891719 0.2165268 0.2216735 0.4916403 -0.8707725 -0.0067269 174 162 70 255
0.2557921 0.4855557 -0.1381863 0.3770691 -0.8083353 -0.4521204 177 171 97 255
0.1975377 0.4691490 -0.1186509 0.0753345 -0.8627725 -0.4999482 176 169 99 255
0.2594528 0.5258155 -0.2071117 0.5625069 -0.6947275 -0.4482629 159 155 72 255
0.1050320 1.7706629 -0.2916801 -0.2235492 0.8002278 -0.5564721 185 183 181 255
-0.0624835 1.7745006 -0.1706907 -0.4939947 0.8054963 -0.3273302 124 144 117 255
0.0582690 1.8222113 -0.1526046 -0.2864220 0.9089873 -0.3028275 103 162 146 255
0.1288610 1.8541219 -0.1386898 -0.1837973 0.9827073 -0.0224696 112 181 169 255
0.0582690 1.8222113 -0.1526046 -0.2864220 0.9089873 -0.3028275 103 162 146 255
0.0820026 1.8472651 -0.0875013 -0.2799424 0.8805102 0.3825364 147 162 133 255
0.2621498 1.8258792 -0.0406237 0.5174930 0.7738383 0.3652059 145 157 127 255
0.1866138 1.8595198 -0.1451796 -0.0192412 0.9648139 -0.2622291 108 182 170 255
0.2078207 1.8575128 -0.0555351 0.2155642 0.8676795 0.4479557 151 157 130 255
0.0559561 1.0071181 0.2751229 -0.9945100 -0.1046361 -0.0010678 57 88 115 255
0.1254666 0.7633451 0.3316700 -0.6327384 -0.1210806 -0.7648410 128 95 12 255
0.1239338 0.7768168 0.3824039 -0.2205622 0.1750649 0.9595335 12 22 28 255
0.1866138 1.8595198 -0.1451796 -0.0192412 0.9648139 -0.2622291 108 182 170 255
0.1288610 1.8541219 -0.1386898 -0.1837973 0.9827073 -0.0224696 112 181 169 255
0.2078207 1.8575128 -0.0555351 0.2155642 0.8676795 0.4479557 151 157 130 255
0.1288610 1.8541219 -0.1386898 -0.1837973 0.9827073 -0.0224696 112 181 169 255
0.1534591 1.8584566 -0.0636685 -0.0712701 0.8367764 0.5428865 144 155 122 255
0.2078207 1.8575128 -0.0555351 0.2155642 0.8676795 0.4479557 151 157 130 255
-0.0907011 0.1459571 0.1689816 0.1725742 0.9837536 -0.0494682 173 156 72 255
-0.1621721 0.1424643 0.2074168 0.2902122 0.4231911 0.8583041 177 158 68 255
-0.0106077 0.1171544 0.1893189 0.5119616 0.5173873 0.6857155 169 153 65 255
-0.2119477 0.9364887 -0.1261057 -0.4819185 0.5467074 -0.6847375 49 70 93 255
-0.3138049 0.8090278 0.0091548 -0.9715070 -0.1338061 -0.1956273 102 119 88 255
-0.2889867 0.9163283 0.0405059 -0.8273724 0.5601774 -0.0406971 104 126 93 255
0.1199021 0.9537424 -0.2561878 -0.9226565 -0.3258386 -0.2062384 65 21 12 255
0.1515920 0.9556359 -0.2092792 -0.1906565 -0.2421317 0.9513267 87 6 4 255
0.0663192 1.2041224 -0.1603385 -0.4848799 -0.7144487 0.5044349 88 106 125 255
-0.1172900 1.4818325 -0.0873520 -0.9776209 -0.1247165 -0.1694201 84 95 72 255
-0.1358821 1.4826821 -0.0481687 -0.9780808 -0.0550452 0.2008184 106 129 95 255
-0.1191394 1.6280633 -0.0934777 -0.9957174 0.0834264 -0.0398360 136 135 132 255
-0.0198522 0.7849130 -0.1106040 0.9681193 -0.2294951 -0.1003838 26 50 70 255
-0.0075698 0.8762109 -0.1060693 0.8205822 -0.0327125 -0.5705917 77 93 111 255
0.0044994 0.8425801 -0.0146599 0.9092612 -0.4146481 0.0362100 119 126 137 255
0.1463375 1.1415477 0.2058661 0.3199424 -0.0996841 0.9421784 162 158 100 255
0.1558716 1.1802373 0.1409187 0.9841598 0.1024619 0.1446760 148 158 124 255
0.1437316 1.2309403 0.1210063 0.8901072 0.3782614 0.2542194 146 154 130 255
0.0102341 1.1825429 -0.2565736 -0.3245299 -0.1430938 -0.9349891 97 109 122 255
-0.0334513 1.2335672 -0.2438880 -0.6079530 0.0447258 -0.7927124 93 105 121 255
-0.0159028 1.2544010 -0.2515967 -0.4010076 -0.3880959 -0.8298039 99 110 124 255
0.0018387 0.4209693 -0.1305822 -0.9228572 0.0964081 -0.3728808 50 81 107 255
0.0686989 0.4147973 -0.2003721 -0.0685301 0.1479897 -0.9866117 65 93 120 255
-0.1250889 0.3316759 -0.1953592 -0.6766354 0.7188126 -0.1596028 110 120 133 255
0.3541763 1.4760755 -0.1572088 0.9048563 -0.2975453 -0.3044697 90 118 92 255
0.3547363 1.5744797 -0.2027738 0.9327239 -0.1823786 -0.3110696 111 131 103 255
0.3889058 1.5368557 -0.1414785 0.9982085 -0.0274431 0.0531658 113 149 124 255
0.2748005 1.3966963 -0.1159047 0.6043825 -0.6157405 -0.5055547 91 112 83 255
0.2802935 1.4577450 -0.1780934 0.4368707 -0.7690480 -0.4665931 81 107 82 255
0.3214126 1.4483315 -0.1431144 0.4451134 -0.8062632 -0.3896329 92 116 86 255
0.0686989 0.4147973 -0.2003721 -0.0685301 0.1479897 -0.9866117 65 93 120 255
-0.1630712 0.1866062 -0.3297491 -0.1478560 0.5282514 -0.8361155 84 101 120 255
-0.1250889 0.3316759 -0.1953592 -0.6766354 0.7188126 -0.1596028 110 120 133 255
-0.0873213 0.7121740 0.0019493 0.4364417 -0.5267997 -0.7293839 151 160 135 255
-0.0545802 0.7206112 -0.0203075 0.3024705 0.0777764 0.9499802 149 152 127 255
-0.0724769 0.7744243 0.0820181 0.9896508 0.0038551 0.1434440 145 154 125 255
-0.1129467 0.1231888 -0.1760920 0.1564814 -0.3516721 0.9229521 96 160 148 255
-0.1400926 0.1941907 -0.1748081 -0.6571830 0.1963257 0.7277135 172 176 110 255
-0.1659012 0.1312610 -0.1807188 -0.6319857 0.0798703 0.7708534 193 190 135 255
-0.0427260 0.6928486 0.0872376 0.8919843 0.3484474 0.2880074 107 179 166 255
-0.0724769 0.7744243 0.0820181 0.9896508 0.0038551 0.1434440 145 154 125 255
-0.1067202 0.7591213 0.1550531 0.3747539 0.0516231 0.9256859 101 177 164 255
0.0177464 1.3020299 -0.0293829 -0.6807348 0.7129453 -0.1682536 130 96 21 255
-0.0761514 1.2741108 0.0727620 -0.8782225 0.4682071 0.0975054 54 82 109 255
0.0277119 1.3607895 0.1040914 -0.3681704 0.9132069 0.1746532 93 55 9 255
0.0239990 0.0270814 0.1762435 0.6044774 -0.7323763 0.3134199 194 187 122 255
-0.0191920 0.1126105 0.0588968 0.5546716 0.6470855 -0.5230867 194 192 145 255
-0.0106077 0.1171544 0.1893189 0.5160697 0.5169421 0.6829664 172 158 80 255
-0.0064385 1.7103306 0.0400441 -0.5683975 0.5246707 0.6337546 5 7 10 255
0.0257249 1.7504681 0.0375259 -0.4353736 0.5649409 0.7009220 2 3 5 255
0.0132763 1.8216844 -0.0835431 -0.4449131 0.8542013 0.2690585 41 40 37 255
0.0132763 1.8216844 -0.0835431 -0.4449131 0.8542013 0.2690585 41 40 37 255
0.0257249 1.7504681 0.0375259 -0.4353736 0.5649409 0.7009220 2 3 5 255
0.0682473 1.7995631 0.0122118 -0.1844469 0.7406947 0.6460268 173 172 167 255
-0.1630712 0.1866062 -0.3297491 -0.1478560 0.5282514 -0.8361155 84 101 120 255
0.0686989 0.4147973 -0.2003721 -0.0685301 0.1479897 -0.9866117 65 93 120 255
0.0476701 0.3010641 -0.2243676 0.7061000 -0.0395668 -0.7070059 99 110 124 255
0.1281595 1.6932598 0.1080730 -0.0022313 0.5215207 0.8532356 128 94 5 255
0.1258340 1.8262206 -0.0125744 -0.1992512 0.7830645 0.5891596 164 170 129 255
0.0820026 1.8472651 -0.0875013 -0.2799424 0.8805102 0.3825364 147 162 133 255
-0.0092652 1.3909239 0.1196380 -0.7151780 -0.0674963 0.6956757 128 140 111 255
-0.0285256 1.5035513 0.1342213 -0.7115926 0.1050268 0.6946981 117 131 90 255
-0.0337207 1.6923808 0.0455079 -0.7089997 0.3083715 0.6342132 165 160 138 255
-0.0907011 0.1459571 0.1689816 0.1725742 0.9837536 -0.0494682 173 156 72 255
-0.1724122 0.1500654 0.1410222 0.9881173 0.1234495 -0.0915657 178 167 83 255
-0.1621721 0.1424643 0.2074168 0.2902122 0.4231911 0.8583041 177 158 68 255
0.2065883 1.0810104 -0.0186777 0.8274245 -0.2060584 -0.5224065 132 172 155 255
0.0110831 1.0659055 -0.1002126 0.0715204 -0.3073167 -0.9489160 85 100 118 255
0.1275461 1.2259284 -0.1292322 0.8243566 -0.0720492 -0.5614668 154 166 138 255
-0.0390882 0.1328739 -0.3066418 0.0795868 0.9301716 -0.3583947 197 194 136 255
-0.0381849 0.1415268 -0.2874640 0.4520026 0.8757387 0.1696333 197 192 138 255
-0.0341079 0.1088727 -0.2294321 0.9095572 0.1627415 0.3823882 197 193 139 255
0.1684196 1.4931339 0.1509173 0.1683801 0.0971659 0.9809215 119 132 88 255
0.1745450 1.5058340 0.1779022 -0.9514725 -0.1318843 0.2780409 126 140 102 255
0.1281595 1.6932598 0.1080730 -0.0022813 0.5215045 0.8532456 13 21 30 255
-0.0381849 0.1415268 -0.2874640 0.4520026 0.8757387 0.1696333 197 192 138 255
-0.0627089 0.1404793 -0.2822887 0.3932272 0.4821582 -0.7828767 198 194 137 255
-0.0341079 0.1088727 -0.2294321 0.9095572 0.1627415 0.3823882 197 193 139 255
0.1785240 0.5607227 -0.2455578 -0.9181519 0.2147477 0.3329874 189 184 180 255
0.1327925 0.5665629 -0.2227765 0.2677578 0.9145705 0.3030952 189 185 181 255
0.1512280 0.5392024 -0.2074777 0.4067864 0.6390882 0.6527567 189 186 183 255
-0.0337207 1.6923808 0.0455079 -0.7089997 0.3083715 0.6342132 165 160 138 255
-0.0921574 1.5727828 0.0039363 -0.8250604 0.1964695 0.5297877 43 74 101 255
-0.0669014 1.5387278 0.0706913 -0.6821097 0.1450754 0.7167144 22 41 56 255
-0.2130249 0.1369557 0.1022577 0.2682379 0.7207335 -0.6392118 193 186 106 255
-0.2972927 0.2178809 0.1262474 -0.5717991 0.4756445 -0.6684369 192 191 138 255
-0.2169688 0.1552839 0.1345961 0.7642354 0.6356732 -0.1089209 193 183 115 255
0.0257249 1.7504681 0.0375259 -0.4353736 0.5649409 0.7009220 2 3 5 255
-0.0064385 1.7103306 0.0400441 -0.5683975 0.5246707 0.6337546 5 7 10 255
0.0313375 1.5463812 0.1585774 -0.3961819 0.2032682 0.8953893 118 132 88 255
-0.2283401 0.1066936 0.0897417 -0.1553837 0.1008259 -0.9826953 155 131 31 255
-0.3795395 0.1663761 0.1133273 -0.5481868 0.1428238 -0.8240708 155 132 36 255
-0.1931524 0.1858011 0.0723937 0.1998860 -0.3535676 -0.9138029 75 102 125 255
0.0979292 0.1167200 -0.3596287 0.0580230 0.7089083 -0.7029098 158 134 41 255
0.0447712 0.0362692 -0.3976445 -0.0413721 0.4491001 -0.8925231 141 108 22 255
-0.1485720 0.0392412 -0.3379883 -0.4182663 -0.2437657 -0.8750038 195 190 133 255
0.3475254 1.6496309 -0.1258070 0.2919979 -0.5030613 0.8134290 106 129 101 255
0.3554559 1.6077285 -0.1132809 0.9762516 0.0771527 0.2024358 104 129 100 255
0.3887267 1.6324523 -0.1097741 0.9931794 0.0866727 0.0779911 109 133 92 255
-0.2431631 0.1432276 0.2222779 -0.1162084 0.9880617 0.1011427 166 28 25 255
-0.1876776 0.1527316 0.1931837 0.0078673 0.9985818 -0.0526558 151 20 10 255
-0.2169688 0.1552839 0.1345961 0.7642354 0.6356732 -0.1089209 193 183 115 255
-0.2431631 0.1432276 0.2222779 0.7207685 -0.6824462 0.1214902 177 170 99 255
-0.2169688 0.1552839 0.1345961 0.9249654 0.3416984 -0.1663760 181 173 91 255
-0.2082734 0.1768524 0.2041671 0.8655469 -0.5006056 0.0149189 177 170 102 255
-0.0151551 0.6085401 0.1217666 0.8437464 0.3369840 0.4177726 138 135 83 255
0.0075848 0.5741271 0.0963943 0.9510850 0.2788753 0.1329133 96 6 5 255
-0.0163114 0.6152121 0.0523417 0.9401984 0.2815865 -0.1916668 160 25 17 255
-0.0092652 1.3909239 0.1196380 -0.7151780 -0.0674963 0.6956757 128 140 111 255
-0.0669014 1.5387278 0.0706913 -0.6821097 0.1450754 0.7167144 22 41 56 255
-0.0407500 1.3580866 0.1064806 -0.8901502 -0.2317878 0.3923097 124 136 107 255
0.1459718 0.0000000 -0.2397201 0.5513526 0.0975849 0.8285455 175 172 170 255
0.1493363 0.0212121 -0.3610390 0.8798365 0.3004704 -0.3682463 186 185 183 255
0.1339922 0.1099184 -0.2431431 0.5723347 0.4811022 0.6640584 186 180 179 255
-0.1485720 0.0392412 -0.3379883 -0.4182663 -0.2437657 -0.8750038 195 190 133 255
-0.1458328 0.0188101 -0.1826599 -0.1004225 -0.8706843 0.4814812 190 188 129 255
-0.2225564 0.0464381 -0.2316638 -0.9966500 -0.0802516 -0.0157650 194 189 127 255
-0.1458328 0.0188101 -0.1826599 -0.1032309 -0.9143719 0.3914939 1 0 0 255
0.1459718 0.0000000 -0.2397201 0.5513526 0.0975849 0.8285455 175 172 170 255
0.1339922 0.1099184 -0.2431431 0.5723347 0.4811022 0.6640584 186 180 179 255
0.0048096 1.3698098 0.0906582 0.6850173 -0.4281158 -0.5894644 138 157 136 255
-0.0092652 1.3909239 0.1196380 -0.7151834 -0.0675063 0.6956692 140 84 48 255
-0.0407500 1.3580866 0.1064806 -0.8901601 -0.2318376 0.3922580 142 102 70 255
0.0248821 1.3794406 0.1295950 -0.3537711 -0.8328794 0.4256265 142 110 80 255
-0.0092652 1.3909239 0.1196380 -0.7151834 -0.0675063 0.6956692 140 84 48 255
0.0048096 1.3698098 0.0906582 0.6850173 -0.4281158 -0.5894644 138 157 136 255
-0.0005836 0.1327521 -0.2749181 0.8782837 0.3917173 -0.2741810 197 192 135 255
-0.0081701 0.1059860 -0.2016163 0.6332424 -0.3084058 0.7098520 176 160 77 255
0.1339922 0.1099184 -0.2431431 0.5723347 0.4811022 0.6640584 186 180 179 255
-0.0341079 0.1088727 -0.2294321 0.9095572 0.1627415 0.3823882 197 193 139 255
-0.0627089 0.1404793 -0.2822887 0.3932272 0.4821582 -0.7828767 198 194 137 255
-0.0456915 0.2073328 -0.2488711 0.7072378 0.1625100 -0.6880444 198 191 131 255
0.0647235 1.3747029 0.1440482 0.3570384 -0.2749744 -0.8926997 148 159 137 255
0.0063095 1.5799379 0.0540352 0.6196877 -0.2132982 -0.7553087 95 115 81 255
0.0527403 1.5613436 0.0956342 0.2955247 -0.2720096 -0.9157925 121 162 143 255
-0.0456915 0.2073328 -0.2488711 0.1894944 -0.3338893 0.9233687 190 190 135 255
-0.0689919 0.1534674 -0.1788616 0.7618349 -0.0938582 0.6409354 185 183 116 255
-0.0341079 0.1088727 -0.2294321 0.9250824 0.2009599 0.3222383 190 188 127 255
0.0783219 1.5896418 0.0856512 0.0424646 -0.3760614 -0.9256212 129 144 116 255
0.1194143 1.3967143 0.1442599 0.0404250 -0.3365186 -0.9408087 142 151 127 255
0.0527403 1.5613436 0.0956342 0.2955247 -0.2720096 -0.9157925 121 162 143 255
-0.1724913 0.1494421 0.1412313 -0.6352773 -0.7385082 0.2258950 192 191 136 255
-0.2082734 0.1768524 0.2041671 -0.7744521 -0.4420069 -0.4526079 191 191 132 255
-0.2229667 0.1761728 0.1004026 -0.1731828 -0.5250421 0.8332698 10 17 23 255
0.0342016 1.5781890 0.0661547 -0.4700848 -0.2703479 0.8401978 112 130 98 255
-0.0001223 1.5363920 0.0408647 -0.5567086 -0.3208688 0.7662367 169 152 66 255
0.0774746 1.3908545 0.0164142 -0.6300977 -0.3299318 0.7029381 126 144 115 255
0.0414128 0.4208591 0.0948427 0.7950791 -0.2434669 -0.5554935 40 61 82 255
-0.0030081 0.5457147 0.0281539 0.5871664 -0.0895280 -0.8044999 68 82 102 255
0.0075848 0.5741271 0.0963943 0.9510850 0.2788753 0.1329133 96 6 5 255
-0.0772812 0.3988412 0.0445344 0.0544084 -0.9487509 0.3113060 37 61 85 255
-0.1931524 0.1858011 0.0723937 0.1409282 -0.1880299 -0.9719999 75 102 125 255
-0.3795395 0.1663761 0.1133273 -0.5074717 0.3545112 -0.7853625 155 132 36 255
0.3440716 1.6719359 0.0149438 0.8701653 0.0044014 0.4927401 89 170 158 255
0.3379080 1.7424347 -0.0396836 0.7385691 0.5094975 0.4415065 188 186 185 255
0.3152728 1.6998699 0.0466194 0.4526735 0.5580463 0.6954646 87 154 141 255
0.1778154 0.6111423 0.3375556 -0.0689410 -0.2909158 -0.9542616 126 138 114 255
0.0933208 0.6320423 0.3664880 -0.6154243 -0.5577094 -0.5569680 145 157 139 255
0.0613327 0.6829873 0.3689108 -0.6762868 0.0365019 -0.7357334 197 199 193 255
0.1733837 0.5556183 -0.2766066 -0.8112486 0.5834395 0.0383940 189 184 179 255
0.1785240 0.5607227 -0.2455578 -0.9181266 0.2148291 0.3330048 189 184 180 255
0.2219348 0.6943253 -0.2810239 -0.9716417 0.0714631 0.2254009 126 131 141 255
0.3637664 1.5671088 -0.2440748 0.4575381 -0.4878620 -0.7434040 175 171 166 255
0.2746928 1.6722165 -0.2969131 0.5075257 0.2779508 -0.8155740 182 178 173 255
0.3952422 1.5849643 -0.2420760 0.6579525 0.3498600 -0.6668555 170 166 159 255
-0.3278062 0.1682850 0.2313321 -0.7304608 0.6202593 0.2858417 190 187 123 255
-0.2891719 0.2165268 0.2216735 -0.6729671 0.6219226 0.4004096 191 188 110 255
-0.2972927 0.2178809 0.1262474 -0.5717991 0.4756445 -0.6684369 192 191 138 255
0.1240687 0.9100217 0.2816052 0.2159262 -0.1946135 -0.9568184 163 148 65 255
0.0931282 0.9979674 0.2701130 0.1822494 -0.1847948 -0.9657309 27 36 43 255
0.1379006 0.9148052 0.3056102 0.7051172 0.0252813 -0.7086401 170 156 62 255
0.0048096 1.3698098 0.0906582 0.6850173 -0.4281158 -0.5894644 138 157 136 255
-0.0326228 1.3717127 0.0746417 0.0191981 -0.4344284 -0.9005017 121 161 139 255
-0.0001223 1.5363920 0.0408647 0.7053412 -0.1798882 -0.6856632 146 153 127 255
0.0961206 1.2599154 0.1658068 0.6909853 0.0275311 0.7223444 130 145 116 255
0.0314760 1.2689768 0.1610353 -0.1262750 0.2129039 0.9688790 110 146 122 255
-0.0313120 1.1648774 0.1807745 -0.4606281 0.2465986 0.8526493 126 145 115 255
0.1194143 1.3967143 0.1442599 0.0404435 -0.3365847 -0.9407842 136 151 119 255
0.1130331 1.3784036 0.1695940 0.0629061 -0.8163123 -0.5741749 122 136 94 255
0.0647235 1.3747029 0.1440482 0.3571339 -0.2749107 -0.8926811 118 131 82 255
0.1644244 1.1821957 0.0542002 0.9543088 0.2804703 0.1031069 151 160 131 255
0.1268001 1.2657074 -0.0150814 0.9224123 0.3670539 -0.1201125 147 157 130 255
0.1209500 1.2707803 0.0578911 0.8401680 0.5016270 0.2061264 148 159 136 255
0.0710819 1.6897570 -0.3342689 -0.2832586 0.1606858 -0.9454865 12 12 12 255
0.1147137 1.7243781 -0.3265390 0.0197585 0.2531622 -0.9672221 185 183 180 255
0.1283307 1.5533917 -0.3488896 0.0724877 -0.0233499 -0.9970959 5 4 4 255
-0.1948581 0.6587932 -0.1263616 -0.6172397 -0.4882767 -0.6169288 173 87 87 255
0.0018387 0.4209693 -0.1305822 -0.9493119 0.2490350 -0.1918037 186 180 175 255
0.0291193 0.4250209 -0.0665505 -0.4110699 -0.1829392 0.8930591 186 181 176 255
0.0095532 0.4042042 0.1678483 0.4429231 -0.2519333 0.8604354 140 108 32 255
0.0075848 0.5741271 0.0963943 0.9510725 0.2565251 0.1722093 79 37 7 255
-0.0151551 0.6085401 0.1217666 0.8402036 0.2979390 0.4530895 16 18 16 255
-0.1659436 0.1313601 -0.1807294 0.3960033 -0.0907643 -0.9137523 62 82 104 255
-0.1400239 0.1944032 -0.1748824 0.0951748 0.0530619 -0.9940454 30 56 73 255
-0.1129341 0.1231759 -0.1760908 -0.1585739 0.3508093 -0.9229232 154 158 77 255
-0.0632129 1.3480903 -0.1483660 -0.8430238 -0.1366911 -0.5202175 62 110 86 255
-0.1257646 1.5647004 -0.1502782 -0.9594774 -0.0364907 -0.2794131 7 6 6 255
-0.0680428 1.4114345 -0.1796703 -0.9278237 -0.2559999 -0.2713069 101 113 84 255
-0.1129341 0.1231759 -0.1760908 -0.2238712 0.3491321 -0.9099386 6 6 6 255
-0.0686800 0.1531693 -0.1787498 -0.7255980 0.1751910 -0.6654440 189 186 183 255
-0.0341079 0.1088727 -0.2294321 -0.4057824 0.5328831 -0.7425470 4 3 3 255
0.2945089 0.5477363 -0.1782604 0.9924397 -0.0898917 0.0835637 106 128 98 255
0.2871337 0.6218691 -0.1705214 0.9665501 -0.0800205 0.2436755 116 137 99 255
0.2523043 0.5505091 -0.1674782 -0.7597557 0.2677583 0.5925174 83 97 115 255
-0.0341079 0.1088727 -0.2294321 -0.8268235 -0.2003862 -0.5255551 192 189 133 255
-0.0686800 0.1531693 -0.1787498 -0.8116565 0.0957335 -0.5762368 61 50 5 255
-0.0456915 0.2073328 -0.2488711 -0.8167454 -0.2022206 -0.5404016 193 189 134 255
0.0447712 0.0362692 -0.3976445 -0.0810350 -0.9838357 -0.1596889 188 182 116 255
-0.1458328 0.0188101 -0.1826599 -0.1004225 -0.8706843 0.4814812 190 188 129 255
-0.1485720 0.0392412 -0.3379883 -0.4182663 -0.2437657 -0.8750038 195 190 133 255
-0.0817404 1.3417553 -0.0916274 -0.9952005 0.0254873 -0.0944804 141 133 54 255
-0.0473347 1.3007983 -0.0878072 0.5114834 -0.6318934 0.5823190 129 132 74 255
-0.0787258 1.3156211 -0.0771637 -0.8459672 -0.4886966 0.2133429 143 134 56 255
-0.0326228 1.3717127 0.0746417 0.7128153 -0.2097669 -0.6692476 161 142 51 255
-0.0482168 1.5886505 -0.0099649 0.9682059 0.1604877 0.1918883 164 159 79 255
-0.0278196 1.5891544 0.0116024 0.5695403 -0.2404512 -0.7860072 152 151 74 255
0.0414128 0.4208591 0.0948427 0.8993975 -0.2900138 -0.3270720 108 61 3 255
0.0075848 0.5741271 0.0963943 0.9510725 0.2565251 0.1722093 79 37 7 255
0.0095532 0.4042042 0.1678483 0.4429231 -0.2519333 0.8604354 140 108 32 255
-0.3278062 0.1682850 0.2313321 -0.0085675 -0.7399986 -0.6725539 118 135 107 255
-0.3096972 0.1423048 0.2596879 -0.0085675 -0.7399986 -0.6725539 112 129 103 255
-0.3747611 0.1742563 0.2253599 0.3863344 -0.8903856 -0.2407475 117 134 105 255
-0.0624835 1.7745006 -0.1706907 -0.4940193 0.8054813 -0.3273297 186 186 184 255
-0.0621834 1.7591904 -0.0658209 -0.7696970 0.5339196 0.3499948 185 183 181 255
0.0132763 1.8216844 -0.0835431 -0.4449273 0.8541988 0.2690432 171 168 164 255
0.0945995 0.6216295 0.3976445 -0.5325838 -0.6849424 0.4972007 78 86 47 255
0.0933208 0.6320423 0.3664880 -0.6154556 -0.5577097 -0.5569329 115 138 103 255
0.0936975 0.5448730 0.3239524 -0.7296000 -0.4117346 0.5460389 96 93 28 255
-0.1588960 0.1716101 -0.2658433 -0.5116739 0.5068389 -0.6937608 194 190 131 255
-0.1659012 0.1312610 -0.1807188 -0.6307453 0.0428163 0.7748078 193 190 135 255
-0.1467471 0.2367127 -0.2344372 -0.9265018 0.3408032 -0.1595233 196 192 140 255
0.2436373 1.6653103 0.0764487 0.5218993 0.3849026 0.7612300 90 78 36 255
0.1814756 1.7145473 0.0864594 0.2141763 0.5308282 0.8199695 137 109 24 255
0.2439060 1.5101978 0.1561286 0.2498284 0.3799646 0.8906249 28 36 42 255
0.0774746 1.3908545 0.0164142 -0.6300977 -0.3299318 0.7029381 126 144 115 255
-0.0001223 1.5363920 0.0408647 -0.5567086 -0.3208688 0.7662367 169 152 66 255
-0.0212290 1.4900686 -0.0074451 -0.7241415 -0.5895943 0.3577675 175 161 77 255
0.0063095 1.5799379 0.0540352 0.6196877 -0.2132982 -0.7553087 95 115 81 255
0.0647235 1.3747029 0.1440482 0.3570384 -0.2749744 -0.8926997 148 159 137 255
0.0248821 1.3794406 0.1295950 0.7427036 -0.1824342 -0.6442895 135 162 145 255
-0.2225564 0.0464381 -0.2316638 -0.9966500 -0.0802516 -0.0157650 194 189 127 255
-0.1659012 0.1312610 -0.1807188 -0.6307453 0.0428163 0.7748078 193 190 135 255
-0.1588960 0.1716101 -0.2658433 -0.5116739 0.5068389 -0.6937608 194 190 131 255
-0.1659012 0.1312610 -0.1807188 0.3880441 -0.0739760 -0.9186671 62 82 104 255
-0.2253027 0.1594067 -0.2256864 0.7229503 -0.6337780 -0.2750787 70 65 63 255
-0.1400926 0.1941907 -0.1748081 0.5849541 -0.4465562 -0.6770644 30 56 73 255
0.0230789 1.2408118 0.1642034 0.0588678 -0.3319931 -0.9414431 184 179 175 255
0.0931282 0.9979674 0.2701130 0.1822494 -0.1847948 -0.9657309 27 36 43 255
0.0559561 1.0071181 0.2751229 -0.9945100 -0.1046361 -0.0010678 57 88 115 255
0.0220830 0.9703960 -0.0724421 0.6749921 -0.1331025 -0.7257199 100 110 124 255
0.0110831 1.0659055 -0.1002126 0.0715204 -0.3073167 -0.9489160 85 100 118 255
0.1099036 1.0062309 0.0097053 0.7677426 -0.6256942 -0.1381226 125 171 156 255
0.0613327 0.6829873 0.3689108 -0.6762868 0.0365019 -0.7357334 197 199 193 255
0.1239338 0.7768168 0.3824039 -0.2205622 0.1750649 0.9595335 12 22 28 255
0.1254666 0.7633451 0.3316700 -0.6327384 -0.1210806 -0.7648410 128 95 12 255
0.2721262 0.6763147 -0.2813550 0.5882745 -0.1349599 -0.7973198 78 99 71 255
0.2064619 1.0027363 -0.2385063 0.9460809 0.3034152 -0.1134466 190 188 130 255
0.2898483 0.7172076 -0.2364316 0.7573240 0.3183027 0.5702138 126 142 102 255
0.0783219 1.5896418 0.0856512 0.0424646 -0.3760614 -0.9256212 129 144 116 255
0.1314230 1.4950124 0.1043327 -0.4432155 -0.1621040 0.8816362 135 151 121 255
0.1129653 1.4918537 0.1267383 -0.2754856 -0.3326640 -0.9019103 137 154 126 255
0.0641508 1.6352644 0.1188524 -0.1416574 0.3726714 0.9170873 12 17 21 255
0.0682473 1.7995631 0.0122118 -0.1844469 0.7406947 0.6460268 173 172 167 255
0.0257249 1.7504681 0.0375259 -0.4353736 0.5649409 0.7009220 2 3 5 255
-0.1695232 0.1330799 0.0936747 0.1294876 0.5484692 -0.8260837 179 169 86 255
-0.1931524 0.1858011 0.0723937 0.2767865 -0.3054655 -0.9110872 164 147 52 255
-0.1724122 0.1500654 0.1410222 0.9881173 0.1234495 -0.0915657 178 167 83 255
-0.0064385 1.7103306 0.0400441 -0.5683975 0.5246707 0.6337546 5 7 10 255
0.0191610 1.5210277 0.1290855 -0.3320450 0.2464946 0.9104869 119 132 88 255
0.0313375 1.5463812 0.1585774 -0.3961819 0.2032682 0.8953893 118 132 88 255
-0.1695232 0.1330799 0.0936747 0.1294876 0.5484692 -0.8260837 179 169 86 255
-0.0907011 0.1459571 0.1689816 0.1725742 0.9837536 -0.0494682 173 156 72 255
-0.0191920 0.1126105 0.0588968 0.5498552 0.6465406 -0.5288142 171 155 70 255
0.1512280 0.5392024 -0.2074777 -0.2678137 -0.9145777 -0.3030237 65 96 62 255
0.1733837 0.5556183 -0.2766066 0.2055747 -0.4775358 -0.8542240 63 118 105 255
0.1785240 0.5607227 -0.2455578 -0.1232658 -0.8918606 -0.4351900 32 67 45 255
-0.0968838 0.1014486 -0.1644019 -0.0416038 -0.2997136 0.9531217 192 191 141 255
0.0291193 0.4250209 -0.0665505 -0.4110699 -0.1829392 0.8930591 186 181 176 255
-0.1659012 0.1312610 -0.1807188 -0.6091197 0.0358379 0.7922683 194 192 143 255
0.2721262 0.6763147 -0.2813550 0.5882745 -0.1349599 -0.7973198 78 99 71 255
0.1733837 0.5556183 -0.2766066 0.2055746 -0.4777334 -0.8541135 63 118 105 255
0.2219348 0.6943253 -0.2810239 0.0076885 0.0397403 -0.9991805 184 178 111 255
-0.1724122 0.1500654 0.1410222 0.8578620 -0.4533995 -0.2418714 150 159 127 255
0.0414128 0.4208591 0.0948427 0.8993975 -0.2900138 -0.3270720 108 61 3 255
0.0095532 0.4042042 0.1678483 0.4429231 -0.2519333 0.8604354 140 108 32 255
-0.1658957 0.1312468 -0.1807172 -0.5806736 0.0702533 0.8110998 194 192 143 255
0.0291193 0.4250209 -0.0665505 -0.6018699 -0.0770139 0.7948721 186 181 176 255
-0.2253027 0.1594067 -0.2256864 -0.5806736 0.0702533 0.8110998 191 185 106 255
-0.1695232 0.1330799 0.0936747 0.0865287 0.6211488 -0.7789011 194 192 141 255
-0.0465629 0.0240005 0.0370569 -0.0468262 -0.8841117 -0.4649233 191 179 82 255
-0.2283401 0.1066936 0.0897417 -0.1686607 0.0621385 -0.9837136 193 188 107 255
0.0018387 0.4209693 -0.1305822 -0.9493119 0.2490350 -0.1918037 186 180 175 255
-0.1250889 0.3316759 -0.1953592 -0.6394547 0.7307998 -0.2388081 186 180 176 255
0.0291193 0.4250209 -0.0665505 -0.4110699 -0.1829392 0.8930591 186 181 176 255
0.2894573 1.6746036 0.0532844 0.5450059 0.2865161 0.7879575 144 130 58 255
0.2436373 1.6653103 0.0764487 0.5218881 0.3848684 0.7612548 174 177 169 255
0.2855046 1.6064630 0.0756049 0.4772414 0.1950070 0.8568622 161 138 49 255
0.0710819 1.6897570 -0.3342689 -0.2832586 0.1606858 -0.9454865 12 12 12 255
0.0875742 1.5634164 -0.3461735 -0.1589582 -0.1299489 -0.9786958 3 3 3 255
0.0464733 1.5827235 -0.3395970 -0.2602466 -0.1224560 -0.9577454 45 43 41 255
0.0291193 0.4250209 -0.0665505 -0.4110699 -0.1829392 0.8930591 186 181 176 255
-0.1250889 0.3316759 -0.1953592 -0.6394547 0.7307998 -0.2388081 186 180 176 255
-0.2253027 0.1594067 -0.2256864 -0.8603324 0.4585138 0.2226958 191 185 106 255
0.2621498 1.8258792 -0.0406237 0.5174930 0.7738383 0.3652059 145 157 127 255
0.3379080 1.7424347 -0.0396836 0.7385691 0.5094975 0.4415065 188 186 185 255
0.2484357 1.8553909 -0.1268106 0.5486369 0.8317739 0.0845576 107 179 166 255
0.1644244 1.1821957 0.0542002 0.9543088 0.2804703 0.1031069 151 160 131 255
0.1558716 1.1802373 0.1409187 0.9841598 0.1024619 0.1446760 148 158 124 255
0.1692474 1.0709394 0.0583947 0.8463775 -0.4196058 0.3279880 130 170 154 255
0.2523043 0.5505091 -0.1674782 -0.7597557 0.2677583 0.5925174 83 97 115 255
0.2343962 0.6981068 -0.2103494 -0.7681679 0.3006912 0.5652459 95 113 91 255
0.2318168 0.5612628 -0.1846951 -0.5647389 0.3202131 0.7606140 67 83 103 255
-0.2972927 0.2178809 0.1262474 -0.5717991 0.4756445 -0.6684369 192 191 138 255
-0.2283401 0.1066936 0.0897417 -0.1686607 0.0621385 -0.9837136 193 188 107 255
-0.3561981 0.0716726 0.1165001 -0.4545880 -0.6758115 -0.5801970 189 191 130 255
0.0095532 0.4042042 0.1678483 0.4429231 -0.2519333 0.8604354 140 108 32 255
-0.0890350 0.4407170 0.1592035 -0.3170274 0.2903029 0.9028942 119 168 153 255
-0.1621721 0.1424643 0.2074168 0.3135420 -0.1117003 0.9429817 150 159 132 255
-0.3096972 0.1423048 0.2596879 -0.0325445 0.2959569 0.9546468 187 180 109 255
-0.2209525 0.0415070 0.2742004 -0.0457493 -0.8292208 0.5570457 180 180 108 255
-0.1621721 0.1424643 0.2074168 0.3560968 0.4158981 0.8367937 185 185 122 255
-0.2381542 0.6884114 0.0077515 -0.5387035 -0.4658189 -0.7020053 156 165 134 255
-0.2015455 0.5875431 0.1152570 -0.8327044 -0.5188341 0.1934286 120 126 79 255
-0.3138049 0.8090278 0.0091548 -0.9611207 -0.2193898 -0.1676754 183 185 184 255
0.0191610 1.5210277 0.1290855 -0.3320450 0.2464946 0.9104869 119 132 88 255
-0.0337207 1.6923808 0.0455079 -0.7089997 0.3083715 0.6342132 165 160 138 255
-0.0285256 1.5035513 0.1342213 -0.7115926 0.1050268 0.6946981 117 131 90 255
-0.0890350 0.4407170 0.1592035 -0.3170274 0.2903029 0.9028942 119 168 153 255
-0.3096972 0.1423048 0.2596879 0.0317683 0.2077909 0.9776573 146 165 141 255
-0.1621721 0.1424643 0.2074168 0.3135420 -0.1117003 0.9429817 150 159 132 255
-0.0282583 1.3297688 -0.1421261 0.9639728 0.0683622 0.2570660 136 132 64 255
0.0117588 1.3368565 -0.1978458 0.8772485 0.0642298 0.4757200 119 117 65 255
-0.0283685 1.4565115 -0.2059486 0.9487977 0.1222586 0.2912658 17 25 31 255
-0.0923181 0.4406340 0.0682318 -0.9976221 -0.0154750 0.0671603 28 53 73 255
-0.2015455 0.5875431 0.1152570 -0.8327044 -0.5188341 0.1934286 120 126 79 255
-0.2381542 0.6884114 0.0077515 -0.5387035 -0.4658189 -0.7020053 156 165 134 255
-0.0239332 0.6769970 0.0365393 0.8351156 0.3803417 -0.3973943 122 171 143 255
-0.0573621 0.6541092 0.0036194 0.0691857 -0.0979424 -0.9927843 128 131 91 255
-0.0873213 0.7121740 0.0019493 0.4364417 -0.5267997 -0.7293839 151 160 135 255
0.0095532 0.4042042 0.1678483 0.3687263 0.1641455 0.9149302 33 63 85 255
-0.1067202 0.7591213 0.1550531 0.2697054 -0.0570510 0.9612514 180 177 144 255
-0.2905464 0.7862866 0.1239345 -0.5722120 -0.2324090 0.7864855 191 189 187 255
0.2485578 1.8352915 -0.1877098 0.4980012 0.7821161 -0.3745520 186 185 183 255
0.1866138 1.8595198 -0.1451796 -0.0192412 0.9648139 -0.2622291 108 182 170 255
0.2484357 1.8553909 -0.1268106 0.5486369 0.8317739 0.0845576 107 179 166 255
0.0582690 1.8222113 -0.1526046 -0.2864220 0.9089873 -0.3028275 103 162 146 255
0.1288610 1.8541219 -0.1386898 -0.1837973 0.9827073 -0.0224696 112 181 169 255
0.1866138 1.8595198 -0.1451796 -0.0192412 0.9648139 -0.2622291 108 182 170 255
0.2214963 0.5332357 -0.2277710 0.2266026 -0.6906661 -0.6867545 168 163 92 255
0.1679342 0.4999853 -0.1833371 -0.5712128 -0.5366653 -0.6210525 142 134 44 255
0.1785240 0.5607227 -0.2455578 -0.1233177 -0.8918384 -0.4352206 32 67 45 255
0.3476768 1.5635338 -0.0758805 0.9799142 0.1500612 0.1313380 107 135 102 255
0.3837569 1.5001888 -0.0243034 0.9785878 0.0138209 0.2053656 47 40 33 255
0.3541763 1.4760755 -0.1572088 0.9048563 -0.2975453 -0.3044697 90 118 92 255
0.0291193 0.4250209 -0.0665505 -0.4110699 -0.1829392 0.8930591 186 181 176 255
0.0785618 0.3512513 -0.0727546 0.5159588 -0.3791183 0.7681509 189 182 178 255
-0.0545802 0.7206112 -0.0203075 0.3024705 0.0777764 0.9499802 149 152 127 255
0.0832744 1.0595395 0.1610796 0.5782236 -0.4668382 0.6691185 120 171 153 255
0.1099036 1.0062309 0.0097053 0.7677426 -0.6256942 -0.1381226 125 171 156 255
0.1692474 1.0709394 0.0583947 0.8463775 -0.4196058 0.3279880 130 170 154 255
0.3475254 1.6496309 -0.1258070 0.2919979 -0.5030613 0.8134290 106 129 101 255
0.3660083 1.6748153 -0.0755677 -0.3751475 -0.9214013 0.1014096 99 123 86 255
0.3203201 1.6890509 -0.0502050 -0.4369414 -0.8028970 0.4055105 114 133 108 255
0.2219348 0.6943253 -0.2810239 -0.9716417 0.0714631 0.2254009 126 131 141 255
0.2136908 0.7909437 -0.2430716 -0.5189894 -0.1940402 0.8324653 150 159 128 255
0.1199021 0.9537424 -0.2561878 -0.9226565 -0.3258386 -0.2062384 65 21 12 255
0.3475254 1.6496309 -0.1258070 0.6792526 -0.7159697 0.1612552 193 183 122 255
0.3381908 1.6116797 -0.2072625 0.9435565 0.2147072 0.2521943 145 142 137 255
0.3594859 1.6409345 -0.2148025 0.9776111 0.0100666 -0.2101793 92 55 9 255
0.1692474 1.0709394 0.0583947 0.8463775 -0.4196058 0.3279880 130 170 154 255
0.1463375 1.1415477 0.2058661 0.3199424 -0.0996841 0.9421784 162 158 100 255
0.0832744 1.0595395 0.1610796 0.5782236 -0.4668382 0.6691185 120 171 153 255
0.2945089 0.5477363 -0.1782604 0.9924488 -0.0898315 0.0835205 142 146 73 255
0.2594528 0.5258155 -0.2071117 0.5625069 -0.6947275 -0.4482629 159 155 72 255
0.2721262 0.6763147 -0.2813550 0.5882745 -0.1349599 -0.7973198 78 99 71 255
-0.4042296 0.0904692 0.1831908 -0.9400331 -0.1431074 0.3096092 190 188 128 255
-0.2209525 0.0415070 0.2742004 -0.0457493 -0.8292208 0.5570457 180 180 108 255
-0.3096972 0.1423048 0.2596879 -0.0325445 0.2959569 0.9546468 187 180 109 255
0.3541763 1.4760755 -0.1572088 0.9048563 -0.2975453 -0.3044697 90 118 92 255
0.3181324 1.4499083 -0.1978183 0.4765165 -0.5398753 -0.6938781 86 115 90 255
0.3231776 1.5703800 -0.2295582 0.6172369 -0.3130001 -0.7218376 117 136 108 255
0.1515920 0.9556359 -0.2092792 -0.1906565 -0.2421317 0.9513267 87 6 4 255
0.2064619 1.0027363 -0.2385063 0.9208184 0.3827153 -0.0749823 30 48 68 255
0.1346004 1.2075173 -0.1606331 0.6033462 0.0476417 0.7960551 102 115 130 255
-0.2891719 0.2165268 0.2216735 0.0807004 -0.2575206 -0.9628970 137 150 121 255
-0.2894459 0.1578035 0.2369721 0.0730181 -0.2517470 -0.9650346 122 139 113 255
-0.3278031 0.1683154 0.2313275 0.0818072 -0.2583423 -0.9625834 118 135 107 255
0.1099036 1.0062309 0.0097053 0.7677426 -0.6256942 -0.1381226 125 171 156 255
0.0832744 1.0595395 0.1610796 0.5782236 -0.4668382 0.6691185 120 171 153 255
0.0149517 0.8780018 0.0339985 0.8707131 -0.4360426 0.2274325 113 121 133 255
0.3952422 1.5849643 -0.2420760 0.6579525 0.3498600 -0.6668555 170 166 159 255
0.3594859 1.6409345 -0.2148025 0.9776111 0.0100666 -0.2101793 92 55 9 255
0.3381908 1.6116797 -0.2072625 0.9435565 0.2147072 0.2521943 145 142 137 255
0.3952422 1.5849643 -0.2420760 0.6579525 0.3498600 -0.6668555 170 166 159 255
0.3381908 1.6116797 -0.2072625 0.9435565 0.2147072 0.2521943 145 142 137 255
0.3547363 1.5744797 -0.2027738 0.9327304 -0.1823148 -0.3110875 166 161 156 255
-0.0390882 0.1328739 -0.3066418 0.0795868 0.9301716 -0.3583947 197 194 136 255
-0.1588960 0.1716101 -0.2658433 -0.5116739 0.5068389 -0.6937608 194 190 131 255
-0.0627089 0.1404793 -0.2822887 0.3932272 0.4821582 -0.7828767 198 194 137 255
-0.0656817 1.3495426 0.0356686 -0.1234740 -0.6516606 -0.7483933 195 185 109 255
-0.1193800 1.4462537 0.0320692 -0.8862723 0.0251142 0.4624833 172 160 79 255
-0.1018677 1.4568313 -0.0166767 -0.9503068 -0.1846671 0.2506292 176 169 99 255
-0.3747611 0.1742563 0.2253599 0.3870911 -0.8861572 -0.2547274 117 134 105 255
-0.2891719 0.2165268 0.2216735 0.0807004 -0.2575206 -0.9628970 137 150 121 255
-0.3278031 0.1683154 0.2313275 0.0818072 -0.2583423 -0.9625834 118 135 107 255
-0.0772812 0.3988412 0.0445344 0.0544084 -0.9487509 0.3113060 37 61 85 255
-0.0923181 0.4406340 0.0682318 -0.9976221 -0.0154750 0.0671603 28 53 73 255
-0.2381542 0.6884114 0.0077515 -0.5387035 -0.4658189 -0.7020053 156 165 134 255
0.0170250 0.2633029 -0.2504362 0.3828579 0.1427482 -0.9127118 104 115 129 255
0.0476701 0.3010641 -0.2243676 0.7061000 -0.0395668 -0.7070059 99 110 124 255
-0.0005836 0.1327521 -0.2749181 0.9602972 0.2083922 -0.1854777 48 68 91 255
0.2335429 1.5203668 -0.3250710 0.5099384 -0.3425820 -0.7890503 183 180 174 255
0.2304847 1.3509492 -0.2414855 0.5973212 -0.3739823 -0.7094679 192 189 185 255
0.1422188 1.3483442 -0.2987587 0.1418806 -0.2580413 -0.9556592 7 6 6 255
-0.2169688 0.1552839 0.1345961 -0.5488181 -0.7527290 -0.3635901 192 190 136 255
-0.2972927 0.2178809 0.1262474 -0.6795347 0.3824522 -0.6260694 148 156 83 255
-0.2229667 0.1761728 0.1004026 -0.2917009 -0.2429095 0.9251517 178 178 125 255
-0.0381787 0.1416141 -0.2874731 -0.4640707 -0.4113878 0.7844734 0 1 2 255
-0.0944068 0.2304235 -0.2737242 -0.4185007 -0.3918140 0.8193527 14 22 29 255
-0.1630712 0.1866062 -0.3297491 0.2192121 -0.7435759 0.6316968 30 39 45 255
0.2803593 1.6922702 0.0174780 0.8355858 0.4537723 0.3096562 115 140 109 255
0.3409033 1.6596173 -0.0354276 0.8142636 0.4152974 0.4055894 90 114 79 255
0.3203201 1.6890509 -0.0502050 0.9348254 0.2371784 0.2642877 112 134 102 255
-0.0465629 0.0240005 0.0370569 -0.0468262 -0.8841117 -0.4649233 191 179 82 255
-0.3561981 0.0716726 0.1165001 -0.4545880 -0.6758115 -0.5801970 189 191 130 255
-0.2283401 0.1066936 0.0897417 -0.1686607 0.0621385 -0.9837136 193 188 107 255
0.1099036 1.0062309 0.0097053 0.7677426 -0.6256942 -0.1381226 125 171 156 255
0.2065883 1.0810104 -0.0186777 0.8274245 -0.2060584 -0.5224065 132 172 155 255
0.1692474 1.0709394 0.0583947 0.8463775 -0.4196058 0.3279880 130 170 154 255
-0.0325925 1.3716203 0.0746393 -0.2365189 0.2590967 0.9364441 90 53 21 255
-0.0921574 1.5727828 0.0039363 -0.8250018 0.1965124 0.5298631 0 0 0 255
-0.1193800 1.4462537 0.0320692 -0.8859894 0.0267409 0.4629338 83 85 85 255
0.2636075 1.4471928 -0.2494872 0.3685163 0.0273748 0.9292182 95 168 152 255
0.2482104 1.4911534 -0.2553912 0.2293049 0.0579960 0.9716253 194 195 190 255
0.2384646 1.4789208 -0.2523003 0.0184987 0.1349124 0.9906847 193 193 189 255
0.1320148 1.1382903 -0.2537998 0.9945181 -0.0844578 -0.0616486 1 1 1 255
0.1368182 1.2023915 -0.2641295 0.5477697 -0.8216783 0.1574576 3 3 3 255
0.1395326 1.2092737 -0.2297673 0.5289964 0.2088150 -0.8225322 184 176 108 255
0.0367713 1.2758839 -0.2281967 0.0177173 0.8383003 0.5449208 156 155 146 255
0.0180070 1.2674415 -0.2126991 0.5516063 0.0434591 0.8329717 189 187 184 255
0.0325296 1.2439466 -0.2181215 -0.3663605 -0.2468142 0.8971415 79 85 73 255
0.1368182 1.2023915 -0.2641295 0.7034890 -0.3544042 -0.6160364 84 97 115 255
0.0517776 1.2586585 -0.2775936 0.1046868 -0.4501545 -0.8867930 82 95 111 255
0.1422188 1.3483442 -0.2987587 0.1418806 -0.2580413 -0.9556592 7 6 6 255
-0.1630712 0.1866062 -0.3297491 0.1570887 -0.7408968 0.6529894 30 39 45 255
-0.1467471 0.2367127 -0.2344372 0.5913978 -0.8027945 0.0759592 27 45 63 255
-0.2253027 0.1594067 -0.2256864 0.7251110 -0.6315507 -0.2745138 70 65 63 255
0.2871337 0.6218691 -0.1705214 0.9665501 -0.0800205 0.2436755 116 137 99 255
0.2441120 0.6423406 -0.1566710 -0.8898153 0.0743413 0.4502243 98 117 86 255
0.2523043 0.5505091 -0.1674782 -0.7597557 0.2677583 0.5925174 83 97 115 255
0.2945089 0.5477363 -0.1782604 0.9924397 -0.0898917 0.0835637 106 128 98 255
0.2523043 0.5505091 -0.1674782 -0.7597557 0.2677583 0.5925174 83 97 115 255
0.2083304 0.4954538 -0.0945759 -0.4519761 0.8214639 0.3477278 181 177 173 255
-0.1485720 0.0392412 -0.3379883 -0.4182663 -0.2437657 -0.8750038 195 190 133 255
-0.2225564 0.0464381 -0.2316638 -0.9966500 -0.0802516 -0.0157650 194 189 127 255
-0.1588960 0.1716101 -0.2658433 -0.5116739 0.5068389 -0.6937608 194 190 131 255
0.1199021 0.9537424 -0.2561878 -0.9750837 -0.1700146 -0.1425020 118 127 137 255
0.0588412 1.2010591 -0.2089648 -0.9658365 -0.2473819 -0.0772128 188 182 178 255
0.1427293 0.9855560 -0.2844943 -0.1570836 0.1943577 -0.9682716 38 65 89 255
-0.1931524 0.1858011 0.0723937 0.1409282 -0.1880299 -0.9719999 75 102 125 255
-0.0030081 0.5457147 0.0281539 0.5871664 -0.0895280 -0.8044999 68 82 102 255
0.0414128 0.4208591 0.0948427 0.7950791 -0.2434669 -0.5554935 40 61 82 255
0.1320148 1.1382903 -0.2537998 0.2124317 0.4505011 -0.8671340 74 90 108 255
0.0517776 1.2586585 -0.2775936 0.1046868 -0.4501545 -0.8867930 82 95 111 255
0.1368182 1.2023915 -0.2641295 0.7034890 -0.3544042 -0.6160364 84 97 115 255
-0.0212407 1.4317170 -0.1520734 -0.8986436 -0.4379721 0.0249000 176 165 87 255
-0.0283685 1.4565115 -0.2059486 -0.8754373 -0.4725233 -0.1016429 161 138 52 255
0.0070419 1.3877987 -0.1914953 -0.5607572 -0.8027616 0.2027939 178 167 79 255
0.0149517 0.8780018 0.0339985 0.8707131 -0.4360426 0.2274325 113 121 133 255
0.0044994 0.8425801 -0.0146599 0.9092612 -0.4146481 0.0362100 119 126 137 255
0.0142233 0.8934869 -0.0074747 0.9296693 -0.3668672 -0.0335171 110 119 131 255
0.0517776 1.2586585 -0.2775936 0.1046868 -0.4501545 -0.8867930 82 95 111 255
0.0523505 1.1533195 -0.2710800 -0.0093479 -0.1357315 -0.9907016 72 85 104 255
0.0102341 1.1825429 -0.2565736 -0.3245299 -0.1430938 -0.9349891 97 109 122 255
-0.0005836 0.1327521 -0.2749181 0.8895537 0.4417495 -0.1164119 197 192 135 255
-0.0390882 0.1328739 -0.3066418 0.0795868 0.9301716 -0.3583947 197 194 136 255
-0.0341079 0.1088727 -0.2294321 0.9095572 0.1627415 0.3823882 197 193 139 255
0.0778375 1.2289716 -0.2446226 0.5091116 -0.1676600 0.8442128 197 192 143 255
0.0616384 1.2213783 -0.2345858 0.8618742 -0.0471764 0.5049230 194 192 137 255
0.0736754 1.2129752 -0.2575083 0.7039066 -0.3184736 0.6348937 196 191 135 255
-0.0005836 0.1327521 -0.2749181 -0.7292574 -0.2141009 -0.6498802 196 187 138 255
-0.0341079 0.1088727 -0.2294321 -0.8268235 -0.2003862 -0.5255551 192 189 133 255
-0.0456915 0.2073328 -0.2488711 -0.8167454 -0.2022206 -0.5404016 193 189 134 255
0.0587697 1.2009834 -0.2088146 -0.8593585 0.0280665 -0.5106027 86 104 124 255
0.0616384 1.2213783 -0.2345858 -0.0181470 -0.7830369 -0.6217104 87 106 125 255
0.0778375 1.2289716 -0.2446226 -0.6511317 0.7561151 -0.0657066 97 112 128 255
-0.2283556 0.1066516 0.0897620 0.0119926 -0.1386306 0.9902716 179 172 83 255
-0.2229667 0.1761728 0.1004026 -0.3508849 -0.4723529 0.8085559 10 17 23 255
-0.3795395 0.1663761 0.1133273 0.2793613 -0.5632787 0.7776082 23 31 36 255
0.2952056 1.4666967 0.0346489 0.3656997 -0.9304401 -0.0233444 192 188 129 255
0.3144152 1.4543430 0.0468245 0.5801498 -0.6258137 0.5213284 197 193 147 255
0.2785578 1.3944951 0.0587370 0.5813058 -0.2342819 0.7792276 164 157 88 255
0.0367713 1.2758839 -0.2281967 -0.1108878 0.9553699 0.2738103 153 165 138 255
0.0778375 1.2289716 -0.2446226 0.5230314 -0.4077660 0.7484417 152 165 138 255
0.0879638 1.3435659 -0.2644701 0.6215340 -0.4181283 0.6624683 121 160 135 255
0.0616384 1.2213783 -0.2345858 0.8618742 -0.0471764 0.5049230 194 192 137 255
0.0587697 1.2009834 -0.2088146 0.8828386 0.3154884 0.3479411 195 193 135 255
0.0736754 1.2129752 -0.2575083 0.7039066 -0.3184736 0.6348937 196 191 135 255
0.2746928 1.6722165 -0.2969131 0.5075257 0.2779508 -0.8155740 182 178 173 255
0.1636720 1.7682316 -0.2947843 0.2969155 0.4383207 -0.8483609 186 184 182 255
0.1809406 1.8067972 -0.2561805 0.1714755 0.7297969 -0.6618100 186 184 182 255
-0.4042296 0.0904692 0.1831908 -0.9400331 -0.1431074 0.3096092 190 188 128 255
-0.3278062 0.1682850 0.2313321 -0.7304608 0.6202593 0.2858417 190 187 123 255
-0.2972927 0.2178809 0.1262474 -0.5717991 0.4756445 -0.6684369 192 191 138 255
0.0170250 0.2633029 -0.2504362 0.3828579 0.1427482 -0.9127118 104 115 129 255
-0.0005836 0.1327521 -0.2749181 0.9602972 0.2083922 -0.1854777 48 68 91 255
-0.0381787 0.1416141 -0.2874731 0.3121825 0.1362289 -0.9402041 57 76 97 255
-0.0092652 1.3909239 0.1196380 -0.7151834 -0.0675063 0.6956692 140 84 48 255
0.0248821 1.3794406 0.1295950 -0.3537711 -0.8328794 0.4256265 142 110 80 255
0.0304375 1.3913920 0.1567237 -0.1602520 -0.0428801 0.9861444 142 144 110 255
-0.0923181 0.4406340 0.0682318 -0.9976221 -0.0154750 0.0671603 28 53 73 255
-0.3747611 0.1742563 0.2253599 -0.6185912 0.7342063 0.2797966 144 131 49 255
-0.0890350 0.4407170 0.1592035 -0.1830747 0.3002741 0.9361192 37 64 86 255
0.0359528 0.9336233 -0.0289898 0.8520455 -0.3997737 -0.3379341 103 114 127 255
-0.0075698 0.8762109 -0.1060693 0.8205822 -0.0327125 -0.5705917 77 93 111 255
0.0220830 0.9703960 -0.0724421 0.6749921 -0.1331025 -0.7257199 100 110 124 255
-0.3795395 0.1663761 0.1133273 0.2176147 -0.5884903 0.7786674 108 160 139 255
-0.2891719 0.2165268 0.2216735 0.4851160 -0.8744497 0.0002774 137 150 121 255
-0.3747611 0.1742563 0.2253599 0.3839985 -0.8901367 -0.2453602 117 134 105 255
0.1534591 1.8584566 -0.0636685 -0.0712701 0.8367764 0.5428865 144 155 122 255
0.1814756 1.7145473 0.0864594 0.2141763 0.5308282 0.8199695 137 109 24 255
0.2055130 1.7964009 0.0110071 0.2060024 0.6058070 0.7684795 96 89 86 255
0.0102341 1.1825429 -0.2565736 -0.5273445 -0.4048388 0.7470030 100 91 85 255
0.0499353 1.2376080 -0.2061462 -0.9639344 -0.0042679 0.2661057 180 177 144 255
0.0325296 1.2439466 -0.2181215 -0.3663605 -0.2468142 0.8971415 79 85 73 255
0.1601808 1.3355517 -0.2030258 0.4732311 -0.8683990 -0.1481066 175 32 36 255
0.0778375 1.2289716 -0.2446226 0.1117976 -0.0620274 0.9917933 197 192 143 255
0.1509619 1.2666279 -0.2429475 0.0030289 -0.1311094 0.9913633 162 158 137 255
-0.3561981 0.0716726 0.1165001 -0.4545880 -0.6758115 -0.5801970 189 191 130 255
-0.2209525 0.0415070 0.2742004 -0.0457493 -0.8292208 0.5570457 180 180 108 255
-0.4042296 0.0904692 0.1831908 -0.9400331 -0.1431074 0.3096092 190 188 128 255
0.2832718 0.6561032 -0.1153682 -0.4670964 0.6945238 0.5472273 114 129 97 255
0.2343962 0.6981068 -0.2103494 -0.7681679 0.3006912 0.5652459 95 113 91 255
0.2441120 0.6423406 -0.1566710 -0.8898153 0.0743413 0.4502243 98 117 86 255
0.3594859 1.6409345 -0.2148025 0.9776111 0.0100666 -0.2101793 92 55 9 255
0.3952422 1.5849643 -0.2420760 0.6579525 0.3498600 -0.6668555 170 166 159 255
0.2869289 1.7675183 -0.2423451 0.5342094 0.4276839 -0.7291822 185 184 181 255
-0.0001223 1.5363920 0.0408647 0.7053412 -0.1798882 -0.6856632 146 153 127 255
0.0248821 1.3794406 0.1295950 0.7427036 -0.1824342 -0.6442895 135 162 145 255
0.0048096 1.3698098 0.0906582 0.6850173 -0.4281158 -0.5894644 138 157 136 255
0.2898483 0.7172076 -0.2364316 0.7366677 0.3284199 0.5911524 102 127 94 255
0.2343962 0.6981068 -0.2103494 -0.7681679 0.3006912 0.5652459 95 113 91 255
0.2832718 0.6561032 -0.1153682 -0.4670964 0.6945238 0.5472273 114 129 97 255
-0.0966315 1.5603497 -0.2172834 -0.8583384 -0.0309346 -0.5121508 6 5 5 255
-0.0680428 1.4114345 -0.1796703 -0.9278237 -0.2559999 -0.2713069 101 113 84 255
-0.1257646 1.5647004 -0.1502782 -0.9594774 -0.0364907 -0.2794131 7 6 6 255
0.1368182 1.2023915 -0.2641295 0.4286503 -0.8271627 0.3634016 195 192 141 255
0.1509619 1.2666279 -0.2429475 0.0030289 -0.1311094 0.9913633 162 158 137 255
0.0778375 1.2289716 -0.2446226 0.1117976 -0.0620274 0.9917933 197 192 143 255
-0.0313120 1.1648774 0.1807745 -0.1948351 0.2288617 0.9537618 33 65 89 255
-0.0761514 1.2741108 0.0727620 -0.8782225 0.4682071 0.0975054 54 82 109 255
-0.0996132 1.0183361 0.1647403 -0.1565857 0.0216754 0.9874265 77 90 106 255
-0.0212407 1.4317170 -0.1520734 0.9734979 -0.1147021 -0.1978517 56 81 106 255
-0.0295243 1.3462732 -0.0870657 0.9634584 0.0719009 0.2580279 145 135 57 255
-0.0282583 1.3297688 -0.1421261 0.9639728 0.0683622 0.2570660 136 132 64 255
0.0291193 0.4250209 -0.0665505 -0.4110699 -0.1829392 0.8930591 186 181 176 255
-0.2175217 0.7061299 -0.0523996 -0.6170551 -0.5509120 0.5619066 94 98 105 255
-0.1948581 0.6587932 -0.1263616 -0.6172397 -0.4882767 -0.6169288 173 87 87 255
0.0785618 0.3512513 -0.0727546 0.4545901 -0.5413007 0.7073481 89 102 118 255
-0.0968838 0.1014486 -0.1644019 0.0470433 -0.3445830 0.9375764 0 1 2 255
-0.0081701 0.1059860 -0.2016163 0.6332424 -0.3084058 0.7098520 176 160 77 255
0.1778154 0.6111423 0.3375556 -0.0676593 -0.2928352 -0.9537662 156 149 65 255
0.1595263 0.5285258 0.3032193 -0.9342731 0.3341198 -0.1244906 178 171 112 255
0.1743841 0.5997346 0.3828330 0.2543058 -0.0013051 0.9671229 120 108 24 255
-0.1400926 0.1941907 -0.1748081 -0.6611145 0.1994014 0.7233027 172 176 110 255
-0.1467471 0.2367127 -0.2344372 -0.9265018 0.3408032 -0.1595233 196 192 140 255
-0.1659012 0.1312610 -0.1807188 -0.6307453 0.0428163 0.7748078 193 190 135 255
0.1745450 1.5058340 0.1779022 0.5867592 0.2806509 0.7595715 165 146 50 255
0.1684196 1.4931339 0.1509173 0.5569242 -0.3179325 -0.7673032 165 146 49 255
0.2057304 1.5289067 0.1452863 0.2772478 0.3112459 0.9089882 136 144 86 255
-0.0545802 0.7206112 -0.0203075 0.5086079 -0.0070492 0.8609694 109 126 77 255
0.1379962 0.4640528 -0.1551218 0.8872768 0.3034286 -0.3473774 76 85 100 255
-0.0198522 0.7849130 -0.1106040 0.9568803 0.2883220 0.0353620 97 120 78 255
-0.0921574 1.5727828 0.0039363 -0.8250604 0.1964695 0.5297877 43 74 101 255
-0.0337207 1.6923808 0.0455079 -0.7089997 0.3083715 0.6342132 165 160 138 255
-0.0621834 1.7591904 -0.0658209 -0.7696440 0.5339431 0.3500752 19 18 18 255
0.1239338 0.7768168 0.3824039 -0.2205622 0.1750649 0.9595335 12 22 28 255
0.0610950 0.6306269 0.3942027 0.0043488 -0.0276101 0.9996093 120 141 112 255
0.1743841 0.5997346 0.3828330 0.2543058 -0.0013051 0.9671229 120 108 24 255
0.0217988 1.2772349 -0.2732784 -0.3329076 -0.2890649 -0.8975601 53 60 69 255
-0.0159028 1.2544010 -0.2515967 -0.4010076 -0.3880959 -0.8298039 99 110 124 255
0.0026822 1.5646494 -0.3134631 -0.5046502 -0.1384549 -0.8521492 58 62 56 255
0.1789262 1.2294247 -0.2421123 0.8359584 -0.4364657 -0.3326734 8 8 8 255
0.1509619 1.2666279 -0.2429475 0.2996330 0.0971551 0.9490948 8 7 7 255
0.1368182 1.2023915 -0.2641295 0.7034890 -0.3544042 -0.6160364 84 97 115 255
0.0277119 1.3607895 0.1040914 -0.2931591 0.9553551 0.0368024 192 193 193 255
0.1182513 1.3100429 0.1464498 0.6734033 0.7280056 0.1285908 191 188 185 255
0.0454071 1.3320943 0.0426884 -0.1250665 0.9617035 -0.2438947 190 192 192 255
0.1099036 1.0062309 0.0097053 0.7677426 -0.6256942 -0.1381226 125 171 156 255
0.0110831 1.0659055 -0.1002126 0.0715204 -0.3073167 -0.9489160 85 100 118 255
0.2065883 1.0810104 -0.0186777 0.8274245 -0.2060584 -0.5224065 132 172 155 255
-0.0607936 1.3052259 -0.1944468 -0.7503008 -0.6609602 -0.0134302 192 191 133 255
-0.0473347 1.3007983 -0.0878072 0.5114834 -0.6318934 0.5823190 129 132 74 255
-0.0908463 1.3000557 -0.0781257 0.0076038 -0.9990700 -0.0424405 131 132 72 255
0.0110831 1.0659055 -0.1002126 0.0715204 -0.3073167 -0.9489160 85 100 118 255
0.0220830 0.9703960 -0.0724421 0.6749921 -0.1331025 -0.7257199 100 110 124 255
-0.0304384 1.0079391 -0.0988166 0.0756200 0.4610022 -0.8841711 94 105 120 255
0.2945089 0.5477363 -0.1782604 0.9924488 -0.0898315 0.0835205 142 146 73 255
0.2557921 0.4855557 -0.1381863 0.3770691 -0.8083353 -0.4521204 177 171 97 255
0.2594528 0.5258155 -0.2071117 0.5625069 -0.6947275 -0.4482629 159 155 72 255
0.0220830 0.9703960 -0.0724421 0.6749921 -0.1331025 -0.7257199 100 110 124 255
-0.0075698 0.8762109 -0.1060693 0.8205822 -0.0327125 -0.5705917 77 93 111 255
-0.0304384 1.0079391 -0.0988166 0.0756200 0.4610022 -0.8841711 94 105 120 255
0.3073137 1.3388777 -0.0242488 0.6851404 -0.7173275 -0.1265854 96 112 84 255
0.2113035 1.2773531 0.0225723 0.0500988 -0.9918115 0.1174732 186 156 61 255
0.2508314 1.3859501 -0.1488348 0.6095136 -0.7212403 -0.3290980 158 151 58 255
0.0117588 1.3368565 -0.1978458 0.8772485 0.0642298 0.4757200 119 117 65 255
0.0070419 1.3877987 -0.1914953 -0.9221311 -0.3109682 -0.2301589 138 112 23 255
-0.0283685 1.4565115 -0.2059486 0.9487977 0.1222586 0.2912658 17 25 31 255
0.1996756 0.6146908 0.2717302 -0.8879654 -0.4579137 0.0428055 145 156 137 255
0.1984887 0.6792740 0.3344498 0.8666487 -0.1638447 0.4712483 139 155 136 255
0.1666310 0.6814002 0.2998743 -0.7878609 -0.4258080 -0.4449301 140 152 111 255
0.1809464 0.7074864 0.2723548 -0.0197906 0.4581521 -0.8886535 188 183 178 255
0.1666310 0.6814002 0.2998743 -0.7878609 -0.4258080 -0.4449301 140 152 111 255
0.1254666 0.7633451 0.3316700 -0.6327384 -0.1210806 -0.7648410 128 95 12 255
0.0703983 1.2037499 -0.1483713 -0.4608367 -0.7207413 -0.5178432 117 178 161 255
0.0110831 1.0659055 -0.1002126 0.0715204 -0.3073167 -0.9489160 85 100 118 255
0.0186176 1.2398397 -0.1147922 -0.7636114 0.0979058 -0.6382101 148 165 158 255
-0.0427260 0.6928486 0.0872376 0.8919843 0.3484474 0.2880074 107 179 166 255
-0.0151551 0.6085401 0.1217666 0.8437464 0.3369840 0.4177726 138 135 83 255
-0.0163114 0.6152121 0.0523417 0.9401984 0.2815865 -0.1916668 160 25 17 255
0.0610950 0.6306269 0.3942027 0.0043488 -0.0276101 0.9996093 120 141 112 255
0.0933208 0.6320423 0.3664880 -0.6154556 -0.5577097 -0.5569329 115 138 103 255
0.0945995 0.6216295 0.3976445 -0.5325838 -0.6849424 0.4972007 78 86 47 255
0.0582690 1.8222113 -0.1526046 -0.2864220 0.9089873 -0.3028275 103 162 146 255
0.0132763 1.8216844 -0.0835431 -0.4449109 0.8542184 0.2690079 155 162 130 255
0.0682473 1.7995631 0.0122118 -0.1844201 0.7406884 0.6460418 186 168 95 255
-0.0621834 1.7591904 -0.0658209 -0.7696440 0.5339431 0.3500752 19 18 18 255
-0.0064385 1.7103306 0.0400441 -0.5683975 0.5246707 0.6337546 5 7 10 255
0.0132763 1.8216844 -0.0835431 -0.4449131 0.8542013 0.2690585 41 40 37 255
0.0177464 1.3020299 -0.0293829 -0.6120185 0.7144051 -0.3392033 44 65 91 255
0.0767293 1.2983443 -0.0503721 0.4040118 0.9095028 -0.0978731 49 71 98 255
0.0367713 1.2758839 -0.2281967 -0.3257401 0.8343486 0.4446977 161 160 155 255
0.0582690 1.8222113 -0.1526046 -0.2864220 0.9089873 -0.3028275 103 162 146 255
0.0682473 1.7995631 0.0122118 -0.1844201 0.7406884 0.6460418 186 168 95 255
0.0820026 1.8472651 -0.0875013 -0.2799424 0.8805102 0.3825364 147 162 133 255
0.1379962 0.4640528 -0.1551218 0.8872768 0.3034286 -0.3473774 76 85 100 255
0.0686989 0.4147973 -0.2003721 -0.0685301 0.1479897 -0.9866117 65 93 120 255
-0.0843065 0.7817711 -0.1936154 0.0587707 0.2370744 -0.9697122 195 182 99 255
-0.0968838 0.1014486 -0.1644019 -0.0416038 -0.2997136 0.9531217 192 191 141 255
0.0785618 0.3512513 -0.0727546 0.5159588 -0.3791183 0.7681509 189 182 178 255
0.0291193 0.4250209 -0.0665505 -0.4110699 -0.1829392 0.8930591 186 181 176 255
-0.1172900 1.4818325 -0.0873520 -0.9776209 -0.1247165 -0.1694201 84 95 72 255
-0.1257646 1.5647004 -0.1502782 -0.9594774 -0.0364907 -0.2794131 7 6 6 255
-0.0704682 1.3408554 -0.1387075 -0.8890886 -0.0068235 -0.4576842 110 131 99 255
-0.0151551 0.6085401 0.1217666 0.7906411 0.3119518 0.5268515 156 156 148 255
-0.1067202 0.7591213 0.1550531 0.2697054 -0.0570510 0.9612514 180 177 144 255
0.0095532 0.4042042 0.1678483 0.3687263 0.1641455 0.9149302 33 63 85 255
-0.1172900 1.4818325 -0.0873520 -0.9776209 -0.1247165 -0.1694201 84 95 72 255
-0.0817404 1.3417553 -0.0916274 -0.9598203 -0.2769103 -0.0454490 124 139 102 255
-0.1358821 1.4826821 -0.0481687 -0.9780808 -0.0550452 0.2008184 106 129 95 255
0.1624560 1.3808836 0.0948205 -0.0860391 -0.3751899 0.9229462 121 137 109 255
0.2785578 1.3944951 0.0587370 0.5844042 -0.2515579 0.7714858 15 32 48 255
0.2341609 1.5456730 0.1104748 0.2948408 -0.0737944 0.9526927 121 143 106 255
0.1601808 1.3355517 -0.2030258 0.2990509 -0.9414808 0.1555069 151 119 23 255
0.1022000 1.3253815 -0.2309450 -0.6204258 -0.5460771 0.5629135 154 133 31 255
0.0778375 1.2289716 -0.2446226 -0.7958269 0.2696026 0.5421938 119 147 112 255
0.1341524 0.4053674 -0.0979819 0.9633052 -0.0020302 0.2684008 80 91 106 255
0.0476701 0.3010641 -0.2243676 0.7061000 -0.0395668 -0.7070059 99 110 124 255
0.1379962 0.4640528 -0.1551218 0.8872768 0.3034286 -0.3473774 76 85 100 255
-0.0050962 1.3490095 0.0511253 0.7852103 0.1522809 0.6002128 179 170 89 255
-0.0212290 1.4900686 -0.0074451 0.8951137 0.2544046 0.3661278 5 5 4 255
-0.0482168 1.5886505 -0.0099649 0.9681743 0.1606276 0.1919304 9 8 8 255
-0.0075698 0.8762109 -0.1060693 0.8205822 -0.0327125 -0.5705917 77 93 111 255
-0.0843065 0.7817711 -0.1936154 0.1968735 0.0428374 -0.9794927 46 68 91 255
-0.0304384 1.0079391 -0.0988166 0.0756200 0.4610022 -0.8841711 94 105 120 255
-0.1358821 1.4826821 -0.0481687 -0.9780808 -0.0550452 0.2008184 106 129 95 255
-0.1018677 1.4568313 -0.0166767 -0.9369258 -0.3410312 0.0766017 106 128 95 255
-0.1191394 1.6280633 -0.0934777 -0.9957174 0.0834264 -0.0398360 136 135 132 255
0.0641508 1.6352644 0.1188524 -0.1416574 0.3726714 0.9170873 12 17 21 255
0.0257249 1.7504681 0.0375259 -0.4353736 0.5649409 0.7009220 2 3 5 255
0.0313375 1.5463812 0.1585774 -0.3961819 0.2032682 0.8953893 118 132 88 255
-0.1193800 1.4462537 0.0320692 -0.8859894 0.0267409 0.4629338 83 85 85 255
-0.1012914 1.6820146 -0.0637200 -0.9034961 0.3295977 0.2739706 185 184 181 255
-0.1191394 1.6280633 -0.0934777 -0.9957174 0.0834264 -0.0398360 136 135 132 255
0.2557921 0.4855557 -0.1381863 0.6344748 -0.2210456 0.7406623 194 193 147 255
0.2945089 0.5477363 -0.1782604 0.9924577 -0.0898371 0.0834091 195 192 138 255
0.2083304 0.4954538 -0.0945759 0.6344097 -0.2211722 0.7406802 193 188 128 255
0.2083304 0.4954538 -0.0945759 0.6344097 -0.2211722 0.7406802 193 188 128 255
0.1975377 0.4691490 -0.1186509 0.3960699 -0.7030622 0.5906202 196 193 142 255
0.2557921 0.4855557 -0.1381863 0.6344748 -0.2210456 0.7406623 194 193 147 255
0.1437316 1.2309403 0.1210063 0.8915505 0.2823497 0.3541418 191 185 127 255
0.1182513 1.3100429 0.1464498 0.5529972 0.7141635 0.4291438 150 141 52 255
0.0961206 1.2599154 0.1658068 0.7584691 -0.5193983 0.3936368 112 127 78 255
-0.1230569 1.0541042 -0.0242357 -0.7427500 0.4402048 -0.5045217 30 57 77 255
0.0110831 1.0659055 -0.1002126 0.0715204 -0.3073167 -0.9489160 85 100 118 255
-0.0304384 1.0079391 -0.0988166 0.0756200 0.4610022 -0.8841711 94 105 120 255
-0.1230569 1.0541042 -0.0242357 -0.7427500 0.4402048 -0.5045217 30 57 77 255
0.0186176 1.2398397 -0.1147922 -0.7636114 0.0979058 -0.6382101 148 165 158 255
0.0110831 1.0659055 -0.1002126 0.0715204 -0.3073167 -0.9489160 85 100 118 255
0.1512280 0.5392024 -0.2074777 -0.2678137 -0.9145777 -0.3030237 65 96 62 255
0.1327925 0.5665629 -0.2227765 -0.6630669 -0.6522001 -0.3673926 118 132 80 255
0.1733837 0.5556183 -0.2766066 0.2055747 -0.4775358 -0.8542240 63 118 105 255
0.1471589 0.5161870 -0.1214505 0.4125140 0.3841652 0.8259838 69 75 82 255
0.1778100 0.4762270 -0.1181730 0.5744104 0.2459529 0.7807431 92 95 102 255
0.2318168 0.5612628 -0.1846951 -0.5647389 0.3202131 0.7606140 67 83 103 255
-0.0656817 1.3495426 0.0356686 -0.1234740 -0.6516606 -0.7483933 195 185 109 255
-0.1018677 1.4568313 -0.0166767 -0.9503068 -0.1846671 0.2506292 176 169 99 255
-0.0668533 1.3811808 0.0098124 -0.6398218 -0.5003667 -0.5833192 166 149 59 255
0.2594528 0.5258155 -0.2071117 0.5625104 -0.6947613 -0.4482061 61 78 99 255
0.2523043 0.5505091 -0.1674782 -0.7597557 0.2677583 0.5925174 83 97 115 255
0.2318168 0.5612628 -0.1846951 -0.5647389 0.3202131 0.7606140 67 83 103 255
-0.0552423 1.3985843 -0.0534980 0.7901956 0.1360026 -0.5975736 154 139 52 255
-0.0518754 1.4387392 -0.1406895 0.9141557 0.1976785 0.3538962 9 14 19 255
-0.0780075 1.5410662 -0.1083646 0.9903888 0.1227103 -0.0638133 53 55 60 255
0.0325296 1.2439466 -0.2181215 -0.3663605 -0.2468142 0.8971415 79 85 73 255
0.0180070 1.2674415 -0.2126991 0.5516063 0.0434591 0.8329717 189 187 184 255
-0.0334513 1.2335672 -0.2438880 -0.5330134 -0.1491552 0.8328563 139 121 110 255
-0.0607936 1.3052259 -0.1944468 -0.9060773 0.2409502 -0.3478028 119 146 120 255
-0.0363815 1.2813456 -0.2243545 -0.8134740 -0.1032390 -0.5723649 102 139 119 255
-0.0334513 1.2335672 -0.2438880 -0.6764663 0.1366888 -0.7236779 128 145 117 255
0.1268001 1.2657074 -0.0150814 0.9272268 0.3455857 -0.1442946 197 190 139 255
0.0767293 1.2983443 -0.0503721 0.1550017 -0.6059245 -0.7802755 195 190 136 255
0.0999541 1.3292780 -0.0697799 -0.7735783 -0.6154953 -0.1508055 193 188 130 255
0.3447373 1.4206314 -0.0635107 0.7412850 -0.6685627 -0.0593349 94 120 87 255
0.3541763 1.4760755 -0.1572088 0.9048563 -0.2975453 -0.3044697 90 118 92 255
0.3837569 1.5001888 -0.0243034 0.9785878 0.0138209 0.2053656 47 40 33 255
-0.2229667 0.1761728 0.1004026 -0.3508849 -0.4723529 0.8085559 10 17 23 255
-0.2972927 0.2178809 0.1262474 0.4016111 -0.7844024 0.4726749 13 24 36 255
-0.3795395 0.1663761 0.1133273 0.2793613 -0.5632787 0.7776082 23 31 36 255
0.2065883 1.0810104 -0.0186777 0.8274245 -0.2060584 -0.5224065 132 172 155 255
0.1644244 1.1821957 0.0542002 0.9543088 0.2804703 0.1031069 151 160 131 255
0.1692474 1.0709394 0.0583947 0.8463775 -0.4196058 0.3279880 130 170 154 255
0.2915277 1.3627496 -0.0382946 0.5812047 0.7230269 0.3734077 186 181 105 255
0.3162856 1.4311613 -0.0689447 0.0588207 -0.7004343 0.7112889 97 120 92 255
0.2452991 1.4106718 -0.0443285 0.6703780 -0.4573470 0.5843176 180 175 120 255
0.0117588 1.3368565 -0.1978458 0.8772485 0.0642298 0.4757200 119 117 65 255
-0.0282583 1.3297688 -0.1421261 0.9639728 0.0683622 0.2570660 136 132 64 255
-0.0473347 1.3007983 -0.0878072 0.5114834 -0.6318934 0.5823190 129 132 74 255
0.0517776 1.2586585 -0.2775936 0.1046868 -0.4501545 -0.8867930 82 95 111 255
0.0217988 1.2772349 -0.2732784 -0.3329076 -0.2890649 -0.8975601 53 60 69 255
0.0464733 1.5827235 -0.3395970 -0.2602466 -0.1224560 -0.9577454 45 43 41 255
0.3447373 1.4206314 -0.0635107 0.7412850 -0.6685627 -0.0593349 94 120 87 255
0.3162856 1.4311613 -0.0689447 0.0588207 -0.7004343 0.7112889 97 120 92 255
0.2915277 1.3627496 -0.0382946 0.5812047 0.7230269 0.3734077 186 181 105 255
-0.0725908 1.5600422 -0.0481236 0.8537841 -0.1900002 -0.4847191 95 95 98 255
-0.0212290 1.4900686 -0.0074451 0.2328646 -0.3518288 -0.9066370 168 153 63 255
-0.0656817 1.3495426 0.0356686 -0.1302229 -0.6590051 -0.7407795 148 139 58 255
0.3307643 1.6084949 -0.0458479 0.9665022 0.1355763 0.2179276 112 143 109 255
0.3511825 1.5987257 0.0298779 0.9155751 0.2073110 0.3445928 123 90 14 255
0.3147621 1.5370950 0.0688033 0.7308154 -0.0026477 0.6825700 107 61 6 255
0.3162856 1.4311613 -0.0689447 0.0588207 -0.7004343 0.7112889 97 120 92 255
0.3447373 1.4206314 -0.0635107 0.7412850 -0.6685627 -0.0593349 94 120 87 255
0.3144152 1.4543430 0.0468245 0.5801498 -0.6258137 0.5213284 197 193 147 255
-0.1724122 0.1500654 0.1410222 0.9881173 0.1234495 -0.0915657 178 167 83 255
-0.0907011 0.1459571 0.1689816 0.1725742 0.9837536 -0.0494682 173 156 72 255
-0.1695232 0.1330799 0.0936747 0.1294876 0.5484692 -0.8260837 179 169 86 255
-0.3795395 0.1663761 0.1133273 -0.5074717 0.3545112 -0.7853625 155 132 36 255
-0.3747611 0.1742563 0.2253599 -0.6185912 0.7342063 0.2797966 144 131 49 255
-0.0923181 0.4406340 0.0682318 -0.9976221 -0.0154750 0.0671603 28 53 73 255
-0.0278196 1.5891544 0.0116024 0.5694087 -0.2405003 -0.7860874 120 135 114 255
-0.0001223 1.5363920 0.0408647 0.7053412 -0.1798882 -0.6856632 146 153 127 255
-0.0326228 1.3717127 0.0746417 0.0191981 -0.4344284 -0.9005017 121 161 139 255
-0.2015455 0.5875431 0.1152570 -0.8327044 -0.5188341 0.1934286 120 126 79 255
-0.2905464 0.7862866 0.1239345 -0.5722120 -0.2324090 0.7864855 191 189 187 255
-0.3138049 0.8090278 0.0091548 -0.9611207 -0.2193898 -0.1676754 183 185 184 255
0.0517776 1.2586585 -0.2775936 0.1046868 -0.4501545 -0.8867930 82 95 111 255
0.1020417 1.1532447 -0.2651365 -0.2942560 0.3805029 -0.8767160 76 90 108 255
0.0523505 1.1533195 -0.2710800 -0.0093479 -0.1357315 -0.9907016 72 85 104 255
0.0102341 1.1825429 -0.2565736 -0.5273445 -0.4048388 0.7470030 100 91 85 255
0.0523505 1.1533195 -0.2710800 -0.0147529 -0.8708764 0.4912805 83 105 77 255
0.0491743 1.1783443 -0.2048283 -0.6759740 -0.5533905 0.4866394 126 137 116 255
0.0102341 1.1825429 -0.2565736 -0.3245299 -0.1430938 -0.9349891 97 109 122 255
-0.0159028 1.2544010 -0.2515967 -0.4010076 -0.3880959 -0.8298039 99 110 124 255
0.0217988 1.2772349 -0.2732784 -0.3329076 -0.2890649 -0.8975601 53 60 69 255
0.0180070 1.2674415 -0.2126991 0.4701973 -0.3147406 0.8245322 111 124 73 255
0.0117588 1.3368565 -0.1978458 0.8772485 0.0642298 0.4757200 119 117 65 255
-0.0473347 1.3007983 -0.0878072 0.5114834 -0.6318934 0.5823190 129 132 74 255
0.2748005 1.3966963 -0.1159047 0.6043825 -0.6157405 -0.5055547 91 112 83 255
0.3214126 1.4483315 -0.1431144 0.4451134 -0.8062632 -0.3896329 92 116 86 255
0.3447373 1.4206314 -0.0635107 0.7412850 -0.6685627 -0.0593349 94 120 87 255
0.1815431 0.4989959 -0.1793461 -0.8489019 0.2919320 -0.4406146 12 20 27 255
0.1471589 0.5161870 -0.1214505 -0.8385136 0.1158991 -0.5324118 18 32 45 255
0.2318168 0.5612628 -0.1846951 -0.5648074 0.3202374 0.7605528 173 160 77 255
0.3447373 1.4206314 -0.0635107 0.7412850 -0.6685627 -0.0593349 94 120 87 255
0.3214126 1.4483315 -0.1431144 0.4451134 -0.8062632 -0.3896329 92 116 86 255
0.3541763 1.4760755 -0.1572088 0.9048563 -0.2975453 -0.3044697 90 118 92 255
0.3073137 1.3388777 -0.0242488 0.7597998 -0.6314411 -0.1548755 155 162 131 255
0.2508314 1.3859501 -0.1488348 0.4661224 -0.7182155 -0.5166202 91 113 84 255
0.2748005 1.3966963 -0.1159047 0.6043825 -0.6157405 -0.5055547 91 112 83 255
0.1254666 0.7633451 0.3316700 -0.6327384 -0.1210806 -0.7648410 128 95 12 255
0.1778154 0.6111423 0.3375556 -0.0689410 -0.2909158 -0.9542616 126 138 114 255
0.0613327 0.6829873 0.3689108 -0.6762868 0.0365019 -0.7357334 197 199 193 255
-0.0679629 1.4206044 -0.2378725 -0.8116550 -0.0671880 -0.5802603 112 129 88 255
-0.0337603 1.5897218 -0.2883012 -0.7328275 0.0518405 -0.6784368 8 8 8 255
-0.0326650 1.3506957 -0.2312410 -0.7209266 -0.0223102 -0.6926523 68 106 77 255
-0.0890350 0.4407170 0.1592035 -0.1830747 0.3002741 0.9361192 37 64 86 255
-0.2905464 0.7862866 0.1239345 -0.5722120 -0.2324090 0.7864855 191 189 187 255
-0.2015455 0.5875431 0.1152570 -0.8327044 -0.5188341 0.1934286 120 126 79 255
-0.3747611 0.1742563 0.2253599 -0.6263567 0.7231334 0.2911278 150 158 128 255
-0.3096972 0.1423048 0.2596879 0.0317683 0.2077909 0.9776573 146 165 141 255
-0.0890350 0.4407170 0.1592035 -0.3170274 0.2903029 0.9028942 119 168 153 255
0.1379006 0.9148052 0.3056102 0.7051172 0.0252813 -0.7086401 170 156 62 255
0.0931282 0.9979674 0.2701130 0.1822494 -0.1847948 -0.9657309 27 36 43 255
0.1241956 1.0651410 0.2900767 0.9401801 0.3307959 0.0814604 40 56 74 255
0.3162856 1.4311613 -0.0689447 0.0588207 -0.7004343 0.7112889 97 120 92 255
0.2952056 1.4666967 0.0346489 0.3656997 -0.9304401 -0.0233444 192 188 129 255
0.2452991 1.4106718 -0.0443285 0.6703780 -0.4573470 0.5843176 180 175 120 255
0.2214963 0.5332357 -0.2277710 0.2266863 -0.6907141 -0.6866786 188 185 183 255
0.2318168 0.5612628 -0.1846951 -0.5647389 0.3202131 0.7606140 67 83 103 255
0.1785240 0.5607227 -0.2455578 -0.9181266 0.2148291 0.3330048 189 184 180 255
0.3203201 1.6890509 -0.0502050 0.9348429 0.2372303 0.2641790 112 134 102 255
0.3409033 1.6596173 -0.0354276 0.8142636 0.4152974 0.4055894 90 114 79 255
0.3554559 1.6077285 -0.1132809 0.9762516 0.0771527 0.2024358 104 129 100 255
-0.0996132 1.0183361 0.1647403 -0.1565857 0.0216754 0.9874265 77 90 106 255
-0.1709383 1.0431104 0.1051812 -0.7869044 0.4460238 0.4264322 72 89 108 255
-0.1752150 0.7757459 0.1936193 -0.3288643 -0.0137264 0.9442774 171 170 166 255
0.1809464 0.7074864 0.2723548 -0.0197906 0.4581521 -0.8886535 188 183 178 255
0.1817279 0.7617917 0.3485103 0.7108069 0.1622680 0.6844141 186 182 178 255
0.2172768 0.7018245 0.2988822 0.9617617 0.2092769 -0.1766857 188 183 179 255
-0.1752150 0.7757459 0.1936193 -0.3288643 -0.0137264 0.9442774 171 170 166 255
-0.2905464 0.7862866 0.1239345 -0.5580381 0.2035767 0.8044564 103 124 95 255
-0.1067202 0.7591213 0.1550531 0.3973595 0.0492403 0.9163409 117 123 115 255
0.1815431 0.4989959 -0.1793461 -0.8489019 0.2919320 -0.4406146 12 20 27 255
0.1778100 0.4762270 -0.1181730 -0.1903734 -0.9162188 -0.3525638 15 25 33 255
0.1471589 0.5161870 -0.1214505 -0.8385136 0.1158991 -0.5324118 18 32 45 255
0.1442044 0.5401084 -0.1626214 0.5709779 0.5360623 0.6217889 178 170 105 255
0.1679342 0.4999853 -0.1833371 0.6436801 -0.0143701 0.7651597 184 176 91 255
0.2214963 0.5332357 -0.2277710 -0.1166714 0.7012545 0.7032992 179 171 108 255
0.1817279 0.7617917 0.3485103 0.6388614 0.3847347 0.6662098 178 173 169 255
0.1240687 0.9100217 0.2816052 0.2159262 -0.1946135 -0.9568184 163 148 65 255
0.1379006 0.9148052 0.3056102 0.7051172 0.0252813 -0.7086401 170 156 62 255
0.0267520 0.8887806 -0.0037229 0.7767002 -0.5887771 -0.2237820 110 119 131 255
0.0149517 0.8780018 0.0339985 0.8707131 -0.4360426 0.2274325 113 121 133 255
0.0142233 0.8934869 -0.0074747 0.9296693 -0.3668672 -0.0335171 110 119 131 255
0.2113035 1.2773531 0.0225723 0.0500988 -0.9918115 0.1174732 186 156 61 255
0.1601808 1.3355517 -0.2030258 0.4732311 -0.8683990 -0.1481066 175 32 36 255
0.2508314 1.3859501 -0.1488348 0.6095136 -0.7212403 -0.3290980 158 151 58 255
-0.1230569 1.0541042 -0.0242357 -0.7427500 0.4402048 -0.5045217 30 57 77 255
-0.0761514 1.2741108 0.0727620 -0.8782225 0.4682071 0.0975054 54 82 109 255
0.0186176 1.2398397 -0.1147922 -0.7636114 0.0979058 -0.6382101 148 165 158 255
-0.0624835 1.7745006 -0.1706907 -0.4939947 0.8054963 -0.3273302 124 144 117 255
0.0132763 1.8216844 -0.0835431 -0.4449109 0.8542184 0.2690079 155 162 130 255
0.0582690 1.8222113 -0.1526046 -0.2864220 0.9089873 -0.3028275 103 162 146 255
0.2721262 0.6763147 -0.2813550 0.5882745 -0.1349599 -0.7973198 78 99 71 255
0.2594528 0.5258155 -0.2071117 0.5625069 -0.6947275 -0.4482629 159 155 72 255
0.2214963 0.5332357 -0.2277710 0.2266992 -0.6906586 -0.6867301 168 163 92 255
0.1281595 1.6932598 0.1080730 -0.0022813 0.5215045 0.8532456 13 21 30 255
0.0682473 1.7995631 0.0122118 -0.1844469 0.7406947 0.6460268 173 172 167 255
0.1062803 1.5647025 0.1650465 -0.1210450 0.2872074 0.9501894 115 128 85 255
0.1733837 0.5556183 -0.2766066 0.2055746 -0.4777334 -0.8541135 63 118 105 255
0.2721262 0.6763147 -0.2813550 0.5882745 -0.1349599 -0.7973198 78 99 71 255
0.2214963 0.5332357 -0.2277710 0.2266992 -0.6906586 -0.6867301 168 163 92 255
0.0464733 1.5827235 -0.3395970 -0.2602466 -0.1224560 -0.9577454 45 43 41 255
-0.0337603 1.5897218 -0.2883012 -0.6883853 0.0182891 -0.7251146 11 24 35 255
0.0710819 1.6897570 -0.3342689 -0.2832586 0.1606858 -0.9454865 12 12 12 255
0.1624560 1.3808836 0.0948205 -0.1531682 -0.3088715 0.9386895 190 182 108 255
0.1220813 1.3465812 0.0184586 -0.0508373 -0.7464194 0.6635312 191 183 112 255
0.2113035 1.2773531 0.0225723 0.0500988 -0.9918115 0.1174732 186 156 61 255
-0.0761514 1.2741108 0.0727620 -0.8782225 0.4682071 0.0975054 54 82 109 255
-0.1709383 1.0431104 0.1051812 -0.7869044 0.4460238 0.4264322 72 89 108 255
-0.0996132 1.0183361 0.1647403 -0.1565857 0.0216754 0.9874265 77 90 106 255
-0.0921574 1.5727828 0.0039363 -0.8250018 0.1965124 0.5298631 0 0 0 255
-0.1012914 1.6820146 -0.0637200 -0.9034961 0.3295977 0.2739706 185 184 181 255
-0.1193800 1.4462537 0.0320692 -0.8859894 0.0267409 0.4629338 83 85 85 255
0.1182513 1.3100429 0.1464498 0.5529972 0.7141635 0.4291438 150 141 52 255
0.0232282 1.2842115 0.1809270 -0.3933935 0.3659984 0.8433782 110 105 27 255
0.0893054 1.2586262 0.2173328 0.4965061 0.5256650 0.6907662 145 152 99 255
-0.0772812 0.3988412 0.0445344 0.0544084 -0.9487509 0.3113060 37 61 85 255
-0.2381542 0.6884114 0.0077515 -0.5387035 -0.4658189 -0.7020053 156 165 134 255
-0.0573621 0.6541092 0.0036194 0.0691857 -0.0979424 -0.9927843 128 131 91 255
0.1220813 1.3465812 0.0184586 -0.0800832 -0.6641055 0.7433374 182 177 126 255
0.1209500 1.2707803 0.0578911 0.8348722 0.5045921 0.2199438 191 187 184 255
0.1268001 1.2657074 -0.0150814 0.9258963 0.2959854 -0.2347527 184 175 94 255
0.1395326 1.2092737 -0.2297673 0.8840421 0.3877383 -0.2610145 109 120 133 255
0.1275461 1.2259284 -0.1292322 0.6718220 -0.7406071 0.0125033 77 102 123 255
0.1346004 1.2075173 -0.1606331 0.6033462 0.0476417 0.7960551 102 115 130 255
0.3541763 1.4760755 -0.1572088 0.9048563 -0.2975453 -0.3044697 90 118 92 255
0.3231776 1.5703800 -0.2295582 0.6172369 -0.3130001 -0.7218376 117 136 108 255
0.3547363 1.5744797 -0.2027738 0.9327239 -0.1823786 -0.3110696 111 131 103 255
0.1817279 0.7617917 0.3485103 0.3690180 -0.2308471 -0.9002973 184 181 178 255
0.1254666 0.7633451 0.3316700 -0.6327384 -0.1210806 -0.7648410 128 95 12 255
0.1240687 0.9100217 0.2816052 0.2159262 -0.1946135 -0.9568184 163 148 65 255
-0.0030081 0.5457147 0.0281539 0.5871664 -0.0895280 -0.8044999 68 82 102 255
-0.0772812 0.3988412 0.0445344 0.0544084 -0.9487509 0.3113060 37 61 85 255
-0.0573621 0.6541092 0.0036194 0.0691857 -0.0979424 -0.9927843 128 131 91 255
-0.1257646 1.5647004 -0.1502782 -0.9594774 -0.0364907 -0.2794131 7 6 6 255
-0.1172900 1.4818325 -0.0873520 -0.9776209 -0.1247165 -0.1694201 84 95 72 255
-0.0886176 1.7120310 -0.1960881 -0.9408910 0.2564500 -0.2212632 186 185 183 255
0.1817279 0.7617917 0.3485103 0.7108069 0.1622680 0.6844141 186 182 178 255
0.1984887 0.6792740 0.3344498 0.8668302 -0.1649111 0.4705419 188 183 179 255
0.2172768 0.7018245 0.2988822 0.9617617 0.2092769 -0.1766857 188 183 179 255
0.1395326 1.2092737 -0.2297673 0.8840421 0.3877383 -0.2610145 109 120 133 255
0.1346004 1.2075173 -0.1606331 0.6033462 0.0476417 0.7960551 102 115 130 255
0.2064619 1.0027363 -0.2385063 0.9208184 0.3827153 -0.0749823 30 48 68 255
-0.0005836 0.1327521 -0.2749181 0.8927821 0.3310729 -0.3055012 188 184 117 255
0.1341524 0.4053674 -0.0979819 0.9529666 -0.0950491 0.2877852 189 183 178 255
0.0785618 0.3512513 -0.0727546 0.5159588 -0.3791183 0.7681509 189 182 178 255
0.2855046 1.6064630 0.0756049 0.4772414 0.1950070 0.8568622 161 138 49 255
0.2436373 1.6653103 0.0764487 0.5218881 0.3848684 0.7612548 174 177 169 255
0.2341609 1.5456730 0.1104748 0.2986557 -0.0514563 0.9529728 178 171 94 255
0.2136908 0.7909437 -0.2430716 -0.5189894 -0.1940402 0.8324653 150 159 128 255
0.2219348 0.6943253 -0.2810239 -0.9716417 0.0714631 0.2254009 126 131 141 255
0.2343962 0.6981068 -0.2103494 -0.7681679 0.3006912 0.5652459 95 113 91 255
0.1595263 0.5285258 0.3032193 -0.9342731 0.3341198 -0.1244906 178 171 112 255
0.1363585 0.4899317 0.3233614 -0.9329132 0.1444045 0.3298792 179 172 113 255
0.1743841 0.5997346 0.3828330 0.2543058 -0.0013051 0.9671229 120 108 24 255
0.4042296 1.6259359 -0.1876278 0.8348227 0.2546365 -0.4880896 193 183 116 255
0.3594859 1.6409345 -0.2148025 0.9776111 0.0100666 -0.2101793 92 55 9 255
0.2869289 1.7675183 -0.2423451 0.5342094 0.4276839 -0.7291822 185 184 181 255
0.1156564 0.5151854 0.2943728 0.8353530 -0.5494063 0.0183889 182 176 116 255
0.1778154 0.6111423 0.3375556 -0.0676593 -0.2928352 -0.9537662 156 149 65 255
0.1067672 0.5032730 0.3422866 0.7026961 -0.6193126 0.3502431 143 138 52 255
-0.0622509 0.7700269 0.1271782 0.7373250 -0.3313047 0.5887181 117 125 136 255
0.0044994 0.8425801 -0.0146599 0.9092612 -0.4146481 0.0362100 119 126 137 255
0.0149517 0.8780018 0.0339985 0.8707131 -0.4360426 0.2274325 113 121 133 255
0.1156564 0.5151854 0.2943728 -0.7673075 0.4870336 -0.4171780 171 157 73 255
0.1067672 0.5032730 0.3422866 -0.9634320 0.2400482 -0.1190613 171 157 72 255
0.1280394 0.6064086 0.3780935 -0.5535141 0.5630385 -0.6136854 174 160 76 255
0.3547363 1.5744797 -0.2027738 0.9327304 -0.1823148 -0.3110875 166 161 156 255
0.3231776 1.5703800 -0.2295582 0.6054289 -0.3149571 -0.7309294 156 155 145 255
0.3637664 1.5671088 -0.2440748 0.4575381 -0.4878620 -0.7434040 175 171 166 255
0.3447373 1.4206314 -0.0635107 0.7412850 -0.6685627 -0.0593349 94 120 87 255
0.2915277 1.3627496 -0.0382946 0.5812047 0.7230269 0.3734077 186 181 105 255
0.3073137 1.3388777 -0.0242488 0.7597998 -0.6314411 -0.1548755 155 162 131 255
0.1156564 0.5151854 0.2943728 -0.7673075 0.4870336 -0.4171780 171 157 73 255
0.1280394 0.6064086 0.3780935 -0.5535141 0.5630385 -0.6136854 174 160 76 255
0.1778154 0.6111423 0.3375556 -0.0676545 -0.2928085 -0.9537746 176 166 96 255
0.1859491 0.5494296 0.3687782 0.9417264 -0.3234142 0.0924914 135 124 37 255
0.1743841 0.5997346 0.3828330 0.2543058 -0.0013051 0.9671229 120 108 24 255
0.1363585 0.4899317 0.3233614 -0.9329132 0.1444045 0.3298792 179 172 113 255
0.0936975 0.5448730 0.3239524 -0.7296000 -0.4117346 0.5460389 96 93 28 255
0.1280394 0.6064086 0.3780935 -0.1571458 -0.7256927 0.6698323 123 113 42 255
0.0945995 0.6216295 0.3976445 -0.5325838 -0.6849424 0.4972007 78 86 47 255
0.0936975 0.5448730 0.3239524 0.7030866 0.3138771 -0.6380833 165 146 49 255
0.0933208 0.6320423 0.3664880 -0.6154810 -0.5577149 -0.5568996 120 147 117 255
0.1280394 0.6064086 0.3780935 -0.5533817 0.5630445 -0.6137993 160 143 52 255
0.0704913 0.5589044 0.2905521 -0.8415825 -0.2398042 0.4839759 53 63 26 255
0.0936975 0.5448730 0.3239524 -0.7297225 -0.4115770 0.5459938 96 93 28 255
0.0933208 0.6320423 0.3664880 -0.6154838 -0.5577927 -0.5568187 115 138 103 255
0.1778100 0.4762270 -0.1181730 0.5744104 0.2459529 0.7807431 92 95 102 255
0.2594528 0.5258155 -0.2071117 0.5625104 -0.6947613 -0.4482061 61 78 99 255
0.2318168 0.5612628 -0.1846951 -0.5647389 0.3202131 0.7606140 67 83 103 255
0.2855046 1.6064630 0.0756049 0.4772414 0.1950070 0.8568622 161 138 49 255
0.2341609 1.5456730 0.1104748 0.2986557 -0.0514563 0.9529728 178 171 94 255
0.3147621 1.5370950 0.0688033 0.7308154 -0.0026477 0.6825700 107 61 6 255
0.1743841 0.5997346 0.3828330 0.2543058 -0.0013051 0.9671229 120 108 24 255
0.1067672 0.5032730 0.3422866 0.7026961 -0.6193126 0.3502431 143 138 52 255
0.1778154 0.6111423 0.3375556 -0.0676593 -0.2928352 -0.9537662 156 149 65 255
0.1363585 0.4899317 0.3233614 0.8121958 -0.5644657 -0.1473652 194 192 146 255
0.1595263 0.5285258 0.3032193 0.9178175 -0.2811826 -0.2802629 196 191 134 255
0.1859491 0.5494296 0.3687782 0.9416977 -0.3234766 0.0925661 194 190 137 255
0.0767293 1.2983443 -0.0503721 0.4040118 0.9095028 -0.0978731 49 71 98 255
0.0454071 1.3320943 0.0426884 -0.1250665 0.9617035 -0.2438947 190 192 192 255
0.0999541 1.3292780 -0.0697799 -0.8210133 -0.5537287 -0.1390023 49 71 98 255
0.2721262 0.6763147 -0.2813550 0.5882745 -0.1349599 -0.7973198 78 99 71 255
0.1427293 0.9855560 -0.2844943 0.0635063 -0.0614764 -0.9960861 193 189 126 255
0.2064619 1.0027363 -0.2385063 0.9460809 0.3034152 -0.1134466 190 188 130 255
0.3637664 1.5671088 -0.2440748 0.4575381 -0.4878620 -0.7434040 175 171 166 255
0.3952422 1.5849643 -0.2420760 0.6579525 0.3498600 -0.6668555 170 166 159 255
0.3547363 1.5744797 -0.2027738 0.9327304 -0.1823148 -0.3110875 166 161 156 255
-0.1588960 0.1716101 -0.2658433 -0.5116739 0.5068389 -0.6937608 194 190 131 255
-0.1467471 0.2367127 -0.2344372 -0.9265018 0.3408032 -0.1595233 196 192 140 255
-0.0945075 0.2303718 -0.2737353 0.0207711 0.2427294 -0.9698717 197 192 140 255
-0.0304384 1.0079391 -0.0988166 0.0756200 0.4610022 -0.8841711 94 105 120 255
-0.2119477 0.9364887 -0.1261057 -0.4819185 0.5467074 -0.6847375 49 70 93 255
-0.1230569 1.0541042 -0.0242357 -0.7427500 0.4402048 -0.5045217 30 57 77 255
0.0610950 0.6306269 0.3942027 -0.6033523 -0.3446392 -0.7191591 194 197 194 255
0.0613327 0.6829873 0.3689108 -0.6762868 0.0365019 -0.7357334 197 199 193 255
0.0933208 0.6320423 0.3664880 -0.6154243 -0.5577094 -0.5569680 145 157 139 255
0.0875742 1.5634164 -0.3461735 -0.1589582 -0.1299489 -0.9786958 3 3 3 255
0.1422188 1.3483442 -0.2987587 0.1418806 -0.2580413 -0.9556592 7 6 6 255
0.0464733 1.5827235 -0.3395970 -0.2602466 -0.1224560 -0.9577454 45 43 41 255
0.1442044 0.5401084 -0.1626214 -0.8577691 -0.2871874 -0.4263280 133 148 122 255
0.1785240 0.5607227 -0.2455578 -0.9181246 0.2148577 0.3329918 141 156 136 255
0.1679342 0.4999853 -0.1833371 -0.5712517 -0.5366600 -0.6210214 137 154 132 255
0.0186176 1.2398397 -0.1147922 -0.2707740 0.6161444 -0.7396266 182 177 173 255
0.0177464 1.3020299 -0.0293829 -0.6120185 0.7144051 -0.3392033 44 65 91 255
0.0499353 1.2376080 -0.2061462 -0.8819851 -0.4649135 -0.0771871 159 158 154 255
0.0610950 0.6306269 0.3942027 0.0070125 -0.0273217 0.9996021 120 141 112 255
0.0486507 0.5903971 0.3246973 0.3878113 -0.8261508 0.4087508 82 112 89 255
0.0933208 0.6320423 0.3664880 -0.6154153 -0.5576848 -0.5570024 115 138 103 255
-0.0198522 0.7849130 -0.1106040 0.9681193 -0.2294951 -0.1003838 26 50 70 255
-0.0622509 0.7700269 0.1271782 0.7373250 -0.3313047 0.5887181 117 125 136 255
-0.0724769 0.7744243 0.0820181 0.8948710 -0.4398447 0.0757794 113 121 133 255
0.0933208 0.6320423 0.3664880 -0.4039283 0.8265696 -0.3919497 174 161 76 255
0.0486507 0.5903971 0.3246973 -0.4039283 0.8265696 -0.3919497 170 159 79 255
0.0621476 0.6288973 0.3919821 -0.4039283 0.8265696 -0.3919497 15 31 43 255
0.0936189 0.5449208 0.3240182 0.7031866 0.3138347 -0.6379941 190 190 135 255
0.0702252 0.5578153 0.2905400 0.8366208 0.2423424 -0.4912595 190 189 129 255
0.0933208 0.6320423 0.3664880 0.8366208 0.2423424 -0.4912595 191 188 126 255
0.1463375 1.1415477 0.2058661 0.3199424 -0.0996841 0.9421784 162 158 100 255
0.1692474 1.0709394 0.0583947 0.8463775 -0.4196058 0.3279880 130 170 154 255
0.1558716 1.1802373 0.1409187 0.9841598 0.1024619 0.1446760 148 158 124 255
0.1778154 0.6111423 0.3375556 -0.0689410 -0.2909158 -0.9542616 126 138 114 255
0.1280394 0.6064086 0.3780935 -0.1571326 -0.7257320 0.6697929 143 156 139 255
0.0933208 0.6320423 0.3664880 -0.6154243 -0.5577094 -0.5569680 145 157 139 255
0.2213507 0.5335491 -0.2280501 0.3853692 0.8454993 0.3696234 20 25 30 255
0.1785240 0.5607227 -0.2455578 0.3853692 0.8454993 0.3696234 16 25 33 255
0.1442044 0.5401084 -0.1626214 0.5709634 0.5360535 0.6218098 114 127 100 255
-0.0680428 1.4114345 -0.1796703 -0.9278237 -0.2559999 -0.2713069 101 113 84 255
-0.0363815 1.2813456 -0.2243545 -0.8134740 -0.1032390 -0.5723649 102 139 119 255
-0.0632129 1.3480903 -0.1483660 -0.8430238 -0.1366911 -0.5202175 62 110 86 255
0.0610950 0.6306269 0.3942027 0.0043488 -0.0276101 0.9996093 120 141 112 255
0.1239338 0.7768168 0.3824039 -0.2205622 0.1750649 0.9595335 12 22 28 255
0.0613327 0.6829873 0.3689108 -0.6762868 0.0365019 -0.7357334 197 199 193 255
-0.0456915 0.2073328 -0.2488711 0.0018879 -0.3359039 0.9418944 191 191 137 255
-0.0381787 0.1416141 -0.2874731 -0.3433324 -0.4673318 0.8146925 0 1 2 255
-0.0005836 0.1327521 -0.2749181 -0.3780665 -0.5006317 0.7787384 0 1 2 255
-0.2506938 0.8158540 -0.1480768 -0.8408707 -0.0094093 -0.5411544 125 146 118 255
-0.3138049 0.8090278 0.0091548 -0.9715070 -0.1338061 -0.1956273 102 119 88 255
-0.2119477 0.9364887 -0.1261057 -0.4819185 0.5467074 -0.6847375 49 70 93 255
-0.1948581 0.6587932 -0.1263616 -0.7431152 -0.2720775 -0.6113540 125 151 122 255
-0.2506938 0.8158540 -0.1480768 -0.8408707 -0.0094093 -0.5411544 125 146 118 255
-0.1844084 0.8018730 -0.1897039 -0.2835223 -0.0001638 -0.9589655 46 68 91 255
0.1283307 1.5533917 -0.3488896 0.0724877 -0.0233499 -0.9970959 5 4 4 255
0.0875742 1.5634164 -0.3461735 -0.1589582 -0.1299489 -0.9786958 3 3 3 255
0.0710819 1.6897570 -0.3342689 -0.2832586 0.1606858 -0.9454865 12 12 12 255
-0.0390882 0.1328739 -0.3066418 0.0795868 0.9301716 -0.3583947 197 194 136 255
-0.0005836 0.1327521 -0.2749181 0.8782837 0.3917173 -0.2741810 197 192 135 255
0.0979292 0.1167200 -0.3596287 0.0580230 0.7089083 -0.7029098 158 134 41 255
0.1984887 0.6792740 0.3344498 0.8666487 -0.1638447 0.4712483 139 155 136 255
0.1778154 0.6111423 0.3375556 -0.0689410 -0.2909158 -0.9542616 126 138 114 255
0.1666310 0.6814002 0.2998743 -0.7878609 -0.4258080 -0.4449301 140 152 111 255
0.1666310 0.6814002 0.2998743 -0.7878609 -0.4258080 -0.4449301 140 152 111 255
0.1809464 0.7074864 0.2723548 -0.0197906 0.4581521 -0.8886535 188 183 178 255
0.1996756 0.6146908 0.2717302 -0.8879654 -0.4579137 0.0428055 145 156 137 255
-0.1948581 0.6587932 -0.1263616 -0.6171357 -0.5151753 -0.5947588 199 194 143 255
-0.0843065 0.7817711 -0.1936154 0.0587707 0.2370744 -0.9697122 195 182 99 255
0.0686989 0.4147973 -0.2003721 -0.0685301 0.1479897 -0.9866117 65 93 120 255
0.1644244 1.1821957 0.0542002 0.9543088 0.2804703 0.1031069 151 160 131 255
0.1437316 1.2309403 0.1210063 0.8901072 0.3782614 0.2542194 146 154 130 255
0.1558716 1.1802373 0.1409187 0.9841598 0.1024619 0.1446760 148 158 124 255
-0.1588960 0.1716101 -0.2658433 -0.5116739 0.5068389 -0.6937608 194 190 131 255
0.0979292 0.1167200 -0.3596287 0.0580230 0.7089083 -0.7029098 158 134 41 255
-0.1485720 0.0392412 -0.3379883 -0.4182663 -0.2437657 -0.8750038 195 190 133 255
-0.0381787 0.1416141 -0.2874731 0.3121825 0.1362289 -0.9402041 57 76 97 255
-0.1630712 0.1866062 -0.3297491 -0.1478560 0.5282514 -0.8361155 84 101 120 255
0.0170250 0.2633029 -0.2504362 0.3828579 0.1427482 -0.9127118 104 115 129 255
-0.0473347 1.3007983 -0.0878072 0.5114834 -0.6318934 0.5823190 129 132 74 255
-0.0817404 1.3417553 -0.0916274 -0.9952005 0.0254873 -0.0944804 141 133 54 255
-0.0908463 1.3000557 -0.0781257 0.2054497 0.2605681 0.9433423 135 132 65 255
0.1258340 1.8262206 -0.0125744 -0.1992512 0.7830645 0.5891596 164 170 129 255
0.1814756 1.7145473 0.0864594 0.2141763 0.5308282 0.8199695 137 109 24 255
0.1534591 1.8584566 -0.0636685 -0.0712701 0.8367764 0.5428865 144 155 122 255
0.1984887 0.6792740 0.3344498 0.8675297 -0.1653492 0.4690971 180 180 177 255
0.1817279 0.7617917 0.3485103 0.7123495 0.2922710 0.6380719 13 20 26 255
0.1743841 0.5997346 0.3828330 0.2543058 -0.0013051 0.9671229 120 108 24 255
0.3144152 1.4543430 0.0468245 0.5801498 -0.6258137 0.5213284 197 193 147 255
0.3147621 1.5370950 0.0688033 0.7308154 -0.0026477 0.6825700 107 61 6 255
0.2785578 1.3944951 0.0587370 0.5813058 -0.2342819 0.7792276 164 157 88 255
0.1817279 0.7617917 0.3485103 0.7123495 0.2922710 0.6380719 13 20 26 255
0.1239338 0.7768168 0.3824039 -0.2205622 0.1750649 0.9595335 12 22 28 255
0.1743841 0.5997346 0.3828330 0.2543058 -0.0013051 0.9671229 120 108 24 255
0.0767293 1.2983443 -0.0503721 0.3265892 0.9080837 -0.2621513 161 140 39 255
0.1268001 1.2657074 -0.0150814 0.8360392 0.5283900 -0.1477921 168 143 46 255
0.1395326 1.2092737 -0.2297673 0.8840421 0.3877383 -0.2610145 109 120 133 255
0.1283307 1.5533917 -0.3488896 0.0724877 -0.0233499 -0.9970959 5 4 4 255
0.1710665 1.5125636 -0.3368477 0.1514165 -0.0171380 -0.9883214 176 170 165 255
0.1422188 1.3483442 -0.2987587 0.1418806 -0.2580413 -0.9556592 7 6 6 255
0.1314230 1.4950124 0.1043327 -0.4541803 -0.1776424 0.8730196 95 114 86 255
0.0774746 1.3908545 0.0164142 -0.6300977 -0.3299318 0.7029381 126 144 115 255
0.1624560 1.3808836 0.0948205 -0.0860391 -0.3751899 0.9229462 121 137 109 255
0.1147137 1.7243781 -0.3265390 0.0197585 0.2531622 -0.9672221 185 183 180 255
0.1727927 1.6788639 -0.3385425 0.1967386 0.2050759 -0.9587689 185 183 180 255
0.1710665 1.5125636 -0.3368477 0.1514165 -0.0171380 -0.9883214 176 170 165 255
0.0732765 1.0572624 0.3237264 -0.3713194 0.2255998 0.9006813 59 89 115 255
0.0559561 1.0071181 0.2751229 -0.9945100 -0.1046361 -0.0010678 57 88 115 255
0.1239338 0.7768168 0.3824039 -0.2205622 0.1750649 0.9595335 12 22 28 255
0.0523505 1.1533195 -0.2710800 -0.0431978 -0.8614951 0.5059251 195 188 120 255
0.1020417 1.1532447 -0.2651365 -0.0744502 -0.7869045 0.6125672 168 153 63 255
0.0588412 1.2010591 -0.2089648 -0.9690808 -0.2456235 0.0234865 170 156 63 255
0.1240687 0.9100217 0.2816052 0.2159262 -0.1946135 -0.9568184 163 148 65 255
0.1254666 0.7633451 0.3316700 -0.6327384 -0.1210806 -0.7648410 128 95 12 255
0.0559561 1.0071181 0.2751229 -0.9945100 -0.1046361 -0.0010678 57 88 115 255
0.1379962 0.4640528 -0.1551218 0.8872768 0.3034286 -0.3473774 76 85 100 255
-0.0843065 0.7817711 -0.1936154 0.0587707 0.2370744 -0.9697122 195 182 99 255
-0.0198522 0.7849130 -0.1106040 0.9568803 0.2883220 0.0353620 97 120 78 255
0.1778100 0.4762270 -0.1181730 -0.1903474 -0.9161907 -0.3526504 189 182 103 255
0.1815431 0.4989959 -0.1793461 0.1667194 -0.9003775 -0.4019016 181 177 108 255
0.2594528 0.5258155 -0.2071117 0.5625069 -0.6947275 -0.4482629 159 155 72 255
0.1727927 1.6788639 -0.3385425 0.1967386 0.2050759 -0.9587689 185 183 180 255
0.2534544 1.6101554 -0.3149301 0.4276849 0.0595127 -0.9019667 180 176 171 255
0.1710665 1.5125636 -0.3368477 0.1514165 -0.0171380 -0.9883214 176 170 165 255
-0.1400926 0.1941907 -0.1748081 0.5916977 -0.4497729 -0.6690277 30 56 73 255
-0.2253027 0.1594067 -0.2256864 0.7251110 -0.6315507 -0.2745138 70 65 63 255
-0.1467471 0.2367127 -0.2344372 0.5913978 -0.8027945 0.0759592 27 45 63 255
0.1241956 1.0651410 0.2900767 0.9401801 0.3307959 0.0814604 40 56 74 255
0.1817279 0.7617917 0.3485103 0.5820983 -0.1287260 -0.8028643 179 175 170 255
0.1379006 0.9148052 0.3056102 0.7051172 0.0252813 -0.7086401 170 156 62 255
0.3379080 1.7424347 -0.0396836 0.7385691 0.5094975 0.4415065 188 186 185 255
0.3802974 1.6464841 -0.0413959 0.8740083 0.3221849 0.3637393 93 165 153 255
0.3384905 1.7743628 -0.1072018 0.8065887 0.5908297 0.0182993 186 185 183 255
0.2746928 1.6722165 -0.2969131 0.5075257 0.2779508 -0.8155740 182 178 173 255
0.2534544 1.6101554 -0.3149301 0.4276849 0.0595127 -0.9019667 180 176 171 255
0.1636720 1.7682316 -0.2947843 0.2969155 0.4383207 -0.8483609 186 184 182 255
-0.1191394 1.6280633 -0.0934777 -0.9957174 0.0834264 -0.0398360 136 135 132 255
-0.0886176 1.7120310 -0.1960881 -0.9408910 0.2564500 -0.2212632 186 185 183 255
-0.1172900 1.4818325 -0.0873520 -0.9776209 -0.1247165 -0.1694201 84 95 72 255
0.0588412 1.2010591 -0.2089648 -0.9658365 -0.2473819 -0.0772128 188 182 178 255
0.0663192 1.2041224 -0.1603385 -0.7114491 -0.3019242 0.6345723 188 183 179 255
0.0499353 1.2376080 -0.2061462 -0.9639344 -0.0042679 0.2661057 180 177 144 255
0.1601808 1.3355517 -0.2030258 0.2990509 -0.9414808 0.1555069 151 119 23 255
0.0999541 1.3292780 -0.0697799 -0.5872281 -0.8079681 0.0484849 190 182 112 255
0.0070419 1.3877987 -0.1914953 -0.5607572 -0.8027616 0.2027939 178 167 79 255
0.2030854 0.8740785 -0.2312140 0.1774902 -0.0183917 0.9839507 108 183 171 255
0.2898483 0.7172076 -0.2364316 0.7366677 0.3284199 0.5911524 102 127 94 255
0.2064619 1.0027363 -0.2385063 0.9208184 0.3827153 -0.0749823 30 48 68 255
-0.3138049 0.8090278 0.0091548 -0.9715070 -0.1338061 -0.1956273 102 119 88 255
-0.2506938 0.8158540 -0.1480768 -0.8408707 -0.0094093 -0.5411544 125 146 118 255
-0.1948581 0.6587932 -0.1263616 -0.7431152 -0.2720775 -0.6113540 125 151 122 255
0.1836128 1.6127032 0.0860898 -0.0766209 0.1895267 0.9788815 88 107 90 255
0.1272562 1.5477502 0.0991373 0.0825516 0.1269370 0.9884697 102 119 88 255
0.1314230 1.4950124 0.1043327 -0.4541803 -0.1776424 0.8730196 95 114 86 255
-0.2283401 0.1066936 0.0897417 -0.1259722 0.0546671 -0.9905264 161 142 49 255
-0.1931524 0.1858011 0.0723937 0.2767865 -0.3054655 -0.9110872 164 147 52 255
-0.1695232 0.1330799 0.0936747 0.1294876 0.5484692 -0.8260837 179 169 86 255
0.0931282 0.9979674 0.2701130 0.1822494 -0.1847948 -0.9657309 27 36 43 255
0.1240687 0.9100217 0.2816052 0.2159262 -0.1946135 -0.9568184 163 148 65 255
0.0559561 1.0071181 0.2751229 -0.9945100 -0.1046361 -0.0010678 57 88 115 255
0.2318168 0.5612628 -0.1846951 -0.5647389 0.3202131 0.7606140 67 83 103 255
0.2343962 0.6981068 -0.2103494 -0.7681679 0.3006912 0.5652459 95 113 91 255
0.1785240 0.5607227 -0.2455578 -0.9181266 0.2148291 0.3330048 189 184 180 255
-0.1018677 1.4568313 -0.0166767 -0.9369258 -0.3410312 0.0766017 106 128 95 255
-0.1193800 1.4462537 0.0320692 -0.8859894 0.0267409 0.4629338 83 85 85 255
-0.1191394 1.6280633 -0.0934777 -0.9957174 0.0834264 -0.0398360 136 135 132 255
-0.1948581 0.6587932 -0.1263616 -0.7431152 -0.2720775 -0.6113540 125 151 122 255
-0.1844084 0.8018730 -0.1897039 -0.2835223 -0.0001638 -0.9589655 46 68 91 255
-0.0843065 0.7817711 -0.1936154 0.1968735 0.0428374 -0.9794927 46 68 91 255
-0.1948581 0.6587932 -0.1263616 -0.6171357 -0.5151753 -0.5947588 199 194 143 255
0.0686989 0.4147973 -0.2003721 -0.0685301 0.1479897 -0.9866117 65 93 120 255
0.0018387 0.4209693 -0.1305822 -0.9228572 0.0964081 -0.3728808 50 81 107 255
0.2343962 0.6981068 -0.2103494 -0.7681679 0.3006912 0.5652459 95 113 91 255
0.2523043 0.5505091 -0.1674782 -0.7597557 0.2677583 0.5925174 83 97 115 255
0.2441120 0.6423406 -0.1566710 -0.8898153 0.0743413 0.4502243 98 117 86 255
0.0559561 1.0071181 0.2751229 -0.9945100 -0.1046361 -0.0010678 57 88 115 255
0.0732765 1.0572624 0.3237264 -0.3713194 0.2255998 0.9006813 59 89 115 255
0.0230789 1.2408118 0.1642034 -0.8910359 -0.2275313 0.3927909 191 187 116 255
0.0893054 1.2586262 0.2173328 0.4965061 0.5256650 0.6907662 145 152 99 255
0.0732765 1.0572624 0.3237264 -0.3713194 0.2255998 0.9006813 59 89 115 255
0.1241956 1.0651410 0.2900767 0.9452121 0.1535630 0.2880844 64 89 114 255
-0.2889867 0.9163283 0.0405059 -0.8273724 0.5601774 -0.0406971 104 126 93 255
-0.3138049 0.8090278 0.0091548 -0.9715070 -0.1338061 -0.1956273 102 119 88 255
-0.2905464 0.7862866 0.1239345 -0.5580381 0.2035767 0.8044564 103 124 95 255
0.3637664 1.5671088 -0.2440748 0.4575381 -0.4878620 -0.7434040 175 171 166 255
0.3456454 1.5185584 -0.2447931 0.5586963 -0.0221456 -0.8290766 117 129 104 255
0.2746928 1.6722165 -0.2969131 0.5075257 0.2779508 -0.8155740 182 178 173 255
-0.0326650 1.3506957 -0.2312410 -0.5559557 -0.0912065 -0.8261929 116 125 136 255
-0.0159028 1.2544010 -0.2515967 -0.4010076 -0.3880959 -0.8298039 99 110 124 255
-0.0334513 1.2335672 -0.2438880 -0.6079530 0.0447258 -0.7927124 93 105 121 255
0.0893054 1.2586262 0.2173328 0.4965061 0.5256650 0.6907662 145 152 99 255
0.0232282 1.2842115 0.1809270 -0.3933935 0.3659984 0.8433782 110 105 27 255
0.0732765 1.0572624 0.3237264 -0.3713194 0.2255998 0.9006813 59 89 115 255
0.1314230 1.4950124 0.1043327 -0.4541803 -0.1776424 0.8730196 95 114 86 255
0.0342016 1.5781890 0.0661547 -0.4700848 -0.2703479 0.8401978 112 130 98 255
0.0774746 1.3908545 0.0164142 -0.6300977 -0.3299318 0.7029381 126 144 115 255
0.1241956 1.0651410 0.2900767 0.9452121 0.1535630 0.2880844 64 89 114 255
0.0931282 0.9979674 0.2701130 0.5945988 -0.3170569 -0.7388690 63 91 117 255
0.0961206 1.2599154 0.1658068 0.7584691 -0.5193983 0.3936368 112 127 78 255
0.1509619 1.2666279 -0.2429475 0.0030289 -0.1311094 0.9913633 162 158 137 255
0.1723647 1.4340254 -0.2512856 0.6093642 -0.3748234 -0.6987008 91 105 121 255
0.1601808 1.3355517 -0.2030258 0.4732311 -0.8683990 -0.1481066 175 32 36 255
0.3307643 1.6084949 -0.0458479 0.9665022 0.1355763 0.2179276 112 143 109 255
0.2894573 1.6746036 0.0532844 0.5450059 0.2865161 0.7879575 144 130 58 255
0.3511825 1.5987257 0.0298779 0.9155751 0.2073110 0.3445928 123 90 14 255
0.0961206 1.2599154 0.1658068 0.7584691 -0.5193983 0.3936368 112 127 78 255
0.0893054 1.2586262 0.2173328 0.4965061 0.5256650 0.6907662 145 152 99 255
0.1241956 1.0651410 0.2900767 0.9452121 0.1535630 0.2880844 64 89 114 255
0.0893054 1.2586262 0.2173328 0.4965061 0.5256650 0.6907662 145 152 99 255
0.0961206 1.2599154 0.1658068 0.7584691 -0.5193983 0.3936368 112 127 78 255
0.1182513 1.3100429 0.1464498 0.5529972 0.7141635 0.4291438 150 141 52 255
-0.0481803 1.4979335 -0.0583234 -0.8317847 -0.5342597 0.1506682 180 169 96 255
-0.0212407 1.4317170 -0.1520734 -0.8986436 -0.4379721 0.0249000 176 165 87 255
0.0070419 1.3877987 -0.1914953 -0.5607572 -0.8027616 0.2027939 178 167 79 255
-0.2119477 0.9364887 -0.1261057 -0.4819185 0.5467074 -0.6847375 49 70 93 255
-0.1844084 0.8018730 -0.1897039 -0.2835223 -0.0001638 -0.9589655 46 68 91 255
-0.2506938 0.8158540 -0.1480768 -0.8408707 -0.0094093 -0.5411544 125 146 118 255
-0.0704682 1.3408554 -0.1387075 -0.8890886 -0.0068235 -0.4576842 110 131 99 255
-0.0632129 1.3480903 -0.1483660 -0.8430238 -0.1366911 -0.5202175 62 110 86 255
-0.0363815 1.2813456 -0.2243545 -0.8134740 -0.1032390 -0.5723649 102 139 119 255
0.2945089 0.5477363 -0.1782604 0.9924488 -0.0898315 0.0835205 142 146 73 255
0.2721262 0.6763147 -0.2813550 0.5882745 -0.1349599 -0.7973198 78 99 71 255
0.2871337 0.6218691 -0.1705214 0.9633777 -0.1058064 0.2463907 126 132 61 255
0.2335429 1.5203668 -0.3250710 0.5099384 -0.3425820 -0.7890503 183 180 174 255
0.1710665 1.5125636 -0.3368477 0.1514165 -0.0171380 -0.9883214 176 170 165 255
0.2534544 1.6101554 -0.3149301 0.4276849 0.0595127 -0.9019667 180 176 171 255
0.1727927 1.6788639 -0.3385425 0.1967386 0.2050759 -0.9587689 185 183 180 255
0.1147137 1.7243781 -0.3265390 0.0197585 0.2531622 -0.9672221 185 183 180 255
0.1050320 1.7706629 -0.2916801 -0.2235492 0.8002278 -0.5564721 185 183 181 255
-0.0545802 0.7206112 -0.0203075 0.3024705 0.0777764 0.9499802 149 152 127 255
-0.0873213 0.7121740 0.0019493 0.4364417 -0.5267997 -0.7293839 151 160 135 255
-0.2175217 0.7061299 -0.0523996 -0.6170551 -0.5509120 0.5619066 94 98 105 255
-0.0996132 1.0183361 0.1647403 -0.1847478 0.0090699 0.9827441 141 157 127 255
-0.1067202 0.7591213 0.1550531 0.4257734 0.0224330 0.9045517 127 133 143 255
-0.0622509 0.7700269 0.1271782 0.7373250 -0.3313047 0.5887181 117 125 136 255
0.2219348 0.6943253 -0.2810239 0.0076885 0.0397403 -0.9991805 184 178 111 255
0.1199021 0.9537424 -0.2561878 -0.8799996 -0.4032075 -0.2510465 189 185 119 255
0.2721262 0.6763147 -0.2813550 0.5882745 -0.1349599 -0.7973198 78 99 71 255
0.1644244 1.1821957 0.0542002 0.9543088 0.2804703 0.1031069 151 160 131 255
0.1209500 1.2707803 0.0578911 0.8401680 0.5016270 0.2061264 148 159 136 255
0.1437316 1.2309403 0.1210063 0.8901072 0.3782614 0.2542194 146 154 130 255
0.0832744 1.0595395 0.1610796 0.5782236 -0.4668382 0.6691185 120 171 153 255
0.1463375 1.1415477 0.2058661 0.3199424 -0.0996841 0.9421784 162 158 100 255
-0.0996132 1.0183361 0.1647403 -0.1847478 0.0090699 0.9827441 141 157 127 255
-0.0622509 0.7700269 0.1271782 0.7373250 -0.3313047 0.5887181 117 125 136 255
0.0832744 1.0595395 0.1610796 0.5782236 -0.4668382 0.6691185 120 171 153 255
-0.0996132 1.0183361 0.1647403 -0.1847478 0.0090699 0.9827441 141 157 127 255
0.2869289 1.7675183 -0.2423451 0.5342094 0.4276839 -0.7291822 185 184 181 255
0.2485578 1.8352915 -0.1877098 0.4980012 0.7821161 -0.3745520 186 185 183 255
0.3351226 1.7527279 -0.1930745 0.8293098 0.4946187 -0.2599957 186 184 182 255
0.2436373 1.6653103 0.0764487 0.5218881 0.3848684 0.7612548 174 177 169 255
0.2894573 1.6746036 0.0532844 0.5450059 0.2865161 0.7879575 144 130 58 255
0.2055130 1.7964009 0.0110071 0.2059973 0.6057471 0.7685282 28 44 59 255
-0.0313120 1.1648774 0.1807745 -0.4606281 0.2465986 0.8526493 126 145 115 255
0.0314760 1.2689768 0.1610353 -0.1262750 0.2129039 0.9688790 110 146 122 255
0.0230789 1.2408118 0.1642034 0.6031319 -0.6592940 0.4489579 93 125 100 255
0.0454071 1.3320943 0.0426884 -0.1250665 0.9617035 -0.2438947 190 192 192 255
0.1209500 1.2707803 0.0578911 0.8348722 0.5045921 0.2199438 191 187 184 255
0.0774746 1.3908545 0.0164142 -0.5531119 0.1506494 0.8193730 162 153 80 255
-0.0241935 1.2770071 -0.1794906 -0.5973868 -0.7964131 0.0941017 118 132 89 255
-0.0607936 1.3052259 -0.1944468 -0.7503008 -0.6609602 -0.0134302 192 191 133 255
-0.0334513 1.2335672 -0.2438880 -0.0110333 -0.8889858 0.4578020 189 190 132 255
-0.0622509 0.7700269 0.1271782 0.7373250 -0.3313047 0.5887181 117 125 136 255
0.0149517 0.8780018 0.0339985 0.8707131 -0.4360426 0.2274325 113 121 133 255
0.0832744 1.0595395 0.1610796 0.5782236 -0.4668382 0.6691185 120 171 153 255
-0.0363815 1.2813456 -0.2243545 -0.8134740 -0.1032390 -0.5723649 102 139 119 255
-0.0679629 1.4206044 -0.2378725 -0.8116550 -0.0671880 -0.5802603 112 129 88 255
-0.0326650 1.3506957 -0.2312410 -0.7209266 -0.0223102 -0.6926523 68 106 77 255
-0.2175217 0.7061299 -0.0523996 -0.6170551 -0.5509120 0.5619066 94 98 105 255
-0.0873213 0.7121740 0.0019493 0.4364417 -0.5267997 -0.7293839 151 160 135 255
-0.2381542 0.6884114 0.0077515 -0.5387035 -0.4658189 -0.7020053 156 165 134 255
0.0961206 1.2599154 0.1658068 0.6909853 0.0275311 0.7223444 130 145 116 255
-0.0313120 1.1648774 0.1807745 -0.4606281 0.2465986 0.8526493 126 145 115 255
0.1463375 1.1415477 0.2058661 0.3199424 -0.0996841 0.9421784 162 158 100 255
0.0230789 1.2408118 0.1642034 0.0588678 -0.3319931 -0.9414431 184 179 175 255
0.0314760 1.2689768 0.1610353 0.0551727 -0.1278473 -0.9902581 184 179 175 255
0.0961206 1.2599154 0.1658068 0.1113686 -0.3386178 -0.9343100 186 181 176 255
-0.0212407 1.4317170 -0.1520734 0.3988021 0.5039591 0.7661474 45 63 81 255
-0.0403304 1.3706856 -0.0952795 0.6643436 0.4207345 0.6177621 149 137 54 255
-0.0295243 1.3462732 -0.0870657 0.9634584 0.0719009 0.2580279 145 135 57 255
-0.0573621 0.6541092 0.0036194 0.0691857 -0.0979424 -0.9927843 128 131 91 255
-0.0239332 0.6769970 0.0365393 0.8351156 0.3803417 -0.3973943 122 171 143 255
-0.0163114 0.6152121 0.0523417 0.9401984 0.2815865 -0.1916668 160 25 17 255
0.0117588 1.3368565 -0.1978458 0.8772485 0.0642298 0.4757200 119 117 65 255
0.0212684 1.3661474 -0.2426821 0.7302042 0.3385205 0.5934693 153 154 114 255
0.0070419 1.3877987 -0.1914953 -0.9221311 -0.3109682 -0.2301589 138 112 23 255
-0.0787258 1.3156211 -0.0771637 -0.8459672 -0.4886966 0.2133429 143 134 56 255
-0.0668533 1.3811808 0.0098124 0.6103307 -0.0369149 0.7912861 151 140 59 255
-0.0817404 1.3417553 -0.0916274 -0.9952005 0.0254873 -0.0944804 141 133 54 255
0.2869289 1.7675183 -0.2423451 0.5342094 0.4276839 -0.7291822 185 184 181 255
0.1809406 1.8067972 -0.2561805 0.1714755 0.7297969 -0.6618100 186 184 182 255
0.2485578 1.8352915 -0.1877098 0.4980012 0.7821161 -0.3745520 186 185 183 255
-0.0403304 1.3706856 -0.0952795 0.6643436 0.4207345 0.6177621 149 137 54 255
-0.0552423 1.3985843 -0.0534980 0.7901956 0.1360026 -0.5975736 154 139 52 255
-0.0295243 1.3462732 -0.0870657 0.9634584 0.0719009 0.2580279 145 135 57 255
0.3162856 1.4311613 -0.0689447 0.0588207 -0.7004343 0.7112889 97 120 92 255
0.3144152 1.4543430 0.0468245 0.5801498 -0.6258137 0.5213284 197 193 147 255
0.2952056 1.4666967 0.0346489 0.3656997 -0.9304401 -0.0233444 192 188 129 255
0.1463375 1.1415477 0.2058661 0.3199424 -0.0996841 0.9421784 162 158 100 255
-0.0313120 1.1648774 0.1807745 -0.4606281 0.2465986 0.8526493 126 145 115 255
-0.0996132 1.0183361 0.1647403 -0.1847478 0.0090699 0.9827441 141 157 127 255
-0.0552423 1.3985843 -0.0534980 0.7901956 0.1360026 -0.5975736 154 139 52 255
-0.0481803 1.4979335 -0.0583234 0.9674965 0.1783951 0.1792367 36 45 54 255
-0.0299268 1.3237736 -0.0511739 0.8274121 -0.1879654 0.5292054 145 136 59 255
0.4042296 1.6259359 -0.1876278 0.8348227 0.2546365 -0.4880896 193 183 116 255
0.2869289 1.7675183 -0.2423451 0.5342094 0.4276839 -0.7291822 185 184 181 255
0.3351226 1.7527279 -0.1930745 0.8293098 0.4946187 -0.2599957 186 184 182 255
0.0367713 1.2758839 -0.2281967 0.1714092 0.9060193 0.3869725 89 107 127 255
0.0767293 1.2983443 -0.0503721 0.3265892 0.9080837 -0.2621513 161 140 39 255
0.1395326 1.2092737 -0.2297673 0.8840421 0.3877383 -0.2610145 109 120 133 255
-0.0668533 1.3811808 0.0098124 0.6103307 -0.0369149 0.7912861 151 140 59 255
-0.0725908 1.5600422 -0.0481236 0.8537841 -0.1900002 -0.4847191 95 95 98 255
-0.0656817 1.3495426 0.0356686 -0.1302229 -0.6590051 -0.7407795 148 139 58 255
0.1395326 1.2092737 -0.2297673 0.8840421 0.3877383 -0.2610145 109 120 133 255
0.1268001 1.2657074 -0.0150814 0.8360392 0.5283900 -0.1477921 168 143 46 255
0.1275461 1.2259284 -0.1292322 0.6718220 -0.7406071 0.0125033 77 102 123 255
-0.0212290 1.4900686 -0.0074451 -0.7241415 -0.5895943 0.3577675 175 161 77 255
-0.0725908 1.5600422 -0.0481236 -0.8367336 -0.3917091 0.3826759 184 175 101 255
-0.0481803 1.4979335 -0.0583234 -0.8317847 -0.5342597 0.1506682 180 169 96 255
-0.0334513 1.2335672 -0.2438880 -0.0110333 -0.8889858 0.4578020 189 190 132 255
0.0180070 1.2674415 -0.2126991 0.4701973 -0.3147406 0.8245322 111 124 73 255
-0.0241935 1.2770071 -0.1794906 -0.5973868 -0.7964131 0.0941017 118 132 89 255
-0.0780075 1.5410662 -0.1083646 0.9903888 0.1227103 -0.0638133 53 55 60 255
-0.0481803 1.4979335 -0.0583234 0.9674965 0.1783951 0.1792367 36 45 54 255
-0.0552423 1.3985843 -0.0534980 0.7901956 0.1360026 -0.5975736 154 139 52 255
-0.0481803 1.4979335 -0.0583234 -0.8317847 -0.5342597 0.1506682 180 169 96 255
0.0070419 1.3877987 -0.1914953 -0.5607572 -0.8027616 0.2027939 178 167 79 255
-0.0212290 1.4900686 -0.0074451 -0.7241415 -0.5895943 0.3577675 175 161 77 255
0.0342016 1.5781890 0.0661547 0.3670774 -0.6892096 -0.6246954 23 26 26 255
0.0783219 1.5896418 0.0856512 0.0424646 -0.3760614 -0.9256212 129 144 116 255
0.0527403 1.5613436 0.0956342 0.2955247 -0.2720096 -0.9157925 121 162 143 255
0.3147621 1.5370950 0.0688033 0.7308154 -0.0026477 0.6825700 107 61 6 255
0.2341609 1.5456730 0.1104748 0.2986557 -0.0514563 0.9529728 178 171 94 255
0.2785578 1.3944951 0.0587370 0.5813058 -0.2342819 0.7792276 164 157 88 255
0.2452991 1.4106718 -0.0443285 0.6703780 -0.4573470 0.5843176 180 175 120 255
0.2952056 1.4666967 0.0346489 0.3656997 -0.9304401 -0.0233444 192 188 129 255
0.2321992 1.4225607 0.0270875 0.9339237 0.2052950 -0.2926438 196 193 138 255
0.1601808 1.3355517 -0.2030258 0.4732311 -0.8683990 -0.1481066 175 32 36 255
0.2113035 1.2773531 0.0225723 0.0500988 -0.9918115 0.1174732 186 156 61 255
0.0999541 1.3292780 -0.0697799 -0.7904158 -0.6119883 -0.0267069 191 190 134 255
-0.0159028 1.2544010 -0.2515967 -0.4010076 -0.3880959 -0.8298039 99 110 124 255
-0.0337603 1.5897218 -0.2883012 -0.6883853 0.0182891 -0.7251146 11 24 35 255
0.0026822 1.5646494 -0.3134631 -0.5046502 -0.1384549 -0.8521492 58 62 56 255
0.1727927 1.6788639 -0.3385425 0.1967386 0.2050759 -0.9587689 185 183 180 255
0.1636720 1.7682316 -0.2947843 0.2969155 0.4383207 -0.8483609 186 184 182 255
0.2534544 1.6101554 -0.3149301 0.4276849 0.0595127 -0.9019667 180 176 171 255
0.3547363 1.5744797 -0.2027738 0.9327239 -0.1823786 -0.3110696 111 131 103 255
0.3724749 1.6079478 -0.1889451 0.8788748 -0.4158210 -0.2338202 105 124 95 255
0.3554559 1.6077285 -0.1132809 0.9762516 0.0771527 0.2024358 104 129 100 255
-0.1752150 0.7757459 0.1936193 -0.3288643 -0.0137264 0.9442774 171 170 166 255
-0.1709383 1.0431104 0.1051812 -0.7869044 0.4460238 0.4264322 72 89 108 255
-0.2905464 0.7862866 0.1239345 -0.5580381 0.2035767 0.8044564 103 124 95 255
0.1022000 1.3253815 -0.2309450 -0.6204258 -0.5460771 0.5629135 154 133 31 255
0.1601808 1.3355517 -0.2030258 0.2990509 -0.9414808 0.1555069 151 119 23 255
0.0070419 1.3877987 -0.1914953 -0.5607572 -0.8027616 0.2027939 178 167 79 255
0.1022000 1.3253815 -0.2309450 -0.6204258 -0.5460771 0.5629135 154 133 31 255
0.0070419 1.3877987 -0.1914953 -0.5607572 -0.8027616 0.2027939 178 167 79 255
0.0212684 1.3661474 -0.2426821 -0.4426818 -0.8956130 0.0437043 175 164 72 255
0.1050320 1.7706629 -0.2916801 -0.2235492 0.8002278 -0.5564721 185 183 181 255
0.0202191 1.7272544 -0.3007648 -0.4236732 0.5068666 -0.7507244 0 0 0 255
-0.0624835 1.7745006 -0.1706907 -0.4939947 0.8054963 -0.3273302 124 144 117 255
3 0 1 2
3 3 4 5
3 6 7 8
3 9 10 11
3 12 13 14
3 15 16 17
3 18 19 20
3 21 22 23
3 24 25 26
3 27 28 29
3 30 31 32
3 33 34 35
3 36 37 38
3 39 40 41
3 42 43 44
3 45 46 47
3 48 49 50
3 51 52 53
3 54 55 56
3 57 58 59
3 60 61 62
3 63 64 65
3 66 67 68
3 69 70 71
3 72 73 74
3 75 76 77
3 78 79 80
3 81 82 83
3 84 85 86
3 87 88 89
3 90 91 92
3 93 94 95
3 96 97 98
3 99 100 101
3 102 103 104
3 105 106 107
3 108 109 110
3 111 112 113
3 114 115 116
3 117 118 119
3 120 121 122
3 123 124 125
3 126 127 128
3 129 130 131
3 132 133 134
3 135 136 137
3 138 139 140
3 141 142 143
3 144 145 146
3 147 148 149
3 150 151 152
3 153 154 155
3 156 157 158
3 159 160 161
3 162 163 164
3 165 166 167
3 168 169 170
3 171 172 173
3 174 175 176
3 177 178 179
3 180 181 182
3 183 184 185
3 186 187 188
3 189 190 191
3 192 193 194
3 195 196 197
3 198 199 200
3 201 202 203
3 204 205 206
3 207 208 209
3 210 211 212
3 213 214 215
3 216 217 218
3 219 220 221
3 222 223 224
3 225 226 227
3 228 229 230
3 231 232 233
3 234 235 236
3 237 238 239
3 240 241 242
3 243 244 245
3 246 247 248
3 249 250 251
3 252 253 254
3 255 256 257
3 258 259 260
3 261 262 263
3 264 265 266
3 267 268 269
3 270 271 272
3 273 274 275
3 276 277 278
3 279 280 281
3 282 283 284
3 285 286 287
3 288 289 290
3 291 292 293
3 294 295 296
3 297 298 299
3 300 301 302
3 303 304 305
3 306 307 308
3 309 310 311
3 312 313 314
3 315 316 317
3 318 319 320
3 321 322 323
3 324 325 326
3 327 328 329
3 330 331 332
3 333 334 335
3 336 337 338
3 339 340 341
3 342 343 344
3 345 346 347
3 348 349 350
3 351 352 353
3 354 355 356
3 357 358 359
3 360 361 362
3 363 364 365
3 366 367 368
3 369 370 371
3 372 373 374
3 375 376 377
3 378 379 380
3 381 382 383
3 384 385 386
3 387 388 389
3 390 391 392
3 393 394 395
3 396 397 398
3 399 400 401
3 402 403 404
3 405 406 407
3 408 409 410
3 411 412 413
3 414 415 416
3 417 418 419
3 420 421 422
3 423 424 425
3 426 427 428
3 429 430 431
3 432 433 434
3 435 436 437
3 438 439 440
3 441 442 443
3 444 445 446
3 447 448 449
3 450 451 452
3 453 454 455
3 456 457 458
3 459 460 461
3 462 463 464
3 465 466 467
3 468 469 470
3 471 472 473
3 474 475 476
3 477 478 479
3 480 481 482
3 483 484 485
3 486 487 488
3 489 490 491
3 492 493 494
3 495 496 497
3 498 499 500
3 501 502 503
3 504 505 506
3 507 508 509
3 510 511 512
3 513 514 515
3 516 517 518
3 519 520 521
3 522 523 524
3 525 526 527
3 528 529 530
3 531 532 533
3 534 535 536
3 537 538 539
3 540 541 542
3 543 544 545
3 546 547 548
3 549 550 551
3 552 553 554
3 555 556 557
3 558 559 560
3 561 562 563
3 564 565 566
3 567 568 569
3 570 571 572
3 573 574 575
3 576 577 578
3 579 580 581
3 582 583 584
3 585 586 587
3 588 589 590
3 591 592 593
3 594 595 596
3 597 598 599
3 600 601 602
3 603 604 605
3 606 607 608
3 609 610 611
3 612 613 614
3 615 616 617
3 618 619 620
3 621 622 623
3 624 625 626
3 627 628 629
3 630 631 632
3 633 634 635
3 636 637 638
3 639 640 641
3 642 643 644
3 645 646 647
3 648 649 650
3 651 652 653
3 654 655 656
3 657 658 659
3 660 661 662
3 663 664 665
3 666 667 668
3 669 670 671
3 672 673 674
3 675 676 677
3 678 679 680
3 681 682 683
3 684 685 686
3 687 688 689
3 690 691 692
3 693 694 695
3 696 697 698
3 699 700 701
3 702 703 704
3 705 706 707
3 708 709 710
3 711 712 713
3 714 715 716
3 717 718 719
3 720 721 722
3 723 724 725
3 726 727 728
3 729 730 731
3 732 733 734
3 735 736 737
3 738 739 740
3 741 742 743
3 744 745 746
3 747 748 749
3 750 751 752
3 753 754 755
3 756 757 758
3 759 760 761
3 762 763 764
3 765 766 767
3 768 769 770
3 771 772 773
3 774 775 776
3 777 778 779
3 780 781 782
3 783 784 785
3 786 787 788
3 789 790 791
3 792 793 794
3 795 796 797
3 798 799 800
3 801 802 803
3 804 805 806
3 807 808 809
3 810 811 812
3 813 814 815
3 816 817 818
3 819 820 821
3 822 823 824
3 825 826 827
3 828 829 830
3 831 832 833
3 834 835 836
3 837 838 839
3 840 841 842
3 843 844 845
3 846 847 848
3 849 850 851
3 852 853 854
3 855 856 857
3 858 859 860
3 861 862 863
3 864 865 866
3 867 868 869
3 870 871 872
3 873 874 875
3 876 877 878
3 879 880 881
3 882 883 884
3 885 886 887
3 888 889 890
3 891 892 893
3 894 895 896
3 897 898 899
3 900 901 902
3 903 904 905
3 906 907 908
3 909 910 911
3 912 913 914
3 915 916 917
3 918 919 920
3 921 922 923
3 924 925 926
3 927 928 929
3 930 931 932
3 933 934 935
3 936 937 938
3 939 940 941
3 942 943 944
3 945 946 947
3 948 949 950
3 951 952 953
3 954 955 956
3 957 958 959
3 960 961 962
3 963 964 965
3 966 967 968
3 969 970 971
3 972 973 974
3 975 976 977
3 978 979 980
3 981 982 983
3 984 985 986
3 987 988 989
3 990 991 992
3 993 994 995
3 996 997 998
3 999 1000 1001
3 1002 1003 1004
3 1005 1006 1007
3 1008 1009 1010
3 1011 1012 1013
3 1014 1015 1016
3 1017 1018 1019
3 1020 1021 1022
3 1023 1024 1025
3 1026 1027 1028
3 1029 1030 1031
3 1032 1033 1034
3 1035 1036 1037
3 1038 1039 1040
3 1041 1042 1043
3 1044 1045 1046
3 1047 1048 1049
3 1050 1051 1052
3 1053 1054 1055
3 1056 1057 1058
3 1059 1060 1061
3 1062 1063 1064
3 1065 1066 1067
3 1068 1069 1070
3 1071 1072 1073
3 1074 1075 1076
3 1077 1078 1079
3 1080 1081 1082
3 1083 1084 1085
3 1086 1087 1088
3 1089 1090 1091
3 1092 1093 1094
3 1095 1096 1097
3 1098 1099 1100
3 1101 1102 1103
3 1104 1105 1106
3 1107 1108 1109
3 1110 1111 1112
3 1113 1114 1115
3 1116 1117 1118
3 1119 1120 1121
3 1122 1123 1124
3 1125 1126 1127
3 1128 1129 1130
3 1131 1132 1133
3 1134 1135 1136
3 1137 1138 1139
3 1140 1141 1142
3 1143 1144 1145
3 1146 1147 1148
3 1149 1150 1151
3 1152 1153 1154
3 1155 1156 1157
3 1158 1159 1160
3 1161 1162 1163
3 1164 1165 1166
3 1167 1168 1169
3 1170 1171 1172
3 1173 1174 1175
3 1176 1177 1178
3 1179 1180 1181
3 1182 1183 1184
3 1185 1186 1187
3 1188 1189 1190
3 1191 1192 1193
3 1194 1195 1196
3 1197 1198 1199
3 1200 1201 1202
3 1203 1204 1205
3 1206 1207 1208
3 1209 1210 1211
3 1212 1213 1214
3 1215 1216 1217
3 1218 1219 1220
3 1221 1222 1223
3 1224 1225 1226
3 1227 1228 1229
3 1230 1231 1232
3 1233 1234 1235
3 1236 1237 1238
3 1239 1240 1241
3 1242 1243 1244
3 1245 1246 1247
3 1248 1249 1250
3 1251 1252 1253
3 1254 1255 1256
3 1257 1258 1259
3 1260 1261 1262
3 1263 1264 1265
3 1266 1267 1268
3 1269 1270 1271
3 1272 1273 1274
3 1275 1276 1277
3 1278 1279 1280
3 1281 1282 1283
3 1284 1285 1286
3 1287 1288 1289
3 1290 1291 1292
3 1293 1294 1295
3 1296 1297 1298
3 1299 1300 1301
3 1302 1303 1304
3 1305 1306 1307
3 1308 1309 1310
3 1311 1312 1313
3 1314 1315 1316
3 1317 1318 1319
3 1320 1321 1322
3 1323 1324 1325
3 1326 1327 1328
3 1329 1330 1331
3 1332 1333 1334
3 1335 1336 1337
3 1338 1339 1340
3 1341 1342 1343
3 1344 1345 1346
3 1347 1348 1349
3 1350 1351 1352
3 1353 1354 1355
3 1356 1357 1358
3 1359 1360 1361
3 1362 1363 1364
3 1365 1366 1367
3 1368 1369 1370
3 1371 1372 1373
3 1374 1375 1376
3 1377 1378 1379
3 1380 1381 1382
3 1383 1384 1385
3 1386 1387 1388
3 1389 1390 1391
3 1392 1393 1394
3 1395 1396 1397
3 1398 1399 1400
3 1401 1402 1403
3 1404 1405 1406
3 1407 1408 1409
3 1410 1411 1412
3 1413 1414 1415
3 1416 1417 1418
3 1419 1420 1421
3 1422 1423 1424
3 1425 1426 1427
3 1428 1429 1430
3 1431 1432 1433
3 1434 1435 1436
3 1437 1438 1439
3 1440 1441 1442
3 1443 1444 1445
3 1446 1447 1448
3 1449 1450 1451
3 1452 1453 1454
3 1455 1456 1457
3 1458 1459 1460
3 1461 1462 1463
3 1464 1465 1466
3 1467 1468 1469
3 1470 1471 1472
3 1473 1474 1475
3 1476 1477 1478
3 1479 1480 1481
3 1482 1483 1484
3 1485 1486 1487
3 1488 1489 1490
3 1491 1492 1493
3 1494 1495 1496
3 1497 1498 1499
3 1500 1501 1502
3 1503 1504 1505
3 1506 1507 1508
3 1509 1510 1511
3 1512 1513 1514
3 1515 1516 1517
3 1518 1519 1520
3 1521 1522 1523
3 1524 1525 1526
3 1527 1528 1529
3 1530 1531 1532
3 1533 1534 1535
3 1536 1537 1538
3 1539 1540 1541
3 1542 1543 1544
3 1545 1546 1547
3 1548 1549 1550
3 1551 1552 1553
3 1554 1555 1556
3 1557 1558 1559
3 1560 1561 1562
3 1563 1564 1565
3 1566 1567 1568
3 1569 1570 1571
3 1572 1573 1574
3 1575 1576 1577
3 1578 1579 1580
3 1581 1582 1583
3 1584 1585 1586
3 1587 1588 1589
3 1590 1591 1592
3 1593 1594 1595
3 1596 1597 1598
3 1599 1600 1601
3 1602 1603 1604
3 1605 1606 1607
3 1608 1609 1610
3 1611 1612 1613
3 1614 1615 1616
3 1617 1618 1619
3 1620 1621 1622
3 1623 1624 1625
3 1626 1627 1628
3 1629 1630 1631
3 1632 1633 1634
3 1635 1636 1637
3 1638 1639 1640
3 1641 1642 1643
3 1644 1645 1646
3 1647 1648 1649
3 1650 1651 1652
3 1653 1654 1655
3 1656 1657 1658
3 1659 1660 1661
3 1662 1663 1664
3 1665 1666 1667
3 1668 1669 1670
3 1671 1672 1673
3 1674 1675 1676
3 1677 1678 1679
3 1680 1681 1682
3 1683 1684 1685
3 1686 1687 1688
3 1689 1690 1691
3 1692 1693 1694
3 1695 1696 1697
3 1698 1699 1700
3 1701 1702 1703
3 1704 1705 1706
3 1707 1708 1709
3 1710 1711 1712
3 1713 1714 1715
3 1716 1717 1718
3 1719 1720 1721
3 1722 1723 1724
3 1725 1726 1727
3 1728 1729 1730
3 1731 1732 1733
3 1734 1735 1736
3 1737 1738 1739
3 1740 1741 1742
3 1743 1744 1745
3 1746 1747 1748
3 1749 1750 1751
3 1752 1753 1754
3 1755 1756 1757
3 1758 1759 1760
3 1761 1762 1763
3 1764 1765 1766
3 1767 1768 1769
3 1770 1771 1772
3 1773 1774 1775
3 1776 1777 1778
3 1779 1780 1781
3 1782 1783 1784
3 1785 1786 1787
3 1788 1789 1790
3 1791 1792 1793
3 1794 1795 1796
3 1797 1798 1799
3 1800 1801 1802
3 1803 1804 1805
3 1806 1807 1808
3 1809 1810 1811
3 1812 1813 1814
3 1815 1816 1817
3 1818 1819 1820
3 1821 1822 1823
3 1824 1825 1826
3 1827 1828 1829
3 1830 1831 1832
3 1833 1834 1835
3 1836 1837 1838
3 1839 1840 1841
3 1842 1843 1844
3 1845 1846 1847
3 1848 1849 1850
3 1851 1852 1853
3 1854 1855 1856
3 1857 1858 1859
3 1860 1861 1862
3 1863 1864 1865
3 1866 1867 1868
3 1869 1870 1871
3 1872 1873 1874
3 1875 1876 1877
3 1878 1879 1880
3 1881 1882 1883
3 1884 1885 1886
3 1887 1888 1889
3 1890 1891 1892
3 1893 1894 1895
3 1896 1897 1898
3 1899 1900 1901
3 1902 1903 1904
3 1905 1906 1907
3 1908 1909 1910
3 1911 1912 1913
3 1914 1915 1916
3 1917 1918 1919
3 1920 1921 1922
3 1923 1924 1925
3 1926 1927 1928
3 1929 1930 1931
3 1932 1933 1934
3 1935 1936 1937
3 1938 1939 1940
3 1941 1942 1943
3 1944 1945 1946
3 1947 1948 1949
3 1950 1951 1952
3 1953 1954 1955
3 1956 1957 1958
3 1959 1960 1961
3 1962 1963 1964
3 1965 1966 1967
3 1968 1969 1970
3 1971 1972 1973
3 1974 1975 1976
3 1977 1978 1979
3 1980 1981 1982
3 1983 1984 1985
3 1986 1987 1988
3 1989 1990 1991
3 1992 1993 1994
3 1995 1996 1997
3 1998 1999 2000
3 2001 2002 2003
3 2004 2005 2006
3 2007 2008 2009
3 2010 2011 2012
3 2013 2014 2015
3 2016 2017 2018
3 2019 2020 2021
3 2022 2023 2024
3 2025 2026 2027
3 2028 2029 2030
3 2031 2032 2033
3 2034 2035 2036
3 2037 2038 2039
3 2040 2041 2042
3 2043 2044 2045
3 2046 2047 2048
3 2049 2050 2051
3 2052 2053 2054
3 2055 2056 2057
3 2058 2059 2060
3 2061 2062 2063
3 2064 2065 2066
3 2067 2068 2069
3 2070 2071 2072
3 2073 2074 2075
3 2076 2077 2078
3 2079 2080 2081
3 2082 2083 2084
3 2085 2086 2087
3 2088 2089 2090
3 2091 2092 2093
3 2094 2095 2096
3 2097 2098 2099
3 2100 2101 2102
3 2103 2104 2105
3 2106 2107 2108
3 2109 2110 2111
3 2112 2113 2114
3 2115 2116 2117
3 2118 2119 2120
3 2121 2122 2123
3 2124 2125 2126
3 2127 2128 2129
3 2130 2131 2132
3 2133 2134 2135
3 2136 2137 2138
3 2139 2140 2141
3 2142 2143 2144
3 2145 2146 2147
3 2148 2149 2150
3 2151 2152 2153
3 2154 2155 2156
3 2157 2158 2159
3 2160 2161 2162
3 2163 2164 2165
3 2166 2167 2168
3 2169 2170 2171
3 2172 2173 2174
3 2175 2176 2177
3 2178 2179 2180
3 2181 2182 2183
3 2184 2185 2186
3 2187 2188 2189
3 2190 2191 2192
3 2193 2194 2195
3 2196 2197 2198
3 2199 2200 2201
3 2202 2203 2204
3 2205 2206 2207
3 2208 2209 2210
3 2211 2212 2213
3 2214 2215 2216
3 2217 2218 2219
3 2220 2221 2222
3 2223 2224 2225
3 2226 2227 2228
3 2229 2230 2231
3 2232 2233 2234
3 2235 2236 2237
3 2238 2239 2240
3 2241 2242 2243
3 2244 2245 2246
3 2247 2248 2249
3 2250 2251 2252
3 2253 2254 2255
3 2256 2257 2258
3 2259 2260 2261
3 2262 2263 2264
3 2265 2266 2267
3 2268 2269 2270
3 2271 2272 2273
3 2274 2275 2276
3 2277 2278 2279
3 2280 2281 2282
3 2283 2284 2285
3 2286 2287 2288
3 2289 2290 2291
3 2292 2293 2294
3 2295 2296 2297
3 2298 2299 2300
3 2301 2302 2303
3 2304 2305 2306
3 2307 2308 2309
3 2310 2311 2312
3 2313 2314 2315
3 2316 2317 2318
3 2319 2320 2321
3 2322 2323 2324
3 2325 2326 2327
3 2328 2329 2330
3 2331 2332 2333
3 2334 2335 2336
3 2337 2338 2339
3 2340 2341 2342
3 2343 2344 2345
3 2346 2347 2348
3 2349 2350 2351
3 2352 2353 2354
3 2355 2356 2357
3 2358 2359 2360
3 2361 2362 2363
3 2364 2365 2366
3 2367 2368 2369
3 2370 2371 2372
3 2373 2374 2375
3 2376 2377 2378
3 2379 2380 2381
3 2382 2383 2384
3 2385 2386 2387
