ply
format ascii 1.0
comment Created for BetterNecromancy boss visual overlay; world Z remapped to Colony Y
element vertex 2388
property float x
property float y
property float z
property float nx
property float ny
property float nz
property uchar red
property uchar green
property uchar blue
property uchar alpha
element face 796
property list uchar uint vertex_indices
end_header
-0.3817718 1.6593926 -0.0412455 -0.8088850 0.5873033 0.0279244 1 25 42 255
-0.3155560 1.7565836 -0.0527868 -0.8376772 0.1133452 -0.5342752 1 21 39 255
-0.3149691 1.6759145 -0.0562644 -0.5670702 0.2650889 -0.7798455 2 24 41 255
0.2828608 1.3717033 0.4018655 0.7280677 0.5173563 0.4497330 191 171 137 255
0.2429228 1.0945682 0.5609312 0.4426774 0.3418971 0.8289409 58 105 69 255
0.5133202 1.0319970 0.3060274 0.8429154 0.3251972 0.4286496 1 31 52 255
-0.3632507 0.8488070 -0.1915951 -0.8378802 0.1365175 -0.5285071 193 171 133 255
-0.3154817 0.7480328 -0.1491175 -0.9253713 0.3543537 0.1346158 1 4 5 255
-0.3152111 0.8706609 -0.1626945 -0.9996903 0.0066542 -0.0239782 193 171 133 255
-0.3616259 1.1626556 0.1323333 -0.9573547 0.2802408 -0.0702645 28 23 27 255
-0.3326588 1.3230378 0.1652431 -0.8705271 0.4099541 0.2722502 19 61 41 255
-0.3230066 1.2612274 0.0312986 -0.8990033 0.3315824 -0.2860878 3 29 52 255
-0.1759140 0.5262934 -0.2660122 0.6353422 -0.1509796 0.7573279 42 85 52 255
-0.1936371 0.5546240 -0.2276039 0.7574391 -0.3043768 0.5776165 40 79 52 255
-0.2713892 0.5243341 -0.1082158 0.9518506 -0.1788389 0.2489924 1 29 50 255
0.0593479 1.3735104 -0.3447871 -0.7434150 -0.0594657 -0.6661816 63 113 79 255
0.1168420 1.3109974 -0.4481401 -0.7925224 0.0936521 -0.6026090 57 99 68 255
0.1387508 1.2347031 -0.4091969 -0.6782408 -0.7228310 0.1323055 22 58 43 255
0.4400997 0.1255699 -0.1096773 0.4464028 -0.4234892 0.7882774 139 142 106 255
0.4645047 0.0669593 -0.1281486 0.2850043 -0.8110358 0.5108753 151 147 112 255
0.4820256 0.1635241 -0.2112403 0.9814967 0.1897128 0.0259499 190 173 137 255
0.2076018 1.2419207 -0.4680204 -0.8083839 -0.5801753 -0.0995594 191 167 125 255
0.2092993 1.2176489 -0.6126957 -0.9709340 0.1143893 -0.2102435 48 99 69 255
0.2003903 1.0074697 -0.6304965 -0.6896135 -0.3939698 0.6076357 125 111 93 255
-0.6322825 0.8491246 0.6822758 0.4458176 -0.8166852 -0.3664316 2 23 41 255
-0.6472318 0.7934964 0.7224078 -0.6630690 -0.7470915 -0.0468375 0 11 20 255
-0.6916847 0.9006967 0.7119350 -0.9922650 0.1148500 0.0471104 4 31 51 255
-0.6472318 0.7934964 0.7224078 -0.6630302 -0.7471238 -0.0468715 190 174 139 255
-0.5807524 0.8135142 0.7123494 0.4197279 0.0468008 -0.9064426 189 172 138 255
-0.5112734 0.7060925 0.6378675 0.2018166 0.7138267 -0.6706129 188 165 127 255
0.1167352 1.5345993 -0.0498028 0.7476069 0.2539035 -0.6136913 191 174 139 255
-0.0148883 1.6809556 -0.1340389 0.3209463 0.1559563 -0.9341688 143 150 115 255
0.0422201 1.7807601 -0.0754251 0.7569230 0.3856913 -0.5275507 169 163 130 255
0.3700273 0.3835022 -0.4042211 0.2798242 0.0276721 -0.9596523 11 41 33 255
0.1904025 0.1251418 -0.3749971 -0.3586861 0.4115669 -0.8378286 179 142 91 255
0.2427883 0.4702788 -0.4282022 -0.1851860 0.0268856 -0.9823356 191 175 143 255
-0.3291106 1.4938501 -0.0680079 0.0702066 -0.9965872 -0.0434144 0 25 42 255
-0.3112869 1.5319798 -0.0902424 -0.6584820 -0.5268726 -0.5374074 1 26 45 255
-0.3406203 1.5235833 0.0551634 -0.2219465 -0.9337838 -0.2806913 0 22 38 255
-0.4963787 1.2332849 0.6521602 -0.8148655 0.5795004 0.0131713 15 23 18 255
-0.4570661 1.2913385 0.6106219 -0.6600189 0.7453786 0.0937334 3 29 50 255
-0.4338849 1.3072872 0.5312681 -0.8400064 0.4497724 -0.3034697 2 29 48 255
-0.0148883 1.6809556 -0.1340389 0.3209463 0.1559563 -0.9341688 143 150 115 255
0.1167352 1.5345993 -0.0498028 0.7476069 0.2539035 -0.6136913 191 174 139 255
0.0174344 1.5031833 -0.1132088 0.2696770 0.1007157 -0.9576693 191 170 131 255
-0.2713892 0.5243341 -0.1082158 -0.5243084 -0.7761377 -0.3503013 60 123 98 255
-0.3620944 0.5605868 -0.0265555 -0.8508681 -0.3640593 -0.3787933 58 102 74 255
-0.1759140 0.5262934 -0.2660122 -0.6926772 -0.4259877 -0.5820076 5 43 29 255
-0.1258898 1.3865960 -0.1695199 -0.4714278 0.6439235 -0.6025931 61 109 80 255
-0.0801349 1.4153391 -0.1941357 0.2491969 0.8354517 0.4898176 54 95 62 255
-0.1118639 1.3988301 -0.1880336 -0.5992085 0.6382185 -0.4833491 54 95 63 255
-0.3620944 0.5605868 -0.0265555 -0.8508681 -0.3640593 -0.3787933 58 102 74 255
-0.3810420 0.6556125 -0.0358491 -0.9847175 -0.0669986 -0.1607559 106 72 44 255
-0.3601112 0.7254099 -0.1571789 -0.7416136 -0.4057923 -0.5341738 1 26 44 255
0.4645047 0.0669593 -0.1281486 0.2850043 -0.8110358 0.5108753 151 147 112 255
0.2910502 0.1047413 -0.1556253 -0.3784432 -0.4077120 0.8309944 184 155 108 255
0.2790947 0.0088411 -0.2290425 -0.0590525 -0.9491888 0.3091167 185 139 90 255
-0.5530264 1.0130342 0.5919657 -0.0402095 -0.4873850 -0.8722609 24 35 22 255
-0.4338849 1.3072872 0.5312681 -0.8400064 0.4497724 -0.3034697 2 29 48 255
-0.4038181 1.2236056 0.4880767 -0.3703386 -0.3968185 -0.8398718 2 29 48 255
-0.3896887 0.7503494 -0.0606022 -0.4387806 0.8078985 0.3934103 0 3 6 255
-0.3154817 0.7480328 -0.1491175 -0.9253713 0.3543537 0.1346158 1 4 5 255
-0.3601112 0.7254099 -0.1571789 -0.7416136 -0.4057923 -0.5341738 1 26 44 255
0.5022068 1.2903153 -0.3728170 0.8636350 -0.0787560 0.4979277 69 34 11 255
0.4608617 1.3698693 -0.3325229 0.9771456 0.1579500 0.1422617 191 166 127 255
0.4139004 1.4510440 -0.1942840 0.7470298 0.6635857 0.0400047 191 171 136 255
0.3495510 0.2946316 0.0013356 -0.0973857 -0.5267949 0.8443952 62 127 105 255
0.4327946 0.4911457 0.1603622 0.5515722 -0.8094478 0.2014009 55 101 68 255
0.1291020 0.4249723 -0.0076771 -0.3847115 -0.6481442 0.6571956 64 132 114 255
-0.3154817 0.7480328 -0.1491175 -0.9253713 0.3543537 0.1346158 1 4 5 255
-0.3671618 0.8969079 -0.0466495 -0.9524460 -0.1800905 -0.2457930 190 163 121 255
-0.3152111 0.8706609 -0.1626945 -0.9996903 0.0066542 -0.0239782 193 171 133 255
0.0109549 0.0812763 -0.3380222 -0.4124125 0.8789421 0.2395342 184 145 86 255
0.1687832 0.0816838 -0.2604513 -0.7604490 -0.1845433 0.6226243 160 23 16 255
0.1904025 0.1251418 -0.3749971 -0.3586861 0.4115669 -0.8378286 179 142 91 255
0.6172636 0.6768070 0.1288915 0.7816785 -0.5707512 0.2514395 8 40 48 255
0.4644010 0.5136525 0.2337389 0.7858007 -0.5898492 0.1859976 186 168 134 255
0.6452782 0.6638372 0.0066323 0.8115979 -0.5326532 0.2399779 15 45 49 255
-0.3205142 0.5070001 0.2539887 -0.9003565 -0.3592668 0.2455313 68 114 81 255
-0.3321052 0.4950445 0.0173054 -0.8939445 -0.4461810 -0.0422585 65 119 92 255
-0.2981009 0.4238970 0.0942173 -0.9256044 -0.3730129 0.0641702 69 117 86 255
0.4644010 0.5136525 0.2337389 0.7858007 -0.5898492 0.1859976 186 168 134 255
0.6172636 0.6768070 0.1288915 0.7816785 -0.5707512 0.2514395 8 40 48 255
0.5586553 0.6635030 0.2751288 0.7734451 -0.5655584 0.2862280 188 174 142 255
-0.3154817 0.7480328 -0.1491175 -0.9253713 0.3543537 0.1346158 1 4 5 255
-0.3424988 0.6710847 -0.0258913 -0.9307990 0.3495263 -0.1069797 114 95 71 255
-0.3671618 0.8969079 -0.0466495 -0.9524460 -0.1800905 -0.2457930 190 163 121 255
-0.5488722 0.7362783 0.7753019 -0.2655497 -0.8927584 0.3639585 0 0 0 255
-0.4299710 0.7527800 0.7366848 0.2554384 -0.8669974 0.4278627 175 152 112 255
-0.5074866 0.7722805 0.7991266 -0.0850569 -0.5612137 0.8232890 2 2 2 255
-0.2921696 0.5073600 0.0346575 0.9873747 -0.1577639 -0.0142010 189 170 133 255
-0.2977679 0.4276666 -0.0190825 0.9803928 -0.1527867 0.1244436 190 169 131 255
-0.2713892 0.5243341 -0.1082158 0.9570904 -0.1482318 0.2490085 191 171 132 255
-0.6426148 0.8369596 0.5921555 -0.7543125 -0.3104644 -0.5784674 2 26 45 255
-0.6916847 0.9006967 0.7119350 -0.9922650 0.1148500 0.0471104 4 31 51 255
-0.5992110 0.9766739 0.5650148 -0.6806021 0.3845898 -0.6235955 35 24 33 255
0.3246353 0.8431372 -0.8048253 -0.1882949 -0.8029341 -0.5655458 2 21 36 255
0.4229300 0.7909616 -0.7529526 0.2991356 -0.6686580 -0.6807454 188 175 146 255
0.3745687 0.7450568 -0.6451917 -0.1713851 -0.8763170 -0.4502175 191 170 132 255
0.5020957 0.9208543 -0.6995177 0.8477194 0.0880445 -0.5230870 127 36 27 255
0.5553386 0.8546983 -0.5887733 0.7472525 -0.3848048 -0.5417925 189 177 149 255
0.5230548 0.8327514 -0.6183915 0.9120614 -0.2047625 -0.3552693 189 178 150 255
0.4251924 0.3476013 -0.3322258 0.9500113 -0.0390528 -0.3097637 1 14 26 255
0.4820256 0.1635241 -0.2112403 0.9900016 0.1243407 -0.0666055 0 15 28 255
0.4705725 0.1585121 -0.3605809 0.6821232 0.0577681 -0.7289519 4 9 16 255
0.0772758 0.4128854 0.0612192 0.2384820 -0.6990521 -0.6741309 0 0 0 255
0.2536068 0.2576028 0.1895070 0.4606470 -0.7034881 -0.5412107 0 29 48 255
-0.0022388 0.2020724 0.1636891 -0.1439904 -0.4797434 -0.8655130 57 103 72 255
-0.3234806 1.7815545 0.0957346 -0.6567189 0.6205540 0.4285243 143 112 72 255
-0.2483056 1.8362226 -0.0030527 -0.4524227 0.8911207 -0.0348930 184 159 119 255
-0.3234355 1.7878016 0.0123291 -0.7719309 0.6088271 -0.1828997 55 59 56 255
0.0613134 0.0773606 0.2934461 0.2790657 -0.6963646 -0.6612100 0 10 18 255
0.2536068 0.2576028 0.1895070 0.4606470 -0.7034881 -0.5412107 0 29 48 255
0.1941557 0.1856872 0.2664461 0.7211915 -0.6187149 -0.3115681 0 27 46 255
-0.0148883 1.6809556 -0.1340389 0.3209463 0.1559563 -0.9341688 143 150 115 255
-0.2206030 1.6853504 -0.1520562 -0.1262082 0.1434481 -0.9815773 190 172 137 255
-0.0733366 1.8166809 -0.1230874 0.1499786 0.4984374 -0.8538541 190 174 140 255
-0.2196114 0.1320052 0.3394203 -0.9125786 -0.3287673 0.2431302 11 10 4 255
-0.2036211 0.0927114 0.2956114 -0.5003236 -0.6604571 -0.5598863 20 3 1 255
-0.1202631 0.0493487 0.3853784 -0.5214709 -0.8278394 -0.2067609 0 3 11 255
0.4772644 0.3116309 -0.0867715 0.8281825 -0.4921151 0.2682100 0 30 50 255
0.4251924 0.3476013 -0.3322258 0.9500113 -0.0390528 -0.3097637 1 14 26 255
0.5943232 0.5249155 -0.2043915 0.9023781 -0.3446660 -0.2586874 1 30 52 255
-0.2713892 0.5243341 -0.1082158 -0.6157220 -0.6784689 -0.4007073 191 173 136 255
-0.2149129 0.4288435 0.0889726 -0.3904786 -0.9179953 -0.0693623 37 45 47 255
-0.2921696 0.5073600 0.0346575 -0.6706297 -0.7416059 0.0166304 192 169 131 255
0.1100047 0.2014276 0.4304299 -0.2080483 0.9775957 -0.0319771 187 170 133 255
0.1941557 0.1856872 0.2664461 0.7982213 -0.5551216 0.2338430 193 175 138 255
0.0891311 0.2829697 0.3576922 0.7583237 -0.2269282 0.6111045 185 171 134 255
-0.1136672 1.2633471 0.6404762 0.7528322 -0.2716070 0.5995610 190 166 126 255
-0.1494370 1.3355442 0.6578732 0.4943475 0.2829002 0.8219417 190 165 124 255
-0.2716630 1.1340603 0.7549863 0.6763248 -0.3287755 0.6591597 185 153 107 255
-0.2370334 0.4805916 0.4056420 -0.6915519 -0.2796928 0.6659790 51 96 65 255
-0.0861773 0.5361615 0.5173607 -0.5230591 -0.2744494 0.8068995 3 17 8 255
-0.2740240 0.7218347 0.4758644 -0.5956072 -0.1824956 0.7822707 178 132 84 255
0.6241188 0.6480614 0.1914849 0.9125184 0.1180585 0.3916277 0 21 36 255
0.5133202 1.0319970 0.3060274 0.8429154 0.3251972 0.4286496 1 31 52 255
0.5464013 0.6298366 0.3548388 0.8609655 0.1386026 0.4894157 0 3 5 255
-0.1653280 1.2553950 0.4370370 0.1997173 -0.8843411 0.4219642 60 108 77 255
-0.3798277 1.1885150 0.4608812 -0.1770903 -0.4488892 -0.8758639 72 128 105 255
-0.3702624 1.2572982 0.4002194 -0.3130499 -0.3637072 -0.8773351 67 122 99 255
-0.0400217 1.2792557 -0.3090439 -0.2789024 0.3070678 -0.9099027 0 13 26 255
-0.1406534 1.3513183 -0.1915488 -0.6809068 0.4752593 -0.5572204 55 101 72 255
-0.1087215 1.3836838 -0.2546988 -0.2632433 0.7755872 -0.5737311 62 111 83 255
0.4722168 1.2541595 -0.1464777 0.8059749 0.5585224 -0.1961054 1 30 51 255
0.3719459 1.3139358 -0.1637912 0.4970346 0.0414166 -0.8667418 1 27 46 255
0.4139004 1.4510440 -0.1942840 0.7470298 0.6635857 0.0400047 191 171 136 255
-0.1041994 1.7018551 0.2932248 -0.4995439 0.1163478 0.8584399 190 170 134 255
-0.1417818 1.5796364 0.2879167 -0.4687579 0.1389198 0.8723345 170 128 90 255
-0.0955627 1.5867152 0.2705388 0.0586793 0.1180428 0.9912731 190 167 127 255
0.1937637 0.4090742 -0.3936028 -0.1418401 -0.7144732 -0.6851346 194 176 141 255
0.1435235 0.3269111 -0.2188387 -0.7985878 -0.4774496 -0.3664690 25 57 37 255
0.0878842 0.4740000 -0.3123159 -0.5672556 -0.6767965 -0.4692202 192 172 133 255
-0.3406203 1.5235833 0.0551634 -0.2219465 -0.9337838 -0.2806913 0 22 38 255
-0.3112869 1.5319798 -0.0902424 -0.6584820 -0.5268726 -0.5374074 1 26 45 255
-0.1980245 1.4807567 0.0379529 -0.3938791 -0.8608866 -0.3220771 1 20 35 255
-0.3632507 0.8488070 -0.1915951 -0.8378802 0.1365175 -0.5285071 193 171 133 255
-0.3601112 0.7254099 -0.1571789 -0.2933552 0.2499030 0.9227629 192 169 130 255
-0.3154817 0.7480328 -0.1491175 -0.9253713 0.3543537 0.1346158 1 4 5 255
0.2973385 0.8789383 -0.7127051 0.5504932 -0.6832590 0.4797024 1 31 52 255
0.2359774 0.8270112 -0.6740446 -0.7577724 -0.4480600 0.4743661 1 31 51 255
0.3060107 0.8226308 -0.7024064 0.2873349 -0.5378284 0.7925776 0 28 50 255
-0.5112734 0.7060925 0.6378675 -0.1547859 -0.8006224 0.5788308 85 62 42 255
-0.4629192 0.7282199 0.6814046 -0.1798541 -0.9692147 0.1681530 101 101 86 255
-0.6472318 0.7934964 0.7224078 -0.6630690 -0.7470915 -0.0468375 0 11 20 255
-0.3620944 0.5605868 -0.0265555 -0.8508681 -0.3640593 -0.3787933 58 102 74 255
-0.4057453 0.6699782 0.1574168 -0.9851456 -0.1246033 0.1181616 124 108 77 255
-0.3810420 0.6556125 -0.0358491 -0.9847175 -0.0669986 -0.1607559 106 72 44 255
0.2010455 0.1043410 -0.2607689 0.4636202 -0.7953013 -0.3905791 62 111 82 255
0.2627804 0.0829580 -0.1439161 -0.2510082 -0.5890492 0.7681249 51 75 55 255
0.1687832 0.0816838 -0.2604513 -0.8995048 -0.2095771 0.3833651 62 112 83 255
-0.6426148 0.8369596 0.5921555 -0.7543125 -0.3104644 -0.5784674 2 26 45 255
-0.6322825 0.8491246 0.6822758 0.4458176 -0.8166852 -0.3664316 2 23 41 255
-0.6916847 0.9006967 0.7119350 -0.9922650 0.1148500 0.0471104 4 31 51 255
-0.4274406 0.9301472 0.1836519 0.2126986 -0.9301316 0.2993567 187 157 110 255
-0.4282460 0.9377572 0.0828233 -0.1255735 -0.9853595 0.1153162 186 146 99 255
-0.3746889 0.9453593 0.2011118 -0.9418808 -0.0810282 0.3260291 187 158 112 255
0.3159370 0.4398578 0.5223908 0.6435727 -0.5286500 0.5534828 193 175 137 255
0.4644010 0.5136525 0.2337389 0.7858007 -0.5898492 0.1859976 186 168 134 255
0.4759650 0.6342134 0.4267945 0.7793701 -0.5422956 0.3138434 186 171 138 255
0.5082514 0.0630849 -0.2470236 0.9217653 -0.3100867 -0.2327984 190 172 136 255
0.4531617 0.1655315 -0.3257937 0.9426328 0.2100093 -0.2594985 169 115 67 255
0.4820256 0.1635241 -0.2112403 0.9814967 0.1897128 0.0259499 190 173 137 255
0.0709839 0.5208385 -0.3898611 -0.2891397 -0.2954881 -0.9105410 53 113 92 255
0.0151098 0.8109285 -0.4662590 -0.0082575 0.1709412 -0.9852466 9 40 52 255
0.1763155 0.5534910 -0.4579473 -0.2330411 -0.1757033 -0.9564623 60 108 88 255
0.5208759 0.9734675 -0.6548285 0.6854260 0.5610107 0.4641746 50 94 70 255
0.4265075 1.0375738 -0.7596641 0.5333083 0.5642605 -0.6302320 56 108 88 255
0.4136727 1.0496673 -0.6327286 0.8812709 -0.1018843 0.4614988 2 24 42 255
-0.3112869 1.5319798 -0.0902424 -0.6584864 -0.5268551 -0.5374193 64 109 75 255
-0.2080803 1.4127878 -0.1812410 -0.3141426 -0.0896896 -0.9451297 47 82 50 255
-0.3010669 1.4658175 -0.0951509 -0.3395508 0.8326678 -0.4374581 64 114 84 255
-0.1407151 0.4575382 0.2112870 0.3248029 -0.6247292 -0.7100821 60 110 83 255
-0.1907229 0.4461561 0.1717486 -0.6936557 0.3493152 -0.6299369 70 107 77 255
-0.1924834 0.4833143 0.2707210 -0.6619953 0.7344756 -0.1493578 61 118 91 255
0.5200095 0.5595127 0.4249115 -0.7349306 -0.4199539 -0.5324620 0 30 50 255
0.4759650 0.6342134 0.4267945 -0.6720870 -0.5376254 -0.5091740 1 29 49 255
0.5464013 0.6298366 0.3548388 -0.7114795 -0.5286043 -0.4630060 2 32 52 255
0.1687832 0.0816838 -0.2604513 -0.7604490 -0.1845433 0.6226243 160 23 16 255
0.0109549 0.0812763 -0.3380222 -0.4124125 0.8789421 0.2395342 184 145 86 255
0.0090470 0.0303793 -0.3325386 -0.4752581 -0.7584153 0.4460223 187 162 111 255
-0.3140173 1.1589709 0.4599342 -0.1183269 -0.6965498 -0.7076844 68 117 88 255
-0.4038181 1.2236056 0.4880767 -0.4442951 -0.5613512 -0.6982025 56 94 64 255
-0.3178127 1.2178784 0.4222445 -0.7074507 0.2388727 -0.6651717 68 124 98 255
-0.3150125 0.7451680 0.4268422 -0.7979888 -0.2735054 0.5370368 188 149 99 255
-0.3287110 0.6653902 0.3658595 -0.8668455 -0.2407480 0.4365995 187 154 106 255
-0.2740240 0.7218347 0.4758644 -0.5956072 -0.1824956 0.7822707 178 132 84 255
0.4645047 0.0669593 -0.1281486 0.2850043 -0.8110358 0.5108753 151 147 112 255
0.3804326 0.0127124 -0.3822746 0.2924347 -0.9020097 -0.3175853 190 172 135 255
0.5082514 0.0630849 -0.2470236 0.9217653 -0.3100867 -0.2327984 190 172 136 255
-0.3406203 1.5235833 0.0551634 -0.2219465 -0.9337838 -0.2806913 0 22 38 255
-0.3923743 1.5236109 -0.0292220 -0.7868457 -0.5773339 -0.2180811 1 19 32 255
-0.3291106 1.4938501 -0.0680079 0.0702066 -0.9965872 -0.0434144 0 25 42 255
0.2249758 1.3350379 -0.5548701 -0.8155406 0.3666930 -0.4476939 3 33 53 255
0.2994802 1.4240594 -0.5234418 0.0017268 0.7837283 -0.6211014 4 30 52 255
0.2628682 1.3456046 -0.6075745 -0.1497604 0.6495502 -0.7454236 3 30 53 255
-0.4038181 1.2236056 0.4880767 -0.4442951 -0.5613512 -0.6982025 56 94 64 255
-0.3140173 1.1589709 0.4599342 -0.1183269 -0.6965498 -0.7076844 68 117 88 255
-0.2386019 1.1414400 0.5280361 0.2524124 -0.8706517 -0.4222009 66 106 77 255
0.5586553 0.6635030 0.2751288 0.7734451 -0.5655584 0.2862280 188 174 142 255
0.4759650 0.6342134 0.4267945 0.7793701 -0.5422956 0.3138434 186 171 138 255
0.4644010 0.5136525 0.2337389 0.7858007 -0.5898492 0.1859976 186 168 134 255
0.1061223 0.2544227 -0.2555733 -0.6801266 0.6465020 -0.3456345 40 71 52 255
0.1435235 0.3269111 -0.2188387 -0.7985878 -0.4774496 -0.3664690 25 57 37 255
0.1312373 0.2411824 -0.3339677 -0.8870515 -0.1463045 -0.4378752 177 35 21 255
-0.0400217 1.2792557 -0.3090439 -0.2789024 0.3070678 -0.9099027 0 13 26 255
0.0151098 0.8109285 -0.4662590 -0.0082575 0.1709412 -0.9852466 9 40 52 255
-0.1452172 1.1676514 -0.3349376 -0.5190570 0.2408490 -0.8201047 52 99 66 255
0.0109549 0.0812763 -0.3380222 -0.4124125 0.8789421 0.2395342 184 145 86 255
0.1904025 0.1251418 -0.3749971 -0.3586861 0.4115669 -0.8378286 179 142 91 255
0.0476046 0.0742056 -0.4162097 -0.5296047 0.7560755 -0.3845372 189 166 118 255
-0.1202631 0.0493487 0.3853784 -0.8068011 -0.1635236 -0.5677430 188 168 131 255
0.0666437 0.0114157 0.3250160 0.1600085 -0.8664304 -0.4729649 192 170 130 255
-0.1476269 0.0000000 0.4151297 -0.1897465 -0.9818228 -0.0045068 189 169 133 255
0.0417695 0.4135357 -0.2225609 -0.9505631 -0.2051891 -0.2330819 68 122 97 255
0.0256612 0.4456645 -0.1630201 -0.6488947 -0.7532889 -0.1071988 68 127 105 255
0.0700071 0.5196549 -0.2741303 -0.8352888 -0.2765474 -0.4751989 67 115 82 255
0.1187747 0.2359564 -0.1480813 -0.5850847 -0.4464912 0.6769946 67 125 106 255
0.0256612 0.4456645 -0.1630201 -0.6488947 -0.7532889 -0.1071988 68 127 105 255
0.0417695 0.4135357 -0.2225609 -0.9505631 -0.2051891 -0.2330819 68 122 97 255
-0.3287110 0.6653902 0.3658595 -0.8486235 -0.2796875 0.4490132 66 115 85 255
-0.4057453 0.6699782 0.1574168 -0.9851456 -0.1246033 0.1181616 124 108 77 255
-0.3205142 0.5070001 0.2539887 -0.9003565 -0.3592668 0.2455313 68 114 81 255
0.1743093 1.4575442 -0.4219527 -0.3045673 0.6759418 -0.6710749 57 102 72 255
0.2770424 1.5373450 -0.2420712 0.1026275 0.9685234 -0.2267818 63 110 82 255
0.3595288 1.4886678 -0.4092188 0.1460848 0.9136216 -0.3794138 58 104 70 255
0.6775222 0.6563424 0.0167222 0.9938038 0.1028406 0.0421660 2 25 43 255
0.6349490 0.9026731 -0.1441755 0.8983259 0.2849158 -0.3344152 92 75 52 255
0.6464114 0.8721634 0.0635433 0.9286275 0.3292478 0.1710170 0 7 16 255
-0.0428042 1.2201817 0.4816670 -0.2737425 -0.0119360 0.9617289 50 89 60 255
-0.3290870 0.9937653 0.4181504 -0.6742013 0.2540338 0.6934834 9 7 12 255
-0.0881810 0.7509957 0.6107321 -0.3728787 0.0223324 0.9276112 194 174 136 255
0.0666437 0.0114157 0.3250160 0.1600085 -0.8664304 -0.4729649 192 170 130 255
0.0613134 0.0773606 0.2934461 -0.0887141 -0.4933791 -0.8652784 192 169 129 255
0.1941557 0.1856872 0.2664461 0.9553429 -0.2692110 0.1218417 186 155 112 255
-0.0586264 0.0427049 0.3138251 0.0078724 -0.8622031 -0.5065015 0 8 16 255
-0.0022388 0.2020724 0.1636891 -0.1439904 -0.4797434 -0.8655130 57 103 72 255
0.0613134 0.0773606 0.2934461 0.2790657 -0.6963646 -0.6612100 0 10 18 255
-0.1723514 1.8291901 0.1257930 -0.4367478 0.6517739 0.6200340 189 173 139 255
-0.1259494 1.8434970 0.1926546 0.0326370 0.8324862 0.5530837 188 173 139 255
-0.0598519 1.8736167 -0.0033669 0.1331707 0.9870198 -0.0897625 191 176 142 255
-0.1136672 1.2633471 0.6404762 -0.8909190 0.0755386 -0.4478361 190 172 139 255
-0.1793327 1.2637673 0.7221394 -0.7591180 -0.2292960 -0.6092315 1 8 15 255
-0.1494370 1.3355442 0.6578732 -0.6694261 -0.3853782 -0.6351002 84 77 61 255
-0.3010669 1.4658175 -0.0951509 -0.3395508 0.8326678 -0.4374581 64 114 84 255
-0.3869398 1.4530700 -0.0300088 -0.8202201 0.2780974 -0.4999009 62 104 73 255
-0.3465631 1.4827911 0.0198646 -0.1303409 0.9911529 0.0250403 64 108 78 255
-0.6916847 0.9006967 0.7119350 -0.9922650 0.1148500 0.0471104 4 31 51 255
-0.6472318 0.7934964 0.7224078 -0.6630690 -0.7470915 -0.0468375 0 11 20 255
-0.6216137 0.8391988 0.8067408 -0.5966011 -0.3565773 0.7189714 0 19 35 255
-0.3259475 1.7201621 0.0056381 -0.9549757 0.2727574 0.1167255 1 25 42 255
-0.3234806 1.7815545 0.0957346 -0.6567189 0.6205540 0.4285243 143 112 72 255
-0.3234355 1.7878016 0.0123291 -0.7719309 0.6088271 -0.1828997 55 59 56 255
0.1741872 1.3097710 -0.2690430 0.1764006 -0.5065864 -0.8439509 191 176 140 255
0.0151098 0.8109285 -0.4662590 -0.0082575 0.1709412 -0.9852466 9 40 52 255
0.0140600 1.3640662 -0.2957740 -0.0700710 0.1639533 -0.9839764 54 95 62 255
-0.4187741 1.6197303 -0.0168152 -0.9932090 0.0847203 0.0797391 3 23 40 255
-0.3923743 1.5236109 -0.0292220 -0.7868457 -0.5773339 -0.2180811 1 19 32 255
-0.3753595 1.5499442 0.0527525 -0.9279705 0.0729608 0.3654414 0 15 27 255
0.0994499 0.2110220 -0.2449689 -0.8085766 -0.5549856 0.1954353 39 72 50 255
0.1312373 0.2411824 -0.3339677 -0.8870515 -0.1463045 -0.4378752 177 35 21 255
0.1687832 0.0816838 -0.2604513 -0.7604490 -0.1845433 0.6226243 160 23 16 255
-0.1202631 0.0493487 0.3853784 -0.5214709 -0.8278394 -0.2067609 0 3 11 255
-0.0586264 0.0427049 0.3138251 0.0078724 -0.8622031 -0.5065015 0 8 16 255
0.0029926 0.0690499 0.3200607 0.2589192 -0.9407931 0.2187903 175 152 114 255
0.5943232 0.5249155 -0.2043915 0.9023781 -0.3446660 -0.2586874 1 30 52 255
0.5513246 0.6896917 -0.2757235 0.6354251 -0.0422672 -0.7710049 0 31 53 255
0.6428082 0.6891961 -0.1003118 0.9442018 -0.0771311 -0.3202091 1 31 52 255
0.5082514 0.0630849 -0.2470236 0.9217653 -0.3100867 -0.2327984 190 172 136 255
0.4421589 0.1402742 -0.3561378 0.6450896 -0.0951590 -0.7581584 159 61 35 255
0.4531617 0.1655315 -0.3257937 0.9426328 0.2100093 -0.2594985 169 115 67 255
0.1061223 0.2544227 -0.2555733 -0.6801266 0.6465020 -0.3456345 40 71 52 255
0.0784364 0.2413493 -0.2919121 -0.5336983 0.8389533 0.1064118 27 63 50 255
0.0994499 0.2110220 -0.2449689 -0.8375236 -0.5071664 0.2033138 61 98 70 255
-0.3745546 0.7228476 0.0952125 -0.9936949 0.0584620 -0.0956691 184 152 107 255
-0.4142461 0.7109606 0.1095161 -0.9363883 0.3359621 0.1015205 184 152 108 255
-0.3592257 0.6731902 0.1687446 -0.9116583 0.3914845 0.1249762 182 151 105 255
-0.5807524 0.8135142 0.7123494 0.4197279 0.0468008 -0.9064426 189 172 138 255
-0.6472318 0.7934964 0.7224078 -0.6630302 -0.7471238 -0.0468715 190 174 139 255
-0.6322825 0.8491246 0.6822758 0.4792343 -0.7930653 -0.3760076 191 175 142 255
0.5116231 0.6764227 -0.3422856 0.7424620 0.0737272 -0.6658187 46 66 45 255
0.4229245 0.5949437 -0.4356389 0.4017493 0.0837096 -0.9119157 51 88 66 255
0.4819427 0.8709327 -0.3842430 0.4472746 0.2800213 -0.8494313 47 81 58 255
-0.5824752 0.7796728 0.6202583 0.8619391 0.2034509 0.4644016 191 176 143 255
-0.5992110 0.9766739 0.5650148 0.8403412 -0.4837613 -0.2445435 193 170 129 255
-0.6322825 0.8491246 0.6822758 0.4792343 -0.7930653 -0.3760076 191 175 142 255
0.1904025 0.1251418 -0.3749971 -0.3586861 0.4115669 -0.8378286 179 142 91 255
0.1722136 0.2786218 -0.3889050 -0.6175550 0.1143857 -0.7781656 190 167 125 255
0.2427883 0.4702788 -0.4282022 -0.1851860 0.0268856 -0.9823356 191 175 143 255
-0.5160809 0.7770119 0.7518826 0.3415956 0.6149683 -0.7107226 190 168 129 255
-0.5112734 0.7060925 0.6378675 0.2018166 0.7138267 -0.6706129 188 165 127 255
-0.5807524 0.8135142 0.7123494 0.4197279 0.0468008 -0.9064426 189 172 138 255
-0.1661141 0.3810123 0.3897433 -0.9497928 0.3073171 -0.0587350 67 129 106 255
-0.1709206 0.4590754 0.3934398 -0.7603772 0.5885113 0.2747380 66 126 103 255
-0.1924834 0.4833143 0.2707210 -0.6619953 0.7344756 -0.1493578 61 118 91 255
-0.1759140 0.5262934 -0.2660122 -0.6902989 -0.3061053 -0.6555812 183 168 138 255
-0.1983907 0.8145053 -0.3675079 -0.5867799 -0.0434581 -0.8085794 57 119 103 255
-0.0114462 0.5720802 -0.4025989 -0.4047543 -0.2820812 -0.8698300 13 37 46 255
-0.4963787 1.2332849 0.6521602 -0.8148655 0.5795004 0.0131713 15 23 18 255
-0.4913409 1.2138975 0.7098269 -0.7220990 0.6095377 0.3271651 11 49 31 255
-0.4211586 1.3043737 0.6774240 -0.6449222 0.7097682 0.2833808 4 28 50 255
-0.3634450 1.4158595 0.4289269 -0.9232092 0.3458349 -0.1675802 63 110 79 255
-0.4338849 1.3072872 0.5312681 -0.9188529 0.3416695 -0.1974113 68 114 85 255
-0.3424277 1.4255528 0.5515485 -0.6882385 0.7001398 0.1900847 69 111 78 255
-0.1232240 0.1350099 0.5028648 -0.5284183 0.5190020 0.6718713 192 173 136 255
-0.2243328 0.0945169 0.6189542 -0.2074928 0.8119321 0.5456308 191 173 135 255
-0.0605655 0.0647029 0.6146975 0.1278761 -0.0621866 0.9898387 192 174 138 255
-0.6216137 0.8391988 0.8067408 -0.5966011 -0.3565773 0.7189714 0 19 35 255
-0.5880580 0.9045239 0.8410130 -0.4490106 0.1443132 0.8817954 173 141 98 255
-0.6916847 0.9006967 0.7119350 -0.9922650 0.1148500 0.0471104 4 31 51 255
0.1691849 0.0805031 -0.2599506 -0.5247468 0.7261323 0.4442664 2 30 52 255
0.2910502 0.1047413 -0.1556253 -0.3366798 -0.3099427 0.8891470 2 29 49 255
0.2011378 0.1040092 -0.2606297 -0.5247468 0.7261323 0.4442664 2 30 50 255
-0.2836297 0.0545326 0.5467153 -0.5893717 -0.7201339 0.3661258 190 172 134 255
-0.2127090 0.0486660 0.6171751 -0.1000843 -0.9274552 0.3602917 191 172 134 255
-0.2243328 0.0945169 0.6189542 -0.2074928 0.8119321 0.5456308 191 173 135 255
-0.2127090 0.0486660 0.6171751 -0.1000843 -0.9274552 0.3602917 191 172 134 255
-0.1476269 0.0000000 0.4151297 -0.1897465 -0.9818228 -0.0045068 189 169 133 255
0.1782479 0.0552932 0.5116296 0.6574115 -0.5451253 0.5202391 190 172 134 255
0.2627804 0.0829580 -0.1439161 -0.2510082 -0.5890492 0.7681249 51 75 55 255
0.2010455 0.1043410 -0.2607689 0.4636202 -0.7953013 -0.3905791 62 111 82 255
0.2910879 0.1047191 -0.1556568 0.4555262 -0.8015398 -0.3873370 58 94 68 255
0.2662790 1.1992517 -0.4283419 -0.3824906 -0.8440174 0.3759464 179 159 118 255
0.3734195 0.9898015 -0.6191616 0.1062931 -0.6216946 0.7760140 95 103 83 255
0.3543103 1.2003123 -0.3620400 0.2741010 -0.8391643 0.4697573 192 166 125 255
-0.6239476 1.0515493 0.7012882 -0.9288468 0.3622350 0.0776486 19 58 41 255
-0.5530264 1.0130342 0.5919657 -0.0402095 -0.4873850 -0.8722609 24 35 22 255
-0.5992110 0.9766739 0.5650148 -0.6806021 0.3845898 -0.6235955 35 24 33 255
0.2262547 0.9146546 -0.7940049 -0.8433513 -0.1429288 -0.5180057 1 26 47 255
0.3246353 0.8431372 -0.8048253 -0.1882949 -0.8029341 -0.5655458 2 21 36 255
0.2973385 0.8789383 -0.7127051 0.5547285 -0.6784176 0.4816908 0 26 45 255
0.4819427 0.8709327 -0.3842430 0.4487969 0.2886661 -0.8457265 172 124 104 255
0.1741872 1.3097710 -0.2690430 0.1311139 0.1564555 -0.9789438 1 26 44 255
0.4722168 1.2541595 -0.1464777 0.8059749 0.5585224 -0.1961054 1 30 51 255
0.4645047 0.0669593 -0.1281486 0.2850043 -0.8110358 0.5108753 151 147 112 255
0.2790947 0.0088411 -0.2290425 -0.0590525 -0.9491888 0.3091167 185 139 90 255
0.3804326 0.0127124 -0.3822746 0.2924347 -0.9020097 -0.3175853 190 172 135 255
-0.6239476 1.0515493 0.7012882 -0.9288468 0.3622350 0.0776486 19 58 41 255
-0.4963787 1.2332849 0.6521602 -0.8148655 0.5795004 0.0131713 15 23 18 255
-0.4338849 1.3072872 0.5312681 -0.8400064 0.4497724 -0.3034697 2 29 48 255
-0.3753595 1.5499442 0.0527525 -0.9279705 0.0729608 0.3654414 0 15 27 255
-0.3491929 1.6358833 0.1011643 -0.8690740 0.1179758 0.4804083 0 11 21 255
-0.3460743 1.6465876 0.0257955 -0.9447717 0.2760563 0.1766333 1 12 22 255
-0.2196114 0.1320052 0.3394203 -0.9125786 -0.3287673 0.2431302 11 10 4 255
-0.1661141 0.3810123 0.3897433 -0.9497928 0.3073171 -0.0587350 67 129 106 255
-0.1260095 0.2844253 0.2785039 -0.3594388 -0.9280982 -0.0971461 71 121 94 255
-0.2036211 0.0927114 0.2956114 -0.5003236 -0.6604571 -0.5598863 20 3 1 255
-0.2196114 0.1320052 0.3394203 -0.9125786 -0.3287673 0.2431302 11 10 4 255
-0.1260095 0.2844253 0.2785039 -0.3594388 -0.9280982 -0.0971461 71 121 94 255
0.4531617 0.1655315 -0.3257937 -0.2794085 -0.9586751 0.0536009 60 96 68 255
0.4705725 0.1585121 -0.3605809 0.6757101 0.0648131 -0.7343127 60 105 72 255
0.4820256 0.1635241 -0.2112403 -0.2794085 -0.9586751 0.0536009 68 100 70 255
-0.2491977 1.3857436 0.2254424 -0.6558734 0.5846394 0.4775217 29 75 54 255
-0.2002907 1.4251872 0.2560120 -0.6596521 0.7501875 -0.0455853 22 68 49 255
-0.3326588 1.3230378 0.1652431 -0.8705271 0.4099541 0.2722502 19 61 41 255
0.0476046 0.0742056 -0.4162097 -0.5296047 0.7560755 -0.3845372 189 166 118 255
0.0090470 0.0303793 -0.3325386 -0.4752581 -0.7584153 0.4460223 187 162 111 255
0.0109549 0.0812763 -0.3380222 -0.4124125 0.8789421 0.2395342 184 145 86 255
-0.0114462 0.5720802 -0.4025989 -0.4047543 -0.2820812 -0.8698300 13 37 46 255
0.0709839 0.5208385 -0.3898611 0.2723877 -0.0676262 0.9598081 55 120 102 255
0.0086367 0.5768470 -0.3789883 0.0947776 -0.9195448 -0.3813853 16 43 43 255
-0.2196114 0.1320052 0.3394203 -0.9475095 -0.3195497 -0.0106700 191 172 134 255
-0.2129123 0.1834254 0.3965130 -0.8707328 -0.0779707 0.4855357 192 173 135 255
-0.1661141 0.3810123 0.3897433 -0.8695208 -0.4520665 -0.1989203 192 171 133 255
-0.1202631 0.0493487 0.3853784 -0.6746347 -0.7233348 0.1471558 194 174 136 255
-0.1232240 0.1350099 0.5028648 -0.5284183 0.5190020 0.6718713 192 173 136 255
-0.2196114 0.1320052 0.3394203 -0.9475095 -0.3195497 -0.0106700 191 172 134 255
-0.2615340 0.0912921 0.5114031 -0.3099522 0.9317452 -0.1891574 191 173 136 255
-0.1202631 0.0493487 0.3853784 0.1685576 0.9762677 -0.1359767 194 173 135 255
-0.2828448 0.0851058 0.4405694 -0.4509755 0.7743121 -0.4439166 191 173 135 255
0.2868629 1.0154909 -0.7887440 -0.1134678 0.3653015 -0.9239479 1 22 38 255
0.2032638 1.0588115 -0.6744809 -0.9078980 0.0820909 -0.4110745 1 30 50 255
0.2362728 1.1591491 -0.6874771 -0.6147298 0.3809154 -0.6906597 2 30 50 255
0.5943232 0.5249155 -0.2043915 0.9023781 -0.3446660 -0.2586874 1 30 52 255
0.3700273 0.3835022 -0.4042211 0.2798242 0.0276721 -0.9596523 11 41 33 255
0.5513246 0.6896917 -0.2757235 0.6354251 -0.0422672 -0.7710049 0 31 53 255
-0.1653280 1.2553950 0.4370370 0.1997173 -0.8843411 0.4219642 60 108 77 255
-0.3290870 0.9937653 0.4181504 -0.6742013 0.2540338 0.6934834 9 7 12 255
-0.0428042 1.2201817 0.4816670 -0.2737425 -0.0119360 0.9617289 50 89 60 255
-0.1879079 0.1593710 0.4057808 -0.7708180 -0.1896171 0.6081817 192 173 135 255
-0.2196114 0.1320052 0.3394203 -0.9475095 -0.3195497 -0.0106700 191 172 134 255
-0.1232240 0.1350099 0.5028648 -0.5284183 0.5190020 0.6718713 192 173 136 255
-0.2845235 1.2902908 -0.0993099 -0.7633165 0.4988747 -0.4104533 3 33 55 255
-0.2344542 1.3002182 -0.1001272 -0.1602382 0.8341284 0.5277819 61 114 86 255
-0.1258898 1.3865960 -0.1695199 -0.4714278 0.6439235 -0.6025931 61 109 80 255
-0.0733366 1.8166809 -0.1230874 0.1499786 0.4984374 -0.8538541 190 174 140 255
-0.0598519 1.8736167 -0.0033669 0.1331707 0.9870198 -0.0897625 191 176 142 255
0.0422201 1.7807601 -0.0754251 0.7569230 0.3856913 -0.5275507 169 163 130 255
0.2003903 1.0074697 -0.6304965 -0.6896135 -0.3939698 0.6076357 125 111 93 255
0.2973385 0.8789383 -0.7127051 0.6050966 -0.6128179 0.5082444 55 106 77 255
0.3522327 0.8526197 -0.7375245 -0.0179844 -0.6101120 0.7921112 55 106 80 255
-0.2454455 0.5291218 0.3391409 -0.3286165 -0.9324747 0.1500073 62 107 76 255
-0.1881819 0.5288438 0.4202533 -0.4335776 -0.8960000 -0.0958875 66 110 78 255
-0.2370334 0.4805916 0.4056420 0.6700735 -0.5094377 -0.5398840 170 154 115 255
-0.1494370 1.3355442 0.6578732 0.4674076 0.2735663 0.8406495 190 165 124 255
-0.2157474 1.4024982 0.6556168 -0.0043091 0.7604781 0.6493492 189 163 122 255
-0.2195432 1.3426841 0.7105432 0.5359517 0.5523253 0.6385080 185 157 117 255
-0.0467005 1.5585409 0.3894711 -0.1754778 0.9801261 -0.0925220 71 107 77 255
-0.2491977 1.3857436 0.2254424 -0.7076815 0.4109907 -0.5746943 59 110 82 255
-0.3149631 1.4685412 0.4717436 -0.3448614 0.9243574 0.1631996 61 103 73 255
-0.1049128 0.5591719 -0.3073778 -0.3735561 -0.7035419 -0.6045532 187 170 134 255
0.0086367 0.5768470 -0.3789883 0.2128830 -0.9251547 -0.3142762 181 167 133 255
-0.0472569 0.4808913 -0.2518601 -0.2361014 -0.8704129 -0.4320157 190 171 133 255
0.1187747 0.2359564 -0.1480813 -0.5850847 -0.4464912 0.6769946 67 125 106 255
0.1291020 0.4249723 -0.0076771 -0.3847115 -0.6481442 0.6571956 64 132 114 255
0.0256612 0.4456645 -0.1630201 -0.6488947 -0.7532889 -0.1071988 68 127 105 255
0.1817579 0.5770840 -0.3828540 -0.2926681 -0.2094940 -0.9329832 123 106 76 255
0.2765536 0.6515225 -0.4081731 0.3343264 0.0330238 -0.9418787 1 11 17 255
0.2427883 0.4702788 -0.4282022 -0.1851860 0.0268856 -0.9823356 191 175 143 255
-0.1406534 1.3513183 -0.1915488 -0.6809068 0.4752593 -0.5572204 55 101 72 255
-0.1118639 1.3988301 -0.1880336 -0.5992085 0.6382185 -0.4833491 54 95 63 255
-0.0801349 1.4153391 -0.1941357 0.2491969 0.8354517 0.4898176 54 95 62 255
0.3005972 0.7790166 0.6294842 0.5586338 0.1873491 0.8079782 2 28 16 255
0.5133202 1.0319970 0.3060274 0.8429154 0.3251972 0.4286496 1 31 52 255
0.2429228 1.0945682 0.5609312 0.4426774 0.3418971 0.8289409 58 105 69 255
0.0256612 0.4456645 -0.1630201 -0.3818917 -0.9087349 -0.1684033 162 128 82 255
-0.0472569 0.4808913 -0.2518601 -0.2361014 -0.8704129 -0.4320157 190 171 133 255
0.0700071 0.5196549 -0.2741303 -0.3105418 -0.6464078 -0.6969368 190 171 133 255
0.2186015 0.6053245 -0.4428887 0.2852686 -0.3671074 0.8853553 106 95 70 255
0.3243468 0.6532723 -0.4267001 -0.0441669 -0.6830856 0.7290016 151 115 62 255
0.2765536 0.6515225 -0.4081731 0.0975828 -0.7408866 0.6645034 60 106 77 255
-0.2149129 0.4288435 0.0889726 -0.3904786 -0.9179953 -0.0693623 37 45 47 255
-0.0472569 0.4808913 -0.2518601 -0.2361014 -0.8704129 -0.4320157 190 171 133 255
0.0256612 0.4456645 -0.1630201 -0.3818917 -0.9087349 -0.1684033 162 128 82 255
-0.3869398 1.4530700 -0.0300088 -0.8202201 0.2780974 -0.4999009 62 104 73 255
-0.2080803 1.4127878 -0.1812410 -0.3141426 -0.0896896 -0.9451297 47 82 50 255
-0.4003837 1.3411156 -0.0203633 -0.8659862 -0.4314182 -0.2528759 79 30 19 255
0.4494691 0.9488747 -0.6552811 -0.4740606 -0.4238099 0.7717847 59 121 101 255
0.4477944 0.8585625 -0.7039137 -0.5365505 -0.0496376 0.8424070 53 101 73 255
0.4952765 0.8828939 -0.6556630 -0.7717131 -0.5671469 0.2877555 58 106 79 255
-0.3616259 1.1626556 0.1323333 -0.9573547 0.2802408 -0.0702645 28 23 27 255
-0.4274406 0.9301472 0.1836519 -0.9600088 0.2783606 0.0299731 0 31 54 255
-0.4086018 0.9855249 0.2680573 -0.9166899 0.3077092 0.2549402 1 30 53 255
-0.3745546 0.7228476 0.0952125 -0.9936949 0.0584620 -0.0956691 184 152 107 255
-0.3671618 0.8969079 -0.0466495 -0.9524460 -0.1800905 -0.2457930 190 163 121 255
-0.3424988 0.6710847 -0.0258913 -0.9307990 0.3495263 -0.1069797 114 95 71 255
0.5553386 0.8546983 -0.5887733 -0.1159430 0.4441534 0.8884171 34 80 57 255
0.5208759 0.9734675 -0.6548285 0.6854260 0.5610107 0.4641746 50 94 70 255
0.4889944 0.8473088 -0.5766654 -0.0530212 0.5355645 0.8428283 57 102 75 255
0.2627804 0.0829580 -0.1439161 -0.2510082 -0.5890492 0.7681249 51 75 55 255
0.1187747 0.2359564 -0.1480813 -0.5850847 -0.4464912 0.6769946 67 125 106 255
0.0994499 0.2110220 -0.2449689 -0.8326238 -0.5061184 0.2249039 65 117 104 255
-0.2454455 0.5291218 0.3391409 -0.3286165 -0.9324747 0.1500073 62 107 76 255
-0.2370334 0.4805916 0.4056420 0.6700735 -0.5094377 -0.5398840 170 154 115 255
-0.3205142 0.5070001 0.2539887 0.8357831 -0.5167012 -0.1857053 0 17 32 255
-0.1491406 0.4877026 0.3759904 -0.8319536 -0.0990646 0.5459299 58 100 67 255
-0.2454455 0.5291218 0.3391409 -0.3286165 -0.9324747 0.1500073 62 107 76 255
-0.2149129 0.4288435 0.0889726 -0.3904786 -0.9179953 -0.0693623 37 45 47 255
0.0816355 0.2790144 -0.2412434 0.0669874 0.3721159 -0.9257659 55 89 63 255
0.1435235 0.3269111 -0.2188387 -0.7985878 -0.4774496 -0.3664690 25 57 37 255
0.1061223 0.2544227 -0.2555733 -0.6801266 0.6465020 -0.3456345 40 71 52 255
-0.0479484 0.5404690 0.5328894 -0.4837486 -0.3612891 0.7971557 1 30 15 255
-0.0027919 0.4814782 0.5603452 -0.3789183 -0.2870214 0.8797953 2 30 15 255
-0.0881810 0.7509957 0.6107321 -0.4291303 0.0136477 0.9031395 190 163 120 255
-0.1013606 0.3660939 0.1704159 -0.7155513 -0.1220587 -0.6878139 73 108 78 255
-0.1907229 0.4461561 0.1717486 -0.6936557 0.3493152 -0.6299369 70 107 77 255
-0.1407151 0.4575382 0.2112870 0.3248029 -0.6247292 -0.7100821 60 110 83 255
-0.3620944 0.5605868 -0.0265555 -0.8508681 -0.3640593 -0.3787933 58 102 74 255
-0.3601112 0.7254099 -0.1571789 -0.7416136 -0.4057923 -0.5341738 1 26 44 255
-0.1759140 0.5262934 -0.2660122 -0.6926772 -0.4259877 -0.5820076 5 43 29 255
0.1937637 0.4090742 -0.3936028 -0.1418401 -0.7144732 -0.6851346 194 176 141 255
0.1722136 0.2786218 -0.3889050 -0.6175550 0.1143857 -0.7781656 190 167 125 255
0.1435235 0.3269111 -0.2188387 -0.7985878 -0.4774496 -0.3664690 25 57 37 255
0.2252493 1.2775144 -0.5807557 -0.3282633 0.3636449 -0.8717830 2 32 54 255
0.2092993 1.2176489 -0.6126957 -0.9567304 0.1427227 -0.2535690 2 31 51 255
0.1877594 1.2438719 -0.5699949 -0.9926406 0.0908458 -0.0800740 2 30 51 255
0.4421589 0.1402742 -0.3561378 0.6450896 -0.0951590 -0.7581584 159 61 35 255
0.3106329 0.1063899 -0.4193316 0.1741813 0.1110989 -0.9784263 190 172 136 255
0.4705725 0.1585121 -0.3605809 0.6821232 0.0577681 -0.7289519 4 9 16 255
-0.4177585 1.3342839 0.4268088 -0.8084702 0.2267979 -0.5430825 66 113 86 255
-0.3702624 1.2572982 0.4002194 -0.3130499 -0.3637072 -0.8773351 67 122 99 255
-0.4160554 1.2599865 0.4524188 -0.8165215 -0.4338675 -0.3808565 67 122 96 255
0.1973219 0.5673727 0.5919476 0.2360276 -0.3546700 0.9047101 192 174 137 255
0.3159370 0.4398578 0.5223908 0.6435727 -0.5286500 0.5534828 193 175 137 255
0.3944602 0.6000518 0.5206828 0.5182702 -0.4961365 0.6965950 189 173 136 255
-0.3321052 0.4950445 0.0173054 -0.8939445 -0.4461810 -0.0422585 65 119 92 255
-0.2713892 0.5243341 -0.1082158 -0.5243084 -0.7761377 -0.3503013 60 123 98 255
-0.2977679 0.4276666 -0.0190825 -0.8654576 -0.1909190 -0.4631771 66 127 103 255
-0.1013606 0.3660939 0.1704159 -0.7155513 -0.1220587 -0.6878139 73 108 78 255
-0.0022388 0.2020724 0.1636891 -0.1439904 -0.4797434 -0.8655130 57 103 72 255
-0.0879416 0.2280326 0.2146349 -0.5879171 -0.3823906 -0.7128330 67 118 90 255
-0.0879416 0.2280326 0.2146349 -0.5879171 -0.3823906 -0.7128330 67 118 90 255
-0.1907229 0.4461561 0.1717486 -0.6936557 0.3493152 -0.6299369 70 107 77 255
-0.1013606 0.3660939 0.1704159 -0.7155513 -0.1220587 -0.6878139 73 108 78 255
-0.4057453 0.6699782 0.1574168 -0.9851456 -0.1246033 0.1181616 124 108 77 255
-0.4142461 0.7109606 0.1095161 -0.9363883 0.3359621 0.1015205 184 152 108 255
-0.3810420 0.6556125 -0.0358491 -0.9847175 -0.0669986 -0.1607559 106 72 44 255
-0.3745546 0.7228476 0.0952125 -0.9936949 0.0584620 -0.0956691 184 152 107 255
-0.3810420 0.6556125 -0.0358491 -0.9847175 -0.0669986 -0.1607559 106 72 44 255
-0.4142461 0.7109606 0.1095161 -0.9363883 0.3359621 0.1015205 184 152 108 255
0.1904025 0.1251418 -0.3749971 -0.3586861 0.4115669 -0.8378286 179 142 91 255
0.1312373 0.2411824 -0.3339677 -0.8870515 -0.1463045 -0.4378752 177 35 21 255
0.1722136 0.2786218 -0.3889050 -0.6175550 0.1143857 -0.7781656 190 167 125 255
-0.1544838 1.1681163 0.4996853 0.4244649 -0.8442189 -0.3272980 55 102 73 255
-0.2386019 1.1414400 0.5280361 0.2524124 -0.8706517 -0.4222009 66 106 77 255
-0.2138722 1.1816302 0.4439683 0.0416155 -0.4324379 -0.9007029 66 121 96 255
0.1937637 0.4090742 -0.3936028 -0.1418401 -0.7144732 -0.6851346 194 176 141 255
0.2427883 0.4702788 -0.4282022 -0.1851860 0.0268856 -0.9823356 191 175 143 255
0.1722136 0.2786218 -0.3889050 -0.6175550 0.1143857 -0.7781656 190 167 125 255
0.1722136 0.2786218 -0.3889050 -0.6175550 0.1143857 -0.7781656 190 167 125 255
0.1312373 0.2411824 -0.3339677 -0.8870515 -0.1463045 -0.4378752 177 35 21 255
0.1435235 0.3269111 -0.2188387 -0.7985878 -0.4774496 -0.3664690 25 57 37 255
-0.1013606 0.3660939 0.1704159 -0.7155513 -0.1220587 -0.6878139 73 108 78 255
-0.1407151 0.4575382 0.2112870 0.3248029 -0.6247292 -0.7100821 60 110 83 255
-0.0681062 0.4022843 0.0720806 -0.2791875 -0.8618640 -0.4233731 1 2 1 255
-0.1407151 0.4575382 0.2112870 0.3248029 -0.6247292 -0.7100821 60 110 83 255
-0.2149129 0.4288435 0.0889726 -0.3904786 -0.9179953 -0.0693623 37 45 47 255
-0.0681062 0.4022843 0.0720806 -0.2791875 -0.8618640 -0.4233731 1 2 1 255
-0.3491929 1.6358833 0.1011643 -0.8690740 0.1179758 0.4804083 0 11 21 255
-0.3475678 1.7077372 0.0736175 -0.9135146 0.3885602 0.1204658 88 64 35 255
-0.3460743 1.6465876 0.0257955 -0.9447717 0.2760563 0.1766333 1 12 22 255
0.1387508 1.2347031 -0.4091969 -0.6782408 -0.7228310 0.1323055 22 58 43 255
0.1741872 1.3097710 -0.2690430 0.1764006 -0.5065864 -0.8439509 191 176 140 255
0.0593479 1.3735104 -0.3447871 -0.7434150 -0.0594657 -0.6661816 63 113 79 255
-0.0467005 1.5585409 0.3894711 -0.0259679 0.9994804 0.0190941 175 165 128 255
-0.1100302 1.4958697 0.5338840 0.2238042 0.9167662 0.3308346 193 173 135 255
-0.0451725 1.4492979 0.5790458 0.2462938 0.5095007 0.8244685 193 175 139 255
-0.1202631 0.0493487 0.3853784 -0.5214709 -0.8278394 -0.2067609 0 3 11 255
-0.2036211 0.0927114 0.2956114 -0.5003236 -0.6604571 -0.5598863 20 3 1 255
-0.0586264 0.0427049 0.3138251 0.0078724 -0.8622031 -0.5065015 0 8 16 255
-0.2149129 0.4288435 0.0889726 -0.3904786 -0.9179953 -0.0693623 37 45 47 255
-0.3072467 0.5283652 0.1961141 -0.5392760 -0.8344693 0.1133248 0 18 35 255
-0.2921696 0.5073600 0.0346575 -0.6706297 -0.7416059 0.0166304 192 169 131 255
-0.3592257 0.6731902 0.1687446 -0.9116583 0.3914845 0.1249762 182 151 105 255
-0.3746889 0.9453593 0.2011118 -0.9418808 -0.0810282 0.3260291 187 158 112 255
-0.3745546 0.7228476 0.0952125 -0.9936949 0.0584620 -0.0956691 184 152 107 255
0.1134732 0.3721970 0.5431285 0.1472909 -0.7083989 0.6902727 188 169 130 255
0.0891311 0.2829697 0.3576922 0.7583237 -0.2269282 0.6111045 185 171 134 255
0.2708464 0.2882148 0.3568201 0.5990753 -0.7226053 0.3448917 192 173 135 255
-0.3620944 0.5605868 -0.0265555 -0.8508681 -0.3640593 -0.3787933 58 102 74 255
-0.2713892 0.5243341 -0.1082158 -0.5243084 -0.7761377 -0.3503013 60 123 98 255
-0.3321052 0.4950445 0.0173054 -0.8939445 -0.4461810 -0.0422585 65 119 92 255
-0.0428042 1.2201817 0.4816670 -0.2699245 0.4411386 0.8558841 24 56 42 255
0.0875802 0.8778434 0.6366057 -0.0563330 0.1066954 0.9926947 65 114 88 255
0.0341744 1.2718410 0.5143738 -0.1507671 -0.3846876 0.9106507 192 174 140 255
-0.3321052 0.4950445 0.0173054 -0.8939445 -0.4461810 -0.0422585 65 119 92 255
-0.4057453 0.6699782 0.1574168 -0.9851456 -0.1246033 0.1181616 124 108 77 255
-0.3620944 0.5605868 -0.0265555 -0.8508681 -0.3640593 -0.3787933 58 102 74 255
0.0256612 0.4456645 -0.1630201 -0.3818917 -0.9087349 -0.1684033 162 128 82 255
-0.0681062 0.4022843 0.0720806 -0.2791875 -0.8618640 -0.4233731 1 2 1 255
-0.2149129 0.4288435 0.0889726 -0.3904786 -0.9179953 -0.0693623 37 45 47 255
0.4251924 0.3476013 -0.3322258 0.9500113 -0.0390528 -0.3097637 1 14 26 255
0.4705725 0.1585121 -0.3605809 0.6821232 0.0577681 -0.7289519 4 9 16 255
0.3700273 0.3835022 -0.4042211 0.2798242 0.0276721 -0.9596523 11 41 33 255
-0.5807524 0.8135142 0.7123494 0.4197279 0.0468008 -0.9064426 189 172 138 255
-0.5226884 0.9215533 0.7048950 0.5711116 -0.4583026 -0.6810215 169 76 50 255
-0.4647274 0.8485851 0.7793350 0.2214930 -0.0904577 -0.9709573 190 161 116 255
-0.0779724 0.3223266 0.4819331 -0.5024799 -0.0159948 0.8644410 180 168 131 255
0.0006909 0.1560463 0.5631466 0.0422516 0.3437466 0.9381114 187 171 134 255
0.1208506 0.2256090 0.5212317 0.4018130 0.6606458 0.6341085 186 170 132 255
0.0006909 0.1560463 0.5631466 0.0422516 0.3437466 0.9381114 187 171 134 255
-0.0605655 0.0647029 0.6146975 0.1278761 -0.0621866 0.9898387 192 174 138 255
0.1782479 0.0552932 0.5116296 0.6574115 -0.5451253 0.5202391 190 172 134 255
-0.0022388 0.2020724 0.1636891 -0.1439904 -0.4797434 -0.8655130 57 103 72 255
-0.1013606 0.3660939 0.1704159 -0.7155513 -0.1220587 -0.6878139 73 108 78 255
-0.0681062 0.4022843 0.0720806 -0.2791875 -0.8618640 -0.4233731 1 2 1 255
-0.2615340 0.0912921 0.5114031 -0.3099522 0.9317452 -0.1891574 191 173 136 255
-0.2243328 0.0945169 0.6189542 -0.2074928 0.8119321 0.5456308 191 173 135 255
-0.1232240 0.1350099 0.5028648 -0.5284183 0.5190020 0.6718713 192 173 136 255
0.1817579 0.5770840 -0.3828540 -0.2926681 -0.2094940 -0.9329832 123 106 76 255
0.1453099 0.6347470 -0.4284887 0.0805241 -0.5865946 -0.8058676 77 70 51 255
0.2765536 0.6515225 -0.4081731 0.3343264 0.0330238 -0.9418787 1 11 17 255
-0.0451725 1.4492979 0.5790458 0.2462938 0.5095007 0.8244685 193 175 139 255
-0.1494370 1.3355442 0.6578732 0.4401318 0.2602366 0.8593956 190 165 124 255
-0.1136672 1.2633471 0.6404762 0.6274134 -0.2144285 0.7485804 190 166 126 255
0.2536068 0.2576028 0.1895070 0.4606470 -0.7034881 -0.5412107 0 29 48 255
0.0613134 0.0773606 0.2934461 0.2790657 -0.6963646 -0.6612100 0 10 18 255
-0.0022388 0.2020724 0.1636891 -0.1439904 -0.4797434 -0.8655130 57 103 72 255
-0.1544838 1.1681163 0.4996853 0.4244649 -0.8442189 -0.3272980 55 102 73 255
0.0341744 1.2718410 0.5143738 -0.1507671 -0.3846876 0.9106507 192 174 140 255
-0.1205637 1.1887544 0.5763483 0.4151639 -0.8676408 0.2735661 21 16 7 255
-0.3287110 0.6653902 0.3658595 -0.8534386 -0.1598070 0.4960889 18 20 22 255
-0.3246133 0.7256485 0.3177242 -0.9080653 0.0503490 0.4157912 0 19 35 255
-0.3669124 0.7451651 0.3287182 0.1419576 0.9576048 -0.2506816 1 26 45 255
-0.3246133 0.7256485 0.3177242 -0.9080653 0.0503490 0.4157912 0 19 35 255
-0.2752349 0.7179608 0.4000177 -0.5023950 0.7835799 0.3655158 46 34 24 255
-0.2313459 0.7170780 0.4560399 -0.8584744 -0.0544723 0.5099554 45 37 26 255
0.5513246 0.6896917 -0.2757235 -0.5106856 -0.7519054 0.4169394 188 169 131 255
0.6230216 0.6093560 -0.2774625 -0.6256689 -0.5699208 0.5326620 60 104 75 255
0.6564798 0.6673421 -0.1818461 -0.6472208 -0.7054201 0.2889424 57 103 70 255
-0.2752349 0.7179608 0.4000177 -0.5023950 0.7835799 0.3655158 46 34 24 255
-0.3246133 0.7256485 0.3177242 -0.9080653 0.0503490 0.4157912 0 19 35 255
-0.3287110 0.6653902 0.3658595 -0.8534386 -0.1598070 0.4960889 18 20 22 255
0.2076018 1.2419207 -0.4680204 -0.8188627 -0.4804785 -0.3140132 57 101 72 255
0.1606710 1.2589536 -0.4536180 -0.5199343 -0.4424548 -0.7306861 58 103 74 255
0.1882041 1.3282201 -0.5141029 -0.7099113 0.0070420 -0.7042559 57 102 73 255
0.3745687 0.7450568 -0.6451917 -0.1598177 0.7687397 0.6192719 176 136 81 255
0.4300921 0.7475574 -0.6589351 -0.3031855 0.5142258 0.8022782 170 90 54 255
0.4002032 0.8130053 -0.7229242 -0.4308895 0.4509366 0.7816588 37 70 52 255
-0.1258898 1.3865960 -0.1695199 -0.4714278 0.6439235 -0.6025931 61 109 80 255
0.1743093 1.4575442 -0.4219527 -0.3045673 0.6759418 -0.6710749 57 102 72 255
-0.0801349 1.4153391 -0.1941357 0.2491969 0.8354517 0.4898176 54 95 62 255
0.3804326 0.0127124 -0.3822746 0.2924347 -0.9020097 -0.3175853 190 172 135 255
0.1138654 0.0641360 -0.5011516 0.0586728 0.2402439 -0.9689378 192 169 125 255
0.3106329 0.1063899 -0.4193316 0.1741813 0.1110989 -0.9784263 190 172 136 255
-0.3601112 0.7254099 -0.1571789 -0.7016775 -0.3285332 -0.6322297 24 53 51 255
-0.3632507 0.8488070 -0.1915951 -0.7682108 0.1304742 -0.6267604 64 109 79 255
-0.1983907 0.8145053 -0.3675079 -0.5867799 -0.0434581 -0.8085794 57 119 103 255
-0.1983907 0.8145053 -0.3675079 -0.5867799 -0.0434581 -0.8085794 57 119 103 255
-0.1759140 0.5262934 -0.2660122 -0.6902989 -0.3061053 -0.6555812 183 168 138 255
-0.3601112 0.7254099 -0.1571789 -0.7016775 -0.3285332 -0.6322297 24 53 51 255
-0.3491929 1.6358833 0.1011643 -0.8690740 0.1179758 0.4804083 0 11 21 255
-0.3044467 1.7148234 0.1214447 -0.5316203 0.3269547 0.7813325 182 151 108 255
-0.3475678 1.7077372 0.0736175 -0.9135146 0.3885602 0.1204658 88 64 35 255
0.1741872 1.3097710 -0.2690430 0.0500345 -0.4869221 -0.8720111 32 88 56 255
0.1920195 1.2280086 -0.3402247 -0.6153920 -0.7882212 0.0000260 170 133 86 255
0.2596242 1.1873064 -0.3782177 -0.2433576 -0.9304696 0.2738676 189 164 121 255
-0.1136672 1.2633471 0.6404762 -0.8909494 0.0756736 -0.4477531 28 28 26 255
-0.1205637 1.1887544 0.5763483 -0.8695606 0.4909880 -0.0528685 191 173 139 255
-0.1571259 1.1664973 0.6729741 -0.9089231 0.3169546 -0.2709216 100 94 78 255
-0.2386019 1.1414400 0.5280361 0.2524124 -0.8706517 -0.4222009 66 106 77 255
-0.1544838 1.1681163 0.4996853 0.4244649 -0.8442189 -0.3272980 55 102 73 255
-0.1205637 1.1887544 0.5763483 0.6063231 -0.7619079 0.2277472 21 16 7 255
-0.1407151 0.4575382 0.2112870 0.3248029 -0.6247292 -0.7100821 60 110 83 255
-0.1924834 0.4833143 0.2707210 -0.6619953 0.7344756 -0.1493578 61 118 91 255
-0.1491406 0.4877026 0.3759904 -0.8319536 -0.0990646 0.5459299 58 100 67 255
-0.3072467 0.5283652 0.1961141 -0.5392760 -0.8344693 0.1133248 0 18 35 255
-0.2454455 0.5291218 0.3391409 -0.3286165 -0.9324747 0.1500073 62 107 76 255
-0.3205142 0.5070001 0.2539887 0.8357831 -0.5167012 -0.1857053 0 17 32 255
0.0086367 0.5768470 -0.3789883 0.1549082 -0.9663004 -0.2055898 21 83 49 255
0.1453099 0.6347470 -0.4284887 0.0805241 -0.5865946 -0.8058676 77 70 51 255
0.1817579 0.5770840 -0.3828540 -0.2926681 -0.2094940 -0.9329832 123 106 76 255
0.2790947 0.0088411 -0.2290425 -0.0590525 -0.9491888 0.3091167 185 139 90 255
0.0582407 0.0306290 -0.4466782 -0.1086552 -0.9772249 -0.1822788 193 170 125 255
0.3804326 0.0127124 -0.3822746 0.2924347 -0.9020097 -0.3175853 190 172 135 255
0.2032638 1.0588115 -0.6744809 -0.9078980 0.0820909 -0.4110745 1 30 50 255
0.2868629 1.0154909 -0.7887440 -0.1134678 0.3653015 -0.9239479 1 22 38 255
0.2003903 1.0074697 -0.6304965 -0.7142941 -0.5377762 0.4478624 1 30 51 255
0.5022068 1.2903153 -0.3728170 -0.7360580 -0.0402866 -0.6757185 1 6 9 255
0.4292212 1.2733008 -0.2922993 -0.6794018 0.2019447 -0.7054301 150 134 102 255
0.4608617 1.3698693 -0.3325229 -0.8057873 -0.2054287 -0.5554330 84 76 61 255
-0.1879079 0.1593710 0.4057808 -0.7708180 -0.1896171 0.6081817 192 173 135 255
-0.1795144 0.2699456 0.4336877 -0.8207099 0.2389353 0.5189847 193 173 135 255
-0.2129123 0.1834254 0.3965130 -0.8707328 -0.0779707 0.4855357 192 173 135 255
-0.0310793 0.4498359 -0.3472118 -0.4317152 -0.3137868 -0.8456712 174 159 122 255
-0.0114462 0.5720802 -0.4025989 -0.4047543 -0.2820812 -0.8698300 13 37 46 255
0.0086367 0.5768470 -0.3789883 0.0947776 -0.9195448 -0.3813853 16 43 43 255
-0.3287110 0.6653902 0.3658595 -0.8668455 -0.2407480 0.4365995 187 154 106 255
-0.2370334 0.4805916 0.4056420 -0.6915519 -0.2796928 0.6659790 51 96 65 255
-0.2740240 0.7218347 0.4758644 -0.5956072 -0.1824956 0.7822707 178 132 84 255
0.1168420 1.3109974 -0.4481401 -0.7925224 0.0936521 -0.6026090 57 99 68 255
0.1743093 1.4575442 -0.4219527 -0.3045673 0.6759418 -0.6710749 57 102 72 255
0.1882041 1.3282201 -0.5141029 -0.7099113 0.0070420 -0.7042559 57 102 73 255
0.4551117 0.6047666 0.5004063 0.7710592 0.1526635 0.6181923 2 28 47 255
0.5133202 1.0319970 0.3060274 0.8429154 0.3251972 0.4286496 1 31 52 255
0.3005972 0.7790166 0.6294842 0.5586338 0.1873491 0.8079782 2 28 16 255
-0.1205637 1.1887544 0.5763483 -0.8742213 0.4779152 -0.0856409 3 9 13 255
-0.1544838 1.1681163 0.4996853 -0.7524651 0.6386520 0.1609971 190 172 139 255
-0.1761370 1.1185206 0.5952206 -0.7524651 0.6386520 0.1609971 165 157 123 255
0.4067075 0.6970188 -0.3745060 -0.1001488 -0.8767504 0.4704030 70 50 29 255
0.5116231 0.6764227 -0.3422856 -0.4377725 -0.6451474 0.6262107 22 58 43 255
0.5513246 0.6896917 -0.2757235 -0.5106856 -0.7519054 0.4169394 188 169 131 255
-0.2828448 0.0851058 0.4405694 -0.4509755 0.7743121 -0.4439166 191 173 135 255
-0.3091414 0.0312525 0.4573531 -0.5218284 -0.6747702 -0.5219007 190 171 134 255
-0.2836297 0.0545326 0.5467153 -0.5893717 -0.7201339 0.3661258 190 172 134 255
0.5116231 0.6764227 -0.3422856 -0.4377725 -0.6451474 0.6262107 22 58 43 255
0.6230216 0.6093560 -0.2774625 -0.6256689 -0.5699208 0.5326620 60 104 75 255
0.5513246 0.6896917 -0.2757235 -0.5106856 -0.7519054 0.4169394 188 169 131 255
-0.2828448 0.0851058 0.4405694 -0.4509755 0.7743121 -0.4439166 191 173 135 255
-0.1202631 0.0493487 0.3853784 -0.8068011 -0.1635236 -0.5677430 188 168 131 255
-0.3091414 0.0312525 0.4573531 -0.5218284 -0.6747702 -0.5219007 190 171 134 255
-0.4057453 0.6699782 0.1574168 -0.9851456 -0.1246033 0.1181616 124 108 77 255
-0.3287110 0.6653902 0.3658595 -0.8486235 -0.2796875 0.4490132 66 115 85 255
-0.3669124 0.7451651 0.3287182 -0.9025245 -0.2797607 0.3273887 57 23 21 255
-0.0310793 0.4498359 -0.3472118 -0.4317152 -0.3137868 -0.8456712 174 159 122 255
-0.1759140 0.5262934 -0.2660122 -0.6902989 -0.3061053 -0.6555812 183 168 138 255
-0.0114462 0.5720802 -0.4025989 -0.4047543 -0.2820812 -0.8698300 13 37 46 255
-0.3592257 0.6731902 0.1687446 -0.9116583 0.3914845 0.1249762 182 151 105 255
-0.3669124 0.7451651 0.3287182 0.2020237 0.9642659 -0.1713994 32 20 24 255
-0.3246133 0.7256485 0.3177242 0.3048421 0.8739417 -0.3785463 7 31 51 255
-0.2836297 0.0545326 0.5467153 -0.5893717 -0.7201339 0.3661258 190 172 134 255
-0.2615340 0.0912921 0.5114031 -0.3099522 0.9317452 -0.1891574 191 173 136 255
-0.2828448 0.0851058 0.4405694 -0.4509755 0.7743121 -0.4439166 191 173 135 255
-0.2702157 0.9520747 0.4276743 -0.8545855 -0.1150768 0.5063999 1 65 35 255
-0.3246133 0.7256485 0.3177242 -0.9080653 0.0503490 0.4157912 0 19 35 255
-0.2313459 0.7170780 0.4560399 -0.8584744 -0.0544723 0.5099554 45 37 26 255
-0.4570661 1.2913385 0.6106219 -0.6600189 0.7453786 0.0937334 3 29 50 255
-0.4963787 1.2332849 0.6521602 -0.8148655 0.5795004 0.0131713 15 23 18 255
-0.4211586 1.3043737 0.6774240 -0.6449222 0.7097682 0.2833808 4 28 50 255
0.1442649 1.5653644 0.0599971 0.7947853 0.6041168 0.0579591 191 177 147 255
0.0580041 1.8399814 0.0302253 0.7407155 0.6609689 0.1202521 192 177 144 255
0.0089276 1.7969811 0.1709085 0.5652397 0.4229791 0.7082323 191 177 144 255
0.2770424 1.5373450 -0.2420712 0.1026275 0.9685234 -0.2267818 63 110 82 255
0.1743093 1.4575442 -0.4219527 -0.3045673 0.6759418 -0.6710749 57 102 72 255
0.1912951 1.5979063 -0.0945950 0.2998224 0.9522029 -0.0584463 53 96 65 255
-0.1800849 0.4129031 0.4336433 -0.6543539 0.1542835 0.7402820 182 162 122 255
-0.0479484 0.5404690 0.5328894 -0.6108749 -0.0243557 0.7913525 0 7 15 255
-0.1709206 0.4590754 0.3934398 -0.8023819 0.5251157 0.2836140 192 170 132 255
-0.1260095 0.2844253 0.2785039 -0.3594388 -0.9280982 -0.0971461 71 121 94 255
-0.1907229 0.4461561 0.1717486 -0.6936557 0.3493152 -0.6299369 70 107 77 255
-0.0879416 0.2280326 0.2146349 -0.5879171 -0.3823906 -0.7128330 67 118 90 255
-0.4647274 0.8485851 0.7793350 0.2214930 -0.0904577 -0.9709573 190 161 116 255
-0.4347785 0.8932851 0.7727470 0.7475110 0.3514926 -0.5636313 188 158 111 255
-0.3806677 0.8304711 0.7240076 0.5424610 0.3121855 -0.7799208 187 156 111 255
0.2186015 0.6053245 -0.4428887 0.2852686 -0.3671074 0.8853553 106 95 70 255
0.2765536 0.6515225 -0.4081731 0.0975828 -0.7408866 0.6645034 60 106 77 255
0.1453099 0.6347470 -0.4284887 0.2197517 0.0048471 0.9755437 58 98 70 255
-0.3140173 1.1589709 0.4599342 -0.1183269 -0.6965498 -0.7076844 68 117 88 255
-0.2138722 1.1816302 0.4439683 0.0416155 -0.4324379 -0.9007029 66 121 96 255
-0.2386019 1.1414400 0.5280361 0.2524124 -0.8706517 -0.4222009 66 106 77 255
0.0417695 0.4135357 -0.2225609 -0.9505631 -0.2051891 -0.2330819 68 122 97 255
0.0816355 0.2790144 -0.2412434 -0.9561654 -0.1219592 0.2662209 62 131 112 255
0.1187747 0.2359564 -0.1480813 -0.5850847 -0.4464912 0.6769946 67 125 106 255
0.4002032 0.8130053 -0.7229242 -0.4308895 0.4509366 0.7816588 37 70 52 255
0.3246353 0.8431372 -0.8048253 -0.3088905 0.7642226 0.5661716 163 32 17 255
0.3745687 0.7450568 -0.6451917 -0.1598177 0.7687397 0.6192719 176 136 81 255
0.0709839 0.5208385 -0.3898611 -0.2891397 -0.2954881 -0.9105410 53 113 92 255
-0.0114462 0.5720802 -0.4025989 -0.4047543 -0.2820812 -0.8698300 13 37 46 255
0.0151098 0.8109285 -0.4662590 -0.0082575 0.1709412 -0.9852466 9 40 52 255
0.3159370 0.4398578 0.5223908 0.6435727 -0.5286500 0.5534828 193 175 137 255
0.2708464 0.2882148 0.3568201 0.5990753 -0.7226053 0.3448917 192 173 135 255
0.4644010 0.5136525 0.2337389 0.7858007 -0.5898492 0.1859976 186 168 134 255
-0.5530264 1.0130342 0.5919657 -0.0402095 -0.4873850 -0.8722609 24 35 22 255
-0.6239476 1.0515493 0.7012882 -0.9288468 0.3622350 0.0776486 19 58 41 255
-0.4338849 1.3072872 0.5312681 -0.8400064 0.4497724 -0.3034697 2 29 48 255
-0.3634450 1.4158595 0.4289269 -0.9232092 0.3458349 -0.1675802 63 110 79 255
-0.3290870 0.9937653 0.4181504 -0.6742013 0.2540338 0.6934834 9 7 12 255
-0.2907586 1.3591681 0.3656688 0.7693592 -0.6362216 0.0575181 38 70 42 255
-0.2243328 0.0945169 0.6189542 -0.2074928 0.8119321 0.5456308 191 173 135 255
-0.2615340 0.0912921 0.5114031 -0.3099522 0.9317452 -0.1891574 191 173 136 255
-0.2836297 0.0545326 0.5467153 -0.5893717 -0.7201339 0.3661258 190 172 134 255
-0.6216137 0.8391988 0.8067408 -0.5966011 -0.3565773 0.7189714 0 19 35 255
-0.5074866 0.7722805 0.7991266 -0.0850569 -0.5612137 0.8232890 2 2 2 255
-0.5880580 0.9045239 0.8410130 -0.4490106 0.1443132 0.8817954 173 141 98 255
0.0994499 0.2110220 -0.2449689 -0.8085766 -0.5549856 0.1954353 39 72 50 255
0.0784364 0.2413493 -0.2919121 -0.3258923 -0.8539018 -0.4057658 47 76 53 255
0.1312373 0.2411824 -0.3339677 -0.8870515 -0.1463045 -0.4378752 177 35 21 255
0.1168420 1.3109974 -0.4481401 -0.8100345 0.0793024 -0.5809951 181 165 127 255
0.1606710 1.2589536 -0.4536180 0.9589854 0.1255753 -0.2541215 179 165 126 255
0.1530547 1.2364922 -0.4942694 0.9588779 0.1304983 -0.2520382 131 141 107 255
0.4292212 1.2733008 -0.2922993 0.7754253 -0.3569996 0.5208330 191 169 127 255
0.3667927 1.2294641 -0.2797608 0.2741522 -0.8539689 0.4422417 182 144 92 255
0.4747989 1.2428985 -0.4459667 0.9819145 -0.1492691 0.1164582 188 164 123 255
0.1782479 0.0552932 0.5116296 0.6574115 -0.5451253 0.5202391 190 172 134 255
-0.0605655 0.0647029 0.6146975 0.1278761 -0.0621866 0.9898387 192 174 138 255
-0.2127090 0.0486660 0.6171751 -0.1000843 -0.9274552 0.3602917 191 172 134 255
-0.0479484 0.5404690 0.5328894 -0.4837486 -0.3612891 0.7971557 1 30 15 255
-0.1881819 0.5288438 0.4202533 0.0905555 -0.9956962 0.0197166 187 159 111 255
-0.1491406 0.4877026 0.3759904 -0.9460981 0.0952703 0.3095510 189 149 97 255
0.1904025 0.1251418 -0.3749971 -0.3586861 0.4115669 -0.8378286 179 142 91 255
0.1687832 0.0816838 -0.2604513 -0.7604490 -0.1845433 0.6226243 160 23 16 255
0.1312373 0.2411824 -0.3339677 -0.8870515 -0.1463045 -0.4378752 177 35 21 255
-0.1406534 1.3513183 -0.1915488 -0.6809068 0.4752593 -0.5572204 55 101 72 255
-0.1258898 1.3865960 -0.1695199 -0.4714278 0.6439235 -0.6025931 61 109 80 255
-0.1118639 1.3988301 -0.1880336 -0.5992085 0.6382185 -0.4833491 54 95 63 255
-0.1494370 1.3355442 0.6578732 0.4401318 0.2602366 0.8593956 190 165 124 255
-0.1100302 1.4958697 0.5338840 0.2238042 0.9167662 0.3308346 193 173 135 255
-0.2157474 1.4024982 0.6556168 -0.0111388 0.7522125 0.6588263 189 163 122 255
-0.3259475 1.7201621 0.0056381 -0.9549757 0.2727574 0.1167255 1 25 42 255
-0.3234355 1.7878016 0.0123291 -0.7719309 0.6088271 -0.1828997 55 59 56 255
-0.3155560 1.7565836 -0.0527868 -0.8376772 0.1133452 -0.5342752 1 21 39 255
-0.2196114 0.1320052 0.3394203 -0.9475095 -0.3195497 -0.0106700 191 172 134 255
-0.1879079 0.1593710 0.4057808 -0.7708180 -0.1896171 0.6081817 192 173 135 255
-0.2129123 0.1834254 0.3965130 -0.8707328 -0.0779707 0.4855357 192 173 135 255
0.5200095 0.5595127 0.4249115 -0.7349306 -0.4199539 -0.5324620 0 30 50 255
0.4551117 0.6047666 0.5004063 -0.4704622 -0.6359721 -0.6117227 1 28 49 255
0.4759650 0.6342134 0.4267945 -0.6720870 -0.5376254 -0.5091740 1 29 49 255
-0.2491977 1.3857436 0.2254424 -0.7076815 0.4109907 -0.5746943 59 110 82 255
-0.0467005 1.5585409 0.3894711 -0.1754778 0.9801261 -0.0925220 71 107 77 255
-0.2002907 1.4251872 0.2560120 -0.6816913 0.7285561 -0.0671038 62 113 86 255
-0.2698414 1.4651550 0.2351208 -0.6219998 0.1852471 0.7607888 1 18 33 255
-0.0955627 1.5867152 0.2705388 0.0586793 0.1180428 0.9912731 190 167 127 255
-0.1417818 1.5796364 0.2879167 -0.4687579 0.1389198 0.8723345 170 128 90 255
0.0709839 0.5208385 -0.3898611 0.2937360 -0.0700740 0.9533146 50 54 40 255
0.1453099 0.6347470 -0.4284887 0.2197517 0.0048471 0.9755437 58 98 70 255
0.0086367 0.5768470 -0.3789883 0.1156076 -0.9272503 -0.3561485 57 100 71 255
-0.1936371 0.5546240 -0.2276039 0.7574391 -0.3043768 0.5776165 40 79 52 255
-0.1759140 0.5262934 -0.2660122 0.6353422 -0.1509796 0.7573279 42 85 52 255
-0.1049128 0.5591719 -0.3073778 0.5329158 -0.0320428 0.8455614 38 80 50 255
0.0779023 1.5615491 0.2246380 0.5580638 0.6796827 0.4760212 188 174 142 255
0.1442649 1.5653644 0.0599971 0.7947853 0.6041168 0.0579591 191 177 147 255
0.0089276 1.7969811 0.1709085 0.5652397 0.4229791 0.7082323 191 177 144 255
-0.2836297 0.0545326 0.5467153 -0.5893717 -0.7201339 0.3661258 190 172 134 255
-0.3091414 0.0312525 0.4573531 -0.5218284 -0.6747702 -0.5219007 190 171 134 255
-0.1476269 0.0000000 0.4151297 -0.1897465 -0.9818228 -0.0045068 189 169 133 255
0.2741864 1.3181073 -0.5925889 -0.6484986 0.3699106 -0.6652937 3 33 54 255
0.2092993 1.2176489 -0.6126957 -0.9567304 0.1427227 -0.2535690 2 31 51 255
0.2252493 1.2775144 -0.5807557 -0.3282633 0.3636449 -0.8717830 2 32 54 255
0.2262547 0.9146546 -0.7940049 -0.8433513 -0.1429288 -0.5180057 1 26 47 255
0.2627842 0.8029271 -0.7517724 -0.7334870 -0.6783564 -0.0427730 0 27 47 255
0.2359774 0.8270112 -0.6740446 -0.7577724 -0.4480600 0.4743661 1 31 51 255
0.0174344 1.5031833 -0.1132088 0.6604577 0.2047330 0.7224127 140 83 52 255
0.0286920 1.6656999 -0.1695585 0.6604577 0.2047330 0.7224127 140 83 52 255
-0.0148883 1.6809556 -0.1340389 0.6604577 0.2047330 0.7224127 140 83 52 255
0.0709839 0.5208385 -0.3898611 0.2937360 -0.0700740 0.9533146 50 54 40 255
0.2186015 0.6053245 -0.4428887 0.2852686 -0.3671074 0.8853553 106 95 70 255
0.1453099 0.6347470 -0.4284887 0.2197517 0.0048471 0.9755437 58 98 70 255
-0.4288018 1.2610185 0.7510118 -0.0952456 0.3540329 0.9303704 68 121 93 255
-0.3458595 1.3611247 0.6543751 -0.3497843 0.8000864 0.4873526 69 115 82 255
-0.4211586 1.3043737 0.6774240 -0.6360694 0.7253909 0.2631044 72 117 87 255
0.4300921 0.7475574 -0.6589351 0.2149131 -0.8803678 -0.4228060 193 172 134 255
0.3745687 0.7450568 -0.6451917 -0.1713851 -0.8763170 -0.4502175 191 170 132 255
0.4229300 0.7909616 -0.7529526 0.2991356 -0.6686580 -0.6807454 188 175 146 255
-0.4963787 1.2332849 0.6521602 -0.8148655 0.5795004 0.0131713 15 23 18 255
-0.6239476 1.0515493 0.7012882 -0.9288468 0.3622350 0.0776486 19 58 41 255
-0.4913409 1.2138975 0.7098269 -0.7220990 0.6095377 0.3271651 11 49 31 255
-0.5074866 0.7722805 0.7991266 -0.0850569 -0.5612137 0.8232890 2 2 2 255
-0.4497716 0.7914162 0.8252621 0.0984566 -0.4355972 0.8947410 182 150 103 255
-0.5880580 0.9045239 0.8410130 -0.4490106 0.1443132 0.8817954 173 141 98 255
-0.0955627 1.5867152 0.2705388 0.8230800 0.1685907 -0.5423253 46 35 24 255
-0.1457007 1.6918482 0.2271271 0.8230800 0.1685907 -0.5423253 84 60 39 255
-0.1041994 1.7018551 0.2932248 0.8230800 0.1685907 -0.5423253 92 61 31 255
0.5464013 0.6298366 0.3548388 0.8609655 0.1386026 0.4894157 0 3 5 255
0.6137302 0.5712405 0.2543893 0.8653569 0.2422301 0.4387278 1 27 45 255
0.6241188 0.6480614 0.1914849 0.9125184 0.1180585 0.3916277 0 21 36 255
-0.3010669 1.4658175 -0.0951509 -0.3395508 0.8326678 -0.4374581 64 114 84 255
-0.2080803 1.4127878 -0.1812410 -0.3141426 -0.0896896 -0.9451297 47 82 50 255
-0.3869398 1.4530700 -0.0300088 -0.8202201 0.2780974 -0.4999009 62 104 73 255
-0.0955627 1.5867152 0.2705388 0.0586793 0.1180428 0.9912731 190 167 127 255
-0.2002907 1.4251872 0.2560120 -0.4807737 0.5557382 0.6782417 1 21 37 255
0.0015037 1.5337323 0.2705951 0.2201959 0.2466854 0.9437478 161 107 59 255
-0.0955627 1.5867152 0.2705388 0.0586793 0.1180428 0.9912731 190 167 127 255
-0.2698414 1.4651550 0.2351208 -0.6219998 0.1852471 0.7607888 1 18 33 255
-0.2002907 1.4251872 0.2560120 -0.4807737 0.5557382 0.6782417 1 21 37 255
-0.2127090 0.0486660 0.6171751 -0.1000843 -0.9274552 0.3602917 191 172 134 255
-0.0605655 0.0647029 0.6146975 0.1278761 -0.0621866 0.9898387 192 174 138 255
-0.2243328 0.0945169 0.6189542 -0.2074928 0.8119321 0.5456308 191 173 135 255
-0.3592257 0.6731902 0.1687446 -0.9116583 0.3914845 0.1249762 182 151 105 255
-0.3246133 0.7256485 0.3177242 -0.9080653 0.0503490 0.4157912 0 19 35 255
-0.3746889 0.9453593 0.2011118 -0.9418808 -0.0810282 0.3260291 187 158 112 255
-0.3246133 0.7256485 0.3177242 -0.9080653 0.0503490 0.4157912 0 19 35 255
-0.2702157 0.9520747 0.4276743 -0.8545855 -0.1150768 0.5063999 1 65 35 255
-0.3093419 0.9836263 0.3703580 -0.9208692 -0.0807618 0.3814149 0 25 15 255
-0.1232240 0.1350099 0.5028648 -0.5284183 0.5190020 0.6718713 192 173 136 255
-0.0605655 0.0647029 0.6146975 0.1278761 -0.0621866 0.9898387 192 174 138 255
0.0006909 0.1560463 0.5631466 0.0422516 0.3437466 0.9381114 187 171 134 255
0.1782479 0.0552932 0.5116296 0.6574115 -0.5451253 0.5202391 190 172 134 255
-0.1476269 0.0000000 0.4151297 -0.1897465 -0.9818228 -0.0045068 189 169 133 255
0.0666437 0.0114157 0.3250160 0.1600085 -0.8664304 -0.4729649 192 170 130 255
-0.0428042 1.2201817 0.4816670 -0.2699245 0.4411386 0.8558841 24 56 42 255
-0.0881810 0.7509957 0.6107321 -0.4487148 0.0423410 0.8926715 56 106 72 255
0.0875802 0.8778434 0.6366057 -0.0563330 0.1066954 0.9926947 65 114 88 255
0.4747989 1.2428985 -0.4459667 0.9819145 -0.1492691 0.1164582 188 164 123 255
0.4144552 1.0827629 -0.6893268 0.7955687 0.3475104 -0.4962932 2 30 50 255
0.4240217 1.3095645 -0.6094637 0.6393122 0.4350284 -0.6340584 3 3 4 255
0.3734195 0.9898015 -0.6191616 0.1062931 -0.6216946 0.7760140 95 103 83 255
0.3555708 0.9441003 -0.7193632 -0.1116797 -0.5801116 0.8068446 67 112 88 255
0.4494691 0.9488747 -0.6552811 -0.4740606 -0.4238099 0.7717847 59 121 101 255
-0.2702157 0.9520747 0.4276743 -0.8545855 -0.1150768 0.5063999 1 65 35 255
-0.2313459 0.7170780 0.4560399 -0.8584744 -0.0544723 0.5099554 45 37 26 255
-0.2567196 0.8622180 0.4558148 0.1567231 -0.1450690 -0.9769303 0 38 20 255
0.6775222 0.6563424 0.0167222 0.9938038 0.1028406 0.0421660 2 25 43 255
0.6464114 0.8721634 0.0635433 0.9286275 0.3292478 0.1710170 0 7 16 255
0.6241188 0.6480614 0.1914849 0.9125184 0.1180585 0.3916277 0 21 36 255
-0.4086018 0.9855249 0.2680573 -0.9166899 0.3077092 0.2549402 1 30 53 255
-0.3290870 0.9937653 0.4181504 -0.6901097 0.1984288 0.6959702 1 23 40 255
-0.3616259 1.1626556 0.1323333 -0.9573547 0.2802408 -0.0702645 28 23 27 255
0.1061223 0.2544227 -0.2555733 -0.6801266 0.6465020 -0.3456345 40 71 52 255
0.1312373 0.2411824 -0.3339677 -0.8870515 -0.1463045 -0.4378752 177 35 21 255
0.0784364 0.2413493 -0.2919121 -0.5336983 0.8389533 0.1064118 27 63 50 255
0.3555708 0.9441003 -0.7193632 -0.1116797 -0.5801116 0.8068446 67 112 88 255
0.3734195 0.9898015 -0.6191616 0.1062931 -0.6216946 0.7760140 95 103 83 255
0.3522327 0.8526197 -0.7375245 -0.0179844 -0.6101120 0.7921112 55 106 80 255
-0.3112869 1.5319798 -0.0902424 -0.6584820 -0.5268726 -0.5374074 1 26 45 255
-0.2270763 1.4744980 -0.0458765 -0.6477448 -0.5171641 0.5594354 1 19 34 255
-0.1980245 1.4807567 0.0379529 -0.3938791 -0.8608866 -0.3220771 1 20 35 255
-0.2921696 0.5073600 0.0346575 0.9897161 -0.1428460 -0.0075687 1 29 50 255
-0.2981009 0.4238970 0.0942173 0.9906526 -0.1359993 -0.0105653 1 29 50 255
-0.3321052 0.4950445 0.0173054 -0.9128885 -0.4055828 -0.0462281 1 28 49 255
0.4820256 0.1635241 -0.2112403 0.9814967 0.1897128 0.0259499 190 173 137 255
0.4645047 0.0669593 -0.1281486 0.2850043 -0.8110358 0.5108753 151 147 112 255
0.5082514 0.0630849 -0.2470236 0.9217653 -0.3100867 -0.2327984 190 172 136 255
0.0582407 0.0306290 -0.4466782 -0.1086552 -0.9772249 -0.1822788 193 170 125 255
0.0090470 0.0303793 -0.3325386 -0.4752581 -0.7584153 0.4460223 187 162 111 255
0.0476046 0.0742056 -0.4162097 -0.5296047 0.7560755 -0.3845372 189 166 118 255
-0.3149631 1.4685412 0.4717436 -0.3448614 0.9243574 0.1631996 61 103 73 255
-0.2157474 1.4024982 0.6556168 -0.0491386 0.7488001 0.6609719 73 106 76 255
-0.1100302 1.4958697 0.5338840 0.0489921 0.8787008 0.4748524 75 106 76 255
-0.3230066 1.2612274 0.0312986 -0.8990033 0.3315824 -0.2860878 3 29 52 255
-0.2912714 1.3296854 0.1688275 0.4438354 0.7555541 0.4818171 10 42 26 255
-0.2846558 1.2737684 -0.0407090 -0.8345452 -0.5507314 -0.0151457 6 30 51 255
0.1100047 0.2014276 0.4304299 -0.2080483 0.9775957 -0.0319771 187 170 133 255
0.1150379 0.1960999 0.4856057 0.7392183 0.4064451 0.5369905 189 172 133 255
0.1276574 0.2143064 0.3209033 0.7853198 0.5788207 0.2196345 190 171 133 255
-0.1653280 1.2553950 0.4370370 -0.3798881 -0.4475349 -0.8095663 67 126 102 255
-0.3178127 1.2178784 0.4222445 -0.7074507 0.2388727 -0.6651717 68 124 98 255
-0.3798277 1.1885150 0.4608812 -0.3220477 0.9170422 -0.2351997 68 126 102 255
-0.3746889 0.9453593 0.2011118 -0.9418808 -0.0810282 0.3260291 187 158 112 255
-0.3707619 0.9781520 0.2406726 0.1676752 -0.9856139 -0.0212239 172 84 48 255
-0.4274406 0.9301472 0.1836519 0.2126986 -0.9301316 0.2993567 187 157 110 255
0.2536068 0.2576028 0.1895070 0.5273203 -0.5789833 -0.6218614 184 165 128 255
0.4644010 0.5136525 0.2337389 0.7858007 -0.5898492 0.1859976 186 168 134 255
0.2708464 0.2882148 0.3568201 0.5990753 -0.7226053 0.3448917 192 173 135 255
-0.3702624 1.2572982 0.4002194 -0.3130499 -0.3637072 -0.8773351 67 122 99 255
-0.3178127 1.2178784 0.4222445 -0.2614658 -0.5926256 -0.7618599 69 127 108 255
-0.4160554 1.2599865 0.4524188 -0.8165215 -0.4338675 -0.3808565 67 122 96 255
-0.2237213 1.8831437 -0.0480342 -0.1214252 0.9772513 0.1738844 167 152 115 255
-0.2483056 1.8362226 -0.0030527 -0.4524227 0.8911207 -0.0348930 184 159 119 255
-0.1723514 1.8291901 0.1257930 -0.4367478 0.6517739 0.6200340 189 173 139 255
0.1276574 0.2143064 0.3209033 0.7853198 0.5788207 0.2196345 190 171 133 255
0.1150379 0.1960999 0.4856057 0.7392183 0.4064451 0.5369905 189 172 133 255
0.1782479 0.0552932 0.5116296 0.6574115 -0.5451253 0.5202391 190 172 134 255
-0.0148883 1.6809556 -0.1340389 0.3209463 0.1559563 -0.9341688 143 150 115 255
-0.0733366 1.8166809 -0.1230874 0.1499786 0.4984374 -0.8538541 190 174 140 255
0.0422201 1.7807601 -0.0754251 0.7569230 0.3856913 -0.5275507 169 163 130 255
-0.2491977 1.3857436 0.2254424 -0.6558734 0.5846394 0.4775217 29 75 54 255
-0.3326588 1.3230378 0.1652431 -0.8705271 0.4099541 0.2722502 19 61 41 255
-0.3290870 0.9937653 0.4181504 -0.6901097 0.1984288 0.6959702 1 23 40 255
0.1276574 0.2143064 0.3209033 0.7853198 0.5788207 0.2196345 190 171 133 255
0.1782479 0.0552932 0.5116296 0.6574115 -0.5451253 0.5202391 190 172 134 255
0.1941557 0.1856872 0.2664461 0.9553429 -0.2692110 0.1218417 186 155 112 255
-0.0467005 1.5585409 0.3894711 -0.1754778 0.9801261 -0.0925220 71 107 77 255
0.0015037 1.5337323 0.2705951 -0.0613750 0.9642516 -0.2577827 62 113 84 255
-0.2002907 1.4251872 0.2560120 -0.6816913 0.7285561 -0.0671038 62 113 86 255
-0.1936371 0.5546240 -0.2276039 -0.4033595 -0.8292994 -0.3867347 193 175 137 255
-0.0472569 0.4808913 -0.2518601 -0.2361014 -0.8704129 -0.4320157 190 171 133 255
-0.2149129 0.4288435 0.0889726 -0.3904786 -0.9179953 -0.0693623 37 45 47 255
0.1379344 0.4440972 -0.3846560 -0.5575517 0.0413333 -0.8291125 191 173 135 255
0.0878842 0.4740000 -0.3123159 -0.5672556 -0.6767965 -0.4692202 192 172 133 255
0.0568399 0.4882844 -0.3132553 -0.8579987 0.3142628 -0.4062968 135 95 63 255
0.2708464 0.2882148 0.3568201 0.5990753 -0.7226053 0.3448917 192 173 135 255
0.1941557 0.1856872 0.2664461 0.7982213 -0.5551216 0.2338430 193 175 138 255
0.2536068 0.2576028 0.1895070 0.5273203 -0.5789833 -0.6218614 184 165 128 255
-0.1759140 0.5262934 -0.2660122 0.6353422 -0.1509796 0.7573279 42 85 52 255
-0.0310793 0.4498359 -0.3472118 0.5155319 0.0362536 0.8561030 38 81 51 255
-0.1049128 0.5591719 -0.3073778 0.5329158 -0.0320428 0.8455614 38 80 50 255
0.1904025 0.1251418 -0.3749971 -0.3586861 0.4115669 -0.8378286 179 142 91 255
0.3106329 0.1063899 -0.4193316 0.1741813 0.1110989 -0.9784263 190 172 136 255
0.1138654 0.0641360 -0.5011516 0.0586728 0.2402439 -0.9689378 192 169 125 255
-0.2912714 1.3296854 0.1688275 0.4438354 0.7555541 0.4818171 10 42 26 255
-0.3230066 1.2612274 0.0312986 -0.8990033 0.3315824 -0.2860878 3 29 52 255
-0.3326588 1.3230378 0.1652431 -0.8705271 0.4099541 0.2722502 19 61 41 255
0.2790947 0.0088411 -0.2290425 -0.0590525 -0.9491888 0.3091167 185 139 90 255
0.0090470 0.0303793 -0.3325386 -0.4752581 -0.7584153 0.4460223 187 162 111 255
0.0582407 0.0306290 -0.4466782 -0.1086552 -0.9772249 -0.1822788 193 170 125 255
-0.2149129 0.4288435 0.0889726 -0.3904786 -0.9179953 -0.0693623 37 45 47 255
-0.1407151 0.4575382 0.2112870 0.3248029 -0.6247292 -0.7100821 60 110 83 255
-0.1491406 0.4877026 0.3759904 -0.8319536 -0.0990646 0.5459299 58 100 67 255
-0.1661141 0.3810123 0.3897433 -0.8695208 -0.4520665 -0.1989203 192 171 133 255
-0.2129123 0.1834254 0.3965130 -0.8707328 -0.0779707 0.4855357 192 173 135 255
-0.1795144 0.2699456 0.4336877 -0.8207099 0.2389353 0.5189847 193 173 135 255
-0.3632507 0.8488070 -0.1915951 -0.7682108 0.1304742 -0.6267604 64 109 79 255
-0.4131377 0.9119934 -0.0528097 -0.8952167 0.3170640 -0.3131413 1 30 53 255
-0.2473447 1.2089798 -0.2126231 -0.8548836 0.2883731 -0.4312946 56 103 73 255
0.1387508 1.2347031 -0.4091969 -0.5356097 -0.8434970 0.0404350 182 152 105 255
0.2076018 1.2419207 -0.4680204 -0.8083839 -0.5801753 -0.0995594 191 167 125 255
0.1920195 1.2280086 -0.3402247 -0.6153920 -0.7882212 0.0000260 170 133 86 255
-0.0779724 0.3223266 0.4819331 -0.5024799 -0.0159948 0.8644410 180 168 131 255
0.1134732 0.3721970 0.5431285 0.1472909 -0.7083989 0.6902727 188 169 130 255
0.0800076 0.5553124 0.5915813 -0.1182836 -0.1821818 0.9761243 190 160 118 255
-0.2846558 1.2737684 -0.0407090 -0.8345452 -0.5507314 -0.0151457 6 30 51 255
-0.2344542 1.3002182 -0.1001272 -0.1602382 0.8341284 0.5277819 61 114 86 255
-0.2845235 1.2902908 -0.0993099 -0.7633165 0.4988747 -0.4104533 3 33 55 255
0.3804326 0.0127124 -0.3822746 0.2924347 -0.9020097 -0.3175853 190 172 135 255
0.0582407 0.0306290 -0.4466782 -0.1086552 -0.9772249 -0.1822788 193 170 125 255
0.1138654 0.0641360 -0.5011516 0.0586728 0.2402439 -0.9689378 192 169 125 255
-0.2138722 1.1816302 0.4439683 0.0416155 -0.4324379 -0.9007029 66 121 96 255
-0.3140173 1.1589709 0.4599342 -0.1183269 -0.6965498 -0.7076844 68 117 88 255
-0.1653280 1.2553950 0.4370370 -0.3798881 -0.4475349 -0.8095663 67 126 102 255
0.3719459 1.3139358 -0.1637912 0.4970346 0.0414166 -0.8667418 1 27 46 255
0.4722168 1.2541595 -0.1464777 0.8059749 0.5585224 -0.1961054 1 30 51 255
0.1741872 1.3097710 -0.2690430 0.1311139 0.1564555 -0.9789438 1 26 44 255
-0.2473447 1.2089798 -0.2126231 -0.8548836 0.2883731 -0.4312946 56 103 73 255
-0.1452172 1.1676514 -0.3349376 -0.5190570 0.2408490 -0.8201047 52 99 66 255
-0.3632507 0.8488070 -0.1915951 -0.7682108 0.1304742 -0.6267604 64 109 79 255
-0.4003837 1.3411156 -0.0203633 -0.8659862 -0.4314182 -0.2528759 79 30 19 255
-0.2080803 1.4127878 -0.1812410 -0.3141426 -0.0896896 -0.9451297 47 82 50 255
-0.2344542 1.3002182 -0.1001272 -0.3834769 -0.5149208 -0.7666824 58 110 82 255
0.3257506 0.9099954 -0.8410130 0.0827340 0.1395591 -0.9867514 0 17 31 255
0.4382081 0.9046392 -0.7873340 0.5593042 -0.0556838 -0.8270901 183 164 132 255
0.3246353 0.8431372 -0.8048253 -0.1882949 -0.8029341 -0.5655458 2 21 36 255
0.0700071 0.5196549 -0.2741303 -0.3105418 -0.6464078 -0.6969368 190 171 133 255
-0.0472569 0.4808913 -0.2518601 -0.2361014 -0.8704129 -0.4320157 190 171 133 255
0.0086367 0.5768470 -0.3789883 0.2128830 -0.9251547 -0.3142762 181 167 133 255
-0.2080803 1.4127878 -0.1812410 -0.3141426 -0.0896896 -0.9451297 47 82 50 255
-0.3112869 1.5319798 -0.0902424 -0.6584864 -0.5268551 -0.5374193 64 109 75 255
-0.2918921 1.6189102 -0.1267519 -0.6567492 -0.0035745 -0.7541005 64 112 79 255
0.0476046 0.0742056 -0.4162097 -0.5296047 0.7560755 -0.3845372 189 166 118 255
0.1904025 0.1251418 -0.3749971 -0.3586861 0.4115669 -0.8378286 179 142 91 255
0.1138654 0.0641360 -0.5011516 0.0586728 0.2402439 -0.9689378 192 169 125 255
0.4935129 0.7772298 -0.6517124 -0.5473421 0.2119622 0.8096226 138 19 13 255
0.4477944 0.8585625 -0.7039137 -0.5365505 -0.0496376 0.8424070 53 101 73 255
0.4300921 0.7475574 -0.6589351 -0.3031855 0.5142258 0.8022782 170 90 54 255
-0.2740240 0.7218347 0.4758644 0.0115232 -0.1740875 -0.9846628 39 81 51 255
-0.3290870 0.9937653 0.4181504 0.1278500 -0.2047290 -0.9704332 140 83 52 255
-0.2567196 0.8622180 0.4558148 -0.1854593 -0.1939699 -0.9633175 40 79 52 255
0.1817579 0.5770840 -0.3828540 -0.2926681 -0.2094940 -0.9329832 123 106 76 255
0.1379344 0.4440972 -0.3846560 -0.5575517 0.0413333 -0.8291125 191 173 135 255
0.0568399 0.4882844 -0.3132553 -0.8579987 0.3142628 -0.4062968 135 95 63 255
-0.3112869 1.5319798 -0.0902424 -0.6584820 -0.5268726 -0.5374074 1 26 45 255
-0.3923743 1.5236109 -0.0292220 -0.7868457 -0.5773339 -0.2180811 1 19 32 255
-0.3818266 1.5994389 -0.0803709 -0.4781045 0.0591517 -0.8763087 3 23 41 255
-0.5226884 0.9215533 0.7048950 0.5711116 -0.4583026 -0.6810215 169 76 50 255
-0.6322825 0.8491246 0.6822758 0.4792343 -0.7930653 -0.3760076 191 175 142 255
-0.5992110 0.9766739 0.5650148 0.8403412 -0.4837613 -0.2445435 193 170 129 255
0.2937758 1.2328007 -0.6706953 -0.1554987 0.4975493 -0.8533845 3 31 53 255
0.4240217 1.3095645 -0.6094637 0.6393122 0.4350284 -0.6340584 3 3 4 255
0.2868629 1.0154909 -0.7887440 -0.1134678 0.3653015 -0.9239479 1 22 38 255
-0.1202631 0.0493487 0.3853784 -0.8385369 -0.0490138 -0.5426359 0 3 11 255
0.0029926 0.0690499 0.3200607 -0.1547287 -0.7898608 -0.5934467 175 152 114 255
-0.1009865 0.0805231 0.3975945 0.4570500 -0.5549675 0.6950659 45 86 72 255
0.1167352 1.5345993 -0.0498028 -0.5056497 0.8069969 0.3050810 194 176 140 255
0.2469630 1.5174499 0.0742311 0.8801745 0.4722399 -0.0477733 193 177 143 255
0.1912951 1.5979063 -0.0945950 0.2315119 0.9602686 -0.1558410 193 176 139 255
0.3060107 0.8226308 -0.7024064 0.7531864 -0.0043048 -0.6577929 0 26 44 255
0.2627842 0.8029271 -0.7517724 0.7525375 -0.0036289 -0.6585394 0 27 46 255
0.2973385 0.8789383 -0.7127051 0.5547285 -0.6784176 0.4816908 0 26 45 255
-0.3112869 1.5319798 -0.0902424 -0.6584820 -0.5268726 -0.5374074 1 26 45 255
-0.3010669 1.4658175 -0.0951509 -0.5366628 -0.1445629 0.8313211 0 26 45 255
-0.2270763 1.4744980 -0.0458765 -0.6477448 -0.5171641 0.5594354 1 19 34 255
0.3734195 0.9898015 -0.6191616 0.1062931 -0.6216946 0.7760140 95 103 83 255
0.4136727 1.0496673 -0.6327286 0.8812709 -0.1018843 0.4614988 2 24 42 255
0.3543103 1.2003123 -0.3620400 0.2741010 -0.8391643 0.4697573 192 166 125 255
-0.3112869 1.5319798 -0.0902424 -0.6584820 -0.5268726 -0.5374074 1 26 45 255
-0.3291106 1.4938501 -0.0680079 0.0702066 -0.9965872 -0.0434144 0 25 42 255
-0.3923743 1.5236109 -0.0292220 -0.7868457 -0.5773339 -0.2180811 1 19 32 255
-0.3234355 1.7878016 0.0123291 -0.7718589 0.6089005 -0.1829594 191 172 137 255
-0.2483056 1.8362226 -0.0030527 -0.4524372 0.8911104 -0.0349688 189 171 135 255
-0.2657640 1.7704482 -0.1371012 -0.3808517 0.6365100 -0.6706765 192 174 139 255
0.4889944 0.8473088 -0.5766654 -0.4595066 -0.7955499 -0.3949102 55 99 74 255
0.4494691 0.9488747 -0.6552811 -0.4740606 -0.4238099 0.7717847 59 121 101 255
0.4952765 0.8828939 -0.6556630 -0.7717131 -0.5671469 0.2877555 58 106 79 255
-0.2918921 1.6189102 -0.1267519 -0.6567492 -0.0035745 -0.7541005 64 112 79 255
-0.3149691 1.6759145 -0.0562644 -0.5670428 0.2651026 -0.7798609 66 115 81 255
-0.3041925 1.6855844 -0.1193533 -0.7088701 -0.0527342 -0.7033650 65 115 84 255
-0.3149691 1.6759145 -0.0562644 -0.5670702 0.2650889 -0.7798455 2 24 41 255
-0.3818266 1.5994389 -0.0803709 -0.4781045 0.0591517 -0.8763087 3 23 41 255
-0.3817718 1.6593926 -0.0412455 -0.8088850 0.5873033 0.0279244 1 25 42 255
0.0700071 0.5196549 -0.2741303 -0.9600386 0.0390456 -0.2771303 4 51 24 255
0.0086367 0.5768470 -0.3789883 0.1549082 -0.9663004 -0.2055898 21 83 49 255
0.1817579 0.5770840 -0.3828540 -0.2926681 -0.2094940 -0.9329832 123 106 76 255
-0.3155560 1.7565836 -0.0527868 -0.8376708 0.1133265 -0.5342889 192 174 138 255
-0.2657640 1.7704482 -0.1371012 -0.3808517 0.6365100 -0.6706765 192 174 139 255
-0.2206030 1.6853504 -0.1520562 -0.1262082 0.1434481 -0.9815773 190 172 137 255
0.0666437 0.0114157 0.3250160 0.1600085 -0.8664304 -0.4729649 192 170 130 255
0.0029926 0.0690499 0.3200607 -0.1150585 -0.8500717 -0.5139452 190 166 125 255
0.0613134 0.0773606 0.2934461 -0.0887141 -0.4933791 -0.8652784 192 169 129 255
0.3243468 0.6532723 -0.4267001 0.1296022 0.0851436 -0.9879039 62 119 102 255
0.4819427 0.8709327 -0.3842430 0.4472746 0.2800213 -0.8494313 47 81 58 255
0.4229245 0.5949437 -0.4356389 0.4017493 0.0837096 -0.9119157 51 88 66 255
0.4240217 1.3095645 -0.6094637 0.6393122 0.4350284 -0.6340584 3 3 4 255
0.4144552 1.0827629 -0.6893268 0.7955687 0.3475104 -0.4962932 2 30 50 255
0.2868629 1.0154909 -0.7887440 -0.1134678 0.3653015 -0.9239479 1 22 38 255
0.0174344 1.5031833 -0.1132088 -0.5954840 0.7528360 -0.2804223 68 122 100 255
0.1912951 1.5979063 -0.0945950 0.2998224 0.9522029 -0.0584463 53 96 65 255
-0.1258898 1.3865960 -0.1695199 -0.4714278 0.6439235 -0.6025931 61 109 80 255
-0.0779724 0.3223266 0.4819331 -0.5024799 -0.0159948 0.8644410 180 168 131 255
0.1208506 0.2256090 0.5212317 0.4018130 0.6606458 0.6341085 186 170 132 255
0.0891311 0.2829697 0.3576922 0.7583237 -0.2269282 0.6111045 185 171 134 255
0.0151098 0.8109285 -0.4662590 -0.0082575 0.1709412 -0.9852466 9 40 52 255
0.1741872 1.3097710 -0.2690430 0.1764006 -0.5065864 -0.8439509 191 176 140 255
0.4819427 0.8709327 -0.3842430 0.4472746 0.2800213 -0.8494313 47 81 58 255
0.0174344 1.5031833 -0.1132088 -0.5954840 0.7528360 -0.2804223 68 122 100 255
-0.1258898 1.3865960 -0.1695199 -0.4714278 0.6439235 -0.6025931 61 109 80 255
-0.0123508 1.5552345 -0.1650448 0.2621545 -0.0661040 -0.9627593 66 124 101 255
-0.4282460 0.9377572 0.0828233 -0.1255735 -0.9853595 0.1153162 186 146 99 255
-0.3671618 0.8969079 -0.0466495 -0.9524460 -0.1800905 -0.2457930 190 163 121 255
-0.3901227 0.9290574 0.0910997 -0.9848540 -0.1674063 0.0451431 191 159 114 255
-0.3610044 1.4592145 0.0886788 -0.9019074 0.0150696 0.4316665 62 82 58 255
-0.2938893 1.4594132 0.0733104 0.0027728 0.9171801 0.3984633 67 111 80 255
-0.3465631 1.4827911 0.0198646 -0.1303409 0.9911529 0.0250403 64 108 78 255
0.1912951 1.5979063 -0.0945950 0.2998224 0.9522029 -0.0584463 53 96 65 255
0.1743093 1.4575442 -0.4219527 -0.3045673 0.6759418 -0.6710749 57 102 72 255
-0.1258898 1.3865960 -0.1695199 -0.4714278 0.6439235 -0.6025931 61 109 80 255
-0.3044467 1.7148234 0.1214447 -0.5316203 0.3269547 0.7813325 182 151 108 255
-0.3234806 1.7815545 0.0957346 -0.6567189 0.6205540 0.4285243 143 112 72 255
-0.3259475 1.7201621 0.0056381 -0.9549757 0.2727574 0.1167255 1 25 42 255
-0.3290870 0.9937653 0.4181504 -0.7177855 0.2161068 0.6618775 10 73 42 255
-0.3093419 0.9836263 0.3703580 -0.9208692 -0.0807618 0.3814149 0 25 15 255
-0.2702157 0.9520747 0.4276743 -0.8545855 -0.1150768 0.5063999 1 65 35 255
-0.5226884 0.9215533 0.7048950 0.5711116 -0.4583026 -0.6810215 169 76 50 255
-0.5530264 1.0130342 0.5919657 -0.0252354 -0.4683626 -0.8831758 63 62 34 255
-0.4356623 0.9671951 0.7504368 0.8013979 -0.5927890 0.0797653 34 87 60 255
0.6241188 0.6480614 0.1914849 0.9125184 0.1180585 0.3916277 0 21 36 255
0.6561584 0.5814235 0.1343970 0.9349998 0.1967946 0.2950379 1 27 46 255
0.6775222 0.6563424 0.0167222 0.9938038 0.1028406 0.0421660 2 25 43 255
-0.1232240 0.1350099 0.5028648 -0.5284183 0.5190020 0.6718713 192 173 136 255
-0.1202631 0.0493487 0.3853784 -0.6746347 -0.7233348 0.1471558 194 174 136 255
-0.2615340 0.0912921 0.5114031 -0.3099522 0.9317452 -0.1891574 191 173 136 255
-0.0861773 0.5361615 0.5173607 -0.5239118 -0.2857005 0.8024285 3 17 8 255
-0.2370334 0.4805916 0.4056420 -0.7015818 -0.2454715 0.6689743 51 96 65 255
-0.0669789 0.4416900 0.5333128 -0.5983311 0.0136784 0.8011321 9 18 9 255
0.0286920 1.6656999 -0.1695585 -0.0642785 -0.0314375 -0.9974367 61 128 110 255
-0.0123508 1.5552345 -0.1650448 0.2621545 -0.0661040 -0.9627593 66 124 101 255
-0.0148883 1.6809556 -0.1340389 0.3093328 0.1767039 -0.9343923 63 129 112 255
-0.1457007 1.6918482 0.2271271 -0.4150426 0.3556549 0.8374063 180 152 114 255
-0.1723514 1.8291901 0.1257930 -0.4367478 0.6517739 0.6200340 189 173 139 255
-0.2698414 1.4651550 0.2351208 -0.6219998 0.1852471 0.7607888 1 18 33 255
-0.0881810 0.7509957 0.6107321 -0.4291303 0.0136477 0.9031395 190 163 120 255
-0.2740240 0.7218347 0.4758644 -0.5956072 -0.1824956 0.7822707 178 132 84 255
-0.0861773 0.5361615 0.5173607 -0.5230591 -0.2744494 0.8068995 3 17 8 255
0.1435235 0.3269111 -0.2188387 -0.7985878 -0.4774496 -0.3664690 25 57 37 255
0.0417695 0.4135357 -0.2225609 -0.8450879 -0.0449283 -0.5327363 180 138 103 255
0.0878842 0.4740000 -0.3123159 -0.5672556 -0.6767965 -0.4692202 192 172 133 255
-0.4347785 0.8932851 0.7727470 0.7475110 0.3514926 -0.5636313 188 158 111 255
-0.5226884 0.9215533 0.7048950 0.5711116 -0.4583026 -0.6810215 169 76 50 255
-0.4356623 0.9671951 0.7504368 0.8013979 -0.5927890 0.0797653 34 87 60 255
0.3700273 0.3835022 -0.4042211 0.2798242 0.0276721 -0.9596523 11 41 33 255
0.4705725 0.1585121 -0.3605809 0.6821232 0.0577681 -0.7289519 4 9 16 255
0.3106329 0.1063899 -0.4193316 0.1741813 0.1110989 -0.9784263 190 172 136 255
0.1912951 1.5979063 -0.0945950 0.2315119 0.9602686 -0.1558410 193 176 139 255
0.4139004 1.4510440 -0.1942840 0.7470298 0.6635857 0.0400047 191 171 136 255
0.2770424 1.5373450 -0.2420712 0.4337133 0.8898435 0.1416731 193 175 139 255
0.4421589 0.1402742 -0.3561378 0.6450896 -0.0951590 -0.7581584 159 61 35 255
0.3804326 0.0127124 -0.3822746 0.2924347 -0.9020097 -0.3175853 190 172 135 255
0.3106329 0.1063899 -0.4193316 0.1741813 0.1110989 -0.9784263 190 172 136 255
-0.4356623 0.9671951 0.7504368 0.8013979 -0.5927890 0.0797653 34 87 60 255
-0.5254745 1.0307609 0.8004088 -0.1735191 0.2882231 0.9417105 55 98 68 255
-0.4776816 0.9203274 0.8373837 0.3157660 0.2773851 0.9073860 172 131 83 255
-0.0881810 0.7509957 0.6107321 -0.4291303 0.0136477 0.9031395 190 163 120 255
-0.0861773 0.5361615 0.5173607 -0.5230591 -0.2744494 0.8068995 3 17 8 255
-0.0479484 0.5404690 0.5328894 -0.4837486 -0.3612891 0.7971557 1 30 15 255
-0.0123508 1.5552345 -0.1650448 0.2621545 -0.0661040 -0.9627593 66 124 101 255
0.0286920 1.6656999 -0.1695585 -0.0642785 -0.0314375 -0.9974367 61 128 110 255
0.0174344 1.5031833 -0.1132088 -0.5954840 0.7528360 -0.2804223 68 122 100 255
-0.1457007 1.6918482 0.2271271 -0.4150426 0.3556549 0.8374063 180 152 114 255
-0.1259494 1.8434970 0.1926546 0.0326370 0.8324862 0.5530837 188 173 139 255
-0.1723514 1.8291901 0.1257930 -0.4367478 0.6517739 0.6200340 189 173 139 255
-0.1661141 0.3810123 0.3897433 -0.9497928 0.3073171 -0.0587350 67 129 106 255
-0.1924834 0.4833143 0.2707210 -0.6619953 0.7344756 -0.1493578 61 118 91 255
-0.1260095 0.2844253 0.2785039 -0.3594388 -0.9280982 -0.0971461 71 121 94 255
0.1379344 0.4440972 -0.3846560 -0.5575517 0.0413333 -0.8291125 191 173 135 255
0.1817579 0.5770840 -0.3828540 -0.2926681 -0.2094940 -0.9329832 123 106 76 255
0.2427883 0.4702788 -0.4282022 -0.1851860 0.0268856 -0.9823356 191 175 143 255
0.3719459 1.3139358 -0.1637912 0.2477818 -0.7495241 0.6138549 11 50 23 255
0.3667927 1.2294641 -0.2797608 0.2741522 -0.8539689 0.4422417 182 144 92 255
0.4472735 1.2106864 -0.3546906 0.4311613 -0.7107508 0.5558175 186 159 111 255
-0.1494370 1.3355442 0.6578732 0.2947237 0.2838417 0.9124537 31 71 45 255
-0.2157474 1.4024982 0.6556168 -0.0432110 0.7006239 0.7122212 31 71 45 255
-0.4288018 1.2610185 0.7510118 -0.1547711 0.4256558 0.8915510 42 33 36 255
0.0174344 1.5031833 -0.1132088 -0.5954840 0.7528360 -0.2804223 68 122 100 255
0.1167352 1.5345993 -0.0498028 -0.2787719 0.7582076 0.5894128 57 115 89 255
0.1912951 1.5979063 -0.0945950 0.2998224 0.9522029 -0.0584463 53 96 65 255
-0.0400217 1.2792557 -0.3090439 -0.2789024 0.3070678 -0.9099027 0 13 26 255
-0.1452172 1.1676514 -0.3349376 -0.5190570 0.2408490 -0.8201047 52 99 66 255
-0.1168623 1.2656511 -0.2640138 -0.5296606 0.5174584 -0.6720837 23 53 41 255
0.0709839 0.5208385 -0.3898611 0.2937360 -0.0700740 0.9533146 50 54 40 255
0.1763155 0.5534910 -0.4579473 0.5536466 -0.6148370 0.5616500 192 177 142 255
0.2186015 0.6053245 -0.4428887 0.2852686 -0.3671074 0.8853553 106 95 70 255
0.2536068 0.2576028 0.1895070 0.5273203 -0.5789833 -0.6218614 184 165 128 255
0.4327946 0.4911457 0.1603622 0.5335870 -0.8180105 0.2148114 183 154 111 255
0.4644010 0.5136525 0.2337389 0.7858007 -0.5898492 0.1859976 186 168 134 255
-0.0027919 0.4814782 0.5603452 -0.3742342 -0.2823293 0.8833113 189 166 125 255
0.0800076 0.5553124 0.5915813 -0.1543063 -0.1824659 0.9710282 187 168 130 255
-0.0881810 0.7509957 0.6107321 -0.4487148 0.0423410 0.8926715 56 106 72 255
-0.2657640 1.7704482 -0.1371012 -0.3808517 0.6365100 -0.6706765 192 174 139 255
-0.0733366 1.8166809 -0.1230874 0.1499786 0.4984374 -0.8538541 190 174 140 255
-0.2206030 1.6853504 -0.1520562 -0.1262082 0.1434481 -0.9815773 190 172 137 255
0.0816355 0.2790144 -0.2412434 -0.9561654 -0.1219592 0.2662209 62 131 112 255
0.1061223 0.2544227 -0.2555733 -0.4211963 0.8114712 -0.4051027 63 128 109 255
0.0994499 0.2110220 -0.2449689 -0.8326238 -0.5061184 0.2249039 65 117 104 255
-0.6239476 1.0515493 0.7012882 -0.9288468 0.3622350 0.0776486 19 58 41 255
-0.4288018 1.2610185 0.7510118 -0.1547711 0.4256558 0.8915510 42 33 36 255
-0.4913409 1.2138975 0.7098269 -0.7220990 0.6095377 0.3271651 11 49 31 255
0.4747989 1.2428985 -0.4459667 0.9819145 -0.1492691 0.1164582 188 164 123 255
0.3667927 1.2294641 -0.2797608 0.2741522 -0.8539689 0.4422417 182 144 92 255
0.3543103 1.2003123 -0.3620400 0.2741010 -0.8391643 0.4697573 192 166 125 255
0.0700071 0.5196549 -0.2741303 -0.9600386 0.0390456 -0.2771303 4 51 24 255
0.0568399 0.4882844 -0.3132553 -0.8579987 0.3142628 -0.4062968 135 95 63 255
0.0417695 0.4135357 -0.2225609 -0.8450879 -0.0449283 -0.5327363 180 138 103 255
-0.1800849 0.4129031 0.4336433 -0.6543539 0.1542835 0.7402820 182 162 122 255
-0.0779724 0.3223266 0.4819331 -0.5024799 -0.0159948 0.8644410 180 168 131 255
-0.0479484 0.5404690 0.5328894 -0.6108749 -0.0243557 0.7913525 0 7 15 255
0.1387508 1.2347031 -0.4091969 -0.6696554 -0.7327115 0.1212254 186 164 125 255
0.1530547 1.2364922 -0.4942694 0.9588779 0.1304983 -0.2520382 131 141 107 255
0.1606710 1.2589536 -0.4536180 0.9589854 0.1255753 -0.2541215 179 165 126 255
-0.2206030 1.6853504 -0.1520562 -0.1262082 0.1434481 -0.9815773 190 172 137 255
-0.3041925 1.6855844 -0.1193533 0.0662235 0.9845307 0.1622153 192 174 139 255
-0.3149691 1.6759145 -0.0562644 -0.5670834 0.2651273 -0.7798231 192 174 139 255
0.2429228 1.0945682 0.5609312 0.4426774 0.3418971 0.8289409 58 105 69 255
0.0875802 0.8778434 0.6366057 -0.0563330 0.1066954 0.9926947 65 114 88 255
0.3005972 0.7790166 0.6294842 0.5586338 0.1873491 0.8079782 2 28 16 255
0.2092993 1.2176489 -0.6126957 -0.9567304 0.1427227 -0.2535690 2 31 51 255
0.2362728 1.1591491 -0.6874771 -0.6147298 0.3809154 -0.6906597 2 30 50 255
0.2032638 1.0588115 -0.6744809 -0.9078980 0.0820909 -0.4110745 1 30 50 255
-0.0733366 1.8166809 -0.1230874 0.1499786 0.4984374 -0.8538541 190 174 140 255
-0.2657640 1.7704482 -0.1371012 -0.3808517 0.6365100 -0.6706765 192 174 139 255
-0.1396070 1.8458062 -0.0573273 -0.1607986 0.7870898 -0.5955111 188 171 136 255
0.0800076 0.5553124 0.5915813 -0.1543063 -0.1824659 0.9710282 187 168 130 255
0.1972592 0.4900634 0.6130943 -0.1446649 0.0655680 0.9873058 187 166 127 255
0.2651551 0.5755496 0.6173663 0.0382919 -0.1614722 0.9861341 40 42 39 255
-0.4274406 0.9301472 0.1836519 0.2126986 -0.9301316 0.2993567 187 157 110 255
-0.3707619 0.9781520 0.2406726 0.1676752 -0.9856139 -0.0212239 172 84 48 255
-0.4086018 0.9855249 0.2680573 0.2022155 -0.8389236 0.5052881 177 127 82 255
-0.0310793 0.4498359 -0.3472118 0.5155319 0.0362536 0.8561030 38 81 51 255
0.0086367 0.5768470 -0.3789883 0.0675956 -0.9064710 -0.4168228 31 71 45 255
-0.1049128 0.5591719 -0.3073778 0.5329158 -0.0320428 0.8455614 38 80 50 255
-0.3465631 1.4827911 0.0198646 -0.1303409 0.9911529 0.0250403 64 108 78 255
-0.1980245 1.4807567 0.0379529 -0.0064801 0.9996799 0.0244547 68 113 79 255
-0.3010669 1.4658175 -0.0951509 -0.3395508 0.8326678 -0.4374581 64 114 84 255
0.4722168 1.2541595 -0.1464777 0.8059749 0.5585224 -0.1961054 1 30 51 255
0.5133202 1.0319970 0.3060274 0.8429154 0.3251972 0.4286496 1 31 52 255
0.6464114 0.8721634 0.0635433 0.9286275 0.3292478 0.1710170 0 7 16 255
0.6137302 0.5712405 0.2543893 -0.8142070 -0.3891070 -0.4308860 8 28 24 255
0.5586553 0.6635030 0.2751288 -0.7186821 -0.5603100 -0.4117630 2 29 50 255
0.6241188 0.6480614 0.1914849 -0.7962254 -0.4889102 -0.3563592 0 21 38 255
0.4329388 1.4521405 -0.4387703 0.4813593 0.8765217 0.0016551 183 154 113 255
0.2770424 1.5373450 -0.2420712 0.4337133 0.8898435 0.1416731 193 175 139 255
0.4302859 1.4495805 -0.3518696 0.6713932 0.7410584 -0.0079715 191 165 124 255
-0.5254745 1.0307609 0.8004088 -0.1735191 0.2882231 0.9417105 55 98 68 255
-0.2716630 1.1340603 0.7549863 0.4910321 -0.2675126 0.8290504 86 131 104 255
-0.4288018 1.2610185 0.7510118 -0.1547711 0.4256558 0.8915510 42 33 36 255
-0.5880580 0.9045239 0.8410130 -0.4490106 0.1443132 0.8817954 173 141 98 255
-0.4497716 0.7914162 0.8252621 0.0984566 -0.4355972 0.8947410 182 150 103 255
-0.4776816 0.9203274 0.8373837 0.3157660 0.2773851 0.9073860 172 131 83 255
-0.2370334 0.4805916 0.4056420 0.5983378 -0.0136337 -0.8011279 170 154 115 255
-0.0861814 0.5361380 0.5173635 0.6199104 -0.1257099 -0.7745373 57 108 79 255
-0.0669789 0.4416900 0.5333128 0.5983378 -0.0136337 -0.8011279 58 99 67 255
0.2429228 1.0945682 0.5609312 0.4426774 0.3418971 0.8289409 58 105 69 255
0.2828608 1.3717033 0.4018655 0.7280677 0.5173563 0.4497330 191 171 137 255
-0.0451725 1.4492979 0.5790458 0.2462938 0.5095007 0.8244685 193 175 139 255
0.6452782 0.6638372 0.0066323 0.8115979 -0.5326532 0.2399779 15 45 49 255
0.4327946 0.4911457 0.1603622 0.5335870 -0.8180105 0.2148114 183 154 111 255
0.4772644 0.3116309 -0.0867715 0.8281825 -0.4921151 0.2682100 0 30 50 255
-0.0472569 0.4808913 -0.2518601 -0.2361014 -0.8704129 -0.4320157 190 171 133 255
-0.1936371 0.5546240 -0.2276039 -0.4033595 -0.8292994 -0.3867347 193 175 137 255
-0.1049128 0.5591719 -0.3073778 -0.3735561 -0.7035419 -0.6045532 187 170 134 255
-0.4177585 1.3342839 0.4268088 -0.8084702 0.2267979 -0.5430825 66 113 86 255
-0.3634450 1.4158595 0.4289269 -0.9232092 0.3458349 -0.1675802 63 110 79 255
-0.2907586 1.3591681 0.3656688 0.7693592 -0.6362216 0.0575181 38 70 42 255
0.0140600 1.3640662 -0.2957740 -0.0700710 0.1639533 -0.9839764 54 95 62 255
-0.0400217 1.2792557 -0.3090439 -0.2789024 0.3070678 -0.9099027 0 13 26 255
-0.1087215 1.3836838 -0.2546988 -0.2632433 0.7755872 -0.5737311 62 111 83 255
0.1167352 1.5345993 -0.0498028 0.7476069 0.2539035 -0.6136913 191 174 139 255
0.0422201 1.7807601 -0.0754251 0.7569230 0.3856913 -0.5275507 169 163 130 255
0.1442649 1.5653644 0.0599971 0.7947853 0.6041168 0.0579591 191 177 147 255
-0.6239476 1.0515493 0.7012882 -0.9288468 0.3622350 0.0776486 19 58 41 255
-0.5880580 0.9045239 0.8410130 -0.4490106 0.1443132 0.8817954 173 141 98 255
-0.5254745 1.0307609 0.8004088 -0.1735191 0.2882231 0.9417105 55 98 68 255
-0.2149129 0.4288435 0.0889726 -0.3904786 -0.9179953 -0.0693623 37 45 47 255
-0.2454455 0.5291218 0.3391409 -0.3286165 -0.9324747 0.1500073 62 107 76 255
-0.3072467 0.5283652 0.1961141 -0.5392760 -0.8344693 0.1133248 0 18 35 255
-0.6916847 0.9006967 0.7119350 -0.9922650 0.1148500 0.0471104 4 31 51 255
-0.5880580 0.9045239 0.8410130 -0.4490106 0.1443132 0.8817954 173 141 98 255
-0.6239476 1.0515493 0.7012882 -0.9288468 0.3622350 0.0776486 19 58 41 255
0.0151098 0.8109285 -0.4662590 -0.0082575 0.1709412 -0.9852466 9 40 52 255
-0.0114462 0.5720802 -0.4025989 -0.4047543 -0.2820812 -0.8698300 13 37 46 255
-0.1983907 0.8145053 -0.3675079 -0.5867799 -0.0434581 -0.8085794 57 119 103 255
-0.2454455 0.5291218 0.3391409 -0.3286165 -0.9324747 0.1500073 62 107 76 255
-0.1491406 0.4877026 0.3759904 -0.8319536 -0.0990646 0.5459299 58 100 67 255
-0.1881819 0.5288438 0.4202533 -0.4335776 -0.8960000 -0.0958875 66 110 78 255
0.1741872 1.3097710 -0.2690430 0.0500345 -0.4869221 -0.8720111 32 88 56 255
0.2760677 1.2098527 -0.3014107 -0.2602364 -0.7699757 0.5825929 188 161 116 255
0.3719459 1.3139358 -0.1637912 0.2477818 -0.7495241 0.6138549 11 50 23 255
-0.1795144 0.2699456 0.4336877 -0.8207099 0.2389353 0.5189847 193 173 135 255
-0.1800849 0.4129031 0.4336433 -0.6543539 0.1542835 0.7402820 182 162 122 255
-0.1661141 0.3810123 0.3897433 -0.8695208 -0.4520665 -0.1989203 192 171 133 255
0.2741864 1.3181073 -0.5925889 -0.6484986 0.3699106 -0.6652937 3 33 54 255
0.2937758 1.2328007 -0.6706953 -0.1554987 0.4975493 -0.8533845 3 31 53 255
0.2362728 1.1591491 -0.6874771 -0.6147298 0.3809154 -0.6906597 2 30 50 255
0.2770424 1.5373450 -0.2420712 0.4337133 0.8898435 0.1416731 193 175 139 255
0.4139004 1.4510440 -0.1942840 0.7470298 0.6635857 0.0400047 191 171 136 255
0.4302859 1.4495805 -0.3518696 0.6713932 0.7410584 -0.0079715 191 165 124 255
0.6916847 0.5999651 -0.0667243 -0.8212533 -0.5700274 0.0247389 55 41 25 255
0.6775222 0.6563424 0.0167222 -0.3393483 -0.8051649 0.4863665 20 24 24 255
0.6452782 0.6638372 0.0066323 0.8167652 -0.5241755 0.2411115 86 61 37 255
-0.3091414 0.0312525 0.4573531 -0.5218284 -0.6747702 -0.5219007 190 171 134 255
-0.1202631 0.0493487 0.3853784 -0.8068011 -0.1635236 -0.5677430 188 168 131 255
-0.1476269 0.0000000 0.4151297 -0.1897465 -0.9818228 -0.0045068 189 169 133 255
-0.3746889 0.9453593 0.2011118 -0.9418808 -0.0810282 0.3260291 187 158 112 255
-0.4282460 0.9377572 0.0828233 -0.1255735 -0.9853595 0.1153162 186 146 99 255
-0.3901227 0.9290574 0.0910997 -0.9848540 -0.1674063 0.0451431 191 159 114 255
-0.5160809 0.7770119 0.7518826 0.3415956 0.6149683 -0.7107226 190 168 129 255
-0.5807524 0.8135142 0.7123494 0.4197279 0.0468008 -0.9064426 189 172 138 255
-0.4647274 0.8485851 0.7793350 0.2214930 -0.0904577 -0.9709573 190 161 116 255
0.3243468 0.6532723 -0.4267001 0.1296022 0.0851436 -0.9879039 62 119 102 255
0.0151098 0.8109285 -0.4662590 -0.0082575 0.1709412 -0.9852466 9 40 52 255
0.4819427 0.8709327 -0.3842430 0.4472746 0.2800213 -0.8494313 47 81 58 255
-0.3093419 0.9836263 0.3703580 0.7433006 -0.6587353 -0.1164997 188 168 130 255
-0.3733211 0.9148497 0.3510480 0.5225322 -0.8184124 -0.2390845 152 100 68 255
-0.3707619 0.9781520 0.2406726 0.1720769 -0.9847553 -0.0254270 189 170 133 255
0.6564798 0.6673421 -0.1818461 0.8970653 0.1411274 -0.4187563 1 24 41 255
0.6775222 0.6563424 0.0167222 0.9938038 0.1028406 0.0421660 2 25 43 255
0.6916847 0.5999651 -0.0667243 0.9327193 0.3517638 -0.0793529 0 28 46 255
-0.1795144 0.2699456 0.4336877 -0.8207099 0.2389353 0.5189847 193 173 135 255
-0.0779724 0.3223266 0.4819331 -0.5024799 -0.0159948 0.8644410 180 168 131 255
-0.1800849 0.4129031 0.4336433 -0.6543539 0.1542835 0.7402820 182 162 122 255
0.3243468 0.6532723 -0.4267001 -0.0441669 -0.6830856 0.7290016 151 115 62 255
0.4067075 0.6970188 -0.3745060 -0.1001488 -0.8767504 0.4704030 70 50 29 255
0.2765536 0.6515225 -0.4081731 0.0975828 -0.7408866 0.6645034 60 106 77 255
0.0151098 0.8109285 -0.4662590 -0.0082575 0.1709412 -0.9852466 9 40 52 255
0.2186015 0.6053245 -0.4428887 0.1699760 0.0567774 -0.9838113 65 124 104 255
0.1763155 0.5534910 -0.4579473 -0.2330411 -0.1757033 -0.9564623 60 108 88 255
-0.3150125 0.7451680 0.4268422 0.1699780 0.9000327 -0.4013084 152 100 68 255
-0.2740240 0.7218347 0.4758644 -0.6009430 -0.2122939 0.7705835 189 168 131 255
-0.2313459 0.7170780 0.4560399 -0.0744104 0.7062931 -0.7039979 190 170 133 255
-0.1709206 0.4590754 0.3934398 -0.7603772 0.5885113 0.2747380 66 126 103 255
-0.1491406 0.4877026 0.3759904 -0.8319536 -0.0990646 0.5459299 58 100 67 255
-0.1924834 0.4833143 0.2707210 -0.6619953 0.7344756 -0.1493578 61 118 91 255
-0.3806677 0.8304711 0.7240076 0.5424610 0.3121855 -0.7799208 187 156 111 255
-0.3818836 0.7943148 0.7699180 0.7810162 -0.6226460 -0.0482235 184 152 106 255
-0.4647274 0.8485851 0.7793350 0.2214930 -0.0904577 -0.9709573 190 161 116 255
0.0006909 0.1560463 0.5631466 0.0422516 0.3437466 0.9381114 187 171 134 255
0.1782479 0.0552932 0.5116296 0.6574115 -0.5451253 0.5202391 190 172 134 255
0.1150379 0.1960999 0.4856057 0.7392183 0.4064451 0.5369905 189 172 133 255
-0.3326588 1.3230378 0.1652431 -0.8705271 0.4099541 0.2722502 19 61 41 255
-0.2002907 1.4251872 0.2560120 -0.6596521 0.7501875 -0.0455853 22 68 49 255
-0.2912714 1.3296854 0.1688275 0.4438354 0.7555541 0.4818171 10 42 26 255
0.4139004 1.4510440 -0.1942840 0.7470298 0.6635857 0.0400047 191 171 136 255
0.3719459 1.3139358 -0.1637912 0.4970346 0.0414166 -0.8667418 1 27 46 255
0.4292212 1.2733008 -0.2922993 0.8651521 -0.2262976 0.4475503 85 93 66 255
0.3246353 0.8431372 -0.8048253 -0.1883395 -0.8029354 -0.5655291 28 54 45 255
0.4002032 0.8130053 -0.7229242 -0.4308895 0.4509366 0.7816588 37 70 52 255
0.3522327 0.8526197 -0.7375245 -0.0179844 -0.6101120 0.7921112 55 106 80 255
0.4983723 0.8581519 -0.7226348 0.8099472 -0.2409407 -0.5347272 184 145 119 255
0.5020957 0.9208543 -0.6995177 0.8477194 0.0880445 -0.5230870 127 36 27 255
0.5230548 0.8327514 -0.6183915 0.9120614 -0.2047625 -0.3552693 189 178 150 255
-0.3818266 1.5994389 -0.0803709 -0.4781045 0.0591517 -0.8763087 3 23 41 255
-0.3149691 1.6759145 -0.0562644 -0.5670702 0.2650889 -0.7798455 2 24 41 255
-0.3112869 1.5319798 -0.0902424 -0.6584820 -0.5268726 -0.5374074 1 26 45 255
-0.5488722 0.7362783 0.7753019 -0.2655497 -0.8927584 0.3639585 0 0 0 255
-0.4629192 0.7282199 0.6814046 -0.1798541 -0.9692147 0.1681530 101 101 86 255
-0.4299710 0.7527800 0.7366848 0.2554384 -0.8669974 0.4278627 175 152 112 255
0.2760677 1.2098527 -0.3014107 -0.2602364 -0.7699757 0.5825929 188 161 116 255
0.3667927 1.2294641 -0.2797608 0.2741522 -0.8539689 0.4422417 182 144 92 255
0.3719459 1.3139358 -0.1637912 0.2477818 -0.7495241 0.6138549 11 50 23 255
0.1379344 0.4440972 -0.3846560 -0.5575517 0.0413333 -0.8291125 191 173 135 255
0.1937637 0.4090742 -0.3936028 -0.1418401 -0.7144732 -0.6851346 194 176 141 255
0.0878842 0.4740000 -0.3123159 -0.5672556 -0.6767965 -0.4692202 192 172 133 255
-0.2370334 0.4805916 0.4056420 -0.6915519 -0.2796928 0.6659790 51 96 65 255
-0.3287110 0.6653902 0.3658595 -0.8668455 -0.2407480 0.4365995 187 154 106 255
-0.3205142 0.5070001 0.2539887 -0.9170573 -0.3386144 0.2105851 1 63 35 255
-0.5488722 0.7362783 0.7753019 -0.2655497 -0.8927584 0.3639585 0 0 0 255
-0.6472318 0.7934964 0.7224078 -0.6630690 -0.7470915 -0.0468375 0 11 20 255
-0.4629192 0.7282199 0.6814046 -0.1798541 -0.9692147 0.1681530 101 101 86 255
-0.6426148 0.8369596 0.5921555 -0.7543125 -0.3104644 -0.5784674 2 26 45 255
-0.5824752 0.7796728 0.6202583 -0.7205322 -0.6714309 0.1732451 0 25 43 255
-0.6322825 0.8491246 0.6822758 0.4458176 -0.8166852 -0.3664316 2 23 41 255
0.0700071 0.5196549 -0.2741303 -0.9600386 0.0390456 -0.2771303 4 51 24 255
0.1817579 0.5770840 -0.3828540 -0.2926681 -0.2094940 -0.9329832 123 106 76 255
0.0568399 0.4882844 -0.3132553 -0.8579987 0.3142628 -0.4062968 135 95 63 255
0.4139004 1.4510440 -0.1942840 0.7470298 0.6635857 0.0400047 191 171 136 255
0.4608617 1.3698693 -0.3325229 0.9771456 0.1579500 0.1422617 191 166 127 255
0.4874213 1.3920692 -0.4185719 0.9023741 0.3841374 0.1953446 182 152 109 255
-0.1491406 0.4877026 0.3759904 -0.9460981 0.0952703 0.3095510 189 149 97 255
-0.1709206 0.4590754 0.3934398 -0.7996799 0.5921354 0.0994373 189 170 132 255
-0.0479484 0.5404690 0.5328894 -0.4837486 -0.3612891 0.7971557 1 30 15 255
-0.5488722 0.7362783 0.7753019 -0.2655497 -0.8927584 0.3639585 0 0 0 255
-0.6216137 0.8391988 0.8067408 -0.5966011 -0.3565773 0.7189714 0 19 35 255
-0.6472318 0.7934964 0.7224078 -0.6630690 -0.7470915 -0.0468375 0 11 20 255
-0.2206030 1.6853504 -0.1520562 -0.1203846 0.1382171 -0.9830583 66 121 96 255
-0.2918921 1.6189102 -0.1267519 -0.6567492 -0.0035745 -0.7541005 64 112 79 255
-0.3041925 1.6855844 -0.1193533 -0.7088701 -0.0527342 -0.7033650 65 115 84 255
-0.2713892 0.5243341 -0.1082158 -0.6157220 -0.6784689 -0.4007073 191 173 136 255
-0.1936371 0.5546240 -0.2276039 -0.4033595 -0.8292994 -0.3867347 193 175 137 255
-0.2149129 0.4288435 0.0889726 -0.3904786 -0.9179953 -0.0693623 37 45 47 255
0.5200095 0.5595127 0.4249115 0.8027372 0.2418712 0.5450791 172 132 91 255
0.5464013 0.6298366 0.3548388 0.8609655 0.1386026 0.4894157 0 3 5 255
0.4551117 0.6047666 0.5004063 0.7710592 0.1526635 0.6181923 2 28 47 255
-0.3818836 0.7943148 0.7699180 0.7810162 -0.6226460 -0.0482235 184 152 106 255
-0.4497716 0.7914162 0.8252621 0.0984566 -0.4355972 0.8947410 182 150 103 255
-0.4299710 0.7527800 0.7366848 0.2554384 -0.8669974 0.4278627 175 152 112 255
-0.4497716 0.7914162 0.8252621 0.0984566 -0.4355972 0.8947410 182 150 103 255
-0.3818836 0.7943148 0.7699180 0.7810162 -0.6226460 -0.0482235 184 152 106 255
-0.3930645 0.8709054 0.8381138 0.7679908 0.2729185 0.5794010 182 149 101 255
0.4747989 1.2428985 -0.4459667 0.9819145 -0.1492691 0.1164582 188 164 123 255
0.3543103 1.2003123 -0.3620400 0.2741010 -0.8391643 0.4697573 192 166 125 255
0.4136727 1.0496673 -0.6327286 0.8812709 -0.1018843 0.4614988 2 24 42 255
-0.0479484 0.5404690 0.5328894 -0.6108749 -0.0243557 0.7913525 0 7 15 255
-0.0779724 0.3223266 0.4819331 -0.5024799 -0.0159948 0.8644410 180 168 131 255
0.0800076 0.5553124 0.5915813 -0.1182836 -0.1821818 0.9761243 190 160 118 255
0.0878842 0.4740000 -0.3123159 -0.5672556 -0.6767965 -0.4692202 192 172 133 255
0.0417695 0.4135357 -0.2225609 -0.8450879 -0.0449283 -0.5327363 180 138 103 255
0.0568399 0.4882844 -0.3132553 -0.8579987 0.3142628 -0.4062968 135 95 63 255
-0.4299710 0.7527800 0.7366848 0.2554384 -0.8669974 0.4278627 175 152 112 255
-0.4497716 0.7914162 0.8252621 0.0984566 -0.4355972 0.8947410 182 150 103 255
-0.5074866 0.7722805 0.7991266 -0.0850569 -0.5612137 0.8232890 2 2 2 255
-0.0879416 0.2280326 0.2146349 -0.5879171 -0.3823906 -0.7128330 67 118 90 255
-0.0022388 0.2020724 0.1636891 -0.1439904 -0.4797434 -0.8655130 57 103 72 255
-0.2036211 0.0927114 0.2956114 -0.5003236 -0.6604571 -0.5598863 20 3 1 255
-0.2237213 1.8831437 -0.0480342 -0.3312809 -0.5567256 -0.7617805 55 41 26 255
-0.1396070 1.8458062 -0.0573273 -0.1608679 0.7871205 -0.5954519 55 41 25 255
-0.2483056 1.8362226 -0.0030527 -0.3312809 -0.5567256 -0.7617805 90 59 29 255
-0.4086018 0.9855249 0.2680573 -0.9080774 0.3399369 0.2446187 190 170 133 255
-0.3707619 0.9781520 0.2406726 0.1720769 -0.9847553 -0.0254270 189 170 133 255
-0.3733211 0.9148497 0.3510480 0.5225322 -0.8184124 -0.2390845 152 100 68 255
0.2262547 0.9146546 -0.7940049 -0.8433513 -0.1429288 -0.5180057 1 26 47 255
0.3257506 0.9099954 -0.8410130 0.0827340 0.1395591 -0.9867514 0 17 31 255
0.3246353 0.8431372 -0.8048253 -0.1882949 -0.8029341 -0.5655458 2 21 36 255
-0.3424988 0.6710847 -0.0258913 -0.9307990 0.3495263 -0.1069797 114 95 71 255
-0.3154817 0.7480328 -0.1491175 -0.9253713 0.3543537 0.1346158 1 4 5 255
-0.3896887 0.7503494 -0.0606022 -0.4387806 0.8078985 0.3934103 0 3 6 255
0.2262547 0.9146546 -0.7940049 -0.8433513 -0.1429288 -0.5180057 1 26 47 255
0.2868629 1.0154909 -0.7887440 -0.1134678 0.3653015 -0.9239479 1 22 38 255
0.3257506 0.9099954 -0.8410130 0.0827340 0.1395591 -0.9867514 0 17 31 255
0.1187747 0.2359564 -0.1480813 -0.5850847 -0.4464912 0.6769946 67 125 106 255
0.0816355 0.2790144 -0.2412434 -0.9561654 -0.1219592 0.2662209 62 131 112 255
0.0994499 0.2110220 -0.2449689 -0.8326238 -0.5061184 0.2249039 65 117 104 255
-0.5160809 0.7770119 0.7518826 0.3415956 0.6149683 -0.7107226 190 168 129 255
-0.4647274 0.8485851 0.7793350 0.2214930 -0.0904577 -0.9709573 190 161 116 255
-0.4299710 0.7527800 0.7366848 0.0970017 0.5758010 -0.8118151 189 161 120 255
0.2627804 0.0829580 -0.1439161 -0.2510082 -0.5890492 0.7681249 51 75 55 255
0.0994499 0.2110220 -0.2449689 -0.8326238 -0.5061184 0.2249039 65 117 104 255
0.1687832 0.0816838 -0.2604513 -0.8995048 -0.2095771 0.3833651 62 112 83 255
-0.3610044 1.4592145 0.0886788 -0.8636525 0.0326711 0.5030279 0 10 19 255
-0.2698414 1.4651550 0.2351208 -0.6219998 0.1852471 0.7607888 1 18 33 255
-0.3491929 1.6358833 0.1011643 -0.8690740 0.1179758 0.4804083 0 11 21 255
0.1687832 0.0816838 -0.2604513 -0.7604490 -0.1845433 0.6226243 160 23 16 255
0.0090470 0.0303793 -0.3325386 -0.4752581 -0.7584153 0.4460223 187 162 111 255
0.2790947 0.0088411 -0.2290425 -0.0590525 -0.9491888 0.3091167 185 139 90 255
-0.5530264 1.0130342 0.5919657 -0.0252354 -0.4683626 -0.8831758 63 62 34 255
-0.4038181 1.2236056 0.4880767 -0.3779515 -0.3746920 -0.8466159 97 104 90 255
-0.2386019 1.1414400 0.5280361 0.3286104 -0.8460057 -0.4198686 56 117 95 255
0.0891311 0.2829697 0.3576922 0.7583237 -0.2269282 0.6111045 185 171 134 255
0.1208506 0.2256090 0.5212317 0.4018130 0.6606458 0.6341085 186 170 132 255
0.1100047 0.2014276 0.4304299 -0.2080483 0.9775957 -0.0319771 187 170 133 255
-0.5226884 0.9215533 0.7048950 0.5711116 -0.4583026 -0.6810215 169 76 50 255
-0.4347785 0.8932851 0.7727470 0.7475110 0.3514926 -0.5636313 188 158 111 255
-0.4647274 0.8485851 0.7793350 0.2214930 -0.0904577 -0.9709573 190 161 116 255
0.1150379 0.1960999 0.4856057 0.7392183 0.4064451 0.5369905 189 172 133 255
0.1100047 0.2014276 0.4304299 -0.2080483 0.9775957 -0.0319771 187 170 133 255
0.1208506 0.2256090 0.5212317 0.4018130 0.6606458 0.6341085 186 170 132 255
-0.3155560 1.7565836 -0.0527868 -0.8376708 0.1133265 -0.5342889 192 174 138 255
-0.2206030 1.6853504 -0.1520562 -0.1262082 0.1434481 -0.9815773 190 172 137 255
-0.3149691 1.6759145 -0.0562644 -0.5670834 0.2651273 -0.7798231 192 174 139 255
0.4136727 1.0496673 -0.6327286 0.8812709 -0.1018843 0.4614988 2 24 42 255
0.4265075 1.0375738 -0.7596641 0.5333083 0.5642605 -0.6302320 56 108 88 255
0.4144552 1.0827629 -0.6893268 0.7955687 0.3475104 -0.4962932 2 30 50 255
0.1379344 0.4440972 -0.3846560 -0.5575517 0.0413333 -0.8291125 191 173 135 255
0.2427883 0.4702788 -0.4282022 -0.1851860 0.0268856 -0.9823356 191 175 143 255
0.1937637 0.4090742 -0.3936028 -0.1418401 -0.7144732 -0.6851346 194 176 141 255
0.3243468 0.6532723 -0.4267001 -0.0441669 -0.6830856 0.7290016 151 115 62 255
0.4229245 0.5949437 -0.4356389 -0.2941313 -0.5250381 0.7986374 20 17 8 255
0.4067075 0.6970188 -0.3745060 -0.1001488 -0.8767504 0.4704030 70 50 29 255
0.4229300 0.7909616 -0.7529526 0.2991356 -0.6686580 -0.6807454 188 175 146 255
0.3246353 0.8431372 -0.8048253 -0.1882949 -0.8029341 -0.5655458 2 21 36 255
0.4382081 0.9046392 -0.7873340 0.5593042 -0.0556838 -0.8270901 183 164 132 255
-0.1259494 1.8434970 0.1926546 0.0326370 0.8324862 0.5530837 188 173 139 255
0.0580041 1.8399814 0.0302253 0.7407155 0.6609689 0.1202521 192 177 144 255
-0.0598519 1.8736167 -0.0033669 0.1331707 0.9870198 -0.0897625 191 176 142 255
-0.3491929 1.6358833 0.1011643 -0.8690740 0.1179758 0.4804083 0 11 21 255
-0.3753595 1.5499442 0.0527525 -0.9279705 0.0729608 0.3654414 0 15 27 255
-0.3610044 1.4592145 0.0886788 -0.8636525 0.0326711 0.5030279 0 10 19 255
-0.1087215 1.3836838 -0.2546988 -0.2632433 0.7755872 -0.5737311 62 111 83 255
-0.0801349 1.4153391 -0.1941357 0.2491969 0.8354517 0.4898176 54 95 62 255
0.0140600 1.3640662 -0.2957740 -0.0700710 0.1639533 -0.9839764 54 95 62 255
0.2427883 0.4702788 -0.4282022 -0.1851860 0.0268856 -0.9823356 191 175 143 255
0.2765536 0.6515225 -0.4081731 0.3343264 0.0330238 -0.9418787 1 11 17 255
0.3700273 0.3835022 -0.4042211 0.2798242 0.0276721 -0.9596523 11 41 33 255
0.1904025 0.1251418 -0.3749971 -0.3586861 0.4115669 -0.8378286 179 142 91 255
0.3700273 0.3835022 -0.4042211 0.2798242 0.0276721 -0.9596523 11 41 33 255
0.3106329 0.1063899 -0.4193316 0.1741813 0.1110989 -0.9784263 190 172 136 255
0.0772758 0.4128854 0.0612192 0.2384820 -0.6990521 -0.6741309 0 0 0 255
0.1291020 0.4249723 -0.0076771 -0.3852330 -0.7260616 0.5695877 151 135 109 255
0.4327946 0.4911457 0.1603622 0.5220270 -0.8177834 0.2423187 50 89 65 255
-0.3616259 1.1626556 0.1323333 -0.9573547 0.2802408 -0.0702645 28 23 27 255
-0.3290870 0.9937653 0.4181504 -0.6901097 0.1984288 0.6959702 1 23 40 255
-0.3326588 1.3230378 0.1652431 -0.8705271 0.4099541 0.2722502 19 61 41 255
0.4229300 0.7909616 -0.7529526 0.2991356 -0.6686580 -0.6807454 188 175 146 255
0.4382081 0.9046392 -0.7873340 0.5593042 -0.0556838 -0.8270901 183 164 132 255
0.4983723 0.8581519 -0.7226348 0.8099472 -0.2409407 -0.5347272 184 145 119 255
0.0006909 0.1560463 0.5631466 0.0422516 0.3437466 0.9381114 187 171 134 255
0.1150379 0.1960999 0.4856057 0.7392183 0.4064451 0.5369905 189 172 133 255
0.1208506 0.2256090 0.5212317 0.4018130 0.6606458 0.6341085 186 170 132 255
0.0772758 0.4128854 0.0612192 0.2384820 -0.6990521 -0.6741309 0 0 0 255
0.0256612 0.4456645 -0.1630201 -0.3818917 -0.9087349 -0.1684033 162 128 82 255
0.1291020 0.4249723 -0.0076771 -0.3852330 -0.7260616 0.5695877 151 135 109 255
0.4551117 0.6047666 0.5004063 -0.4740053 -0.6380938 -0.6067579 140 83 52 255
0.4217241 0.5239027 0.5518394 -0.4102921 -0.4673066 -0.7831251 140 83 52 255
0.3944602 0.6000518 0.5206828 -0.4102755 -0.4673041 -0.7831353 140 83 52 255
0.5116231 0.6764227 -0.3422856 0.7409613 0.0731143 -0.6675559 46 66 45 255
0.4819427 0.8709327 -0.3842430 0.4502159 0.2774282 -0.8487281 47 81 58 255
0.6564798 0.6673421 -0.1818461 0.8860041 0.0671410 -0.4587907 50 42 38 255
-0.2907586 1.3591681 0.3656688 0.7693592 -0.6362216 0.0575181 38 70 42 255
-0.1653280 1.2553950 0.4370370 0.1997173 -0.8843411 0.4219642 60 108 77 255
-0.3702624 1.2572982 0.4002194 -0.3130499 -0.3637072 -0.8773351 67 122 99 255
0.5116215 0.6764244 -0.3422861 0.7409692 0.0732150 -0.6675360 46 66 45 255
0.6564798 0.6673423 -0.1818461 0.6418115 0.5352351 -0.5491825 50 42 38 255
0.6230216 0.6093560 -0.2774625 0.6418115 0.5352351 -0.5491825 100 88 72 255
0.1134732 0.3721970 0.5431285 0.1472909 -0.7083989 0.6902727 188 169 130 255
0.2708464 0.2882148 0.3568201 0.5990753 -0.7226053 0.3448917 192 173 135 255
0.3159370 0.4398578 0.5223908 0.6435727 -0.5286500 0.5534828 193 175 137 255
-0.4497716 0.7914162 0.8252621 0.0984566 -0.4355972 0.8947410 182 150 103 255
-0.3930645 0.8709054 0.8381138 0.7679908 0.2729185 0.5794010 182 149 101 255
-0.4776816 0.9203274 0.8373837 0.3157660 0.2773851 0.9073860 172 131 83 255
0.2765536 0.6515225 -0.4081731 0.3343264 0.0330238 -0.9418787 1 11 17 255
0.5513246 0.6896917 -0.2757235 0.6354251 -0.0422672 -0.7710049 0 31 53 255
0.3700273 0.3835022 -0.4042211 0.2798242 0.0276721 -0.9596523 11 41 33 255
0.6561584 0.5814235 0.1343970 -0.8169742 -0.5236309 -0.2415864 39 82 52 255
0.6172636 0.6768070 0.1288915 -0.8528387 -0.4900181 -0.1804115 2 31 52 255
0.6452782 0.6638372 0.0066323 -0.8890340 -0.4365823 -0.1378931 7 29 49 255
0.5943232 0.5249155 -0.2043915 0.9023781 -0.3446660 -0.2586874 1 30 52 255
0.4251924 0.3476013 -0.3322258 0.9500113 -0.0390528 -0.3097637 1 14 26 255
0.3700273 0.3835022 -0.4042211 0.2798242 0.0276721 -0.9596523 11 41 33 255
-0.1452172 1.1676514 -0.3349376 -0.5190570 0.2408490 -0.8201047 52 99 66 255
-0.1711321 1.2234799 -0.2479005 -0.5123481 0.5822258 -0.6312783 59 106 76 255
-0.1168623 1.2656511 -0.2640138 -0.5296606 0.5174584 -0.6720837 23 53 41 255
0.6452782 0.6638372 0.0066323 0.8115979 -0.5326532 0.2399779 15 45 49 255
0.5943232 0.5249155 -0.2043915 0.9023781 -0.3446660 -0.2586874 1 30 52 255
0.6428082 0.6891961 -0.1003118 0.9442018 -0.0771311 -0.3202091 1 31 52 255
0.4240217 1.3095645 -0.6094637 0.6393122 0.4350284 -0.6340584 3 3 4 255
0.2937758 1.2328007 -0.6706953 -0.1554987 0.4975493 -0.8533845 3 31 53 255
0.2946372 1.2817151 -0.6518335 -0.0721343 0.4719454 -0.8786718 3 32 53 255
0.3944602 0.6000518 0.5206828 -0.4102755 -0.4673041 -0.7831353 140 83 52 255
0.4217241 0.5239027 0.5518394 -0.4102921 -0.4673066 -0.7831251 140 83 52 255
0.2651551 0.5755496 0.6173663 -0.2442594 -0.4433563 -0.8624225 33 71 52 255
-0.1983907 0.8145053 -0.3675079 -0.5867799 -0.0434581 -0.8085794 57 119 103 255
-0.3632507 0.8488070 -0.1915951 -0.7682108 0.1304742 -0.6267604 64 109 79 255
-0.1452172 1.1676514 -0.3349376 -0.5190570 0.2408490 -0.8201047 52 99 66 255
0.6564798 0.6673421 -0.1818461 -0.6471840 -0.7055188 0.2887838 57 103 70 255
0.6916847 0.5999651 -0.0667243 -0.8212566 -0.5700223 0.0247420 67 115 83 255
0.6428082 0.6891961 -0.1003118 -0.7264951 -0.6865595 0.0289967 66 108 79 255
-0.4647274 0.8485851 0.7793350 0.2214930 -0.0904577 -0.9709573 190 161 116 255
-0.3818836 0.7943148 0.7699180 0.7810162 -0.6226460 -0.0482235 184 152 106 255
-0.4299710 0.7527800 0.7366848 0.0970017 0.5758010 -0.8118151 189 161 120 255
0.2061510 1.2884469 -0.5985775 0.6463836 -0.1041813 -0.7558665 1 20 33 255
0.2252493 1.2775144 -0.5807557 -0.3282633 0.3636449 -0.8717830 2 32 54 255
0.1877594 1.2438719 -0.5699949 -0.9926406 0.0908458 -0.0800740 2 30 51 255
0.4139004 1.4510440 -0.1942840 0.7470298 0.6635857 0.0400047 191 171 136 255
0.4292212 1.2733008 -0.2922993 0.8651521 -0.2262976 0.4475503 85 93 66 255
0.5022068 1.2903153 -0.3728170 0.8636350 -0.0787560 0.4979277 69 34 11 255
0.5586553 0.6635030 0.2751288 -0.7186821 -0.5603100 -0.4117630 2 29 50 255
0.6172636 0.6768070 0.1288915 -0.8528387 -0.4900181 -0.1804115 2 31 52 255
0.6241188 0.6480614 0.1914849 -0.7962254 -0.4889102 -0.3563592 0 21 38 255
0.2708464 0.2882148 0.3568201 0.5990753 -0.7226053 0.3448917 192 173 135 255
0.0891311 0.2829697 0.3576922 0.7583237 -0.2269282 0.6111045 185 171 134 255
0.1941557 0.1856872 0.2664461 0.7982213 -0.5551216 0.2338430 193 175 138 255
-0.3044467 1.7148234 0.1214447 -0.5316203 0.3269547 0.7813325 182 151 108 255
-0.3491929 1.6358833 0.1011643 -0.8690740 0.1179758 0.4804083 0 11 21 255
-0.2698414 1.4651550 0.2351208 -0.6219998 0.1852471 0.7607888 1 18 33 255
0.1134732 0.3721970 0.5431285 0.1472909 -0.7083989 0.6902727 188 169 130 255
-0.0779724 0.3223266 0.4819331 -0.5024799 -0.0159948 0.8644410 180 168 131 255
0.0891311 0.2829697 0.3576922 0.7583237 -0.2269282 0.6111045 185 171 134 255
-0.4347785 0.8932851 0.7727470 0.7475110 0.3514926 -0.5636313 188 158 111 255
-0.4776816 0.9203274 0.8373837 0.3157660 0.2773851 0.9073860 172 131 83 255
-0.3930645 0.8709054 0.8381138 0.7679908 0.2729185 0.5794010 182 149 101 255
-0.1881819 0.5288438 0.4202533 0.0905555 -0.9956962 0.0197166 187 159 111 255
-0.0479484 0.5404690 0.5328894 -0.4837486 -0.3612891 0.7971557 1 30 15 255
-0.0861773 0.5361615 0.5173607 -0.5230591 -0.2744494 0.8068995 3 17 8 255
-0.4057453 0.6699782 0.1574168 -0.9851456 -0.1246033 0.1181616 124 108 77 255
-0.3669124 0.7451651 0.3287182 0.2020237 0.9642659 -0.1713994 32 20 24 255
-0.3592257 0.6731902 0.1687446 -0.9116583 0.3914845 0.1249762 182 151 105 255
-0.1406534 1.3513183 -0.1915488 -0.6809068 0.4752593 -0.5572204 55 101 72 255
-0.2845235 1.2902908 -0.0993099 -0.7633165 0.4988747 -0.4104533 3 33 55 255
-0.1258898 1.3865960 -0.1695199 -0.4714278 0.6439235 -0.6025931 61 109 80 255
-0.2237213 1.8831437 -0.0480342 -0.1214252 0.9772513 0.1738844 167 152 115 255
-0.0598519 1.8736167 -0.0033669 0.1331707 0.9870198 -0.0897625 191 176 142 255
-0.1396070 1.8458062 -0.0573273 -0.1607986 0.7870898 -0.5955111 188 171 136 255
-0.1494370 1.3355442 0.6578732 0.2947237 0.2838417 0.9124537 31 71 45 255
-0.4288018 1.2610185 0.7510118 -0.1547711 0.4256558 0.8915510 42 33 36 255
-0.2716630 1.1340603 0.7549863 0.4910321 -0.2675126 0.8290504 86 131 104 255
0.4067075 0.6970188 -0.3745060 -0.0904253 -0.8856922 0.4553818 0 13 25 255
0.5513246 0.6896917 -0.2757235 0.6354251 -0.0422672 -0.7710049 0 31 53 255
0.2765536 0.6515225 -0.4081731 0.3343264 0.0330238 -0.9418787 1 11 17 255
0.5133202 1.0319970 0.3060274 0.8429154 0.3251972 0.4286496 1 31 52 255
0.4722168 1.2541595 -0.1464777 0.8059749 0.5585224 -0.1961054 1 30 51 255
0.4139004 1.4510440 -0.1942840 0.7470298 0.6635857 0.0400047 191 171 136 255
-0.1795144 0.2699456 0.4336877 -0.8207099 0.2389353 0.5189847 193 173 135 255
-0.1232240 0.1350099 0.5028648 -0.5284183 0.5190020 0.6718713 192 173 136 255
-0.0779724 0.3223266 0.4819331 -0.5024799 -0.0159948 0.8644410 180 168 131 255
0.3734195 0.9898015 -0.6191616 0.1062931 -0.6216946 0.7760140 95 103 83 255
0.5208759 0.9734675 -0.6548285 0.6854260 0.5610107 0.4641746 50 94 70 255
0.4136727 1.0496673 -0.6327286 0.8812709 -0.1018843 0.4614988 2 24 42 255
-0.1232240 0.1350099 0.5028648 -0.5284183 0.5190020 0.6718713 192 173 136 255
0.0006909 0.1560463 0.5631466 0.0422516 0.3437466 0.9381114 187 171 134 255
-0.0779724 0.3223266 0.4819331 -0.5024799 -0.0159948 0.8644410 180 168 131 255
0.6428082 0.6891961 -0.1003118 -0.7264951 -0.6865595 0.0289967 66 108 79 255
0.5513246 0.6896917 -0.2757235 -0.5088989 -0.7531961 0.4167945 188 169 131 255
0.6564798 0.6673421 -0.1818461 -0.6471840 -0.7055188 0.2887838 57 103 70 255
-0.4211586 1.3043737 0.6774240 -0.6449222 0.7097682 0.2833808 4 28 50 255
-0.4913409 1.2138975 0.7098269 -0.7220990 0.6095377 0.3271651 11 49 31 255
-0.4288018 1.2610185 0.7510118 -0.1547711 0.4256558 0.8915510 42 33 36 255
-0.0123508 1.5552345 -0.1650448 0.2621545 -0.0661040 -0.9627593 66 124 101 255
-0.2206030 1.6853504 -0.1520562 -0.1203846 0.1382171 -0.9830583 66 121 96 255
-0.0148883 1.6809556 -0.1340389 0.3093328 0.1767039 -0.9343923 63 129 112 255
0.4067075 0.6970188 -0.3745060 -0.1001488 -0.8767504 0.4704030 70 50 29 255
0.4229245 0.5949437 -0.4356389 -0.2941313 -0.5250381 0.7986374 20 17 8 255
0.5116231 0.6764227 -0.3422856 -0.4377725 -0.6451474 0.6262107 22 58 43 255
-0.2845235 1.2902908 -0.0993099 -0.7633165 0.4988747 -0.4104533 3 33 55 255
-0.1406534 1.3513183 -0.1915488 -0.6809068 0.4752593 -0.5572204 55 101 72 255
-0.2245808 1.2515035 -0.1921759 -0.5393563 0.5252789 -0.6581616 33 72 44 255
0.1741872 1.3097710 -0.2690430 0.1764006 -0.5065864 -0.8439509 191 176 140 255
0.1387508 1.2347031 -0.4091969 -0.6782408 -0.7228310 0.1323055 22 58 43 255
0.1863465 1.1819199 -0.4441690 -0.6749825 -0.6390560 0.3687899 22 58 43 255
-0.3818266 1.5994389 -0.0803709 -0.4781045 0.0591517 -0.8763087 3 23 41 255
-0.3923743 1.5236109 -0.0292220 -0.7868457 -0.5773339 -0.2180811 1 19 32 255
-0.4187741 1.6197303 -0.0168152 -0.9932090 0.0847203 0.0797391 3 23 40 255
0.3243468 0.6532723 -0.4267001 0.1296022 0.0851436 -0.9879039 62 119 102 255
0.2186015 0.6053245 -0.4428887 0.1699760 0.0567774 -0.9838113 65 124 104 255
0.0151098 0.8109285 -0.4662590 -0.0082575 0.1709412 -0.9852466 9 40 52 255
-0.1396070 1.8458062 -0.0573273 -0.1607986 0.7870898 -0.5955111 188 171 136 255
-0.0598519 1.8736167 -0.0033669 0.1331707 0.9870198 -0.0897625 191 176 142 255
-0.0733366 1.8166809 -0.1230874 0.1499786 0.4984374 -0.8538541 190 174 140 255
-0.2483056 1.8362226 -0.0030527 -0.4524372 0.8911104 -0.0349688 189 171 135 255
-0.1396070 1.8458062 -0.0573273 -0.1607986 0.7870898 -0.5955111 188 171 136 255
-0.2657640 1.7704482 -0.1371012 -0.3808517 0.6365100 -0.6706765 192 174 139 255
-0.4776816 0.9203274 0.8373837 0.3157660 0.2773851 0.9073860 172 131 83 255
-0.5254745 1.0307609 0.8004088 -0.1735191 0.2882231 0.9417105 55 98 68 255
-0.5880580 0.9045239 0.8410130 -0.4490106 0.1443132 0.8817954 173 141 98 255
-0.5807524 0.8135142 0.7123494 0.4197279 0.0468008 -0.9064426 189 172 138 255
-0.6322825 0.8491246 0.6822758 0.4792343 -0.7930653 -0.3760076 191 175 142 255
-0.5226884 0.9215533 0.7048950 0.5711116 -0.4583026 -0.6810215 169 76 50 255
-0.3753595 1.5499442 0.0527525 -0.9279705 0.0729608 0.3654414 0 15 27 255
-0.3923743 1.5236109 -0.0292220 -0.7868457 -0.5773339 -0.2180811 1 19 32 255
-0.3406203 1.5235833 0.0551634 -0.2219465 -0.9337838 -0.2806913 0 22 38 255
0.4494691 0.9488747 -0.6552811 -0.4740606 -0.4238099 0.7717847 59 121 101 255
0.4889944 0.8473088 -0.5766654 -0.0530212 0.5355645 0.8428283 57 102 75 255
0.5208759 0.9734675 -0.6548285 0.6854260 0.5610107 0.4641746 50 94 70 255
-0.1136672 1.2633471 0.6404762 0.7528322 -0.2716070 0.5995610 190 166 126 255
-0.2716630 1.1340603 0.7549863 0.6763248 -0.3287755 0.6591597 185 153 107 255
-0.1205637 1.1887544 0.5763483 0.6063231 -0.7619079 0.2277472 21 16 7 255
-0.3810420 0.6556125 -0.0358491 -0.9847175 -0.0669986 -0.1607559 106 72 44 255
-0.3896887 0.7503494 -0.0606022 -0.4387806 0.8078985 0.3934103 0 3 6 255
-0.3601112 0.7254099 -0.1571789 -0.7416136 -0.4057923 -0.5341738 1 26 44 255
-0.1205471 1.1887886 0.5763535 0.8695599 -0.4909876 0.0528843 190 172 139 255
-0.1136627 1.2633557 0.6404734 0.9089128 -0.3169320 0.2709828 68 71 66 255
-0.1571259 1.1664973 0.6729741 0.9089128 -0.3169320 0.2709828 24 23 23 255
-0.2698414 1.4651550 0.2351208 -0.6219998 0.1852471 0.7607888 1 18 33 255
-0.2912714 1.3296854 0.1688275 -0.8556743 -0.1413665 0.4978321 1 26 43 255
-0.2002907 1.4251872 0.2560120 -0.4807737 0.5557382 0.6782417 1 21 37 255
-0.2977679 0.4276666 -0.0190825 -0.1899182 -0.5397109 0.8201483 2 8 12 255
-0.2921696 0.5073600 0.0346575 -0.6691874 -0.7429536 0.0144272 180 164 131 255
-0.3321052 0.4950445 0.0173054 -0.9134526 -0.4046091 -0.0435394 184 169 136 255
-0.0027919 0.4814782 0.5603452 0.4240949 -0.0945584 -0.9006677 188 168 130 255
-0.0479484 0.5404690 0.5328894 0.4240949 -0.0945584 -0.9006677 95 64 34 255
0.0800076 0.5553124 0.5915813 0.2312887 -0.1846401 -0.9552034 189 170 133 255
0.2973385 0.8789383 -0.7127051 0.6050966 -0.6128179 0.5082444 55 106 77 255
0.3246353 0.8431372 -0.8048253 -0.1883395 -0.8029354 -0.5655291 28 54 45 255
0.3522327 0.8526197 -0.7375245 -0.0179844 -0.6101120 0.7921112 55 106 80 255
-0.2473447 1.2089798 -0.2126231 -0.8548836 0.2883731 -0.4312946 56 103 73 255
-0.3230066 1.2612274 0.0312986 -0.8990033 0.3315824 -0.2860878 3 29 52 255
-0.2845235 1.2902908 -0.0993099 -0.7633165 0.4988747 -0.4104533 3 33 55 255
-0.4177585 1.3342839 0.4268088 -0.8084702 0.2267979 -0.5430825 66 113 86 255
-0.4160554 1.2599865 0.4524188 -0.8165215 -0.4338675 -0.3808565 67 122 96 255
-0.4338849 1.3072872 0.5312681 -0.9188529 0.3416695 -0.1974113 68 114 85 255
0.3734195 0.9898015 -0.6191616 0.1062931 -0.6216946 0.7760140 95 103 83 255
0.4494691 0.9488747 -0.6552811 -0.4740606 -0.4238099 0.7717847 59 121 101 255
0.5208759 0.9734675 -0.6548285 0.6854260 0.5610107 0.4641746 50 94 70 255
0.0800076 0.5553124 0.5915813 0.2303870 -0.1845100 -0.9554464 115 84 56 255
0.1973219 0.5673727 0.5919476 0.1610607 -0.2605199 -0.9519395 189 169 131 255
0.1972592 0.4900634 0.6130943 0.1610399 -0.2605207 -0.9519428 191 171 133 255
-0.3930645 0.8709054 0.8381138 0.7679908 0.2729185 0.5794010 182 149 101 255
-0.3806677 0.8304711 0.7240076 0.5424610 0.3121855 -0.7799208 187 156 111 255
-0.4347785 0.8932851 0.7727470 0.7475110 0.3514926 -0.5636313 188 158 111 255
-0.3818266 1.5994389 -0.0803709 -0.4781045 0.0591517 -0.8763087 3 23 41 255
-0.4187741 1.6197303 -0.0168152 -0.9932090 0.0847203 0.0797391 3 23 40 255
-0.3817718 1.6593926 -0.0412455 -0.8088850 0.5873033 0.0279244 1 25 42 255
-0.1983907 0.8145053 -0.3675079 -0.5867799 -0.0434581 -0.8085794 57 119 103 255
-0.1452172 1.1676514 -0.3349376 -0.5190570 0.2408490 -0.8201047 52 99 66 255
0.0151098 0.8109285 -0.4662590 -0.0082575 0.1709412 -0.9852466 9 40 52 255
0.2662790 1.1992517 -0.4283419 -0.3824906 -0.8440174 0.3759464 179 159 118 255
0.2596242 1.1873064 -0.3782177 -0.2433576 -0.9304696 0.2738676 189 164 121 255
0.1920195 1.2280086 -0.3402247 -0.6153920 -0.7882212 0.0000260 170 133 86 255
0.2262547 0.9146546 -0.7940049 -0.8433513 -0.1429288 -0.5180057 1 26 47 255
0.2003903 1.0074697 -0.6304965 -0.7142941 -0.5377762 0.4478624 1 30 51 255
0.2868629 1.0154909 -0.7887440 -0.1134678 0.3653015 -0.9239479 1 22 38 255
-0.2716630 1.1340603 0.7549863 0.6763248 -0.3287755 0.6591597 185 153 107 255
-0.2386019 1.1414400 0.5280361 0.2524124 -0.8706517 -0.4222009 66 106 77 255
-0.1205637 1.1887544 0.5763483 0.6063231 -0.7619079 0.2277472 21 16 7 255
-0.4142461 0.7109606 0.1095161 -0.9363883 0.3359621 0.1015205 184 152 108 255
-0.4057453 0.6699782 0.1574168 -0.9851456 -0.1246033 0.1181616 124 108 77 255
-0.3592257 0.6731902 0.1687446 -0.9116583 0.3914845 0.1249762 182 151 105 255
-0.4131377 0.9119934 -0.0528097 -0.1736312 -0.9628322 0.2068972 191 164 123 255
-0.3632507 0.8488070 -0.1915951 0.1314998 -0.8835322 0.4495318 195 174 135 255
-0.3152111 0.8706609 -0.1626945 -0.0116182 -0.9422430 0.3347286 195 173 134 255
-0.3152111 0.8706609 -0.1626945 -0.0116182 -0.9422430 0.3347286 195 173 134 255
-0.3671618 0.8969079 -0.0466495 -0.9524460 -0.1800905 -0.2457930 190 163 121 255
-0.4131377 0.9119934 -0.0528097 -0.1736312 -0.9628322 0.2068972 191 164 123 255
-0.5488722 0.7362783 0.7753019 -0.2655497 -0.8927584 0.3639585 0 0 0 255
-0.5074866 0.7722805 0.7991266 -0.0850569 -0.5612137 0.8232890 2 2 2 255
-0.6216137 0.8391988 0.8067408 -0.5966011 -0.3565773 0.7189714 0 19 35 255
-0.0955627 1.5867152 0.2705388 0.1079250 0.1715656 0.9792433 137 150 113 255
0.0089276 1.7969811 0.1709085 0.5652397 0.4229791 0.7082323 191 177 144 255
-0.1457007 1.6918482 0.2271271 -0.4150426 0.3556549 0.8374063 180 152 114 255
-0.4282460 0.9377572 0.0828233 -0.1255735 -0.9853595 0.1153162 186 146 99 255
-0.4131377 0.9119934 -0.0528097 -0.1736312 -0.9628322 0.2068972 191 164 123 255
-0.3671618 0.8969079 -0.0466495 -0.9524460 -0.1800905 -0.2457930 190 163 121 255
0.2076018 1.2419207 -0.4680204 -0.8188627 -0.4804785 -0.3140132 57 101 72 255
0.1882041 1.3282201 -0.5141029 -0.7099113 0.0070420 -0.7042559 57 102 73 255
0.2249758 1.3350379 -0.5548701 -0.6993240 0.3957070 -0.5952832 58 102 71 255
0.4772644 0.3116309 -0.0867715 0.8281825 -0.4921151 0.2682100 0 30 50 255
0.3495510 0.2946316 0.0013356 -0.1875043 -0.5914482 0.7842393 0 30 50 255
0.4400997 0.1255699 -0.1096773 0.4495087 -0.4399014 0.7774502 0 16 30 255
-0.3671618 0.8969079 -0.0466495 -0.9524460 -0.1800905 -0.2457930 190 163 121 255
-0.3745546 0.7228476 0.0952125 -0.9936949 0.0584620 -0.0956691 184 152 107 255
-0.3901227 0.9290574 0.0910997 -0.9848540 -0.1674063 0.0451431 191 159 114 255
0.1168420 1.3109974 -0.4481401 -0.7925224 0.0936521 -0.6026090 57 99 68 255
0.1882041 1.3282201 -0.5141029 -0.7099113 0.0070420 -0.7042559 57 102 73 255
0.1606710 1.2589536 -0.4536180 -0.5199343 -0.4424548 -0.7306861 58 103 74 255
0.1606710 1.2589536 -0.4536180 -0.3796181 -0.6882985 -0.6181710 187 162 116 255
0.2076018 1.2419207 -0.4680204 -0.8083839 -0.5801753 -0.0995594 191 167 125 255
0.1387508 1.2347031 -0.4091969 -0.5356097 -0.8434970 0.0404350 182 152 105 255
0.4551117 0.6047666 0.5004063 -0.4765844 -0.6308525 -0.6122847 188 172 136 255
0.3944602 0.6000518 0.5206828 0.5182702 -0.4961365 0.6965950 189 173 136 255
0.4759650 0.6342134 0.4267945 0.7793701 -0.5422956 0.3138434 186 171 138 255
0.2828608 1.3717033 0.4018655 0.7280677 0.5173563 0.4497330 191 171 137 255
0.4139004 1.4510440 -0.1942840 0.7470298 0.6635857 0.0400047 191 171 136 255
0.1912951 1.5979063 -0.0945950 0.2315119 0.9602686 -0.1558410 193 176 139 255
0.1387508 1.2347031 -0.4091969 0.5609782 0.7449989 -0.3609434 180 165 128 255
0.1920195 1.2280086 -0.3402247 0.5609782 0.7449989 -0.3609434 1 8 15 255
0.1863465 1.1819199 -0.4441690 0.5609782 0.7449989 -0.3609434 186 164 125 255
-0.2912714 1.3296854 0.1688275 0.4438354 0.7555541 0.4818171 10 42 26 255
-0.4003837 1.3411156 -0.0203633 -0.8659862 -0.4314182 -0.2528759 79 30 19 255
-0.2846558 1.2737684 -0.0407090 -0.8345452 -0.5507314 -0.0151457 6 30 51 255
-0.1980245 1.4807567 0.0379529 -0.0064801 0.9996799 0.0244547 68 113 79 255
-0.2270763 1.4744980 -0.0458765 -0.0874504 0.9951970 -0.0439933 66 109 75 255
-0.3010669 1.4658175 -0.0951509 -0.3395508 0.8326678 -0.4374581 64 114 84 255
-0.3458595 1.3611247 0.6543751 -0.3497843 0.8000864 0.4873526 69 115 82 255
-0.4570661 1.2913385 0.6106219 -0.7512259 0.6572872 0.0602776 74 116 87 255
-0.4211586 1.3043737 0.6774240 -0.6360694 0.7253909 0.2631044 72 117 87 255
0.2910502 0.1047413 -0.1556253 -0.3784432 -0.4077120 0.8309944 184 155 108 255
0.4645047 0.0669593 -0.1281486 0.2850043 -0.8110358 0.5108753 151 147 112 255
0.4400997 0.1255699 -0.1096773 0.4464028 -0.4234892 0.7882774 139 142 106 255
0.0800076 0.5553124 0.5915813 -0.1543063 -0.1824659 0.9710282 187 168 130 255
0.0875802 0.8778434 0.6366057 -0.0563330 0.1066954 0.9926947 65 114 88 255
-0.0881810 0.7509957 0.6107321 -0.4487148 0.0423410 0.8926715 56 106 72 255
-0.4282460 0.9377572 0.0828233 -0.9503548 0.2998003 -0.0833402 0 32 55 255
-0.3616259 1.1626556 0.1323333 -0.9573547 0.2802408 -0.0702645 28 23 27 255
-0.4131377 0.9119934 -0.0528097 -0.8952167 0.3170640 -0.3131413 1 30 53 255
0.2627842 0.8029271 -0.7517724 -0.7334870 -0.6783564 -0.0427730 0 27 47 255
0.3060107 0.8226308 -0.7024064 0.2873349 -0.5378284 0.7925776 0 28 50 255
0.2359774 0.8270112 -0.6740446 -0.7577724 -0.4480600 0.4743661 1 31 51 255
-0.4057453 0.6699782 0.1574168 -0.9851456 -0.1246033 0.1181616 124 108 77 255
-0.3321052 0.4950445 0.0173054 -0.8939445 -0.4461810 -0.0422585 65 119 92 255
-0.3205142 0.5070001 0.2539887 -0.9003565 -0.3592668 0.2455313 68 114 81 255
0.2910502 0.1047413 -0.1556253 0.2943744 -0.7198933 -0.6285676 51 77 55 255
0.4400997 0.1255699 -0.1096773 0.4219138 -0.3558668 0.8338751 67 108 78 255
0.2627804 0.0829580 -0.1439161 -0.2510082 -0.5890492 0.7681249 51 75 55 255
-0.1761370 1.1185206 0.5952206 0.7525515 -0.6385656 -0.1609351 57 42 27 255
-0.1544838 1.1681163 0.4996853 0.5291212 -0.7465222 -0.4034047 55 41 27 255
-0.1205471 1.1887886 0.5763535 0.8727883 -0.4801352 0.0878104 73 48 26 255
-0.4003837 1.3411156 -0.0203633 -0.8659862 -0.4314182 -0.2528759 79 30 19 255
-0.2912714 1.3296854 0.1688275 0.4438354 0.7555541 0.4818171 10 42 26 255
-0.3610044 1.4592145 0.0886788 -0.9019074 0.0150696 0.4316665 62 82 58 255
-0.1041994 1.7018551 0.2932248 -0.4995439 0.1163478 0.8584399 190 170 134 255
-0.1457007 1.6918482 0.2271271 -0.4150426 0.3556549 0.8374063 180 152 114 255
-0.1417818 1.5796364 0.2879167 -0.4687579 0.1389198 0.8723345 170 128 90 255
0.4983723 0.8581519 -0.7226348 0.8099472 -0.2409407 -0.5347272 184 145 119 255
0.4935129 0.7772298 -0.6517124 0.6967090 -0.5615259 -0.4464136 190 177 149 255
0.4229300 0.7909616 -0.7529526 0.2991356 -0.6686580 -0.6807454 188 175 146 255
0.0341744 1.2718410 0.5143738 -0.1507671 -0.3846876 0.9106507 192 174 140 255
-0.0451725 1.4492979 0.5790458 0.2462938 0.5095007 0.8244685 193 175 139 255
-0.1136672 1.2633471 0.6404762 0.6274134 -0.2144285 0.7485804 190 166 126 255
0.4935129 0.7772298 -0.6517124 0.6967090 -0.5615259 -0.4464136 190 177 149 255
0.4300921 0.7475574 -0.6589351 0.2149131 -0.8803678 -0.4228060 193 172 134 255
0.4229300 0.7909616 -0.7529526 0.2991356 -0.6686580 -0.6807454 188 175 146 255
-0.1100302 1.4958697 0.5338840 0.2238042 0.9167662 0.3308346 193 173 135 255
-0.1494370 1.3355442 0.6578732 0.4401318 0.2602366 0.8593956 190 165 124 255
-0.0451725 1.4492979 0.5790458 0.2462938 0.5095007 0.8244685 193 175 139 255
0.4644010 0.5136525 0.2337389 0.7858007 -0.5898492 0.1859976 186 168 134 255
0.4327946 0.4911457 0.1603622 0.5335870 -0.8180105 0.2148114 183 154 111 255
0.6452782 0.6638372 0.0066323 0.8115979 -0.5326532 0.2399779 15 45 49 255
0.0015037 1.5337323 0.2705951 0.1539292 0.4318083 0.8887336 185 168 135 255
0.0089276 1.7969811 0.1709085 0.5652397 0.4229791 0.7082323 191 177 144 255
-0.0955627 1.5867152 0.2705388 0.1079250 0.1715656 0.9792433 137 150 113 255
-0.5992110 0.9766739 0.5650148 -0.6806021 0.3845898 -0.6235955 35 24 33 255
-0.6916847 0.9006967 0.7119350 -0.9922650 0.1148500 0.0471104 4 31 51 255
-0.6239476 1.0515493 0.7012882 -0.9288468 0.3622350 0.0776486 19 58 41 255
0.2249758 1.3350379 -0.5548701 -0.6993240 0.3957070 -0.5952832 58 102 71 255
0.1882041 1.3282201 -0.5141029 -0.7099113 0.0070420 -0.7042559 57 102 73 255
0.1743093 1.4575442 -0.4219527 -0.3045673 0.6759418 -0.6710749 57 102 72 255
-0.2491977 1.3857436 0.2254424 -0.7076815 0.4109907 -0.5746943 59 110 82 255
-0.3634450 1.4158595 0.4289269 -0.9232092 0.3458349 -0.1675802 63 110 79 255
-0.3149631 1.4685412 0.4717436 -0.3448614 0.9243574 0.1631996 61 103 73 255
0.0875802 0.8778434 0.6366057 -0.0563330 0.1066954 0.9926947 65 114 88 255
0.2651551 0.5755496 0.6173663 0.0382919 -0.1614722 0.9861341 40 42 39 255
0.3005972 0.7790166 0.6294842 0.5586338 0.1873491 0.8079782 2 28 16 255
-0.1259494 1.8434970 0.1926546 0.0326370 0.8324862 0.5530837 188 173 139 255
0.0089276 1.7969811 0.1709085 0.5652397 0.4229791 0.7082323 191 177 144 255
0.0580041 1.8399814 0.0302253 0.7407155 0.6609689 0.1202521 192 177 144 255
0.4477944 0.8585625 -0.7039137 -0.5365505 -0.0496376 0.8424070 53 101 73 255
0.4002032 0.8130053 -0.7229242 -0.4308895 0.4509366 0.7816588 37 70 52 255
0.4300921 0.7475574 -0.6589351 -0.3031855 0.5142258 0.8022782 170 90 54 255
-0.3817718 1.6593926 -0.0412455 -0.8088850 0.5873033 0.0279244 1 25 42 255
-0.3259475 1.7201621 0.0056381 -0.9549757 0.2727574 0.1167255 1 25 42 255
-0.3155560 1.7565836 -0.0527868 -0.8376772 0.1133452 -0.5342752 1 21 39 255
-0.4274406 0.9301472 0.1836519 -0.9600088 0.2783606 0.0299731 0 31 54 255
-0.3616259 1.1626556 0.1323333 -0.9573547 0.2802408 -0.0702645 28 23 27 255
-0.4282460 0.9377572 0.0828233 -0.9503548 0.2998003 -0.0833402 0 32 55 255
-0.2386019 1.1414400 0.5280361 0.3286104 -0.8460057 -0.4198686 56 117 95 255
-0.2716630 1.1340603 0.7549863 0.4910321 -0.2675126 0.8290504 86 131 104 255
-0.4356623 0.9671951 0.7504368 0.8013979 -0.5927890 0.0797653 34 87 60 255
0.4477944 0.8585625 -0.7039137 -0.5365505 -0.0496376 0.8424070 53 101 73 255
0.3522327 0.8526197 -0.7375245 -0.0179844 -0.6101120 0.7921112 55 106 80 255
0.4002032 0.8130053 -0.7229242 -0.4308895 0.4509366 0.7816588 37 70 52 255
0.3555708 0.9441003 -0.7193632 -0.1116797 -0.5801116 0.8068446 67 112 88 255
0.4477944 0.8585625 -0.7039137 -0.5365505 -0.0496376 0.8424070 53 101 73 255
0.4494691 0.9488747 -0.6552811 -0.4740606 -0.4238099 0.7717847 59 121 101 255
-0.3259475 1.7201621 0.0056381 -0.9549757 0.2727574 0.1167255 1 25 42 255
-0.3817718 1.6593926 -0.0412455 -0.8088850 0.5873033 0.0279244 1 25 42 255
-0.3460743 1.6465876 0.0257955 -0.9447717 0.2760563 0.1766333 1 12 22 255
-0.3475678 1.7077372 0.0736175 -0.9135146 0.3885602 0.1204658 88 64 35 255
-0.3259475 1.7201621 0.0056381 -0.9549757 0.2727574 0.1167255 1 25 42 255
-0.3460743 1.6465876 0.0257955 -0.9447717 0.2760563 0.1766333 1 12 22 255
-0.3817718 1.6593926 -0.0412455 -0.8088850 0.5873033 0.0279244 1 25 42 255
-0.4187741 1.6197303 -0.0168152 -0.9932090 0.0847203 0.0797391 3 23 40 255
-0.3753595 1.5499442 0.0527525 -0.9279705 0.0729608 0.3654414 0 15 27 255
-0.3817718 1.6593926 -0.0412455 -0.8088850 0.5873033 0.0279244 1 25 42 255
-0.3753595 1.5499442 0.0527525 -0.9279705 0.0729608 0.3654414 0 15 27 255
-0.3460743 1.6465876 0.0257955 -0.9447717 0.2760563 0.1766333 1 12 22 255
0.2359774 0.8270112 -0.6740446 -0.7577724 -0.4480600 0.4743661 1 31 51 255
0.2003903 1.0074697 -0.6304965 -0.7142941 -0.5377762 0.4478624 1 30 51 255
0.2262547 0.9146546 -0.7940049 -0.8433513 -0.1429288 -0.5180057 1 26 47 255
0.2262547 0.9146546 -0.7940049 -0.8433513 -0.1429288 -0.5180057 1 26 47 255
0.2973385 0.8789383 -0.7127051 0.5547285 -0.6784176 0.4816908 0 26 45 255
0.2627842 0.8029271 -0.7517724 0.7525375 -0.0036289 -0.6585394 0 27 46 255
-0.3634450 1.4158595 0.4289269 -0.9232092 0.3458349 -0.1675802 63 110 79 255
-0.3424277 1.4255528 0.5515485 -0.6882385 0.7001398 0.1900847 69 111 78 255
-0.3149631 1.4685412 0.4717436 -0.3448614 0.9243574 0.1631996 61 103 73 255
0.2868629 1.0154909 -0.7887440 -0.1134678 0.3653015 -0.9239479 1 22 38 255
0.4265075 1.0375738 -0.7596641 0.5333083 0.5642605 -0.6302320 56 108 88 255
0.3257506 0.9099954 -0.8410130 0.0827340 0.1395591 -0.9867514 0 17 31 255
0.4889944 0.8473088 -0.5766654 -0.4595066 -0.7955499 -0.3949102 55 99 74 255
0.4952765 0.8828939 -0.6556630 -0.7717131 -0.5671469 0.2877555 58 106 79 255
0.5553386 0.8546983 -0.5887733 0.7472294 -0.3848200 -0.5418134 37 81 60 255
0.5553386 0.8546983 -0.5887733 -0.1159679 0.4441759 0.8884025 93 24 21 255
0.4952765 0.8828939 -0.6556630 -0.7717131 -0.5671469 0.2877555 58 106 79 255
0.5230548 0.8327514 -0.6183915 -0.7385092 0.0544645 0.6720400 39 84 62 255
-0.1980245 1.4807567 0.0379529 -0.3938791 -0.8608866 -0.3220771 1 20 35 255
-0.3610044 1.4592145 0.0886788 -0.2235037 -0.4068467 -0.8857323 1 18 33 255
-0.3406203 1.5235833 0.0551634 -0.2219465 -0.9337838 -0.2806913 0 22 38 255
0.5230548 0.8327514 -0.6183915 -0.7385092 0.0544645 0.6720400 39 84 62 255
0.4952765 0.8828939 -0.6556630 -0.7717131 -0.5671469 0.2877555 58 106 79 255
0.4477944 0.8585625 -0.7039137 -0.5365505 -0.0496376 0.8424070 53 101 73 255
0.4935129 0.7772298 -0.6517124 -0.5473421 0.2119622 0.8096226 138 19 13 255
0.5230548 0.8327514 -0.6183915 -0.7385092 0.0544645 0.6720400 39 84 62 255
0.4477944 0.8585625 -0.7039137 -0.5365505 -0.0496376 0.8424070 53 101 73 255
0.2076018 1.2419207 -0.4680204 -0.8083839 -0.5801753 -0.0995594 191 167 125 255
0.1877594 1.2438719 -0.5699949 -0.9971845 0.0695633 -0.0280004 1 0 0 255
0.2092993 1.2176489 -0.6126957 -0.9709340 0.1143893 -0.2102435 48 99 69 255
-0.2938893 1.4594132 0.0733104 0.0027728 0.9171801 0.3984633 67 111 80 255
-0.1980245 1.4807567 0.0379529 -0.0064801 0.9996799 0.0244547 68 113 79 255
-0.3465631 1.4827911 0.0198646 -0.1303409 0.9911529 0.0250403 64 108 78 255
-0.1709206 0.4590754 0.3934398 -0.7603772 0.5885113 0.2747380 66 126 103 255
-0.1661141 0.3810123 0.3897433 -0.9497928 0.3073171 -0.0587350 67 129 106 255
-0.2022889 0.4230373 0.3962011 -0.1317600 0.0387864 -0.9905226 68 129 107 255
-0.2080803 1.4127878 -0.1812410 -0.3141426 -0.0896896 -0.9451297 47 82 50 255
-0.1258898 1.3865960 -0.1695199 -0.4714278 0.6439235 -0.6025931 61 109 80 255
-0.2344542 1.3002182 -0.1001272 -0.3834769 -0.5149208 -0.7666824 58 110 82 255
0.4382081 0.9046392 -0.7873340 0.5593042 -0.0556838 -0.8270901 183 164 132 255
0.5020957 0.9208543 -0.6995177 0.8477194 0.0880445 -0.5230870 127 36 27 255
0.4983723 0.8581519 -0.7226348 0.8099472 -0.2409407 -0.5347272 184 145 119 255
0.5020957 0.9208543 -0.6995177 0.8477194 0.0880445 -0.5230870 127 36 27 255
0.4382081 0.9046392 -0.7873340 0.5593042 -0.0556838 -0.8270901 183 164 132 255
0.4265075 1.0375738 -0.7596641 0.5333083 0.5642605 -0.6302320 56 108 88 255
-0.1907229 0.4461561 0.1717486 -0.6936557 0.3493152 -0.6299369 70 107 77 255
-0.1260095 0.2844253 0.2785039 -0.3594388 -0.9280982 -0.0971461 71 121 94 255
-0.1924834 0.4833143 0.2707210 -0.6619953 0.7344756 -0.1493578 61 118 91 255
0.0800076 0.5553124 0.5915813 -0.1543063 -0.1824659 0.9710282 187 168 130 255
0.2651551 0.5755496 0.6173663 0.0382919 -0.1614722 0.9861341 40 42 39 255
0.0875802 0.8778434 0.6366057 -0.0563330 0.1066954 0.9926947 65 114 88 255
-0.3869398 1.4530700 -0.0300088 -0.8202201 0.2780974 -0.4999009 62 104 73 255
-0.4003837 1.3411156 -0.0203633 -0.8659862 -0.4314182 -0.2528759 79 30 19 255
-0.3610044 1.4592145 0.0886788 -0.9019074 0.0150696 0.4316665 62 82 58 255
-0.0428042 1.2201817 0.4816670 -0.2699245 0.4411386 0.8558841 24 56 42 255
-0.2138722 1.1816302 0.4439683 0.0416155 -0.4324379 -0.9007029 66 121 96 255
-0.1653280 1.2553950 0.4370370 -0.3798881 -0.4475349 -0.8095663 67 126 102 255
-0.3869398 1.4530700 -0.0300088 -0.8202201 0.2780974 -0.4999009 62 104 73 255
-0.3610044 1.4592145 0.0886788 -0.9019074 0.0150696 0.4316665 62 82 58 255
-0.3465631 1.4827911 0.0198646 -0.1303409 0.9911529 0.0250403 64 108 78 255
0.5208759 0.9734675 -0.6548285 0.6854260 0.5610107 0.4641746 50 94 70 255
0.5020957 0.9208543 -0.6995177 0.8477194 0.0880445 -0.5230870 127 36 27 255
0.4265075 1.0375738 -0.7596641 0.5333083 0.5642605 -0.6302320 56 108 88 255
-0.1653280 1.2553950 0.4370370 -0.3798881 -0.4475349 -0.8095663 67 126 102 255
-0.3140173 1.1589709 0.4599342 -0.1183269 -0.6965498 -0.7076844 68 117 88 255
-0.3178127 1.2178784 0.4222445 -0.7074507 0.2388727 -0.6651717 68 124 98 255
0.4265075 1.0375738 -0.7596641 0.5333083 0.5642605 -0.6302320 56 108 88 255
0.4382081 0.9046392 -0.7873340 0.5593042 -0.0556838 -0.8270901 183 164 132 255
0.3257506 0.9099954 -0.8410130 0.0827340 0.1395591 -0.9867514 0 17 31 255
-0.0022388 0.2020724 0.1636891 -0.1439904 -0.4797434 -0.8655130 57 103 72 255
-0.0681062 0.4022843 0.0720806 -0.2791875 -0.8618640 -0.4233731 1 2 1 255
0.0772758 0.4128854 0.0612192 0.2384820 -0.6990521 -0.6741309 0 0 0 255
0.5464013 0.6298366 0.3548388 -0.7114795 -0.5286043 -0.4630060 2 32 52 255
0.4759650 0.6342134 0.4267945 -0.6720870 -0.5376254 -0.5091740 1 29 49 255
0.5586553 0.6635030 0.2751288 -0.7186821 -0.5603100 -0.4117630 2 29 50 255
-0.4160554 1.2599865 0.4524188 -0.8165215 -0.4338675 -0.3808565 67 122 96 255
-0.4038181 1.2236056 0.4880767 -0.4225078 -0.5983815 -0.6807545 69 127 105 255
-0.4338849 1.3072872 0.5312681 -0.9188529 0.3416695 -0.1974113 68 114 85 255
0.4302859 1.4495805 -0.3518696 -0.6887797 -0.6885225 -0.2269792 67 43 23 255
0.4874213 1.3920692 -0.4185719 -0.8367293 -0.4092689 -0.3638449 156 135 103 255
0.4608617 1.3698693 -0.3325229 -0.8082235 -0.2067079 -0.5514043 189 171 136 255
0.2359774 0.8270112 -0.6740446 -0.7577724 -0.4480600 0.4743661 1 31 51 255
0.2973385 0.8789383 -0.7127051 0.5504932 -0.6832590 0.4797024 1 31 52 255
0.2003903 1.0074697 -0.6304965 -0.7142941 -0.5377762 0.4478624 1 30 51 255
0.2651551 0.5755496 0.6173663 0.0382919 -0.1614722 0.9861341 40 42 39 255
0.4217241 0.5239027 0.5518394 0.5153576 -0.0205949 0.8567278 176 136 93 255
0.3005972 0.7790166 0.6294842 0.5586338 0.1873491 0.8079782 2 28 16 255
0.0422201 1.7807601 -0.0754251 0.7569230 0.3856913 -0.5275507 169 163 130 255
0.0580041 1.8399814 0.0302253 0.7407155 0.6609689 0.1202521 192 177 144 255
0.1442649 1.5653644 0.0599971 0.7947853 0.6041168 0.0579591 191 177 147 255
-0.2836297 0.0545326 0.5467153 -0.5893717 -0.7201339 0.3661258 190 172 134 255
-0.1476269 0.0000000 0.4151297 -0.1897465 -0.9818228 -0.0045068 189 169 133 255
-0.2127090 0.0486660 0.6171751 -0.1000843 -0.9274552 0.3602917 191 172 134 255
-0.3458595 1.3611247 0.6543751 -0.3497843 0.8000864 0.4873526 69 115 82 255
-0.3424277 1.4255528 0.5515485 -0.6882385 0.7001398 0.1900847 69 111 78 255
-0.4570661 1.2913385 0.6106219 -0.7512259 0.6572872 0.0602776 74 116 87 255
0.2868629 1.0154909 -0.7887440 -0.1134678 0.3653015 -0.9239479 1 22 38 255
0.4144552 1.0827629 -0.6893268 0.7955687 0.3475104 -0.4962932 2 30 50 255
0.4265075 1.0375738 -0.7596641 0.5333083 0.5642605 -0.6302320 56 108 88 255
-0.1544838 1.1681163 0.4996853 0.4244649 -0.8442189 -0.3272980 55 102 73 255
-0.0428042 1.2201817 0.4816670 -0.2699245 0.4411386 0.8558841 24 56 42 255
0.0341744 1.2718410 0.5143738 -0.1507671 -0.3846876 0.9106507 192 174 140 255
-0.3424277 1.4255528 0.5515485 -0.6882385 0.7001398 0.1900847 69 111 78 255
-0.3458595 1.3611247 0.6543751 -0.3497843 0.8000864 0.4873526 69 115 82 255
-0.3149631 1.4685412 0.4717436 -0.3448614 0.9243574 0.1631996 61 103 73 255
-0.3458595 1.3611247 0.6543751 -0.3497843 0.8000864 0.4873526 69 115 82 255
-0.2157474 1.4024982 0.6556168 -0.0491386 0.7488001 0.6609719 73 106 76 255
-0.3149631 1.4685412 0.4717436 -0.3448614 0.9243574 0.1631996 61 103 73 255
-0.2245808 1.2515035 -0.1921759 -0.5393563 0.5252789 -0.6581616 33 72 44 255
-0.1406534 1.3513183 -0.1915488 -0.6809068 0.4752593 -0.5572204 55 101 72 255
-0.1168623 1.2656511 -0.2640138 -0.5296606 0.5174584 -0.6720837 23 53 41 255
-0.2918921 1.6189102 -0.1267519 -0.6567492 -0.0035745 -0.7541005 64 112 79 255
-0.2206030 1.6853504 -0.1520562 -0.1203846 0.1382171 -0.9830583 66 121 96 255
-0.2080803 1.4127878 -0.1812410 -0.3141426 -0.0896896 -0.9451297 47 82 50 255
0.1442649 1.5653644 0.0599971 0.7947853 0.6041168 0.0579591 191 177 147 255
0.2469630 1.5174499 0.0742311 0.3861572 0.8964646 0.2173336 190 175 144 255
0.1167352 1.5345993 -0.0498028 0.7476069 0.2539035 -0.6136913 191 174 139 255
0.3543103 1.2003123 -0.3620400 0.2741010 -0.8391643 0.4697573 192 166 125 255
0.2760677 1.2098527 -0.3014107 -0.2602364 -0.7699757 0.5825929 188 161 116 255
0.2596242 1.1873064 -0.3782177 -0.2433576 -0.9304696 0.2738676 189 164 121 255
0.2003903 1.0074697 -0.6304965 -0.6896135 -0.3939698 0.6076357 125 111 93 255
0.3522327 0.8526197 -0.7375245 -0.0179844 -0.6101120 0.7921112 55 106 80 255
0.3734195 0.9898015 -0.6191616 0.1062931 -0.6216946 0.7760140 95 103 83 255
0.2662790 1.1992517 -0.4283419 -0.3824906 -0.8440174 0.3759464 179 159 118 255
0.2076018 1.2419207 -0.4680204 -0.8083839 -0.5801753 -0.0995594 191 167 125 255
0.2003903 1.0074697 -0.6304965 -0.6896135 -0.3939698 0.6076357 125 111 93 255
-0.1457007 1.6918482 0.2271271 -0.4150426 0.3556549 0.8374063 180 152 114 255
0.0089276 1.7969811 0.1709085 0.5652397 0.4229791 0.7082323 191 177 144 255
-0.1259494 1.8434970 0.1926546 0.0326370 0.8324862 0.5530837 188 173 139 255
-0.1494372 1.3355448 0.6578722 0.4674434 0.2735095 0.8406481 1 6 9 255
-0.1793327 1.2637673 0.7221394 0.7590872 0.2293450 0.6092516 190 173 139 255
-0.1136627 1.2633557 0.6404734 0.7590872 0.2293450 0.6092516 166 147 115 255
0.2937758 1.2328007 -0.6706953 -0.1554987 0.4975493 -0.8533845 3 31 53 255
0.2868629 1.0154909 -0.7887440 -0.1134678 0.3653015 -0.9239479 1 22 38 255
0.2362728 1.1591491 -0.6874771 -0.6147298 0.3809154 -0.6906597 2 30 50 255
-0.2740240 0.7218347 0.4758644 -0.5848592 -0.2340052 0.7766474 195 174 136 255
-0.0881810 0.7509957 0.6107321 -0.3728787 0.0223324 0.9276112 194 174 136 255
-0.3290870 0.9937653 0.4181504 -0.6742013 0.2540338 0.6934834 9 7 12 255
0.2032638 1.0588115 -0.6744809 -0.9078980 0.0820909 -0.4110745 1 30 50 255
0.2003903 1.0074697 -0.6304965 -0.7142941 -0.5377762 0.4478624 1 30 51 255
0.2092993 1.2176489 -0.6126957 -0.9567304 0.1427227 -0.2535690 2 31 51 255
0.4772644 0.3116309 -0.0867715 0.8281825 -0.4921151 0.2682100 0 30 50 255
0.5943232 0.5249155 -0.2043915 0.9023781 -0.3446660 -0.2586874 1 30 52 255
0.6452782 0.6638372 0.0066323 0.8115979 -0.5326532 0.2399779 15 45 49 255
-0.3044467 1.7148234 0.1214447 -0.5316203 0.3269547 0.7813325 182 151 108 255
-0.2698414 1.4651550 0.2351208 -0.6219998 0.1852471 0.7607888 1 18 33 255
-0.1723514 1.8291901 0.1257930 -0.4367478 0.6517739 0.6200340 189 173 139 255
0.2651551 0.5755496 0.6173663 0.0257792 -0.2130541 0.9767002 187 170 134 255
0.1973219 0.5673727 0.5919476 0.2360276 -0.3546700 0.9047101 192 174 137 255
0.3944602 0.6000518 0.5206828 0.5182702 -0.4961365 0.6965950 189 173 136 255
-0.5254745 1.0307609 0.8004088 -0.1735191 0.2882231 0.9417105 55 98 68 255
-0.4356623 0.9671951 0.7504368 0.8013979 -0.5927890 0.0797653 34 87 60 255
-0.2716630 1.1340603 0.7549863 0.4910321 -0.2675126 0.8290504 86 131 104 255
-0.3178127 1.2178784 0.4222445 0.1651577 0.6393436 0.7509745 158 141 109 255
-0.3702624 1.2572982 0.4002194 0.1651577 0.6393436 0.7509745 1 9 14 255
-0.3798277 1.1885150 0.4608812 0.1651577 0.6393436 0.7509745 191 169 132 255
0.1134732 0.3721970 0.5431285 0.1472909 -0.7083989 0.6902727 188 169 130 255
0.3159370 0.4398578 0.5223908 0.6435727 -0.5286500 0.5534828 193 175 137 255
0.1973219 0.5673727 0.5919476 0.2360276 -0.3546700 0.9047101 192 174 137 255
0.0151098 0.8109285 -0.4662590 -0.0082575 0.1709412 -0.9852466 9 40 52 255
-0.0400217 1.2792557 -0.3090439 -0.2789024 0.3070678 -0.9099027 0 13 26 255
0.0140600 1.3640662 -0.2957740 -0.0700710 0.1639533 -0.9839764 54 95 62 255
0.1743093 1.4575442 -0.4219527 -0.3045673 0.6759418 -0.6710749 57 102 72 255
0.0593479 1.3735104 -0.3447871 -0.7434150 -0.0594657 -0.6661816 63 113 79 255
-0.0801349 1.4153391 -0.1941357 0.2491969 0.8354517 0.4898176 54 95 62 255
0.2651551 0.5755496 0.6173663 -0.2442156 -0.4433669 -0.8624295 191 170 133 255
0.1972592 0.4900634 0.6130943 0.1610399 -0.2605207 -0.9519428 191 171 133 255
0.1973219 0.5673727 0.5919476 0.1610607 -0.2605199 -0.9519395 189 169 131 255
-0.1417818 1.5796364 0.2879167 -0.4687579 0.1389198 0.8723345 170 128 90 255
-0.1457007 1.6918482 0.2271271 -0.4150426 0.3556549 0.8374063 180 152 114 255
-0.2698414 1.4651550 0.2351208 -0.6219998 0.1852471 0.7607888 1 18 33 255
-0.3424988 0.6710847 -0.0258913 -0.9307990 0.3495263 -0.1069797 114 95 71 255
-0.3810420 0.6556125 -0.0358491 -0.9847175 -0.0669986 -0.1607559 106 72 44 255
-0.3745546 0.7228476 0.0952125 -0.9936949 0.0584620 -0.0956691 184 152 107 255
-0.3634450 1.4158595 0.4289269 -0.9232092 0.3458349 -0.1675802 63 110 79 255
-0.4177585 1.3342839 0.4268088 -0.8084702 0.2267979 -0.5430825 66 113 86 255
-0.4338849 1.3072872 0.5312681 -0.9188529 0.3416695 -0.1974113 68 114 85 255
0.4705725 0.1585121 -0.3605809 0.6821232 0.0577681 -0.7289519 4 9 16 255
0.4531617 0.1655315 -0.3257937 0.9426328 0.2100093 -0.2594985 169 115 67 255
0.4421589 0.1402742 -0.3561378 0.6450896 -0.0951590 -0.7581584 159 61 35 255
-0.3234806 1.7815545 0.0957346 -0.6567189 0.6205540 0.4285243 143 112 72 255
-0.1723514 1.8291901 0.1257930 -0.4367478 0.6517739 0.6200340 189 173 139 255
-0.2483056 1.8362226 -0.0030527 -0.4524227 0.8911207 -0.0348930 184 159 119 255
0.0580041 1.8399814 0.0302253 0.7407155 0.6609689 0.1202521 192 177 144 255
0.0422201 1.7807601 -0.0754251 0.7569230 0.3856913 -0.5275507 169 163 130 255
-0.0598519 1.8736167 -0.0033669 0.1331707 0.9870198 -0.0897625 191 176 142 255
0.5553386 0.8546983 -0.5887733 0.7472525 -0.3848048 -0.5417925 189 177 149 255
0.5020957 0.9208543 -0.6995177 0.8477194 0.0880445 -0.5230870 127 36 27 255
0.5208759 0.9734675 -0.6548285 0.6854260 0.5610107 0.4641746 50 94 70 255
0.4983723 0.8581519 -0.7226348 0.8099472 -0.2409407 -0.5347272 184 145 119 255
0.5230548 0.8327514 -0.6183915 0.9120614 -0.2047625 -0.3552693 189 178 150 255
0.4935129 0.7772298 -0.6517124 0.6967090 -0.5615259 -0.4464136 190 177 149 255
0.0779023 1.5615491 0.2246380 0.5580638 0.6796827 0.4760212 188 174 142 255
0.0089276 1.7969811 0.1709085 0.5652397 0.4229791 0.7082323 191 177 144 255
0.0015037 1.5337323 0.2705951 0.1539292 0.4318083 0.8887336 185 168 135 255
-0.3205142 0.5070001 0.2539887 0.8413683 -0.5092849 -0.1809101 189 170 133 255
-0.2981009 0.4238970 0.0942173 0.9906526 -0.1359993 -0.0105653 1 29 50 255
-0.3072467 0.5283652 0.1961141 0.9920658 -0.0313581 0.1217460 188 168 129 255
-0.1795144 0.2699456 0.4336877 -0.8207099 0.2389353 0.5189847 193 173 135 255
-0.1879079 0.1593710 0.4057808 -0.7708180 -0.1896171 0.6081817 192 173 135 255
-0.1232240 0.1350099 0.5028648 -0.5284183 0.5190020 0.6718713 192 173 136 255
0.1277196 0.2144288 0.3203349 -0.5101597 -0.8409418 -0.1804269 1 30 48 255
0.1941557 0.1856872 0.2664461 0.8863971 0.2611861 0.3822067 1 29 50 255
0.1095605 0.2020542 0.4293556 -0.5101597 -0.8409418 -0.1804269 1 29 45 255
0.2662790 1.1992517 -0.4283419 -0.3824906 -0.8440174 0.3759464 179 159 118 255
0.2003903 1.0074697 -0.6304965 -0.6896135 -0.3939698 0.6076357 125 111 93 255
0.3734195 0.9898015 -0.6191616 0.1062931 -0.6216946 0.7760140 95 103 83 255
-0.1723514 1.8291901 0.1257930 -0.4367478 0.6517739 0.6200340 189 173 139 255
-0.0598519 1.8736167 -0.0033669 0.1331707 0.9870198 -0.0897625 191 176 142 255
-0.2237213 1.8831437 -0.0480342 -0.1214252 0.9772513 0.1738844 167 152 115 255
-0.4131377 0.9119934 -0.0528097 -0.8952167 0.3170640 -0.3131413 1 30 53 255
-0.3616259 1.1626556 0.1323333 -0.9573547 0.2802408 -0.0702645 28 23 27 255
-0.2473447 1.2089798 -0.2126231 -0.8548836 0.2883731 -0.4312946 56 103 73 255
-0.3818836 0.7943148 0.7699180 0.7810162 -0.6226460 -0.0482235 184 152 106 255
-0.3806677 0.8304711 0.7240076 0.5424610 0.3121855 -0.7799208 187 156 111 255
-0.3930645 0.8709054 0.8381138 0.7679908 0.2729185 0.5794010 182 149 101 255
0.2092993 1.2176489 -0.6126957 -0.9567304 0.1427227 -0.2535690 2 31 51 255
0.2741864 1.3181073 -0.5925889 -0.6484986 0.3699106 -0.6652937 3 33 54 255
0.2362728 1.1591491 -0.6874771 -0.6147298 0.3809154 -0.6906597 2 30 50 255
-0.3616259 1.1626556 0.1323333 -0.9573547 0.2802408 -0.0702645 28 23 27 255
-0.3230066 1.2612274 0.0312986 -0.8990033 0.3315824 -0.2860878 3 29 52 255
-0.2473447 1.2089798 -0.2126231 -0.8548836 0.2883731 -0.4312946 56 103 73 255
-0.3733211 0.9148497 0.3510480 -0.8813707 0.1017577 0.4613363 0 28 49 255
-0.3290870 0.9937653 0.4181504 -0.6901097 0.1984288 0.6959702 1 23 40 255
-0.4086018 0.9855249 0.2680573 -0.9166899 0.3077092 0.2549402 1 30 53 255
-0.2567196 0.8622180 0.4558148 -0.1854593 -0.1939699 -0.9633175 40 79 52 255
-0.3290870 0.9937653 0.4181504 0.1278500 -0.2047290 -0.9704332 140 83 52 255
-0.2702157 0.9520747 0.4276743 -0.0637582 -0.3069625 -0.9495836 152 130 98 255
0.2937758 1.2328007 -0.6706953 -0.1554987 0.4975493 -0.8533845 3 31 53 255
0.2741864 1.3181073 -0.5925889 -0.6484986 0.3699106 -0.6652937 3 33 54 255
0.2946372 1.2817151 -0.6518335 -0.0721343 0.4719454 -0.8786718 3 32 53 255
-0.3230066 1.2612274 0.0312986 -0.8990033 0.3315824 -0.2860878 3 29 52 255
-0.2846558 1.2737684 -0.0407090 -0.8345452 -0.5507314 -0.0151457 6 30 51 255
-0.2845235 1.2902908 -0.0993099 -0.7633165 0.4988747 -0.4104533 3 33 55 255
0.4747989 1.2428985 -0.4459667 0.9819145 -0.1492691 0.1164582 188 164 123 255
0.4136727 1.0496673 -0.6327286 0.8812709 -0.1018843 0.4614988 2 24 42 255
0.4144552 1.0827629 -0.6893268 0.7955687 0.3475104 -0.4962932 2 30 50 255
-0.2370334 0.4805916 0.4056420 0.6700735 -0.5094377 -0.5398840 170 154 115 255
-0.1881819 0.5288438 0.4202533 -0.4335776 -0.8960000 -0.0958875 66 110 78 255
-0.0861773 0.5361615 0.5173607 0.6256145 -0.1877870 -0.7571940 57 108 79 255
0.0341744 1.2718410 0.5143738 -0.1507671 -0.3846876 0.9106507 192 174 140 255
0.0875802 0.8778434 0.6366057 -0.0563330 0.1066954 0.9926947 65 114 88 255
0.2429228 1.0945682 0.5609312 0.4426774 0.3418971 0.8289409 58 105 69 255
-0.0451725 1.4492979 0.5790458 0.2462938 0.5095007 0.8244685 193 175 139 255
0.2828608 1.3717033 0.4018655 0.7280677 0.5173563 0.4497330 191 171 137 255
0.1988807 1.4828181 0.3352628 0.4543913 0.8127491 0.3646469 192 176 141 255
-0.3149691 1.6759145 -0.0562644 -0.5670428 0.2651026 -0.7798609 66 115 81 255
-0.2918921 1.6189102 -0.1267519 -0.6567492 -0.0035745 -0.7541005 64 112 79 255
-0.3112869 1.5319798 -0.0902424 -0.6584864 -0.5268551 -0.5374193 64 109 75 255
-0.2473447 1.2089798 -0.2126231 -0.8548836 0.2883731 -0.4312946 56 103 73 255
-0.2845235 1.2902908 -0.0993099 -0.7633165 0.4988747 -0.4104533 3 33 55 255
-0.2245808 1.2515035 -0.1921759 -0.5393563 0.5252789 -0.6581616 33 72 44 255
0.2628682 1.3456046 -0.6075745 -0.1497604 0.6495502 -0.7454236 3 30 53 255
0.4240217 1.3095645 -0.6094637 0.6393122 0.4350284 -0.6340584 3 3 4 255
0.2946372 1.2817151 -0.6518335 -0.0721343 0.4719454 -0.8786718 3 32 53 255
0.2249758 1.3350379 -0.5548701 -0.8155406 0.3666930 -0.4476939 3 33 53 255
0.2628682 1.3456046 -0.6075745 -0.1497604 0.6495502 -0.7454236 3 30 53 255
0.2741864 1.3181073 -0.5925889 -0.6484986 0.3699106 -0.6652937 3 33 54 255
0.2252493 1.2775144 -0.5807557 -0.3282633 0.3636449 -0.8717830 2 32 54 255
0.2249758 1.3350379 -0.5548701 -0.8155406 0.3666930 -0.4476939 3 33 53 255
0.2741864 1.3181073 -0.5925889 -0.6484986 0.3699106 -0.6652937 3 33 54 255
0.1877594 1.2438719 -0.5699949 -0.9869459 0.1601691 0.0168427 57 102 71 255
0.2249758 1.3350379 -0.5548701 -0.6993240 0.3957070 -0.5952832 58 102 71 255
0.2061510 1.2884469 -0.5985775 -0.9255288 0.3786438 -0.0050121 57 103 70 255
0.2249758 1.3350379 -0.5548701 -0.6993240 0.3957070 -0.5952832 58 102 71 255
0.1877594 1.2438719 -0.5699949 -0.9869459 0.1601691 0.0168427 57 102 71 255
0.2076018 1.2419207 -0.4680204 -0.8188627 -0.4804785 -0.3140132 57 101 72 255
0.1134732 0.3721970 0.5431285 0.1472909 -0.7083989 0.6902727 188 169 130 255
0.1973219 0.5673727 0.5919476 0.2360276 -0.3546700 0.9047101 192 174 137 255
0.0800076 0.5553124 0.5915813 -0.1182836 -0.1821818 0.9761243 190 160 118 255
0.5133202 1.0319970 0.3060274 0.8429154 0.3251972 0.4286496 1 31 52 255
0.6241188 0.6480614 0.1914849 0.9125184 0.1180585 0.3916277 0 21 36 255
0.6464114 0.8721634 0.0635433 0.9286275 0.3292478 0.1710170 0 7 16 255
0.6241188 0.6480614 0.1914849 -0.7962254 -0.4889102 -0.3563592 0 21 38 255
0.6172636 0.6768070 0.1288915 -0.8528387 -0.4900181 -0.1804115 2 31 52 255
0.6561584 0.5814235 0.1343970 -0.8169742 -0.5236309 -0.2415864 39 82 52 255
0.4327946 0.4911457 0.1603622 0.5335870 -0.8180105 0.2148114 183 154 111 255
0.3495510 0.2946316 0.0013356 -0.1875043 -0.5914482 0.7842393 0 30 50 255
0.4772644 0.3116309 -0.0867715 0.8281825 -0.4921151 0.2682100 0 30 50 255
0.2662790 1.1992517 -0.4283419 -0.3824906 -0.8440174 0.3759464 179 159 118 255
0.1920195 1.2280086 -0.3402247 -0.6153920 -0.7882212 0.0000260 170 133 86 255
0.2076018 1.2419207 -0.4680204 -0.8083839 -0.5801753 -0.0995594 191 167 125 255
0.2596242 1.1873064 -0.3782177 -0.2433576 -0.9304696 0.2738676 189 164 121 255
0.2662790 1.1992517 -0.4283419 -0.3824906 -0.8440174 0.3759464 179 159 118 255
0.3543103 1.2003123 -0.3620400 0.2741010 -0.8391643 0.4697573 192 166 125 255
0.1743093 1.4575442 -0.4219527 -0.3045673 0.6759418 -0.6710749 57 102 72 255
0.2994802 1.4240594 -0.5234418 -0.0651777 0.8105392 -0.5820464 57 103 70 255
0.2249758 1.3350379 -0.5548701 -0.6993240 0.3957070 -0.5952832 58 102 71 255
0.2061510 1.2884469 -0.5985775 0.6463836 -0.1041813 -0.7558665 1 20 33 255
0.2249758 1.3350379 -0.5548701 -0.8155406 0.3666930 -0.4476939 3 33 53 255
0.2252493 1.2775144 -0.5807557 -0.3282633 0.3636449 -0.8717830 2 32 54 255
0.2628682 1.3456046 -0.6075745 -0.1497604 0.6495502 -0.7454236 3 30 53 255
0.2946372 1.2817151 -0.6518335 -0.0721343 0.4719454 -0.8786718 3 32 53 255
0.2741864 1.3181073 -0.5925889 -0.6484986 0.3699106 -0.6652937 3 33 54 255
-0.3287110 0.6653902 0.3658595 -0.1059205 0.6152898 -0.7811525 140 83 52 255
-0.3150125 0.7451680 0.4268422 0.1699780 0.9000327 -0.4013084 152 100 68 255
-0.2752349 0.7179608 0.4000177 0.1341705 0.7888122 -0.5998113 187 165 127 255
-0.1544838 1.1681163 0.4996853 0.4244649 -0.8442189 -0.3272980 55 102 73 255
-0.2138722 1.1816302 0.4439683 0.0416155 -0.4324379 -0.9007029 66 121 96 255
-0.0428042 1.2201817 0.4816670 -0.2699245 0.4411386 0.8558841 24 56 42 255
0.2429228 1.0945682 0.5609312 0.4426774 0.3418971 0.8289409 58 105 69 255
-0.0451725 1.4492979 0.5790458 0.2462938 0.5095007 0.8244685 193 175 139 255
0.0341744 1.2718410 0.5143738 -0.1507671 -0.3846876 0.9106507 192 174 140 255
0.3804326 0.0127124 -0.3822746 0.2924347 -0.9020097 -0.3175853 190 172 135 255
0.4421589 0.1402742 -0.3561378 0.6450896 -0.0951590 -0.7581584 159 61 35 255
0.5082514 0.0630849 -0.2470236 0.9217653 -0.3100867 -0.2327984 190 172 136 255
0.2994802 1.4240594 -0.5234418 0.0017268 0.7837283 -0.6211014 4 30 52 255
0.4240217 1.3095645 -0.6094637 0.6393122 0.4350284 -0.6340584 3 3 4 255
0.2628682 1.3456046 -0.6075745 -0.1497604 0.6495502 -0.7454236 3 30 53 255
-0.5530264 1.0130342 0.5919657 -0.0252354 -0.4683626 -0.8831758 63 62 34 255
-0.2386019 1.1414400 0.5280361 0.3286104 -0.8460057 -0.4198686 56 117 95 255
-0.4356623 0.9671951 0.7504368 0.8013979 -0.5927890 0.0797653 34 87 60 255
-0.2036211 0.0927114 0.2956114 -0.5003236 -0.6604571 -0.5598863 20 3 1 255
-0.0022388 0.2020724 0.1636891 -0.1439904 -0.4797434 -0.8655130 57 103 72 255
-0.0586264 0.0427049 0.3138251 0.0078724 -0.8622031 -0.5065015 0 8 16 255
-0.2036211 0.0927114 0.2956114 -0.5003236 -0.6604571 -0.5598863 20 3 1 255
-0.1260095 0.2844253 0.2785039 -0.3594388 -0.9280982 -0.0971461 71 121 94 255
-0.0879416 0.2280326 0.2146349 -0.5879171 -0.3823906 -0.7128330 67 118 90 255
0.2760677 1.2098527 -0.3014107 -0.2602364 -0.7699757 0.5825929 188 161 116 255
0.3543103 1.2003123 -0.3620400 0.2741010 -0.8391643 0.4697573 192 166 125 255
0.3667927 1.2294641 -0.2797608 0.2741522 -0.8539689 0.4422417 182 144 92 255
0.6464114 0.8721634 0.0635433 0.9286275 0.3292478 0.1710170 0 7 16 255
0.6349490 0.9026731 -0.1441755 0.8983259 0.2849158 -0.3344152 92 75 52 255
0.4722168 1.2541595 -0.1464777 0.8059749 0.5585224 -0.1961054 1 30 51 255
0.4551117 0.6047666 0.5004063 0.7710592 0.1526635 0.6181923 2 28 47 255
0.5464013 0.6298366 0.3548388 0.8609655 0.1386026 0.4894157 0 3 5 255
0.5133202 1.0319970 0.3060274 0.8429154 0.3251972 0.4286496 1 31 52 255
0.1863465 1.1819199 -0.4441690 -0.7677059 -0.5261086 0.3658381 181 144 97 255
0.1920195 1.2280086 -0.3402247 -0.6153920 -0.7882212 0.0000260 170 133 86 255
0.1741872 1.3097710 -0.2690430 0.0500345 -0.4869221 -0.8720111 32 88 56 255
-0.3753595 1.5499442 0.0527525 -0.9279705 0.0729608 0.3654414 0 15 27 255
-0.3406203 1.5235833 0.0551634 -0.2219465 -0.9337838 -0.2806913 0 22 38 255
-0.3610044 1.4592145 0.0886788 -0.2235037 -0.4068467 -0.8857323 1 18 33 255
-0.6239476 1.0515493 0.7012882 -0.9288468 0.3622350 0.0776486 19 58 41 255
-0.5254745 1.0307609 0.8004088 -0.1735191 0.2882231 0.9417105 55 98 68 255
-0.4288018 1.2610185 0.7510118 -0.1547711 0.4256558 0.8915510 42 33 36 255
-0.2938893 1.4594132 0.0733104 -0.1881519 -0.5274299 -0.8285027 0 12 22 255
-0.3610044 1.4592145 0.0886788 -0.2235037 -0.4068467 -0.8857323 1 18 33 255
-0.1980245 1.4807567 0.0379529 -0.3938791 -0.8608866 -0.3220771 1 20 35 255
0.1741872 1.3097710 -0.2690430 0.0500345 -0.4869221 -0.8720111 32 88 56 255
0.2596242 1.1873064 -0.3782177 -0.2433576 -0.9304696 0.2738676 189 164 121 255
0.2760677 1.2098527 -0.3014107 -0.2602364 -0.7699757 0.5825929 188 161 116 255
0.1530547 1.2364922 -0.4942694 -0.9232571 -0.3480968 -0.1625574 58 103 74 255
0.1387508 1.2347031 -0.4091969 -0.6782408 -0.7228310 0.1323055 22 58 43 255
0.1168420 1.3109974 -0.4481401 -0.7925224 0.0936521 -0.6026090 57 99 68 255
0.1168420 1.3109974 -0.4481401 -0.7925224 0.0936521 -0.6026090 57 99 68 255
0.0593479 1.3735104 -0.3447871 -0.7434150 -0.0594657 -0.6661816 63 113 79 255
0.1743093 1.4575442 -0.4219527 -0.3045673 0.6759418 -0.6710749 57 102 72 255
0.1743093 1.4575442 -0.4219527 -0.3045673 0.6759418 -0.6710749 57 102 72 255
0.3595288 1.4886678 -0.4092188 0.1460848 0.9136216 -0.3794138 58 104 70 255
0.2994802 1.4240594 -0.5234418 -0.0651777 0.8105392 -0.5820464 57 103 70 255
-0.3707619 0.9781520 0.2406726 0.1676752 -0.9856139 -0.0212239 172 84 48 255
-0.3746889 0.9453593 0.2011118 -0.9418808 -0.0810282 0.3260291 187 158 112 255
-0.3093419 0.9836263 0.3703580 -0.9208692 -0.0807618 0.3814149 0 25 15 255
-0.3746889 0.9453593 0.2011118 -0.9418808 -0.0810282 0.3260291 187 158 112 255
-0.3246133 0.7256485 0.3177242 -0.9080653 0.0503490 0.4157912 0 19 35 255
-0.3093419 0.9836263 0.3703580 -0.9208692 -0.0807618 0.3814149 0 25 15 255
-0.5226884 0.9215533 0.7048950 0.5711116 -0.4583026 -0.6810215 169 76 50 255
-0.5992110 0.9766739 0.5650148 0.8403412 -0.4837613 -0.2445435 193 170 129 255
-0.5530264 1.0130342 0.5919657 -0.0252354 -0.4683626 -0.8831758 63 62 34 255
0.4302859 1.4495805 -0.3518696 0.6713932 0.7410584 -0.0079715 191 165 124 255
0.4139004 1.4510440 -0.1942840 0.7470298 0.6635857 0.0400047 191 171 136 255
0.4874213 1.3920692 -0.4185719 0.9023741 0.3841374 0.1953446 182 152 109 255
-0.3093419 0.9836263 0.3703580 0.7433006 -0.6587353 -0.1164997 188 168 130 255
-0.3290870 0.9937653 0.4181504 -0.7193591 0.2128737 0.6612165 163 117 84 255
-0.3733211 0.9148497 0.3510480 0.5225322 -0.8184124 -0.2390845 152 100 68 255
0.1291020 0.4249723 -0.0076771 -0.3847115 -0.6481442 0.6571956 64 132 114 255
0.1187747 0.2359564 -0.1480813 -0.5850847 -0.4464912 0.6769946 67 125 106 255
0.3495510 0.2946316 0.0013356 -0.0973857 -0.5267949 0.8443952 62 127 105 255
-0.4347785 0.8932851 0.7727470 0.7475110 0.3514926 -0.5636313 188 158 111 255
-0.4356623 0.9671951 0.7504368 0.8013979 -0.5927890 0.0797653 34 87 60 255
-0.4776816 0.9203274 0.8373837 0.3157660 0.2773851 0.9073860 172 131 83 255
0.1741872 1.3097710 -0.2690430 0.1764006 -0.5065864 -0.8439509 191 176 140 255
0.0140600 1.3640662 -0.2957740 -0.0700710 0.1639533 -0.9839764 54 95 62 255
0.0593479 1.3735104 -0.3447871 -0.7434150 -0.0594657 -0.6661816 63 113 79 255
-0.3634450 1.4158595 0.4289269 -0.9232092 0.3458349 -0.1675802 63 110 79 255
-0.2491977 1.3857436 0.2254424 -0.7076815 0.4109907 -0.5746943 59 110 82 255
-0.3290870 0.9937653 0.4181504 -0.6742013 0.2540338 0.6934834 9 7 12 255
-0.3290870 0.9937653 0.4181504 -0.6742013 0.2540338 0.6934834 9 7 12 255
-0.1653280 1.2553950 0.4370370 0.1997173 -0.8843411 0.4219642 60 108 77 255
-0.2907586 1.3591681 0.3656688 0.7693592 -0.6362216 0.0575181 38 70 42 255
-0.0801349 1.4153391 -0.1941357 0.2491969 0.8354517 0.4898176 54 95 62 255
0.0593479 1.3735104 -0.3447871 -0.7434150 -0.0594657 -0.6661816 63 113 79 255
0.0140600 1.3640662 -0.2957740 -0.0700710 0.1639533 -0.9839764 54 95 62 255
0.0015037 1.5337323 0.2705951 0.1539292 0.4318083 0.8887336 185 168 135 255
0.1988807 1.4828181 0.3352628 0.3542269 0.8850435 0.3020287 7 15 24 255
0.0779023 1.5615491 0.2246380 0.5580638 0.6796827 0.4760212 188 174 142 255
0.3944602 0.6000518 0.5206828 0.5182702 -0.4961365 0.6965950 189 173 136 255
0.3159370 0.4398578 0.5223908 0.6435727 -0.5286500 0.5534828 193 175 137 255
0.4759650 0.6342134 0.4267945 0.7793701 -0.5422956 0.3138434 186 171 138 255
0.1442649 1.5653644 0.0599971 0.7947853 0.6041168 0.0579591 191 177 147 255
0.0779023 1.5615491 0.2246380 0.5580638 0.6796827 0.4760212 188 174 142 255
0.1988807 1.4828181 0.3352628 0.3542269 0.8850435 0.3020287 7 15 24 255
-0.1205637 1.1887544 0.5763483 0.4151639 -0.8676408 0.2735661 21 16 7 255
0.0341744 1.2718410 0.5143738 -0.1507671 -0.3846876 0.9106507 192 174 140 255
-0.1136672 1.2633471 0.6404762 0.6274134 -0.2144285 0.7485804 190 166 126 255
0.1442649 1.5653644 0.0599971 0.7947853 0.6041168 0.0579591 191 177 147 255
0.1988807 1.4828181 0.3352628 0.3542269 0.8850435 0.3020287 7 15 24 255
0.2469630 1.5174499 0.0742311 0.3861572 0.8964646 0.2173336 190 175 144 255
-0.1800849 0.4129031 0.4336433 -0.6543539 0.1542835 0.7402820 182 162 122 255
-0.2022889 0.4230373 0.3962011 -0.8636749 -0.0234495 0.5035035 193 171 133 255
-0.1661141 0.3810123 0.3897433 -0.8695208 -0.4520665 -0.1989203 192 171 133 255
-0.4299710 0.7527800 0.7366848 0.0970017 0.5758010 -0.8118151 189 161 120 255
-0.4629192 0.7282199 0.6814046 0.1193362 0.8561794 -0.5027084 190 163 121 255
-0.5160809 0.7770119 0.7518826 0.3415956 0.6149683 -0.7107226 190 168 129 255
0.1988807 1.4828181 0.3352628 0.4543913 0.8127491 0.3646469 192 176 141 255
0.2828608 1.3717033 0.4018655 0.7280677 0.5173563 0.4497330 191 171 137 255
0.2469630 1.5174499 0.0742311 0.8801745 0.4722399 -0.0477733 193 177 143 255
0.2469630 1.5174499 0.0742311 0.8801745 0.4722399 -0.0477733 193 177 143 255
0.2828608 1.3717033 0.4018655 0.7280677 0.5173563 0.4497330 191 171 137 255
0.1912951 1.5979063 -0.0945950 0.2315119 0.9602686 -0.1558410 193 176 139 255
0.3495510 0.2946316 0.0013356 -0.0973857 -0.5267949 0.8443952 62 127 105 255
0.1187747 0.2359564 -0.1480813 -0.5850847 -0.4464912 0.6769946 67 125 106 255
0.2627804 0.0829580 -0.1439161 -0.2510082 -0.5890492 0.7681249 51 75 55 255
-0.0451725 1.4492979 0.5790458 0.2462938 0.5095007 0.8244685 193 175 139 255
0.1988807 1.4828181 0.3352628 0.4543913 0.8127491 0.3646469 192 176 141 255
-0.0467005 1.5585409 0.3894711 -0.0259679 0.9994804 0.0190941 175 165 128 255
-0.3149631 1.4685412 0.4717436 -0.3448614 0.9243574 0.1631996 61 103 73 255
-0.1100302 1.4958697 0.5338840 0.0489921 0.8787008 0.4748524 75 106 76 255
-0.0467005 1.5585409 0.3894711 -0.1754778 0.9801261 -0.0925220 71 107 77 255
-0.5824752 0.7796728 0.6202583 0.2061648 -0.2479308 -0.9465868 1 28 47 255
-0.6426148 0.8369596 0.5921555 -0.7543125 -0.3104644 -0.5784674 2 26 45 255
-0.5992110 0.9766739 0.5650148 -0.6806021 0.3845898 -0.6235955 35 24 33 255
-0.2473447 1.2089798 -0.2126231 -0.8548836 0.2883731 -0.4312946 56 103 73 255
-0.1711321 1.2234799 -0.2479005 -0.5123481 0.5822258 -0.6312783 59 106 76 255
-0.1452172 1.1676514 -0.3349376 -0.5190570 0.2408490 -0.8201047 52 99 66 255
-0.3745546 0.7228476 0.0952125 -0.9936949 0.0584620 -0.0956691 184 152 107 255
-0.3746889 0.9453593 0.2011118 -0.9418808 -0.0810282 0.3260291 187 158 112 255
-0.3901227 0.9290574 0.0910997 -0.9848540 -0.1674063 0.0451431 191 159 114 255
-0.2740240 0.7218347 0.4758644 0.0115232 -0.1740875 -0.9846628 39 81 51 255
-0.2567196 0.8622180 0.4558148 -0.1854593 -0.1939699 -0.9633175 40 79 52 255
-0.2313459 0.7170780 0.4560399 -0.1361570 0.6814517 -0.7190862 45 88 58 255
0.2790947 0.0088411 -0.2290425 -0.0590525 -0.9491888 0.3091167 185 139 90 255
0.2910502 0.1047413 -0.1556253 -0.3784432 -0.4077120 0.8309944 184 155 108 255
0.1687832 0.0816838 -0.2604513 -0.7604490 -0.1845433 0.6226243 160 23 16 255
-0.3810420 0.6556125 -0.0358491 -0.9847175 -0.0669986 -0.1607559 106 72 44 255
-0.3424988 0.6710847 -0.0258913 -0.9307990 0.3495263 -0.1069797 114 95 71 255
-0.3896887 0.7503494 -0.0606022 -0.4387806 0.8078985 0.3934103 0 3 6 255
0.2536068 0.2576028 0.1895070 0.4606470 -0.7034881 -0.5412107 0 29 48 255
0.0772758 0.4128854 0.0612192 0.2384820 -0.6990521 -0.6741309 0 0 0 255
0.4327946 0.4911457 0.1603622 0.5220270 -0.8177834 0.2423187 50 89 65 255
-0.2245808 1.2515035 -0.1921759 -0.5393563 0.5252789 -0.6581616 33 72 44 255
-0.1168623 1.2656511 -0.2640138 -0.5296606 0.5174584 -0.6720837 23 53 41 255
-0.1711321 1.2234799 -0.2479005 -0.5123481 0.5822258 -0.6312783 59 106 76 255
-0.1087215 1.3836838 -0.2546988 -0.2632433 0.7755872 -0.5737311 62 111 83 255
-0.1406534 1.3513183 -0.1915488 -0.6809068 0.4752593 -0.5572204 55 101 72 255
-0.0801349 1.4153391 -0.1941357 0.2491969 0.8354517 0.4898176 54 95 62 255
0.4747989 1.2428985 -0.4459667 0.9819145 -0.1492691 0.1164582 188 164 123 255
0.4240217 1.3095645 -0.6094637 0.6393122 0.4350284 -0.6340584 3 3 4 255
0.4608617 1.3698693 -0.3325229 0.9857885 0.1665059 -0.0222878 190 170 133 255
-0.0681062 0.4022843 0.0720806 -0.2791875 -0.8618640 -0.4233731 1 2 1 255
0.0256612 0.4456645 -0.1630201 -0.3818917 -0.9087349 -0.1684033 162 128 82 255
0.0772758 0.4128854 0.0612192 0.2384820 -0.6990521 -0.6741309 0 0 0 255
-0.3044467 1.7148234 0.1214447 -0.5316203 0.3269547 0.7813325 182 151 108 255
-0.1723514 1.8291901 0.1257930 -0.4367478 0.6517739 0.6200340 189 173 139 255
-0.3234806 1.7815545 0.0957346 -0.6567189 0.6205540 0.4285243 143 112 72 255
-0.2698414 1.4651550 0.2351208 -0.6219998 0.1852471 0.7607888 1 18 33 255
-0.3610044 1.4592145 0.0886788 -0.8636525 0.0326711 0.5030279 0 10 19 255
-0.2912714 1.3296854 0.1688275 -0.8556743 -0.1413665 0.4978321 1 26 43 255
0.2994802 1.4240594 -0.5234418 0.0017268 0.7837283 -0.6211014 4 30 52 255
0.3595288 1.4886678 -0.4092188 0.2853303 0.8246280 -0.4884415 128 103 80 255
0.4240217 1.3095645 -0.6094637 0.6393122 0.4350284 -0.6340584 3 3 4 255
-0.2981009 0.4238970 0.0942173 0.9906526 -0.1359993 -0.0105653 1 29 50 255
-0.2921696 0.5073600 0.0346575 0.9897161 -0.1428460 -0.0075687 1 29 50 255
-0.3072467 0.5283652 0.1961141 0.9920658 -0.0313581 0.1217460 188 168 129 255
0.4217241 0.5239027 0.5518394 0.5153576 -0.0205949 0.8567278 176 136 93 255
0.4551117 0.6047666 0.5004063 0.7710592 0.1526635 0.6181923 2 28 47 255
0.3005972 0.7790166 0.6294842 0.5586338 0.1873491 0.8079782 2 28 16 255
0.0015037 1.5337323 0.2705951 -0.1100359 0.9760145 -0.1878505 186 169 131 255
-0.0467005 1.5585409 0.3894711 -0.0259679 0.9994804 0.0190941 175 165 128 255
0.1988807 1.4828181 0.3352628 0.4543913 0.8127491 0.3646469 192 176 141 255
-0.3234355 1.7878016 0.0123291 -0.7718589 0.6089005 -0.1829594 191 172 137 255
-0.2657640 1.7704482 -0.1371012 -0.3808517 0.6365100 -0.6706765 192 174 139 255
-0.3155560 1.7565836 -0.0527868 -0.8376708 0.1133265 -0.5342889 192 174 138 255
0.4139004 1.4510440 -0.1942840 0.7470298 0.6635857 0.0400047 191 171 136 255
0.2828608 1.3717033 0.4018655 0.7280677 0.5173563 0.4497330 191 171 137 255
0.5133202 1.0319970 0.3060274 0.8429154 0.3251972 0.4286496 1 31 52 255
-0.1709206 0.4590754 0.3934398 -0.8023819 0.5251157 0.2836140 192 170 132 255
-0.2022889 0.4230373 0.3962011 -0.8636749 -0.0234495 0.5035035 193 171 133 255
-0.1800849 0.4129031 0.4336433 -0.6543539 0.1542835 0.7402820 182 162 122 255
0.0417695 0.4135357 -0.2225609 -0.8450879 -0.0449283 -0.5327363 180 138 103 255
0.1435235 0.3269111 -0.2188387 -0.7985878 -0.4774496 -0.3664690 25 57 37 255
0.0816355 0.2790144 -0.2412434 0.0669874 0.3721159 -0.9257659 55 89 63 255
0.4292212 1.2733008 -0.2922993 -0.6572571 0.2159236 -0.7220734 10 23 31 255
0.4472735 1.2106864 -0.3546906 -0.5083914 0.5298348 -0.6788322 10 23 31 255
0.3667927 1.2294641 -0.2797608 -0.5083914 0.5298348 -0.6788322 180 165 128 255
0.6775222 0.6563424 0.0167222 0.9938038 0.1028406 0.0421660 2 25 43 255
0.6564798 0.6673421 -0.1818461 0.8970653 0.1411274 -0.4187563 1 24 41 255
0.6349490 0.9026731 -0.1441755 0.8983259 0.2849158 -0.3344152 92 75 52 255
0.3719459 1.3139358 -0.1637912 0.4970346 0.0414166 -0.8667418 1 27 46 255
0.4472735 1.2106864 -0.3546906 0.7459901 -0.4141520 0.5215139 57 113 87 255
0.4292212 1.2733008 -0.2922993 0.8651521 -0.2262976 0.4475503 85 93 66 255
0.4400997 0.1255699 -0.1096773 0.4495087 -0.4399014 0.7774502 0 16 30 255
0.4820256 0.1635241 -0.2112403 0.9900016 0.1243407 -0.0666055 0 15 28 255
0.4772644 0.3116309 -0.0867715 0.8281825 -0.4921151 0.2682100 0 30 50 255
-0.2344542 1.3002182 -0.1001272 -0.3834769 -0.5149208 -0.7666824 58 110 82 255
-0.2846558 1.2737684 -0.0407090 -0.8345452 -0.5507314 -0.0151457 6 30 51 255
-0.4003837 1.3411156 -0.0203633 -0.8659862 -0.4314182 -0.2528759 79 30 19 255
0.2627804 0.0829580 -0.1439161 -0.2510082 -0.5890492 0.7681249 51 75 55 255
0.4400997 0.1255699 -0.1096773 0.4219138 -0.3558668 0.8338751 67 108 78 255
0.3495510 0.2946316 0.0013356 -0.0973857 -0.5267949 0.8443952 62 127 105 255
0.4251924 0.3476013 -0.3322258 0.9500113 -0.0390528 -0.3097637 1 14 26 255
0.4772644 0.3116309 -0.0867715 0.8281825 -0.4921151 0.2682100 0 30 50 255
0.4820256 0.1635241 -0.2112403 0.9900016 0.1243407 -0.0666055 0 15 28 255
0.4292212 1.2733008 -0.2922993 0.7754253 -0.3569996 0.5208330 191 169 127 255
0.4747989 1.2428985 -0.4459667 0.9819145 -0.1492691 0.1164582 188 164 123 255
0.4608617 1.3698693 -0.3325229 0.9857885 0.1665059 -0.0222878 190 170 133 255
0.6916847 0.5999651 -0.0667243 -0.8212566 -0.5700223 0.0247420 67 115 83 255
0.6452782 0.6638372 0.0066323 -0.8877574 -0.4387089 -0.1393596 67 115 83 255
0.6428082 0.6891961 -0.1003118 -0.7264951 -0.6865595 0.0289967 66 108 79 255
-0.3259475 1.7201621 0.0056381 -0.9549757 0.2727574 0.1167255 1 25 42 255
-0.3475678 1.7077372 0.0736175 -0.9135146 0.3885602 0.1204658 88 64 35 255
-0.3044467 1.7148234 0.1214447 -0.5316203 0.3269547 0.7813325 182 151 108 255
-0.1494215 1.3355194 0.6579142 -0.6693089 -0.3855392 -0.6351261 30 25 17 255
-0.2195432 1.3426841 0.7105432 -0.5357409 -0.5524195 -0.6386034 167 157 124 255
-0.2157474 1.4024982 0.6556168 -0.5357409 -0.5524195 -0.6386034 73 66 52 255
0.4302859 1.4495805 -0.3518696 0.7203333 0.6599965 -0.2133649 187 167 133 255
0.4240217 1.3095645 -0.6094637 0.6393122 0.4350284 -0.6340584 3 3 4 255
0.3595288 1.4886678 -0.4092188 0.2853303 0.8246280 -0.4884415 128 103 80 255
0.4722168 1.2541595 -0.1464777 0.8059749 0.5585224 -0.1961054 1 30 51 255
0.6349490 0.9026731 -0.1441755 0.8983259 0.2849158 -0.3344152 92 75 52 255
0.4819427 0.8709327 -0.3842430 0.4487969 0.2886661 -0.8457265 172 124 104 255
0.4329388 1.4521405 -0.4387703 0.4813593 0.8765217 0.0016551 183 154 113 255
0.3595288 1.4886678 -0.4092188 0.1540594 0.9172474 -0.3673187 187 160 118 255
0.2770424 1.5373450 -0.2420712 0.4337133 0.8898435 0.1416731 193 175 139 255
0.3595288 1.4886678 -0.4092188 -0.4580247 -0.8880326 -0.0401462 172 163 121 255
0.4329388 1.4521405 -0.4387703 -0.4580247 -0.8880326 -0.0401462 49 49 43 255
0.4302859 1.4495805 -0.3518696 -0.6934680 -0.6818212 -0.2328564 1 11 16 255
-0.3150125 0.7451680 0.4268422 0.1699780 0.9000327 -0.4013084 152 100 68 255
-0.2313459 0.7170780 0.4560399 -0.0744104 0.7062931 -0.7039979 190 170 133 255
-0.2752349 0.7179608 0.4000177 0.1341705 0.7888122 -0.5998113 187 165 127 255
-0.5112734 0.7060925 0.6378675 0.2018166 0.7138267 -0.6706129 188 165 127 255
-0.5160809 0.7770119 0.7518826 0.3415956 0.6149683 -0.7107226 190 168 129 255
-0.4629192 0.7282199 0.6814046 0.1193362 0.8561794 -0.5027084 190 163 121 255
0.0582407 0.0306290 -0.4466782 -0.1086552 -0.9772249 -0.1822788 193 170 125 255
0.0476046 0.0742056 -0.4162097 -0.5296047 0.7560755 -0.3845372 189 166 118 255
0.1138654 0.0641360 -0.5011516 0.0586728 0.2402439 -0.9689378 192 169 125 255
-0.3702624 1.2572982 0.4002194 -0.3130499 -0.3637072 -0.8773351 67 122 99 255
-0.4177585 1.3342839 0.4268088 -0.8084702 0.2267979 -0.5430825 66 113 86 255
-0.2907586 1.3591681 0.3656688 0.7693592 -0.6362216 0.0575181 38 70 42 255
0.4819427 0.8709327 -0.3842430 0.4487969 0.2886661 -0.8457265 172 124 104 255
0.6349490 0.9026731 -0.1441755 0.8983259 0.2849158 -0.3344152 92 75 52 255
0.6564798 0.6673421 -0.1818461 0.8970653 0.1411274 -0.4187563 1 24 41 255
0.4240217 1.3095645 -0.6094637 0.6393122 0.4350284 -0.6340584 3 3 4 255
0.4302859 1.4495805 -0.3518696 0.7203333 0.6599965 -0.2133649 187 167 133 255
0.4608617 1.3698693 -0.3325229 0.9857885 0.1665059 -0.0222878 190 170 133 255
-0.1013751 0.0806513 0.3975644 -0.4731122 0.5343048 -0.7004878 173 138 93 255
0.0014780 0.0688551 0.3190994 -0.4731122 0.5343048 -0.7004878 2 29 45 255
-0.1192555 0.0493777 0.3857875 -0.4731122 0.5343048 -0.7004878 179 147 102 255
0.0029926 0.0690499 0.3200607 0.2589192 -0.9407931 0.2187903 175 152 114 255
-0.0586264 0.0427049 0.3138251 0.0078724 -0.8622031 -0.5065015 0 8 16 255
0.0613134 0.0773606 0.2934461 0.2790657 -0.6963646 -0.6612100 0 10 18 255
0.0666437 0.0114157 0.3250160 0.1600085 -0.8664304 -0.4729649 192 170 130 255
-0.1202631 0.0493487 0.3853784 -0.8068011 -0.1635236 -0.5677430 188 168 131 255
0.0029926 0.0690499 0.3200607 -0.1150585 -0.8500717 -0.5139452 190 166 125 255
-0.4570661 1.2913385 0.6106219 -0.7512259 0.6572872 0.0602776 74 116 87 255
-0.3424277 1.4255528 0.5515485 -0.6882385 0.7001398 0.1900847 69 111 78 255
-0.4338849 1.3072872 0.5312681 -0.9188529 0.3416695 -0.1974113 68 114 85 255
-0.3458595 1.3611247 0.6543751 -0.3497843 0.8000864 0.4873526 69 115 82 255
-0.4288018 1.2610185 0.7510118 -0.0952456 0.3540329 0.9303704 68 121 93 255
-0.2157474 1.4024982 0.6556168 -0.0491386 0.7488001 0.6609719 73 106 76 255
-0.0400217 1.2792557 -0.3090439 -0.2789024 0.3070678 -0.9099027 0 13 26 255
-0.1168623 1.2656511 -0.2640138 -0.5296606 0.5174584 -0.6720837 23 53 41 255
-0.1406534 1.3513183 -0.1915488 -0.6809068 0.4752593 -0.5572204 55 101 72 255
-0.3178127 1.2178784 0.4222445 -0.2614658 -0.5926256 -0.7618599 69 127 108 255
-0.4038181 1.2236056 0.4880767 -0.4225078 -0.5983815 -0.6807545 69 127 105 255
-0.4160554 1.2599865 0.4524188 -0.8165215 -0.4338675 -0.3808565 67 122 96 255
0.6452782 0.6638372 0.0066323 0.8168371 -0.5241089 0.2410124 2 29 49 255
0.6775222 0.6563424 0.0167222 0.9985513 0.0302082 0.0445288 2 30 50 255
0.6561584 0.5814235 0.1343970 -0.8157279 -0.5256732 -0.2413618 1 30 49 255
0.3555708 0.9441003 -0.7193632 -0.1116797 -0.5801116 0.8068446 67 112 88 255
0.3522327 0.8526197 -0.7375245 -0.0179844 -0.6101120 0.7921112 55 106 80 255
0.4477944 0.8585625 -0.7039137 -0.5365505 -0.0496376 0.8424070 53 101 73 255
0.1782479 0.0552932 0.5116296 0.6574115 -0.5451253 0.5202391 190 172 134 255
0.0666437 0.0114157 0.3250160 0.1600085 -0.8664304 -0.4729649 192 170 130 255
0.1941557 0.1856872 0.2664461 0.9553429 -0.2692110 0.1218417 186 155 112 255
-0.2080803 1.4127878 -0.1812410 -0.3141426 -0.0896896 -0.9451297 47 82 50 255
-0.2206030 1.6853504 -0.1520562 -0.1203846 0.1382171 -0.9830583 66 121 96 255
-0.0123508 1.5552345 -0.1650448 0.2621545 -0.0661040 -0.9627593 66 124 101 255
-0.2080803 1.4127878 -0.1812410 -0.3141426 -0.0896896 -0.9451297 47 82 50 255
-0.0123508 1.5552345 -0.1650448 0.2621545 -0.0661040 -0.9627593 66 124 101 255
-0.1258898 1.3865960 -0.1695199 -0.4714278 0.6439235 -0.6025931 61 109 80 255
0.6137302 0.5712405 0.2543893 -0.8142070 -0.3891070 -0.4308860 8 28 24 255
0.5464013 0.6298366 0.3548388 -0.7114795 -0.5286043 -0.4630060 2 32 52 255
0.5586553 0.6635030 0.2751288 -0.7186821 -0.5603100 -0.4117630 2 29 50 255
-0.2473447 1.2089798 -0.2126231 -0.8548836 0.2883731 -0.4312946 56 103 73 255
-0.2245808 1.2515035 -0.1921759 -0.5393563 0.5252789 -0.6581616 33 72 44 255
-0.1711321 1.2234799 -0.2479005 -0.5123481 0.5822258 -0.6312783 59 106 76 255
3 0 1 2
3 3 4 5
3 6 7 8
3 9 10 11
3 12 13 14
3 15 16 17
3 18 19 20
3 21 22 23
3 24 25 26
3 27 28 29
3 30 31 32
3 33 34 35
3 36 37 38
3 39 40 41
3 42 43 44
3 45 46 47
3 48 49 50
3 51 52 53
3 54 55 56
3 57 58 59
3 60 61 62
3 63 64 65
3 66 67 68
3 69 70 71
3 72 73 74
3 75 76 77
3 78 79 80
3 81 82 83
3 84 85 86
3 87 88 89
3 90 91 92
3 93 94 95
3 96 97 98
3 99 100 101
3 102 103 104
3 105 106 107
3 108 109 110
3 111 112 113
3 114 115 116
3 117 118 119
3 120 121 122
3 123 124 125
3 126 127 128
3 129 130 131
3 132 133 134
3 135 136 137
3 138 139 140
3 141 142 143
3 144 145 146
3 147 148 149
3 150 151 152
3 153 154 155
3 156 157 158
3 159 160 161
3 162 163 164
3 165 166 167
3 168 169 170
3 171 172 173
3 174 175 176
3 177 178 179
3 180 181 182
3 183 184 185
3 186 187 188
3 189 190 191
3 192 193 194
3 195 196 197
3 198 199 200
3 201 202 203
3 204 205 206
3 207 208 209
3 210 211 212
3 213 214 215
3 216 217 218
3 219 220 221
3 222 223 224
3 225 226 227
3 228 229 230
3 231 232 233
3 234 235 236
3 237 238 239
3 240 241 242
3 243 244 245
3 246 247 248
3 249 250 251
3 252 253 254
3 255 256 257
3 258 259 260
3 261 262 263
3 264 265 266
3 267 268 269
3 270 271 272
3 273 274 275
3 276 277 278
3 279 280 281
3 282 283 284
3 285 286 287
3 288 289 290
3 291 292 293
3 294 295 296
3 297 298 299
3 300 301 302
3 303 304 305
3 306 307 308
3 309 310 311
3 312 313 314
3 315 316 317
3 318 319 320
3 321 322 323
3 324 325 326
3 327 328 329
3 330 331 332
3 333 334 335
3 336 337 338
3 339 340 341
3 342 343 344
3 345 346 347
3 348 349 350
3 351 352 353
3 354 355 356
3 357 358 359
3 360 361 362
3 363 364 365
3 366 367 368
3 369 370 371
3 372 373 374
3 375 376 377
3 378 379 380
3 381 382 383
3 384 385 386
3 387 388 389
3 390 391 392
3 393 394 395
3 396 397 398
3 399 400 401
3 402 403 404
3 405 406 407
3 408 409 410
3 411 412 413
3 414 415 416
3 417 418 419
3 420 421 422
3 423 424 425
3 426 427 428
3 429 430 431
3 432 433 434
3 435 436 437
3 438 439 440
3 441 442 443
3 444 445 446
3 447 448 449
3 450 451 452
3 453 454 455
3 456 457 458
3 459 460 461
3 462 463 464
3 465 466 467
3 468 469 470
3 471 472 473
3 474 475 476
3 477 478 479
3 480 481 482
3 483 484 485
3 486 487 488
3 489 490 491
3 492 493 494
3 495 496 497
3 498 499 500
3 501 502 503
3 504 505 506
3 507 508 509
3 510 511 512
3 513 514 515
3 516 517 518
3 519 520 521
3 522 523 524
3 525 526 527
3 528 529 530
3 531 532 533
3 534 535 536
3 537 538 539
3 540 541 542
3 543 544 545
3 546 547 548
3 549 550 551
3 552 553 554
3 555 556 557
3 558 559 560
3 561 562 563
3 564 565 566
3 567 568 569
3 570 571 572
3 573 574 575
3 576 577 578
3 579 580 581
3 582 583 584
3 585 586 587
3 588 589 590
3 591 592 593
3 594 595 596
3 597 598 599
3 600 601 602
3 603 604 605
3 606 607 608
3 609 610 611
3 612 613 614
3 615 616 617
3 618 619 620
3 621 622 623
3 624 625 626
3 627 628 629
3 630 631 632
3 633 634 635
3 636 637 638
3 639 640 641
3 642 643 644
3 645 646 647
3 648 649 650
3 651 652 653
3 654 655 656
3 657 658 659
3 660 661 662
3 663 664 665
3 666 667 668
3 669 670 671
3 672 673 674
3 675 676 677
3 678 679 680
3 681 682 683
3 684 685 686
3 687 688 689
3 690 691 692
3 693 694 695
3 696 697 698
3 699 700 701
3 702 703 704
3 705 706 707
3 708 709 710
3 711 712 713
3 714 715 716
3 717 718 719
3 720 721 722
3 723 724 725
3 726 727 728
3 729 730 731
3 732 733 734
3 735 736 737
3 738 739 740
3 741 742 743
3 744 745 746
3 747 748 749
3 750 751 752
3 753 754 755
3 756 757 758
3 759 760 761
3 762 763 764
3 765 766 767
3 768 769 770
3 771 772 773
3 774 775 776
3 777 778 779
3 780 781 782
3 783 784 785
3 786 787 788
3 789 790 791
3 792 793 794
3 795 796 797
3 798 799 800
3 801 802 803
3 804 805 806
3 807 808 809
3 810 811 812
3 813 814 815
3 816 817 818
3 819 820 821
3 822 823 824
3 825 826 827
3 828 829 830
3 831 832 833
3 834 835 836
3 837 838 839
3 840 841 842
3 843 844 845
3 846 847 848
3 849 850 851
3 852 853 854
3 855 856 857
3 858 859 860
3 861 862 863
3 864 865 866
3 867 868 869
3 870 871 872
3 873 874 875
3 876 877 878
3 879 880 881
3 882 883 884
3 885 886 887
3 888 889 890
3 891 892 893
3 894 895 896
3 897 898 899
3 900 901 902
3 903 904 905
3 906 907 908
3 909 910 911
3 912 913 914
3 915 916 917
3 918 919 920
3 921 922 923
3 924 925 926
3 927 928 929
3 930 931 932
3 933 934 935
3 936 937 938
3 939 940 941
3 942 943 944
3 945 946 947
3 948 949 950
3 951 952 953
3 954 955 956
3 957 958 959
3 960 961 962
3 963 964 965
3 966 967 968
3 969 970 971
3 972 973 974
3 975 976 977
3 978 979 980
3 981 982 983
3 984 985 986
3 987 988 989
3 990 991 992
3 993 994 995
3 996 997 998
3 999 1000 1001
3 1002 1003 1004
3 1005 1006 1007
3 1008 1009 1010
3 1011 1012 1013
3 1014 1015 1016
3 1017 1018 1019
3 1020 1021 1022
3 1023 1024 1025
3 1026 1027 1028
3 1029 1030 1031
3 1032 1033 1034
3 1035 1036 1037
3 1038 1039 1040
3 1041 1042 1043
3 1044 1045 1046
3 1047 1048 1049
3 1050 1051 1052
3 1053 1054 1055
3 1056 1057 1058
3 1059 1060 1061
3 1062 1063 1064
3 1065 1066 1067
3 1068 1069 1070
3 1071 1072 1073
3 1074 1075 1076
3 1077 1078 1079
3 1080 1081 1082
3 1083 1084 1085
3 1086 1087 1088
3 1089 1090 1091
3 1092 1093 1094
3 1095 1096 1097
3 1098 1099 1100
3 1101 1102 1103
3 1104 1105 1106
3 1107 1108 1109
3 1110 1111 1112
3 1113 1114 1115
3 1116 1117 1118
3 1119 1120 1121
3 1122 1123 1124
3 1125 1126 1127
3 1128 1129 1130
3 1131 1132 1133
3 1134 1135 1136
3 1137 1138 1139
3 1140 1141 1142
3 1143 1144 1145
3 1146 1147 1148
3 1149 1150 1151
3 1152 1153 1154
3 1155 1156 1157
3 1158 1159 1160
3 1161 1162 1163
3 1164 1165 1166
3 1167 1168 1169
3 1170 1171 1172
3 1173 1174 1175
3 1176 1177 1178
3 1179 1180 1181
3 1182 1183 1184
3 1185 1186 1187
3 1188 1189 1190
3 1191 1192 1193
3 1194 1195 1196
3 1197 1198 1199
3 1200 1201 1202
3 1203 1204 1205
3 1206 1207 1208
3 1209 1210 1211
3 1212 1213 1214
3 1215 1216 1217
3 1218 1219 1220
3 1221 1222 1223
3 1224 1225 1226
3 1227 1228 1229
3 1230 1231 1232
3 1233 1234 1235
3 1236 1237 1238
3 1239 1240 1241
3 1242 1243 1244
3 1245 1246 1247
3 1248 1249 1250
3 1251 1252 1253
3 1254 1255 1256
3 1257 1258 1259
3 1260 1261 1262
3 1263 1264 1265
3 1266 1267 1268
3 1269 1270 1271
3 1272 1273 1274
3 1275 1276 1277
3 1278 1279 1280
3 1281 1282 1283
3 1284 1285 1286
3 1287 1288 1289
3 1290 1291 1292
3 1293 1294 1295
3 1296 1297 1298
3 1299 1300 1301
3 1302 1303 1304
3 1305 1306 1307
3 1308 1309 1310
3 1311 1312 1313
3 1314 1315 1316
3 1317 1318 1319
3 1320 1321 1322
3 1323 1324 1325
3 1326 1327 1328
3 1329 1330 1331
3 1332 1333 1334
3 1335 1336 1337
3 1338 1339 1340
3 1341 1342 1343
3 1344 1345 1346
3 1347 1348 1349
3 1350 1351 1352
3 1353 1354 1355
3 1356 1357 1358
3 1359 1360 1361
3 1362 1363 1364
3 1365 1366 1367
3 1368 1369 1370
3 1371 1372 1373
3 1374 1375 1376
3 1377 1378 1379
3 1380 1381 1382
3 1383 1384 1385
3 1386 1387 1388
3 1389 1390 1391
3 1392 1393 1394
3 1395 1396 1397
3 1398 1399 1400
3 1401 1402 1403
3 1404 1405 1406
3 1407 1408 1409
3 1410 1411 1412
3 1413 1414 1415
3 1416 1417 1418
3 1419 1420 1421
3 1422 1423 1424
3 1425 1426 1427
3 1428 1429 1430
3 1431 1432 1433
3 1434 1435 1436
3 1437 1438 1439
3 1440 1441 1442
3 1443 1444 1445
3 1446 1447 1448
3 1449 1450 1451
3 1452 1453 1454
3 1455 1456 1457
3 1458 1459 1460
3 1461 1462 1463
3 1464 1465 1466
3 1467 1468 1469
3 1470 1471 1472
3 1473 1474 1475
3 1476 1477 1478
3 1479 1480 1481
3 1482 1483 1484
3 1485 1486 1487
3 1488 1489 1490
3 1491 1492 1493
3 1494 1495 1496
3 1497 1498 1499
3 1500 1501 1502
3 1503 1504 1505
3 1506 1507 1508
3 1509 1510 1511
3 1512 1513 1514
3 1515 1516 1517
3 1518 1519 1520
3 1521 1522 1523
3 1524 1525 1526
3 1527 1528 1529
3 1530 1531 1532
3 1533 1534 1535
3 1536 1537 1538
3 1539 1540 1541
3 1542 1543 1544
3 1545 1546 1547
3 1548 1549 1550
3 1551 1552 1553
3 1554 1555 1556
3 1557 1558 1559
3 1560 1561 1562
3 1563 1564 1565
3 1566 1567 1568
3 1569 1570 1571
3 1572 1573 1574
3 1575 1576 1577
3 1578 1579 1580
3 1581 1582 1583
3 1584 1585 1586
3 1587 1588 1589
3 1590 1591 1592
3 1593 1594 1595
3 1596 1597 1598
3 1599 1600 1601
3 1602 1603 1604
3 1605 1606 1607
3 1608 1609 1610
3 1611 1612 1613
3 1614 1615 1616
3 1617 1618 1619
3 1620 1621 1622
3 1623 1624 1625
3 1626 1627 1628
3 1629 1630 1631
3 1632 1633 1634
3 1635 1636 1637
3 1638 1639 1640
3 1641 1642 1643
3 1644 1645 1646
3 1647 1648 1649
3 1650 1651 1652
3 1653 1654 1655
3 1656 1657 1658
3 1659 1660 1661
3 1662 1663 1664
3 1665 1666 1667
3 1668 1669 1670
3 1671 1672 1673
3 1674 1675 1676
3 1677 1678 1679
3 1680 1681 1682
3 1683 1684 1685
3 1686 1687 1688
3 1689 1690 1691
3 1692 1693 1694
3 1695 1696 1697
3 1698 1699 1700
3 1701 1702 1703
3 1704 1705 1706
3 1707 1708 1709
3 1710 1711 1712
3 1713 1714 1715
3 1716 1717 1718
3 1719 1720 1721
3 1722 1723 1724
3 1725 1726 1727
3 1728 1729 1730
3 1731 1732 1733
3 1734 1735 1736
3 1737 1738 1739
3 1740 1741 1742
3 1743 1744 1745
3 1746 1747 1748
3 1749 1750 1751
3 1752 1753 1754
3 1755 1756 1757
3 1758 1759 1760
3 1761 1762 1763
3 1764 1765 1766
3 1767 1768 1769
3 1770 1771 1772
3 1773 1774 1775
3 1776 1777 1778
3 1779 1780 1781
3 1782 1783 1784
3 1785 1786 1787
3 1788 1789 1790
3 1791 1792 1793
3 1794 1795 1796
3 1797 1798 1799
3 1800 1801 1802
3 1803 1804 1805
3 1806 1807 1808
3 1809 1810 1811
3 1812 1813 1814
3 1815 1816 1817
3 1818 1819 1820
3 1821 1822 1823
3 1824 1825 1826
3 1827 1828 1829
3 1830 1831 1832
3 1833 1834 1835
3 1836 1837 1838
3 1839 1840 1841
3 1842 1843 1844
3 1845 1846 1847
3 1848 1849 1850
3 1851 1852 1853
3 1854 1855 1856
3 1857 1858 1859
3 1860 1861 1862
3 1863 1864 1865
3 1866 1867 1868
3 1869 1870 1871
3 1872 1873 1874
3 1875 1876 1877
3 1878 1879 1880
3 1881 1882 1883
3 1884 1885 1886
3 1887 1888 1889
3 1890 1891 1892
3 1893 1894 1895
3 1896 1897 1898
3 1899 1900 1901
3 1902 1903 1904
3 1905 1906 1907
3 1908 1909 1910
3 1911 1912 1913
3 1914 1915 1916
3 1917 1918 1919
3 1920 1921 1922
3 1923 1924 1925
3 1926 1927 1928
3 1929 1930 1931
3 1932 1933 1934
3 1935 1936 1937
3 1938 1939 1940
3 1941 1942 1943
3 1944 1945 1946
3 1947 1948 1949
3 1950 1951 1952
3 1953 1954 1955
3 1956 1957 1958
3 1959 1960 1961
3 1962 1963 1964
3 1965 1966 1967
3 1968 1969 1970
3 1971 1972 1973
3 1974 1975 1976
3 1977 1978 1979
3 1980 1981 1982
3 1983 1984 1985
3 1986 1987 1988
3 1989 1990 1991
3 1992 1993 1994
3 1995 1996 1997
3 1998 1999 2000
3 2001 2002 2003
3 2004 2005 2006
3 2007 2008 2009
3 2010 2011 2012
3 2013 2014 2015
3 2016 2017 2018
3 2019 2020 2021
3 2022 2023 2024
3 2025 2026 2027
3 2028 2029 2030
3 2031 2032 2033
3 2034 2035 2036
3 2037 2038 2039
3 2040 2041 2042
3 2043 2044 2045
3 2046 2047 2048
3 2049 2050 2051
3 2052 2053 2054
3 2055 2056 2057
3 2058 2059 2060
3 2061 2062 2063
3 2064 2065 2066
3 2067 2068 2069
3 2070 2071 2072
3 2073 2074 2075
3 2076 2077 2078
3 2079 2080 2081
3 2082 2083 2084
3 2085 2086 2087
3 2088 2089 2090
3 2091 2092 2093
3 2094 2095 2096
3 2097 2098 2099
3 2100 2101 2102
3 2103 2104 2105
3 2106 2107 2108
3 2109 2110 2111
3 2112 2113 2114
3 2115 2116 2117
3 2118 2119 2120
3 2121 2122 2123
3 2124 2125 2126
3 2127 2128 2129
3 2130 2131 2132
3 2133 2134 2135
3 2136 2137 2138
3 2139 2140 2141
3 2142 2143 2144
3 2145 2146 2147
3 2148 2149 2150
3 2151 2152 2153
3 2154 2155 2156
3 2157 2158 2159
3 2160 2161 2162
3 2163 2164 2165
3 2166 2167 2168
3 2169 2170 2171
3 2172 2173 2174
3 2175 2176 2177
3 2178 2179 2180
3 2181 2182 2183
3 2184 2185 2186
3 2187 2188 2189
3 2190 2191 2192
3 2193 2194 2195
3 2196 2197 2198
3 2199 2200 2201
3 2202 2203 2204
3 2205 2206 2207
3 2208 2209 2210
3 2211 2212 2213
3 2214 2215 2216
3 2217 2218 2219
3 2220 2221 2222
3 2223 2224 2225
3 2226 2227 2228
3 2229 2230 2231
3 2232 2233 2234
3 2235 2236 2237
3 2238 2239 2240
3 2241 2242 2243
3 2244 2245 2246
3 2247 2248 2249
3 2250 2251 2252
3 2253 2254 2255
3 2256 2257 2258
3 2259 2260 2261
3 2262 2263 2264
3 2265 2266 2267
3 2268 2269 2270
3 2271 2272 2273
3 2274 2275 2276
3 2277 2278 2279
3 2280 2281 2282
3 2283 2284 2285
3 2286 2287 2288
3 2289 2290 2291
3 2292 2293 2294
3 2295 2296 2297
3 2298 2299 2300
3 2301 2302 2303
3 2304 2305 2306
3 2307 2308 2309
3 2310 2311 2312
3 2313 2314 2315
3 2316 2317 2318
3 2319 2320 2321
3 2322 2323 2324
3 2325 2326 2327
3 2328 2329 2330
3 2331 2332 2333
3 2334 2335 2336
3 2337 2338 2339
3 2340 2341 2342
3 2343 2344 2345
3 2346 2347 2348
3 2349 2350 2351
3 2352 2353 2354
3 2355 2356 2357
3 2358 2359 2360
3 2361 2362 2363
3 2364 2365 2366
3 2367 2368 2369
3 2370 2371 2372
3 2373 2374 2375
3 2376 2377 2378
3 2379 2380 2381
3 2382 2383 2384
3 2385 2386 2387
