ply
format ascii 1.0
comment Created for BetterNecromancy boss visual overlay; world Z remapped to Colony Y
element vertex 2400
property float x
property float y
property float z
property float nx
property float ny
property float nz
property uchar red
property uchar green
property uchar blue
property uchar alpha
element face 800
property list uchar uint vertex_indices
end_header
-0.0397537 0.5477070 0.1683770 0.3590423 -0.4275920 0.8296106 56 47 80 255
-0.0126181 0.5372072 0.0947860 0.6628933 -0.3623832 -0.6551724 55 47 80 255
0.2697153 0.8074818 0.1654903 0.6817945 -0.6137355 0.3981014 97 140 136 255
0.0766256 1.3828478 -0.1604775 0.9236063 0.3227119 0.2069020 98 141 138 255
0.0851440 1.3766671 -0.1888620 0.5462754 -0.4629826 0.6980189 101 143 137 255
0.0885751 1.3946486 -0.2322227 0.9710232 0.2371498 -0.0295633 102 145 141 255
0.3157837 0.7901003 0.0372392 0.5208443 -0.5198427 0.6771150 62 90 108 255
0.2472715 0.5273085 -0.1365262 0.9988536 0.0134898 0.0459299 64 94 111 255
0.3627710 0.8264524 -0.0102388 0.9624194 -0.1943445 -0.1896819 62 90 108 255
-0.2389657 1.1930548 0.2427281 -0.6872103 -0.7264315 -0.0062788 66 94 110 255
-0.2112696 1.1838562 0.2237424 0.8998646 -0.3037613 0.3130063 66 94 111 255
-0.2499707 1.1763944 0.3009928 -0.4907275 -0.8088445 -0.3239707 65 93 111 255
-0.2310843 1.8499250 -0.0205387 0.5398353 0.8382913 0.0764545 98 143 139 255
-0.2095339 1.8233810 -0.0583364 0.7990457 0.5383615 -0.2677552 100 144 141 255
-0.2305684 1.8564996 -0.0657283 0.6119265 0.7807229 0.1265613 98 143 137 255
-0.1370273 1.7726064 -0.0287622 0.8847709 0.4533631 -0.1078999 66 95 111 255
-0.2095339 1.8233810 -0.0583364 0.7990457 0.5383615 -0.2677552 100 144 141 255
-0.2310843 1.8499250 -0.0205387 0.5398353 0.8382913 0.0764545 98 143 139 255
0.1602776 0.0283506 -0.2752417 -0.3841644 -0.7218611 -0.5756163 105 143 137 255
0.2116382 0.0274279 -0.2257968 -0.0352958 -0.9982114 -0.0482499 102 145 141 255
0.1222384 0.0246927 -0.2485915 -0.4061450 -0.9120060 -0.0573695 102 143 139 255
-0.2079108 1.6756603 -0.1206030 0.2040389 0.1314567 -0.9700965 60 90 110 255
-0.2364535 1.8218728 -0.0744830 0.1566999 0.5345698 -0.8304700 66 94 111 255
-0.1439624 1.6840170 -0.0904654 0.9601976 0.0097757 -0.2791508 61 90 110 255
0.2390747 0.9417124 -0.1212605 -0.2215836 -0.1298006 -0.9664639 102 145 141 255
0.0581656 1.0581141 -0.0631632 -0.4791450 -0.4214481 -0.7699360 102 146 140 255
0.1185477 1.0879415 -0.1146656 -0.1254190 -0.1636785 -0.9785087 31 30 49 255
0.0720394 0.6235325 -0.3888522 0.0990914 -0.8764964 -0.4710997 103 144 141 255
0.0864162 0.6983681 -0.4642764 0.1720115 -0.4092477 -0.8960626 101 144 141 255
0.1115305 0.6432317 -0.3850905 0.9911957 -0.1208382 -0.0541224 102 147 142 255
-0.1399858 1.6847536 0.0804454 0.9497605 -0.1578600 0.2702501 120 23 34 255
-0.1859426 1.5915938 -0.0838791 0.7316887 -0.3934293 -0.5566372 94 141 136 255
-0.1439624 1.6840170 -0.0904654 0.9601976 0.0097757 -0.2791508 61 90 110 255
-0.2543492 1.8212626 0.0844985 0.3298246 0.6132514 0.7177314 76 115 111 255
-0.2604733 1.8477297 0.0461339 0.4553487 0.8027105 0.3851147 98 141 138 255
-0.3054149 1.8391800 0.0862271 0.1552144 0.8938371 0.4206706 75 104 110 255
0.2338672 1.0337418 0.2306107 0.0425783 -0.9348742 -0.3524165 95 138 134 255
0.2678955 1.0157909 0.2285112 0.5366215 -0.0104053 0.8437589 64 95 106 255
0.2404046 1.0299963 0.2595235 0.3798026 -0.9024054 -0.2035058 45 65 76 255
0.0766256 1.3828478 -0.1604775 -0.1318913 -0.7952211 -0.5918007 58 49 83 255
0.0885751 1.3946486 -0.2322227 0.9450595 0.3250893 -0.0343428 53 46 75 255
0.1510508 1.4002306 -0.1146194 0.7381032 0.2810161 -0.6133788 56 48 82 255
0.4810777 0.0313864 -0.1088628 0.7469334 -0.4569454 -0.4830025 98 140 137 255
0.4550512 0.1349620 -0.1146258 0.7282488 0.3905378 -0.5631464 101 144 141 255
0.4705873 0.0722474 -0.0502404 0.7339483 0.0444469 0.6777493 180 182 186 255
-0.0444865 1.5511551 0.0495199 -0.0173183 0.9943804 0.1044411 64 55 86 255
0.0943313 1.4995533 -0.1001593 0.5085570 0.8252110 -0.2457571 47 41 67 255
0.0444918 1.4155018 -0.2660488 0.1217879 0.5592148 -0.8200284 55 47 79 255
0.0444918 1.4155018 -0.2660488 0.1217879 0.5592148 -0.8200284 55 47 79 255
-0.0844905 1.4927003 -0.0577980 -0.0518985 0.8839406 -0.4647102 63 54 86 255
-0.0444865 1.5511551 0.0495199 -0.0173183 0.9943804 0.1044411 64 55 86 255
0.2390747 0.9417124 -0.1212605 0.0131811 -0.2481242 0.9686386 129 144 112 255
0.1736548 1.1226259 -0.0927023 0.1837045 -0.0427960 0.9820495 33 55 73 255
0.0581656 1.0581141 -0.0631632 0.2276511 -0.0007192 0.9737425 198 162 80 255
0.2757597 1.1331632 -0.0568007 -0.6338738 -0.4472408 0.6310148 65 53 87 255
0.3292994 1.1053318 0.0018657 -0.8108588 -0.4961372 0.3104122 64 54 88 255
0.3015680 1.1385323 -0.0190169 -0.7714481 -0.2872539 0.5677614 65 53 87 255
-0.2868516 1.8434876 0.0213710 -0.4874460 0.8309042 -0.2683180 86 135 132 255
-0.3018181 1.8888404 0.0404893 -0.5214804 0.1795501 -0.8341582 73 114 110 255
-0.2438192 1.8740642 0.0010496 -0.5516364 0.2468447 -0.7967215 84 134 131 255
0.0649614 1.0394128 0.1996409 0.4653682 -0.2099873 -0.8598475 98 135 134 255
0.0154073 1.0694439 0.1652545 0.8047264 0.2501792 -0.5383546 103 146 141 255
0.0624580 1.0647934 0.1983260 0.5759484 0.0144606 -0.8173581 96 130 129 255
-0.1370273 1.7726064 -0.0287622 0.8847709 0.4533631 -0.1078999 66 95 111 255
-0.2364535 1.8218728 -0.0744830 0.1566999 0.5345698 -0.8304700 66 94 111 255
-0.2095339 1.8233810 -0.0583364 0.7990457 0.5383615 -0.2677552 100 144 141 255
0.1217937 0.1343404 0.2450763 0.6580942 0.0059043 -0.7529124 56 48 79 255
0.1258910 0.2148530 0.2664579 0.9550357 0.2607175 0.1411852 6 6 8 255
0.1676369 0.0728338 0.3296529 0.8139099 -0.0535105 0.5785217 103 148 143 255
0.0220270 0.9166057 -0.4072951 -0.6109818 0.3292362 -0.7199340 42 30 16 255
0.0704610 0.8432649 -0.4580640 0.2200297 0.0784319 -0.9723350 76 108 107 255
0.0209923 0.8405798 -0.4636711 -0.3872907 0.1118526 -0.9151474 91 139 133 255
-0.2868516 1.8434876 0.0213710 -0.4874460 0.8309042 -0.2683180 86 135 132 255
-0.2538681 1.8405804 -0.0401350 -0.6361532 0.7086207 -0.3052307 92 139 137 255
-0.2364535 1.8218728 -0.0744830 0.1566707 0.5345584 -0.8304829 96 142 137 255
-0.4891865 0.7629668 0.1390234 -0.9785516 -0.0085605 -0.2058237 101 145 140 255
-0.4327044 0.7581500 0.1014725 -0.2241261 0.5074926 -0.8319969 98 144 139 255
-0.4287608 0.6394189 0.0982250 -0.6374342 -0.0000957 -0.7705048 102 144 141 255
0.0285347 0.6186563 -0.3730975 -0.1253622 0.7532048 0.6457297 99 144 139 255
0.0546737 0.5746867 -0.2989227 -0.8242320 0.3097112 0.4740470 95 143 138 255
0.0673728 0.6059256 -0.2972521 -0.2930744 0.9070308 0.3023287 96 143 139 255
-0.2305684 1.8564996 -0.0657283 0.6119265 0.7807229 0.1265613 98 143 137 255
-0.2095339 1.8233810 -0.0583364 0.7990457 0.5383615 -0.2677552 100 144 141 255
-0.2098634 1.8320671 -0.1021169 0.8291226 0.5495383 0.1027777 95 138 136 255
-0.0176542 1.3208614 -0.2812334 -0.8615111 -0.0808119 -0.5012664 62 93 111 255
-0.0492125 1.3759068 -0.2081550 -0.9004881 -0.4338259 0.0302700 61 91 109 255
-0.0490627 1.4158270 -0.2475072 -0.4602787 0.4080564 -0.7884374 61 92 109 255
0.0348907 0.5829239 -0.3439602 0.3865757 0.8105552 0.4399541 75 62 55 255
0.0208056 0.6241253 -0.4110810 0.4983537 0.6513851 0.5721371 45 39 54 255
-0.0202146 0.6296723 -0.3816677 0.5829955 0.5795362 0.5694330 42 36 50 255
0.0242150 0.8216985 -0.3954660 0.2391637 0.0467385 0.9698538 32 37 43 255
-0.0045764 0.7599441 -0.3991679 0.1272280 -0.1949044 0.9725356 63 53 84 255
0.0854836 0.7031281 -0.4117180 0.0974013 0.0019690 0.9952433 62 52 85 255
-0.4265554 0.8919648 0.2662731 -0.8484583 0.4349142 -0.3016094 102 144 138 255
-0.3325770 1.0265623 0.2481157 0.0701671 -0.1574471 -0.9850315 178 180 184 255
-0.3749161 0.8068959 0.2806350 0.9585900 0.0112910 -0.2845660 27 38 46 255
-0.2604733 1.8477297 0.0461339 0.4553487 0.8027105 0.3851147 98 141 138 255
-0.2438192 1.8740642 0.0010496 0.7115139 0.4597583 0.5313852 101 146 142 255
-0.3018181 1.8888404 0.0404893 0.5422242 0.6227520 0.5640683 67 92 97 255
-0.0091858 0.7258301 0.1287812 -0.5963452 0.4471424 -0.6666603 60 49 81 255
0.0122168 0.7502740 0.1702675 -0.6702823 0.3998780 0.6251554 63 50 82 255
0.0291917 0.7805168 0.1520311 -0.7272852 0.6335223 -0.2640184 60 49 81 255
0.1115305 0.6432317 -0.3850905 0.9911957 -0.1208382 -0.0541224 102 147 142 255
0.0864162 0.6983681 -0.4642764 0.1720115 -0.4092477 -0.8960626 101 144 141 255
0.0854836 0.7031281 -0.4117180 0.0974286 0.0019992 0.9952406 103 146 141 255
0.0534396 1.0381719 -0.3752280 -0.6139391 -0.1914240 0.7657909 189 148 58 255
0.0220270 0.9166057 -0.4072951 -0.1995759 -0.0860369 0.9760979 195 158 79 255
0.0996299 0.9081711 -0.3909961 0.1415863 -0.3137302 0.9388965 58 57 87 255
-0.4216008 0.6568545 0.1417745 -0.8425525 -0.1675331 -0.5118963 98 140 136 255
-0.4188063 0.6108028 0.1652313 -0.6974199 -0.6015611 -0.3895248 63 91 109 255
-0.4563031 0.6746161 0.2066561 -0.9363224 -0.2799647 0.2119438 69 92 96 255
-0.2893229 1.1865984 0.1520919 -0.0554443 -0.2153673 -0.9749578 64 91 108 255
-0.2190690 1.3485334 0.1717795 0.0798454 -0.6613817 -0.7457874 66 94 111 255
-0.2437706 1.1823286 0.1731893 0.5124609 -0.2612795 -0.8179956 65 92 109 255
0.0123632 0.1744086 0.2594982 0.6006293 -0.1979984 0.7746233 101 146 142 255
0.0698278 0.1971104 0.2207431 0.4594271 -0.2108428 0.8628280 93 129 130 255
0.0428996 0.2089024 0.2584163 0.7513924 -0.6396015 0.1622323 95 139 135 255
0.0943313 1.4995533 -0.1001593 0.5085570 0.8252110 -0.2457571 47 41 67 255
0.1510508 1.4002306 -0.1146194 0.7381032 0.2810161 -0.6133788 56 48 82 255
0.0444918 1.4155018 -0.2660488 0.1217879 0.5592148 -0.8200284 55 47 79 255
0.0348070 1.2222249 -0.2753426 0.6045478 0.0990824 -0.7903825 70 95 99 255
0.0523953 1.2523181 -0.2581173 0.5848168 -0.0040115 -0.8111555 76 106 108 255
0.0967934 1.2372612 -0.2260457 0.9640722 0.0449454 -0.2618108 97 135 131 255
-0.0405552 0.6322905 -0.3648196 0.9815617 -0.0629757 -0.1804731 102 146 142 255
-0.0390804 0.7424204 -0.3952276 0.9940024 -0.0506341 0.0969307 95 138 134 255
-0.0316701 0.6557678 -0.3246871 0.9964729 0.0838999 -0.0016190 102 146 142 255
-0.3681285 1.5108529 -0.0002047 -0.7514927 -0.0636252 0.6566663 97 141 143 255
-0.3690145 1.4875591 -0.0844775 -0.7515581 0.0719506 -0.6557313 95 140 135 255
-0.3757262 1.4707662 -0.0127383 -0.9958637 0.0230784 -0.0878801 91 130 133 255
0.1126173 1.2779858 -0.2986668 0.9404150 0.0080824 0.3399327 45 44 74 255
0.1556802 1.1327249 -0.3958918 0.8933212 0.0927665 -0.4397405 55 47 79 255
0.1068141 1.2853144 -0.3533543 0.4631485 0.4950776 -0.7351134 61 48 79 255
0.2047279 0.0220406 -0.1588832 -0.2634292 -0.9122533 0.3136862 99 143 140 255
0.2703214 0.0220520 -0.2931944 0.0332255 -0.9819266 -0.1863230 100 144 141 255
0.4387045 0.0000000 -0.0519999 -0.0010617 -0.9861920 0.1656029 87 123 119 255
0.1510508 1.4002306 -0.1146194 0.6962777 0.3488187 -0.6273140 55 48 79 255
0.3719594 1.0713100 -0.0195862 0.8672758 0.4082631 -0.2848754 65 54 87 255
0.1970239 1.1692422 -0.1122178 0.4109303 0.1291299 -0.9024753 65 54 88 255
0.0208056 0.6241253 -0.4110810 0.4983735 0.6512681 0.5722532 45 39 54 255
0.0070684 0.6825787 -0.4331619 0.3544490 -0.3201256 0.8785701 91 135 132 255
-0.0202146 0.6296723 -0.3816677 0.5831080 0.5793787 0.5694782 42 36 50 255
-0.2437706 1.1823286 0.1731893 -0.4220944 -0.3497785 0.8363559 77 89 105 255
-0.2389657 1.1930548 0.2427281 -0.6770231 -0.7359594 0.0018834 102 145 140 255
-0.2465050 1.2229942 0.2197658 -0.9327782 -0.2968462 0.2044681 100 146 142 255
0.0923889 0.6367567 -0.2945961 0.4438977 -0.8955813 0.0298148 99 140 136 255
0.0720394 0.6235325 -0.3888522 0.0990914 -0.8764964 -0.4710997 103 144 141 255
0.1115305 0.6432317 -0.3850905 0.9911957 -0.1208382 -0.0541224 102 147 142 255
-0.3617892 1.5798844 -0.0181984 -0.4762856 -0.5937161 -0.6485779 178 184 188 255
-0.3820136 1.5928823 -0.0505859 0.8012028 -0.5746877 0.1667575 179 184 187 255
-0.3514528 1.5930369 -0.0694686 -0.6356429 -0.7252390 0.2645498 182 185 188 255
0.0285347 0.6186563 -0.3730975 -0.3939278 -0.7843985 -0.4791032 100 142 137 255
0.0070684 0.6825787 -0.4331619 0.3545031 -0.3201080 0.8785548 10 9 12 255
0.0344369 0.6809036 -0.4691242 -0.1588905 -0.4544282 -0.8764981 102 145 139 255
0.1489177 1.0077528 -0.0419608 -0.4400214 -0.3758232 -0.8155600 43 39 61 255
0.1211944 1.0455076 -0.0383414 -0.5523250 -0.5828691 -0.5959873 43 42 63 255
0.2063129 1.0574226 -0.0727078 0.1565550 -0.1333660 -0.9786236 82 60 45 255
-0.0022154 0.5878774 -0.3240694 -0.3602118 -0.8049337 -0.4715179 62 52 82 255
-0.0202146 0.6296723 -0.3816677 -0.3871197 -0.8106566 -0.4392883 96 140 134 255
0.0348907 0.5829239 -0.3439602 -0.3871285 -0.8106566 -0.4392806 62 51 82 255
0.3488991 1.0455985 -0.0539120 0.2493579 -0.2415224 0.9378101 65 54 88 255
0.2390747 0.9417124 -0.1212605 0.0131811 -0.2481242 0.9686386 129 144 112 255
0.3160470 1.0113786 -0.1186832 0.3460865 0.1488331 -0.9263222 65 53 86 255
-0.2868516 1.8434876 0.0213710 -0.4874222 0.8309175 -0.2683203 100 144 140 255
-0.2604733 1.8477297 0.0461339 -0.5619301 -0.4718492 0.6794062 99 142 137 255
-0.3018181 1.8888404 0.0404893 -0.5619301 -0.4718492 0.6794062 98 138 133 255
0.0220270 0.9166057 -0.4072951 -0.6109818 0.3292362 -0.7199340 42 30 16 255
0.0831771 1.1841614 -0.4005922 -0.3051235 0.2613068 -0.9157612 103 147 143 255
0.0704610 0.8432649 -0.4580640 0.2200297 0.0784319 -0.9723350 76 108 107 255
0.1833076 1.3352225 0.1676427 0.6723793 0.4704521 0.5714727 0 0 0 255
0.0793869 1.3526180 0.2405370 0.2870470 0.4278426 0.8570616 64 54 85 255
0.2404046 1.0299963 0.2595235 0.3518288 0.2256474 0.9084601 58 47 82 255
-0.4891865 0.7629668 0.1390234 -0.9785516 -0.0085605 -0.2058237 101 145 140 255
-0.4334109 0.7541282 0.1732501 -0.9446996 -0.2896578 -0.1537558 104 147 143 255
-0.4670234 0.8048982 0.2414073 -0.9246511 -0.0499533 0.3775247 101 146 140 255
0.3488991 1.0455985 -0.0539120 0.2493579 -0.2415224 0.9378101 65 54 88 255
0.3160470 1.0113786 -0.1186832 0.3460865 0.1488331 -0.9263222 65 53 86 255
0.3719594 1.0713100 -0.0195862 0.8672758 0.4082631 -0.2848754 65 54 87 255
-0.2994215 1.8012917 0.0996422 -0.3706685 0.3770576 0.8487829 98 142 138 255
-0.3054149 1.8391800 0.0862271 -0.9242855 -0.2487280 -0.2895355 97 140 134 255
-0.2868516 1.8434876 0.0213710 -0.4874460 0.8309042 -0.2683180 86 135 132 255
0.1465816 0.4874718 -0.0947069 -0.7907962 -0.2384247 0.5637331 61 90 107 255
0.1362724 0.5788858 -0.1504649 -0.9487158 0.2070477 -0.2388921 61 91 109 255
0.1431201 0.4793813 -0.1539205 -0.8595331 -0.3174189 -0.4005594 62 91 109 255
-0.3054149 1.8391800 0.0862271 0.1552144 0.8938371 0.4206706 75 104 110 255
-0.2604733 1.8477297 0.0461339 0.4553487 0.8027105 0.3851147 98 141 138 255
-0.2868516 1.8434876 0.0213710 -0.4873616 0.8309895 -0.2682073 76 105 107 255
0.0520062 0.6924789 -0.4556330 0.2285736 -0.2663807 -0.9363735 90 127 124 255
0.0209923 0.8405798 -0.4636711 -0.3771765 0.1044477 -0.9202330 56 81 93 255
0.0864162 0.6983681 -0.4642764 0.1719744 -0.4092077 -0.8960882 96 139 134 255
-0.2538681 1.8405804 -0.0401350 -0.6361561 0.7086369 -0.3051870 97 144 139 255
-0.2310843 1.8499250 -0.0205387 0.5398353 0.8382913 0.0764545 98 143 139 255
-0.2305684 1.8564996 -0.0657283 0.6119265 0.7807229 0.1265613 98 143 137 255
0.0534396 1.0381719 -0.3752280 -0.6139391 -0.1914240 0.7657909 189 148 58 255
0.0683067 1.1298022 -0.3180746 -0.5918664 -0.2634916 0.7617522 152 152 103 255
0.0566339 1.1514873 -0.3674246 -0.9905310 0.1213038 -0.0642953 102 147 144 255
0.0923889 0.6367567 -0.2945961 0.6065757 0.7735228 0.1836533 102 144 142 255
0.1115305 0.6432317 -0.3850905 0.9911957 -0.1208382 -0.0541224 102 147 142 255
0.0786011 0.6644525 -0.3657094 -0.3970562 0.6468269 0.6511231 100 144 140 255
-0.0975676 1.4039677 -0.0772065 -0.9239905 -0.1639892 -0.3454692 65 54 86 255
-0.0289879 1.1387721 -0.0583102 -0.6409383 -0.2665918 -0.7198102 57 82 102 255
-0.0485489 1.1950683 -0.0465158 -0.8469845 -0.3802593 -0.3715106 57 82 102 255
0.2325811 0.9567122 -0.0629951 -0.2736959 0.0630388 -0.9597481 56 46 39 255
0.1389534 0.8698166 0.0438474 -0.8531226 -0.2875062 -0.4353413 41 40 62 255
0.1824853 0.9429053 -0.0255438 -0.6098544 -0.3994629 -0.6844758 75 59 41 255
-0.2994215 1.8012917 0.0996422 -0.3706685 0.3770576 0.8487829 98 142 138 255
-0.2868516 1.8434876 0.0213710 -0.4874460 0.8309042 -0.2683180 86 135 132 255
-0.3480623 1.8201439 0.0174226 -0.6674384 0.7424942 0.0568166 91 137 131 255
-0.4011936 0.6649738 0.1676847 0.7004973 0.3616020 -0.6152620 20 19 18 255
-0.3649650 0.6339968 0.1725432 -0.1480865 0.6754491 -0.7223842 19 18 17 255
-0.3789070 0.5901003 0.1805354 -0.6663233 -0.4649153 -0.5829812 56 39 18 255
-0.2604733 1.8477297 0.0461339 0.4553487 0.8027105 0.3851147 98 141 138 255
-0.1837175 1.7897458 0.0855097 0.5040680 0.4906325 0.7107708 56 52 51 255
-0.2310843 1.8499250 -0.0205387 0.5398353 0.8382913 0.0764545 98 143 139 255
-0.0202146 0.6296723 -0.3816677 -0.8554264 -0.3514830 -0.3804016 96 140 134 255
-0.0102630 0.6804023 -0.4509205 -0.8403734 -0.0584672 -0.5388452 48 39 61 255
0.0208056 0.6241253 -0.4110810 -0.1865705 -0.6341766 -0.7503409 87 114 122 255
0.0391588 0.1835436 0.2953120 0.5923031 -0.7533792 -0.2856515 102 146 141 255
0.0123632 0.1744086 0.2594982 -0.8297463 -0.4024234 -0.3867512 102 146 142 255
0.0428996 0.2089024 0.2584163 0.7770205 -0.5757546 0.2544519 102 145 141 255
-0.0072515 0.0637865 0.2741519 -0.1920611 -0.8517050 -0.4875564 102 146 140 255
-0.0353589 0.1710557 0.2995957 -0.3059852 0.7735233 -0.5550086 93 136 131 255
0.0444212 0.1291009 0.2532271 -0.3905923 0.0935604 -0.9157969 54 46 79 255
-0.2208328 1.5355340 0.0612019 -0.0777510 -0.2632355 0.9615934 197 159 77 255
-0.2035944 1.4554335 -0.0243400 0.3324158 -0.9431286 -0.0028070 196 159 74 255
-0.1249926 1.4189489 0.0763336 -0.8170829 -0.4956909 0.2943912 184 136 58 255
0.0096586 1.1354426 -0.0442189 -0.5513715 -0.6727223 -0.4933907 134 110 64 255
-0.0485489 1.1950683 -0.0465158 -0.8697630 -0.3984664 -0.2910963 10 9 8 255
0.0581656 1.0581141 -0.0631632 0.2276511 -0.0007192 0.9737425 198 162 80 255
0.1164298 0.7254225 -0.4609629 0.8303033 0.1466210 -0.5376791 101 144 139 255
0.1000183 0.7088728 -0.4026226 0.8915141 0.2995113 0.3398461 96 142 138 255
0.1252720 0.6564489 -0.3927804 0.9754476 0.1754221 -0.1331508 97 142 138 255
0.4550512 0.1349620 -0.1146258 0.7288460 0.4635195 -0.5039180 39 39 45 255
0.3843772 0.1653142 -0.1106488 -0.5060152 0.7495478 -0.4267632 74 77 83 255
0.4236374 0.1800009 -0.1141175 0.2226446 0.1720008 -0.9596068 33 32 34 255
0.0786011 0.6644525 -0.3657094 -0.3970562 0.6468269 0.6511231 100 144 140 255
0.1115305 0.6432317 -0.3850905 0.9911957 -0.1208382 -0.0541224 102 147 142 255
0.0854836 0.7031281 -0.4117180 0.0974286 0.0019992 0.9952406 103 146 141 255
0.0581656 1.0581141 -0.0631632 0.2276511 -0.0007192 0.9737425 198 162 80 255
0.1109834 1.1233414 -0.0870005 0.1799310 0.2057869 0.9619130 16 18 20 255
0.0433700 1.1507303 -0.0734440 0.4159020 0.1648007 0.8943524 14 20 26 255
-0.1702523 1.5929417 0.0130750 0.9368367 0.1124628 0.3311933 76 101 94 255
-0.2200656 1.6475905 0.1284961 0.6835866 -0.1218640 0.7196238 99 110 110 255
-0.2425005 1.5830543 0.0850726 0.6044178 -0.5763405 0.5500099 19 8 8 255
-0.3212264 0.6321476 0.2237781 0.5004311 -0.8111703 0.3026078 99 139 137 255
-0.2902877 0.6609240 0.2497476 0.2874483 -0.7181331 0.6337652 102 142 139 255
-0.3650711 0.6544761 0.2663561 0.1044203 -0.6259449 0.7728451 100 139 137 255
0.0972667 0.9664588 0.0840160 -0.7457489 -0.6027516 -0.2838116 42 34 39 255
0.0927005 0.9802983 0.0321916 -0.8533210 -0.3610663 -0.3761311 44 39 63 255
0.1384616 0.9744842 0.0085961 -0.6418641 -0.5871245 -0.4932499 43 35 42 255
-0.3048151 1.5915661 0.0794011 -0.4507985 -0.3657002 0.8142751 102 146 142 255
-0.2838275 1.6269388 0.1159238 -0.6472363 -0.1473648 0.7479094 100 145 141 255
-0.2891977 1.6729027 0.1257361 -0.2339600 0.0343380 0.9716397 102 146 143 255
0.0096586 1.1354426 -0.0442189 -0.5513715 -0.6727223 -0.4933907 134 110 64 255
0.0581656 1.0581141 -0.0631632 0.2276511 -0.0007192 0.9737425 198 162 80 255
0.0433700 1.1507303 -0.0734440 0.4159020 0.1648007 0.8943524 14 20 26 255
-0.3962224 1.6766239 -0.0205287 -0.9825244 -0.0629842 0.1751536 7 5 8 255
-0.4381690 1.6354466 -0.0431765 -0.9065869 0.2415375 0.3460632 45 82 81 255
-0.3938184 1.5822217 0.0176851 -0.8407912 -0.2518633 0.4792026 0 0 0 255
0.1211944 1.0455076 -0.0383414 -0.5523250 -0.5828691 -0.5959873 43 42 63 255
0.1736548 1.1226259 -0.0927023 0.0361766 -0.5884996 -0.8076878 98 144 139 255
0.2068021 1.1252658 -0.0845319 0.0991924 -0.2896078 -0.9519916 101 142 136 255
-0.0521579 0.7702988 -0.3487917 -0.0181247 0.1894090 0.9817310 101 146 141 255
-0.0316701 0.6557678 -0.3246871 0.9964729 0.0838999 -0.0016190 102 146 142 255
-0.0390804 0.7424204 -0.3952276 0.9940024 -0.0506341 0.0969307 95 138 134 255
0.1211944 1.0455076 -0.0383414 -0.5523250 -0.5828691 -0.5959873 43 42 63 255
0.1109834 1.1233414 -0.0870005 -0.2485370 -0.5362392 -0.8066454 100 143 142 255
0.1736548 1.1226259 -0.0927023 0.0361766 -0.5884996 -0.8076878 98 144 139 255
0.1139755 0.9124731 0.1895672 -0.9135587 -0.0830134 0.3981450 18 25 30 255
0.1419601 1.0067013 0.2315673 -0.4953157 -0.1424346 0.8569567 50 40 54 255
0.0824749 0.9782578 0.1328896 -0.8871881 -0.3441502 0.3073402 45 38 43 255
-0.0544333 1.3701186 -0.1214517 -0.7409500 -0.4532679 -0.4955212 63 52 85 255
-0.0289879 1.1387721 -0.0583102 -0.6409383 -0.2665918 -0.7198102 57 82 102 255
-0.0975676 1.4039677 -0.0772065 -0.9239905 -0.1639892 -0.3454692 65 54 86 255
-0.1626751 1.3375094 0.1316603 -0.8091524 -0.4330751 -0.3971379 62 53 88 255
-0.1661263 1.3757291 0.1014632 -0.8225271 -0.0716741 -0.5641916 47 47 64 255
-0.1095932 1.1742480 0.0281845 -0.9149231 -0.3673910 -0.1671510 64 56 87 255
-0.1430643 0.0732950 0.4613160 -0.2970530 -0.6373103 0.7110522 99 141 137 255
-0.1336381 0.0621931 0.3972164 -0.1384043 -0.9826241 0.1236693 99 143 137 255
-0.0991204 0.0713096 0.4691242 -0.0072629 -0.9865770 0.1631348 99 145 141 255
0.1185477 1.0879415 -0.1146656 -0.1254190 -0.1636785 -0.9785087 31 30 49 255
0.3160470 1.0113786 -0.1186832 0.3460865 0.1488331 -0.9263222 65 53 86 255
0.2390747 0.9417124 -0.1212605 -0.2215836 -0.1298006 -0.9664639 102 145 141 255
-0.1439624 1.6840170 -0.0904654 0.9601976 0.0097757 -0.2791508 61 90 110 255
-0.1370273 1.7726064 -0.0287622 0.8847709 0.4533631 -0.1078999 66 95 111 255
-0.1399858 1.6847536 0.0804454 0.9497605 -0.1578600 0.2702501 120 23 34 255
0.3843772 0.1653142 -0.1106488 -0.5060152 0.7495478 -0.4267632 74 77 83 255
0.4550512 0.1349620 -0.1146258 0.7288460 0.4635195 -0.5039180 39 39 45 255
0.3159885 0.0977697 -0.2228748 0.1837355 0.8517263 -0.4907174 180 185 191 255
0.0523953 1.2523181 -0.2581173 0.5848168 -0.0040115 -0.8111555 76 106 108 255
0.0781603 1.3064558 -0.2448894 0.7601688 -0.1210671 0.6383464 96 138 134 255
0.0967934 1.2372612 -0.2260457 0.9640722 0.0449454 -0.2618108 97 135 131 255
0.1489177 1.0077528 -0.0419608 -0.4400214 -0.3758232 -0.8155600 43 39 61 255
0.2063129 1.0574226 -0.0727078 0.1565550 -0.1333660 -0.9786236 82 60 45 255
0.2240274 1.0224563 -0.0583562 0.0993598 -0.0775352 -0.9920262 111 82 37 255
0.0321598 1.0949741 0.2266175 -0.5691326 -0.3171265 0.7586296 64 52 89 255
-0.1066279 1.2174867 0.1371807 -0.7824504 -0.5364167 0.3162724 63 53 86 255
-0.0127261 1.0340701 0.1385590 -0.7893794 -0.4089012 0.4579083 64 51 89 255
-0.1661263 1.3757291 0.1014632 -0.8225271 -0.0716741 -0.5641916 47 47 64 255
-0.1513505 1.4662455 0.0717329 -0.9394150 0.2022881 0.2767290 79 124 119 255
-0.1482337 1.3637970 0.0585181 -0.7992107 -0.1317309 -0.5864378 64 61 86 255
0.3778143 0.1185499 -0.0598093 -0.8881258 -0.4089582 0.2097279 62 90 109 255
0.2030110 0.4109255 -0.1482979 -0.7233409 -0.5605628 -0.4031717 87 23 26 255
0.3651659 0.1687258 -0.1081399 -0.4772897 -0.3900677 -0.7874273 62 90 108 255
0.3488991 1.0455985 -0.0539120 0.2493579 -0.2415224 0.9378101 65 54 88 255
0.3292994 1.1053318 0.0018657 -0.8108588 -0.4961372 0.3104122 64 54 88 255
0.2757597 1.1331632 -0.0568007 -0.6338738 -0.4472408 0.6310148 65 53 87 255
-0.0102630 0.6804023 -0.4509205 -0.8403734 -0.0584672 -0.5388452 48 39 61 255
0.0344369 0.6809036 -0.4691242 -0.1588905 -0.4544282 -0.8764981 102 145 139 255
0.0070684 0.6825787 -0.4331619 0.3545031 -0.3201080 0.8785548 10 9 12 255
0.1252720 0.6564489 -0.3927804 -0.7841555 -0.5595139 0.2684105 91 137 134 255
0.1000183 0.7088728 -0.4026226 -0.8956327 -0.3920270 0.2101354 104 147 141 255
0.0854836 0.7031281 -0.4117180 0.0974286 0.0019992 0.9952406 103 146 141 255
0.2325811 0.9567122 -0.0629951 -0.2736959 0.0630388 -0.9597481 56 46 39 255
0.2253695 0.8931176 -0.0767409 -0.4977679 0.2820805 -0.8201572 77 61 42 255
0.1389534 0.8698166 0.0438474 -0.8531226 -0.2875062 -0.4353413 41 40 62 255
-0.2499707 1.1763944 0.3009928 0.6708848 -0.0107881 0.7414831 59 86 105 255
-0.3218689 1.1994134 0.3134817 -0.5253305 0.2309207 0.8189650 60 88 106 255
-0.3432837 1.1903680 0.2780946 -0.7123528 -0.4892570 0.5031711 59 87 106 255
0.0673728 0.6059256 -0.2972521 -0.2930744 0.9070308 0.3023287 96 143 139 255
0.0747297 0.6108856 -0.3880869 0.5088736 0.7443186 0.4324783 100 143 138 255
0.0285347 0.6186563 -0.3730975 -0.1253622 0.7532048 0.6457297 99 144 139 255
0.1048493 0.1935049 0.2238401 0.3523627 -0.3066385 -0.8842021 52 45 75 255
0.1081126 0.1890748 0.2171313 -0.1819834 -0.1117382 0.9769323 53 46 76 255
0.1114326 0.1988731 0.2200290 -0.6104754 -0.5978110 0.5195590 54 47 79 255
0.1619675 0.1824420 0.2938858 -0.6921193 -0.7192771 0.0600944 52 44 76 255
0.1258910 0.2148530 0.2664579 -0.7182612 -0.6731492 0.1759862 55 47 79 255
0.1506402 0.1529409 0.2317275 -0.6467463 -0.3533030 0.6759411 51 43 77 255
-0.3212264 0.6321476 0.2237781 -0.5277795 0.5919791 -0.6091058 102 147 142 255
-0.3650711 0.6544761 0.2663561 0.5617663 0.7699985 -0.3025243 102 145 140 255
-0.3432035 0.6871707 0.2453502 0.5593255 0.3569264 -0.7481701 102 145 140 255
0.1035807 1.0523009 0.2244934 0.4495216 -0.1796165 -0.8750247 102 143 139 255
0.1583860 1.0484798 0.2470194 0.0241202 -0.2190208 -0.9754220 103 145 141 255
0.1432652 0.9532659 0.2647160 0.5542573 -0.0228465 -0.8320318 102 145 140 255
-0.3690145 1.4875591 -0.0844775 -0.7515581 0.0719506 -0.6557313 95 140 135 255
-0.2352033 1.4950150 -0.1126505 0.3565037 -0.3974098 -0.8455594 99 140 134 255
-0.3480885 1.4177842 -0.0900089 0.1444211 -0.8109323 -0.5670373 102 142 134 255
0.4305367 0.2015731 -0.0381483 -0.3361380 -0.5467475 -0.7668628 50 43 73 255
0.4891865 0.1626493 -0.0354632 -0.4830053 -0.6482890 -0.5885806 58 50 87 255
0.4123640 0.1337578 -0.0245162 -0.0730102 -0.1777048 -0.9813718 5 6 6 255
0.4123640 0.1337578 -0.0245162 -0.1117800 -0.0438108 0.9927668 65 95 112 255
0.4891865 0.1626493 -0.0354632 0.5095661 0.3535739 0.7844284 66 95 111 255
0.2290947 0.4647094 -0.0416399 -0.1001295 0.0973087 0.9902045 67 94 112 255
-0.0353589 0.1710557 0.2995957 -0.2185060 0.8164688 -0.5344469 96 137 133 255
-0.1579599 0.0521907 0.2890631 -0.2264316 0.3566055 -0.9064001 104 145 141 255
-0.1291218 0.1205754 0.3351275 -0.2840560 0.7354775 -0.6151299 94 141 135 255
-0.0022154 0.5878774 -0.3240694 0.3602118 0.8049337 0.4715179 128 100 57 255
0.0348907 0.5829239 -0.3439602 0.3865757 0.8105552 0.4399541 75 62 55 255
-0.0202146 0.6296723 -0.3816677 0.5829955 0.5795362 0.5694330 42 36 50 255
0.1676369 0.0728338 0.3296529 0.8198926 -0.0389545 0.5711905 100 143 138 255
0.1072989 0.1593091 0.3292958 0.3159432 0.5456085 0.7762029 99 143 139 255
-0.0991204 0.0713096 0.4691242 0.3868049 0.4502798 0.8047548 102 142 136 255
-0.0492125 1.3759068 -0.2081550 -0.7567049 -0.6142644 -0.2237792 64 53 84 255
-0.0975676 1.4039677 -0.0772065 -0.9239905 -0.1639892 -0.3454692 65 54 86 255
-0.0738149 1.4215835 -0.1280724 -0.9590889 0.0733835 -0.2734290 65 55 87 255
0.1419601 1.0067013 0.2315673 -0.4946906 -0.1607675 0.8540697 94 140 135 255
0.1583860 1.0484798 0.2470194 -0.0798607 -0.3179584 0.9447353 92 138 132 255
0.1035807 1.0523009 0.2244934 -0.5687439 -0.5305786 0.6285036 103 144 139 255
-0.0991204 0.0713096 0.4691242 -0.0072629 -0.9865770 0.1631348 99 145 141 255
-0.1579599 0.0521907 0.2890631 0.0028664 -0.9946649 0.1031190 96 145 138 255
-0.0072515 0.0637865 0.2741519 -0.2411481 -0.8302128 -0.5025878 90 131 127 255
0.3627710 0.8264524 -0.0102388 0.9636142 -0.1970339 -0.1806251 37 13 22 255
0.3226345 0.9298032 -0.0611922 0.5813316 0.2718167 -0.7669219 58 85 104 255
0.3623431 1.0191965 0.0448984 0.9889303 0.1284919 -0.0742062 60 86 105 255
0.0520062 0.6924789 -0.4556330 0.2285736 -0.2663807 -0.9363735 90 127 124 255
0.0747297 0.6108856 -0.3880869 0.1495038 -0.8422387 -0.5179600 100 144 140 255
0.0344369 0.6809036 -0.4691242 -0.1588905 -0.4544282 -0.8764981 102 145 139 255
-0.2437706 1.1823286 0.1731893 -0.4220944 -0.3497785 0.8363559 77 89 105 255
-0.2465050 1.2229942 0.2197658 -0.9327782 -0.2968462 0.2044681 100 146 142 255
-0.2645340 1.2385456 0.1917726 -0.0571202 -0.3322970 0.9414436 100 145 142 255
0.3159885 0.0977697 -0.2228748 0.2024846 0.8195811 -0.5359914 95 140 135 255
0.2761338 0.0670746 -0.3242577 0.2782479 0.5580327 -0.7817784 101 146 141 255
0.2344711 0.0695779 -0.3163284 -0.1024407 0.7567334 -0.6456474 102 146 141 255
0.0242150 0.8216985 -0.3954660 0.2391637 0.0467385 0.9698538 32 37 43 255
-0.0521579 0.7702988 -0.3487917 -0.0181247 0.1894090 0.9817310 101 146 141 255
-0.0045764 0.7599441 -0.3991679 0.1272280 -0.1949044 0.9725356 63 53 84 255
-0.2258310 1.6373226 0.1832029 0.9937688 0.0225774 0.1091509 100 141 138 255
-0.2561612 1.5712443 0.1291753 0.1803158 -0.8426898 0.5073068 93 128 124 255
-0.2200656 1.6475905 0.1284961 0.6835866 -0.1218640 0.7196238 99 110 110 255
0.0720394 0.6235325 -0.3888522 0.0990914 -0.8764964 -0.4710997 103 144 141 255
0.0520062 0.6924789 -0.4556330 0.2285814 -0.2663841 -0.9363707 100 145 143 255
0.0864162 0.6983681 -0.4642764 0.1720115 -0.4092477 -0.8960626 101 144 141 255
0.2116382 0.0274279 -0.2257968 -0.0352958 -0.9982114 -0.0482499 102 145 141 255
0.2037594 0.0279403 -0.3043581 -0.1308602 -0.8423018 -0.5228800 103 143 134 255
0.2703214 0.0220520 -0.2931944 0.0332255 -0.9819266 -0.1863230 100 144 141 255
0.2037594 0.0279403 -0.3043581 -0.1308602 -0.8423018 -0.5228800 103 143 134 255
0.2344711 0.0695779 -0.3163284 -0.1024407 0.7567334 -0.6456474 102 146 141 255
0.2703214 0.0220520 -0.2931944 0.0332255 -0.9819266 -0.1863230 100 144 141 255
0.1093235 0.0578112 -0.2190458 -0.7011428 0.4117848 0.5820928 79 107 105 255
0.2279599 0.0912765 -0.1967016 -0.3372368 0.9374018 0.0868869 182 184 191 255
0.1269145 0.0779662 -0.2609924 -0.4822325 0.7926695 -0.3729970 85 130 123 255
0.0632977 0.1746235 0.3339008 -0.5922833 0.1053676 0.7988105 60 92 110 255
0.0948181 0.2151919 0.3171600 0.2496307 0.4123262 0.8761688 61 91 109 255
-0.0862641 0.5408876 0.1903106 -0.5836919 0.1865837 0.7902469 64 93 110 255
-0.0159297 0.7005422 -0.3990673 -0.3577471 -0.1995733 0.9122431 48 40 64 255
-0.0202146 0.6296723 -0.3816677 0.5831080 0.5793787 0.5694782 42 36 50 255
0.0070684 0.6825787 -0.4331619 0.3544490 -0.3201256 0.8785701 91 135 132 255
-0.0159297 0.7005422 -0.3990673 -0.3577471 -0.1995733 0.9122431 48 40 64 255
0.0070684 0.6825787 -0.4331619 0.3544490 -0.3201256 0.8785701 91 135 132 255
0.0469985 0.6864786 -0.4176971 -0.2477086 0.2164277 0.9443513 91 133 129 255
-0.2196705 0.0771480 0.3814963 -0.3550723 -0.9090862 0.2179125 98 138 133 255
-0.2506959 0.0719077 0.3326331 -0.7197641 -0.6905973 -0.0708179 99 141 136 255
-0.1579599 0.0521907 0.2890631 0.0028664 -0.9946649 0.1031190 96 145 138 255
0.1000183 0.7088728 -0.4026226 0.8915031 0.2995643 0.3398286 96 142 138 255
0.1108108 0.6961958 -0.3166763 0.9034460 0.4256979 -0.0506613 98 147 141 255
0.1252720 0.6564489 -0.3927804 0.9754187 0.1755519 -0.1331916 97 142 138 255
-0.1806536 1.7153344 -0.1384984 -0.0581318 0.8153769 0.5760046 102 146 142 255
-0.2079108 1.6756603 -0.1206030 -0.4054677 0.5925266 0.6960663 91 137 131 255
-0.1439624 1.6840170 -0.0904654 -0.4054677 0.5925266 0.6960663 104 145 140 255
0.1108108 0.6961958 -0.3166763 -0.9034073 -0.4257750 0.0507040 96 126 125 255
0.1000762 0.7087080 -0.4028674 -0.8956066 -0.3920836 0.2101411 99 143 138 255
0.1252720 0.6564489 -0.3927804 -0.9034073 -0.4257750 0.0507040 97 118 117 255
0.3238177 0.4821594 -0.0920655 0.7874497 0.6123763 0.0701322 63 94 112 255
0.2158313 0.5219657 -0.0812579 0.2956498 -0.1582330 0.9421006 66 94 112 255
0.2290947 0.4647094 -0.0416399 -0.1001295 0.0973087 0.9902045 67 94 112 255
0.0285347 0.6186563 -0.3730975 -0.1252781 0.7531875 0.6457663 99 144 139 255
0.0469985 0.6864786 -0.4176971 -0.2477086 0.2164277 0.9443513 91 133 129 255
0.0070684 0.6825787 -0.4331619 0.3544490 -0.3201256 0.8785701 91 135 132 255
0.2678955 1.0157909 0.2285112 0.3691055 -0.0869455 0.9253116 67 93 88 255
0.2697153 0.8074818 0.1654903 0.6817945 -0.6137355 0.3981014 97 140 136 255
0.3454189 0.9201967 0.1619607 0.8784570 -0.1054517 0.4660400 102 144 138 255
-0.3048151 1.5915661 0.0794011 -0.4507985 -0.3657002 0.8142751 102 146 142 255
-0.2561612 1.5712443 0.1291753 0.1697684 -0.8442951 0.5082759 102 144 141 255
-0.2838275 1.6269388 0.1159238 -0.6472363 -0.1473648 0.7479094 100 145 141 255
0.0747297 0.6108856 -0.3880869 0.1495384 -0.8423188 -0.5178197 100 144 140 255
0.0546737 0.5746867 -0.2989227 0.2930861 -0.9070208 -0.3023474 40 32 65 255
0.0285347 0.6186563 -0.3730975 -0.3938746 -0.7844507 -0.4790616 100 142 137 255
0.4236374 0.1800009 -0.1141175 0.3025956 -0.5090095 0.8058196 40 32 65 255
0.4678690 0.1979737 -0.1218055 -0.2979732 -0.8443336 0.4453232 51 42 75 255
0.4308295 0.2275390 -0.0937976 0.2611499 -0.9554420 -0.1375914 40 32 65 255
-0.2994215 1.8012917 0.0996422 -0.3705750 0.3783693 0.8482400 82 118 115 255
-0.2891977 1.6729027 0.1257361 -0.2339117 0.0346182 0.9716414 101 146 143 255
-0.1837175 1.7897458 0.0855097 0.5040680 0.4906325 0.7107708 56 52 51 255
-0.2630396 1.6190188 0.1381458 -0.7716290 -0.2436539 0.5875555 95 137 133 255
-0.2633698 1.6919845 0.1685313 -0.7252179 -0.2675179 0.6344236 82 127 122 255
-0.2891977 1.6729027 0.1257361 -0.2339600 0.0344588 0.9716353 98 139 135 255
0.2404046 1.0299963 0.2595235 0.3798026 -0.9024054 -0.2035058 45 65 76 255
0.1432652 0.9532659 0.2647160 0.5792529 -0.0156954 -0.8149968 96 134 129 255
0.2338672 1.0337418 0.2306107 0.0425783 -0.9348742 -0.3524165 95 138 134 255
-0.2190690 1.3485334 0.1717795 0.0798454 -0.6613817 -0.7457874 66 94 111 255
-0.2805903 1.3749767 0.1638826 -0.3252827 0.0069894 -0.9455910 65 92 109 255
-0.1626751 1.3375094 0.1316603 -0.8091524 -0.4330751 -0.3971379 62 53 88 255
0.0546737 0.5746867 -0.2989227 0.2930861 -0.9070208 -0.3023474 40 32 65 255
0.0747297 0.6108856 -0.3880869 0.1495384 -0.8423188 -0.5178197 100 144 140 255
0.0673728 0.6059256 -0.2972521 0.9240057 -0.3785224 0.0541683 40 32 65 255
-0.2258310 1.6373226 0.1832029 0.9937688 0.0225774 0.1091509 100 141 138 255
-0.2200656 1.6475905 0.1284961 0.6835866 -0.1218640 0.7196238 99 110 110 255
-0.2633698 1.6919845 0.1685313 0.6084335 0.7693124 -0.1948519 101 146 143 255
0.0444918 1.4155018 -0.2660488 0.1217879 0.5592148 -0.8200284 55 47 79 255
0.0885751 1.3946486 -0.2322227 0.9450595 0.3250893 -0.0343428 53 46 75 255
0.1068141 1.2853144 -0.3533543 0.3927564 0.5436648 -0.7417350 62 53 86 255
-0.4463606 0.8265880 0.1986386 0.0099466 0.8384033 -0.5449596 100 146 140 255
-0.4327044 0.7581500 0.1014725 -0.2241261 0.5074926 -0.8319969 98 144 139 255
-0.4891865 0.7629668 0.1390234 -0.9785516 -0.0085605 -0.2058237 101 145 140 255
0.0720394 0.6235325 -0.3888522 -0.9423683 -0.0369502 0.3325307 101 145 141 255
0.0786011 0.6644525 -0.3657094 -0.3970562 0.6468269 0.6511231 100 144 140 255
0.0469985 0.6864786 -0.4176971 -0.2476818 0.2163981 0.9443652 103 147 142 255
0.0923889 0.6367567 -0.2945961 -0.9778309 0.0406308 0.2054161 102 145 142 255
0.0786011 0.6644525 -0.3657094 -0.3970562 0.6468269 0.6511231 100 144 140 255
0.0720394 0.6235325 -0.3888522 -0.9423683 -0.0369502 0.3325307 101 145 141 255
-0.1879025 0.1181524 0.4422251 -0.2850071 0.8887000 0.3591425 58 88 82 255
-0.1430643 0.0732950 0.4613160 -0.2970530 -0.6373103 0.7110522 99 141 137 255
-0.1401787 0.1176049 0.4612163 0.1103079 0.6439794 0.7570488 100 142 137 255
-0.2258310 1.6373226 0.1832029 -0.6895137 -0.2611931 0.6755362 67 93 98 255
-0.2630396 1.6190188 0.1381458 -0.7716290 -0.2436539 0.5875555 95 137 133 255
-0.2561612 1.5712443 0.1291753 0.1697684 -0.8442951 0.5082759 102 144 141 255
-0.3125961 0.6052962 0.2212516 -0.3575177 -0.9310666 -0.0727734 100 143 141 255
-0.3481088 0.6341076 0.1877316 -0.4615050 -0.7528767 -0.4692438 101 145 141 255
-0.2749636 0.6366290 0.1345671 -0.2851716 -0.8551448 -0.4329024 94 140 135 255
0.2158313 0.5219657 -0.0812579 0.2956498 -0.1582330 0.9421006 66 94 112 255
0.1465816 0.4874718 -0.0947069 -0.7865327 -0.3294834 0.5223093 59 89 109 255
0.2290947 0.4647094 -0.0416399 -0.1001295 0.0973087 0.9902045 67 94 112 255
-0.4290109 1.6347291 -0.0809263 -0.7100276 0.1707389 -0.6831610 1 2 3 255
-0.4381690 1.6354466 -0.0431765 -0.9065869 0.2415375 0.3460632 45 82 81 255
-0.3904598 1.6925356 -0.0596839 -0.8736944 0.1597601 -0.4594941 9 6 10 255
-0.3432837 1.1903680 0.2780946 -0.7123528 -0.4892570 0.5031711 59 87 106 255
-0.3111620 1.1343511 0.3157471 -0.6454778 0.1825064 0.7416535 56 82 101 255
-0.2499707 1.1763944 0.3009928 0.6708848 -0.0107881 0.7414831 59 86 105 255
-0.2543492 1.8212626 0.0844985 0.3298246 0.6132514 0.7177314 76 115 111 255
-0.1837175 1.7897458 0.0855097 0.5040680 0.4906325 0.7107708 56 52 51 255
-0.2604733 1.8477297 0.0461339 0.4553487 0.8027105 0.3851147 98 141 138 255
0.0469985 0.6864786 -0.4176971 -0.2477086 0.2164277 0.9443513 91 133 129 255
0.0747297 0.6108856 -0.3880869 0.5088847 0.7442838 0.4325252 100 143 138 255
0.0520062 0.6924789 -0.4556330 0.2285276 -0.2664041 -0.9363782 91 131 127 255
-0.0733829 0.6931793 -0.3742141 -0.2137410 -0.2536879 -0.9433755 98 141 135 255
-0.0390804 0.7424204 -0.3952276 -0.1864914 -0.3979382 -0.8982573 109 107 70 255
-0.0405552 0.6322905 -0.3648196 -0.2080313 -0.2577388 -0.9435538 110 146 133 255
0.0285347 0.6186563 -0.3730975 -0.1252781 0.7531875 0.6457663 99 144 139 255
0.0747297 0.6108856 -0.3880869 0.5088847 0.7442838 0.4325252 100 143 138 255
0.0469985 0.6864786 -0.4176971 -0.2477086 0.2164277 0.9443513 91 133 129 255
-0.0102630 0.6804023 -0.4509205 -0.8403734 -0.0584672 -0.5388452 48 39 61 255
-0.0045764 0.7599441 -0.3991679 -0.9073746 -0.0463819 -0.4177560 97 140 135 255
0.0209923 0.8405798 -0.4636711 -0.3771765 0.1044477 -0.9202330 56 81 93 255
0.3488991 1.0455985 -0.0539120 0.2493579 -0.2415224 0.9378101 65 54 88 255
0.2757597 1.1331632 -0.0568007 -0.6338738 -0.4472408 0.6310148 65 53 87 255
0.2550471 1.1528146 -0.0652705 -0.3156618 -0.3122672 0.8960172 52 79 96 255
-0.1399858 1.6847536 0.0804454 0.9497605 -0.1578600 0.2702501 120 23 34 255
-0.1370273 1.7726064 -0.0287622 0.8847709 0.4533631 -0.1078999 66 95 111 255
-0.1837175 1.7897458 0.0855097 0.5040680 0.4906325 0.7107708 56 52 51 255
0.2047279 0.0220406 -0.1588832 -0.2634292 -0.9122533 0.3136862 99 143 140 255
0.2116382 0.0274279 -0.2257968 -0.0352958 -0.9982114 -0.0482499 102 145 141 255
0.2703214 0.0220520 -0.2931944 0.0332255 -0.9819266 -0.1863230 100 144 141 255
0.0843687 0.8861903 0.1749991 0.7994727 0.2717327 -0.5357282 102 147 142 255
-0.0355692 1.0689736 0.0449845 0.8980922 0.2274764 -0.3764106 3 6 7 255
0.0154073 1.0694439 0.1652545 0.7937527 0.2733695 -0.5433466 103 146 141 255
-0.3918574 0.7885224 0.2343332 0.8084115 0.3212007 -0.4932556 100 140 137 255
-0.4334109 0.7541282 0.1732501 0.8856238 0.0067420 -0.4643546 89 135 130 255
-0.4327044 0.7581500 0.1014725 0.9484317 -0.2442608 0.2020248 77 116 104 255
0.1217251 0.9324441 0.0700320 -0.8872848 -0.2523337 -0.3860745 97 77 68 255
0.1384616 0.9744842 0.0085961 -0.6418641 -0.5871245 -0.4932499 43 35 42 255
0.1468081 0.9438859 0.0152403 -0.8206382 -0.1758664 -0.5437132 80 61 49 255
-0.0862641 0.5408876 0.1903106 -0.5836919 0.1865837 0.7902469 64 93 110 255
0.0346475 0.5168876 0.1889838 0.6318557 0.5875813 0.5054765 65 93 112 255
-0.0397537 0.5477070 0.1683770 0.6160308 0.0776275 0.7838877 65 93 110 255
0.0747297 0.6108856 -0.3880869 0.1495038 -0.8422387 -0.5179600 100 144 140 255
0.0285347 0.6186563 -0.3730975 -0.3939278 -0.7843985 -0.4791032 100 142 137 255
0.0344369 0.6809036 -0.4691242 -0.1588905 -0.4544282 -0.8764981 102 145 139 255
-0.2200656 1.6475905 0.1284961 0.6835866 -0.1218640 0.7196238 99 110 110 255
-0.1399858 1.6847536 0.0804454 0.9497605 -0.1578600 0.2702501 120 23 34 255
-0.1837175 1.7897458 0.0855097 0.5040680 0.4906325 0.7107708 56 52 51 255
-0.3961229 1.5438142 -0.0244778 -0.3653381 -0.9131305 -0.1808886 129 139 144 255
-0.3820136 1.5928823 -0.0505859 0.8012028 -0.5746877 0.1667575 179 184 187 255
-0.3617892 1.5798844 -0.0181984 -0.4762856 -0.5937161 -0.6485779 178 184 188 255
-0.1661263 1.3757291 0.1014632 -0.8225271 -0.0716741 -0.5641916 47 47 64 255
-0.2805903 1.3749767 0.1638826 -0.3252827 0.0069894 -0.9455910 65 92 109 255
-0.2966166 1.4088301 0.1820639 -0.6106868 0.7880570 -0.0776402 61 91 110 255
0.1489177 1.0077528 -0.0419608 -0.4400214 -0.3758232 -0.8155600 43 39 61 255
0.1384616 0.9744842 0.0085961 -0.6418641 -0.5871245 -0.4932499 43 35 42 255
0.0927005 0.9802983 0.0321916 -0.8533210 -0.3610663 -0.3761311 44 39 63 255
0.1045458 0.0509764 0.2300156 0.2306779 -0.3852926 -0.8934973 48 38 67 255
-0.0072515 0.0637865 0.2741519 -0.1920611 -0.8517050 -0.4875564 102 146 140 255
0.0444212 0.1291009 0.2532271 -0.3905923 0.0935604 -0.9157969 54 46 79 255
0.3843772 0.1653142 -0.1106488 -0.5060152 0.7495478 -0.4267632 74 77 83 255
0.3157532 0.0673170 -0.0838369 -0.5747710 0.0002645 0.8183143 53 44 72 255
0.3778143 0.1185499 -0.0598093 -0.8779906 -0.0939826 0.4693611 121 94 53 255
0.2047279 0.0220406 -0.1588832 -0.2634292 -0.9122533 0.3136862 99 143 140 255
0.2091005 0.0592719 -0.1361011 -0.5421020 0.5397429 0.6440520 99 143 139 255
0.1093235 0.0578112 -0.2190458 -0.7011253 0.4117919 0.5821089 100 142 139 255
0.3623431 1.0191965 0.0448984 0.9889303 0.1284919 -0.0742062 60 86 105 255
0.3191049 1.0056169 -0.0354956 0.5596019 0.2153070 -0.8003054 47 65 85 255
0.3442140 1.0753901 0.0481163 0.9059977 -0.0130939 -0.4230803 60 87 106 255
0.2824416 0.0301969 -0.3273710 0.6744386 0.1470158 -0.7235461 101 145 140 255
0.2703214 0.0220520 -0.2931944 0.0332255 -0.9819266 -0.1863230 100 144 141 255
0.2761338 0.0670746 -0.3242577 0.2782479 0.5580327 -0.7817784 101 146 141 255
-0.3962431 1.5802136 -0.0985204 -0.6894259 -0.4000456 -0.6038669 58 81 77 255
-0.3961229 1.5438142 -0.0244778 -0.3652105 -0.9131708 -0.1809431 53 75 96 255
-0.4236073 1.5846811 -0.0453991 -0.9067962 -0.4213973 -0.0120402 0 0 0 255
0.0248282 1.2368877 -0.3267027 -0.8968741 -0.3930923 -0.2027199 66 94 110 255
-0.0492125 1.3759068 -0.2081550 -0.9004881 -0.4338259 0.0302700 61 91 109 255
-0.0176542 1.3208614 -0.2812334 -0.8615111 -0.0808119 -0.5012664 62 93 111 255
0.3843772 0.1653142 -0.1106488 -0.5060152 0.7495478 -0.4267632 74 77 83 255
0.3159885 0.0977697 -0.2228748 0.1837355 0.8517263 -0.4907174 180 185 191 255
0.2313068 0.0787967 -0.2462817 -0.1569672 0.9488287 -0.2740169 181 183 187 255
-0.3094170 1.8109849 0.1213137 0.2781933 0.7329853 0.6207585 89 132 127 255
-0.2543492 1.8212626 0.0844985 0.3298246 0.6132514 0.7177314 76 115 111 255
-0.3054149 1.8391800 0.0862271 0.1552144 0.8938371 0.4206706 75 104 110 255
0.1465816 0.4874718 -0.0947069 -0.7907962 -0.2384247 0.5637331 61 90 107 255
0.1915553 0.8400646 -0.0069619 -0.9994226 0.0134478 -0.0312054 42 41 62 255
0.1362724 0.5788858 -0.1504649 -0.9487158 0.2070477 -0.2388921 61 91 109 255
-0.3094170 1.8109849 0.1213137 -0.9164456 -0.2543515 -0.3089218 100 145 140 255
-0.3054149 1.8391800 0.0862271 -0.9242855 -0.2487280 -0.2895355 97 140 134 255
-0.2994215 1.8012917 0.0996422 -0.3706685 0.3770576 0.8487829 98 142 138 255
0.1468081 0.9438859 0.0152403 -0.8206382 -0.1758664 -0.5437132 80 61 49 255
0.1824853 0.9429053 -0.0255438 -0.6098544 -0.3994629 -0.6844758 75 59 41 255
0.1389534 0.8698166 0.0438474 -0.8531226 -0.2875062 -0.4353413 41 40 62 255
0.0927005 0.9802983 0.0321916 -0.8533210 -0.3610663 -0.3761311 44 39 63 255
0.1211944 1.0455076 -0.0383414 -0.5523250 -0.5828691 -0.5959873 43 42 63 255
0.1489177 1.0077528 -0.0419608 -0.4400214 -0.3758232 -0.8155600 43 39 61 255
-0.3537483 1.3203556 0.2156824 -0.9564816 0.2388906 0.1675532 60 90 109 255
-0.2966166 1.4088301 0.1820639 -0.6106868 0.7880570 -0.0776402 61 91 110 255
-0.3227077 1.3333200 0.1643752 -0.7450972 0.1524837 -0.6492911 66 92 109 255
0.1824853 0.9429053 -0.0255438 -0.6098544 -0.3994629 -0.6844758 75 59 41 255
0.1489177 1.0077528 -0.0419608 -0.4400214 -0.3758232 -0.8155600 43 39 61 255
0.2325811 0.9567122 -0.0629951 -0.2736959 0.0630388 -0.9597481 56 46 39 255
-0.4891865 0.7629668 0.1390234 -0.9785516 -0.0085605 -0.2058237 101 145 140 255
-0.4462497 0.7240857 0.1501077 0.5968056 -0.2898688 0.7481972 102 146 143 255
-0.4334109 0.7541282 0.1732501 -0.9446996 -0.2896578 -0.1537558 104 147 143 255
-0.3111620 1.1343511 0.3157471 -0.7049245 0.2834534 0.6501812 180 184 188 255
-0.2585545 1.0982756 0.3329743 0.5862837 -0.0385351 0.8091889 174 178 185 255
-0.2499707 1.1763944 0.3009928 0.6328825 0.0343281 0.7734864 61 51 83 255
0.3248873 1.0549838 0.1452752 0.8799338 0.1970957 0.4322844 66 55 87 255
0.3521743 1.0628295 0.0672632 0.9626558 0.0778667 0.2592885 65 55 88 255
0.3305078 1.0749594 0.1766752 0.8376155 0.3806876 0.3917617 65 55 87 255
0.1419601 1.0067013 0.2315673 -0.4953157 -0.1424346 0.8569567 50 40 54 255
0.1829615 0.9527885 0.2421533 0.1044140 -0.1481660 0.9834350 99 144 141 255
0.2678955 1.0157909 0.2285112 0.6159955 -0.3226618 0.7186369 49 49 66 255
0.1970239 1.1692422 -0.1122178 0.4109303 0.1291299 -0.9024753 65 54 88 255
0.3719594 1.0713100 -0.0195862 0.8672758 0.4082631 -0.2848754 65 54 87 255
0.3160470 1.0113786 -0.1186832 0.3460865 0.1488331 -0.9263222 65 53 86 255
-0.2200656 1.6475905 0.1284961 0.6835866 -0.1218640 0.7196238 99 110 110 255
-0.1702523 1.5929417 0.0130750 0.9368367 0.1124628 0.3311933 76 101 94 255
-0.1399858 1.6847536 0.0804454 0.9497605 -0.1578600 0.2702501 120 23 34 255
-0.3791041 0.6777488 0.2229198 0.7858209 0.2486276 -0.5662772 9 9 10 255
-0.4334109 0.7541282 0.1732501 0.8856177 0.0067238 -0.4643664 15 14 15 255
-0.3918574 0.7885224 0.2343332 0.8084199 0.3212318 -0.4932217 5 6 8 255
-0.4024479 0.7308097 0.3032142 -0.4186455 -0.2603183 0.8700405 97 139 133 255
-0.4563031 0.6746161 0.2066561 -0.9363224 -0.2799647 0.2119438 69 92 96 255
-0.4199800 0.6541747 0.2565211 -0.5999600 -0.7039518 0.3801312 99 139 135 255
0.2253695 0.8931176 -0.0767409 -0.4977679 0.2820805 -0.8201572 77 61 42 255
0.1674728 0.8487437 0.0415941 -0.6898304 -0.6266980 -0.3624687 42 41 62 255
0.1389534 0.8698166 0.0438474 -0.8531226 -0.2875062 -0.4353413 41 40 62 255
0.1252720 0.6564489 -0.3927804 0.9754476 0.1754221 -0.1331508 97 142 138 255
0.0864162 0.6983681 -0.4642764 0.1719744 -0.4092077 -0.8960882 96 139 134 255
0.1164298 0.7254225 -0.4609629 0.8303033 0.1466210 -0.5376791 101 144 139 255
0.0864162 0.6983681 -0.4642764 0.1720115 -0.4092477 -0.8960626 101 144 141 255
0.1252720 0.6564489 -0.3927804 -0.7841555 -0.5595139 0.2684105 91 137 134 255
0.0854836 0.7031281 -0.4117180 0.0974286 0.0019992 0.9952406 103 146 141 255
0.3305078 1.0749594 0.1766752 0.8271039 0.3892413 0.4054510 59 49 84 255
0.2102449 1.3904774 0.0236582 0.8513064 0.5177453 0.0849546 185 149 64 255
0.1833076 1.3352225 0.1676427 0.6723793 0.4704521 0.5714727 0 0 0 255
-0.0700262 0.5502137 0.0840434 -0.5891742 -0.0969810 -0.8021649 52 45 76 255
-0.0126181 0.5372072 0.0947860 0.7019951 -0.2627372 -0.6619456 51 44 74 255
0.0479159 0.4543799 0.1058432 0.6624118 0.0351720 -0.7483138 56 52 86 255
-0.2208328 1.5355340 0.0612019 -0.0846397 -0.2206644 0.9716704 61 13 10 255
-0.1702523 1.5929417 0.0130750 0.9368367 0.1124628 0.3311933 76 101 94 255
-0.2425005 1.5830543 0.0850726 0.6044178 -0.5763405 0.5500099 19 8 8 255
0.0520062 0.6924789 -0.4556330 0.2285736 -0.2663807 -0.9363735 90 127 124 255
0.0344369 0.6809036 -0.4691242 -0.1588905 -0.4544282 -0.8764981 102 145 139 255
0.0209923 0.8405798 -0.4636711 -0.3771765 0.1044477 -0.9202330 56 81 93 255
0.3159885 0.0977697 -0.2228748 0.1837355 0.8517263 -0.4907174 180 185 191 255
0.2344711 0.0695779 -0.3163284 -0.1024980 0.7567006 -0.6456769 182 183 185 255
0.2313068 0.0787967 -0.2462817 -0.1569672 0.9488287 -0.2740169 181 183 187 255
0.2290947 0.4647094 -0.0416399 -0.1001295 0.0973087 0.9902045 67 94 112 255
0.4891865 0.1626493 -0.0354632 0.5095661 0.3535739 0.7844284 66 95 111 255
0.3238177 0.4821594 -0.0920655 0.7874497 0.6123763 0.0701322 63 94 112 255
-0.3961229 1.5438142 -0.0244778 -0.3652105 -0.9131708 -0.1809431 53 75 96 255
-0.3962431 1.5802136 -0.0985204 -0.6894259 -0.4000456 -0.6038669 58 81 77 255
-0.3647032 1.5500169 -0.1070858 -0.3960775 -0.3473766 -0.8499718 53 74 86 255
-0.2035944 1.4554335 -0.0243400 0.2428201 -0.9670086 -0.0770238 65 92 109 255
-0.2352033 1.4950150 -0.1126505 0.3127658 -0.2978988 -0.9019057 65 93 111 255
-0.1859426 1.5915938 -0.0838791 0.6545274 -0.3525664 -0.6687980 59 85 104 255
0.0782044 0.1909890 0.3090793 0.5733700 -0.7982335 -0.1845811 11 12 14 255
0.0632977 0.1746235 0.3339008 0.5350928 -0.8163885 -0.2172219 6 7 9 255
0.0391588 0.1835436 0.2953120 0.4625109 -0.7510996 -0.4710975 104 147 140 255
0.0391588 0.1835436 0.2953120 -0.5757059 0.7821680 0.2382770 101 146 141 255
0.0444212 0.1291009 0.2532271 -0.3905923 0.0935604 -0.9157969 54 46 79 255
-0.0353589 0.1710557 0.2995957 -0.3059852 0.7735233 -0.5550086 93 136 131 255
0.2068021 1.1252658 -0.0845319 0.0991924 -0.2896078 -0.9519916 101 142 136 255
0.2063129 1.0574226 -0.0727078 0.1565550 -0.1333660 -0.9786236 82 60 45 255
0.1211944 1.0455076 -0.0383414 -0.5523250 -0.5828691 -0.5959873 43 42 63 255
-0.1250043 1.5379170 0.0659438 0.0211178 0.5029659 0.8640482 54 47 81 255
-0.1472657 1.4805234 0.1177548 -0.6077297 0.7936109 0.0290902 52 46 76 255
-0.0927241 1.5604709 0.0113190 0.2974893 0.9540045 0.0370869 60 51 85 255
-0.1482337 1.3637970 0.0585181 -0.7992107 -0.1317309 -0.5864378 64 61 86 255
-0.1095932 1.1742480 0.0281845 -0.9149231 -0.3673910 -0.1671510 64 56 87 255
-0.1661263 1.3757291 0.1014632 -0.8225271 -0.0716741 -0.5641916 47 47 64 255
-0.2579069 1.3877085 0.2623936 -0.1904843 0.2803722 0.9408013 87 121 119 255
-0.0444865 1.5511551 0.0495199 0.0470235 0.9974132 0.0543665 58 48 84 255
-0.1472657 1.4805234 0.1177548 -0.6077297 0.7936109 0.0290902 52 46 76 255
0.3627710 0.8264524 -0.0102388 0.9636142 -0.1970339 -0.1806251 37 13 22 255
0.2228308 0.5095306 -0.1922742 0.5053922 0.0276888 -0.8624454 62 92 111 255
0.3226345 0.9298032 -0.0611922 0.5813316 0.2718167 -0.7669219 58 85 104 255
0.1824853 0.9429053 -0.0255438 -0.6098544 -0.3994629 -0.6844758 75 59 41 255
0.1384616 0.9744842 0.0085961 -0.6418641 -0.5871245 -0.4932499 43 35 42 255
0.1489177 1.0077528 -0.0419608 -0.4400214 -0.3758232 -0.8155600 43 39 61 255
0.0948181 0.2151919 0.3171600 -0.5003110 -0.8117733 -0.3011861 54 47 79 255
0.1258910 0.2148530 0.2664579 -0.7182612 -0.6731492 0.1759862 55 47 79 255
0.1619675 0.1824420 0.2938858 -0.6921193 -0.7192771 0.0600944 52 44 76 255
-0.2579069 1.3877085 0.2623936 -0.1904843 0.2803722 0.9408013 87 121 119 255
-0.2966166 1.4088301 0.1820639 -0.6106868 0.7880570 -0.0776402 61 91 110 255
-0.3218689 1.1994134 0.3134817 -0.5253305 0.2309207 0.8189650 60 88 106 255
0.1676369 0.0728338 0.3296529 0.8198926 -0.0389545 0.5711905 100 143 138 255
0.1258910 0.2148530 0.2664579 0.9450872 0.3213750 0.0593998 93 135 130 255
0.1072989 0.1593091 0.3292958 0.3159432 0.5456085 0.7762029 99 143 139 255
-0.3218689 1.1994134 0.3134817 -0.5253305 0.2309207 0.8189650 60 88 106 255
-0.3227077 1.3333200 0.1643752 -0.7450972 0.1524837 -0.6492911 66 92 109 255
-0.3627536 1.2081098 0.2227334 -0.9811681 0.0410554 -0.1887422 57 86 104 255
0.2063129 1.0574226 -0.0727078 0.1565550 -0.1333660 -0.9786236 82 60 45 255
0.3015680 1.1385323 -0.0190169 0.5555135 0.0148925 -0.8313742 15 22 22 255
0.2927115 1.0575272 -0.0452737 0.5819982 0.0789499 -0.8093485 29 48 63 255
-0.0102630 0.6804023 -0.4509205 -0.8403734 -0.0584672 -0.5388452 48 39 61 255
0.0070684 0.6825787 -0.4331619 0.3545031 -0.3201080 0.8785548 10 9 12 255
0.0208056 0.6241253 -0.4110810 -0.1865705 -0.6341766 -0.7503409 87 114 122 255
-0.4265554 0.8919648 0.2662731 -0.8484583 0.4349142 -0.3016094 102 144 138 255
-0.3664396 1.0073839 0.2786874 -0.8523690 0.3864006 -0.3523657 98 138 137 255
-0.3325770 1.0265623 0.2481157 0.0701671 -0.1574471 -0.9850315 178 180 184 255
-0.2454619 1.0898983 0.2285260 0.7326308 -0.2889274 -0.6162574 158 159 162 255
-0.2645340 1.2385456 0.1917726 0.1873611 -0.2048432 -0.9606951 0 0 0 255
-0.2465050 1.2229942 0.2197658 0.8814936 -0.0257011 -0.4714962 25 32 38 255
0.0854836 0.7031281 -0.4117180 0.0974374 0.0019334 0.9952398 101 145 140 255
-0.0045764 0.7599441 -0.3991679 0.1271849 -0.1948978 0.9725425 97 140 135 255
-0.0159297 0.7005422 -0.3990673 -0.3577505 -0.1994975 0.9122584 90 135 129 255
-0.4014425 0.8557260 0.3295254 -0.4920641 -0.0959060 0.8652601 96 136 132 255
-0.4024479 0.7308097 0.3032142 -0.4196581 -0.2580335 0.8702332 102 144 138 255
-0.3749161 0.8068959 0.2806350 0.9585900 0.0112910 -0.2845660 27 38 46 255
0.3226345 0.9298032 -0.0611922 0.5813316 0.2718167 -0.7669219 58 85 104 255
0.3191049 1.0056169 -0.0354956 0.5596019 0.2153070 -0.8003054 47 65 85 255
0.3623431 1.0191965 0.0448984 0.9889303 0.1284919 -0.0742062 60 86 105 255
0.0704610 0.8432649 -0.4580640 0.2657071 0.0470491 -0.9629050 65 94 111 255
0.1164298 0.7254225 -0.4609629 0.8303033 0.1466210 -0.5376791 101 144 139 255
0.0209923 0.8405798 -0.4636711 -0.3771765 0.1044477 -0.9202330 56 81 93 255
-0.0733829 0.6931793 -0.3742141 -0.7871037 -0.0946616 0.6095138 37 52 52 255
-0.0405552 0.6322905 -0.3648196 -0.8284782 -0.3837261 0.4078948 4 2 4 255
-0.0316701 0.6557678 -0.3246871 -0.8057086 -0.1347799 0.5767738 95 143 138 255
-0.3105822 1.7008899 -0.1400288 0.0018818 0.2292567 -0.9733641 65 93 110 255
-0.3671935 1.7441473 -0.1343538 -0.6776063 0.2397077 -0.6952624 62 90 107 255
-0.3429823 1.7809980 -0.0978650 -0.3606558 0.7844991 -0.5044685 62 91 107 255
0.2927115 1.0575272 -0.0452737 0.5819982 0.0789499 -0.8093485 29 48 63 255
0.3442140 1.0753901 0.0481163 0.9059977 -0.0130939 -0.4230803 60 87 106 255
0.3191049 1.0056169 -0.0354956 0.5596019 0.2153070 -0.8003054 47 65 85 255
-0.3627536 1.2081098 0.2227334 -0.9811681 0.0410554 -0.1887422 57 86 104 255
-0.3269033 1.2023647 0.2076136 -0.5929518 -0.6665263 -0.4518304 62 89 106 255
-0.3432837 1.1903680 0.2780946 -0.7123528 -0.4892570 0.5031711 59 87 106 255
-0.3938184 1.5822217 0.0176851 -0.8407912 -0.2518633 0.4792026 0 0 0 255
-0.3961229 1.5438142 -0.0244778 -0.3652105 -0.9131708 -0.1809431 53 75 96 255
-0.3681285 1.5108529 -0.0002047 -0.7494244 -0.0587848 0.6594750 62 50 83 255
-0.0091858 0.7258301 0.1287812 -0.5963452 0.4471424 -0.6666603 60 49 81 255
-0.0700262 0.5502137 0.0840434 -0.5891742 -0.0969810 -0.8021649 52 45 76 255
-0.0484695 0.6728610 0.1388747 -0.8625906 0.5031002 0.0531761 62 50 87 255
0.0344369 0.6809036 -0.4691242 -0.1588905 -0.4544282 -0.8764981 102 145 139 255
-0.0102630 0.6804023 -0.4509205 -0.8403734 -0.0584672 -0.5388452 48 39 61 255
0.0209923 0.8405798 -0.4636711 -0.3771765 0.1044477 -0.9202330 56 81 93 255
0.3442140 1.0753901 0.0481163 0.9059977 -0.0130939 -0.4230803 60 87 106 255
0.2927115 1.0575272 -0.0452737 0.5819982 0.0789499 -0.8093485 29 48 63 255
0.3292994 1.1053318 0.0018657 0.8135950 -0.0491477 -0.5793511 40 66 78 255
0.4550512 0.1349620 -0.1146258 0.7288460 0.4635195 -0.5039180 39 39 45 255
0.4308295 0.2275390 -0.0937976 0.2546162 -0.9564447 -0.1427735 1 1 2 255
0.4305367 0.2015731 -0.0381483 0.9217414 0.2785302 0.2698405 8 7 7 255
-0.3904598 1.6925356 -0.0596839 -0.8736944 0.1597601 -0.4594941 9 6 10 255
-0.3962224 1.6766239 -0.0205287 -0.9825244 -0.0629842 0.1751536 7 5 8 255
-0.4103336 1.7251363 -0.0427216 -0.8820371 0.4121376 -0.2283705 42 66 67 255
0.1285086 0.0298895 0.2956046 0.0767977 -0.9938929 0.0792409 98 143 138 255
-0.0072515 0.0637865 0.2741519 -0.1920611 -0.8517050 -0.4875564 102 146 140 255
0.1045458 0.0509764 0.2300156 0.2306779 -0.3852926 -0.8934973 48 38 67 255
0.1389534 0.8698166 0.0438474 -0.8531226 -0.2875062 -0.4353413 41 40 62 255
0.1109087 0.9271113 0.1139477 -0.9114944 -0.3932971 -0.1203968 49 41 60 255
0.1217251 0.9324441 0.0700320 -0.8872848 -0.2523337 -0.3860745 97 77 68 255
0.0220270 0.9166057 -0.4072951 -0.8418185 -0.0444692 -0.5379257 66 93 110 255
0.0209923 0.8405798 -0.4636711 -0.3771765 0.1044477 -0.9202330 56 81 93 255
-0.0304921 0.8467900 -0.4007126 -0.4480354 0.5068052 0.7364869 64 93 110 255
0.0469985 0.6864786 -0.4176971 -0.2476818 0.2163981 0.9443652 103 147 142 255
0.0786011 0.6644525 -0.3657094 -0.3970562 0.6468269 0.6511231 100 144 140 255
0.0854836 0.7031281 -0.4117180 0.0974286 0.0019992 0.9952406 103 146 141 255
0.3521743 1.0628295 0.0672632 0.9646259 -0.0169466 0.2630777 98 141 133 255
0.3322060 1.0796773 0.0799154 0.7205832 0.6180890 0.3142069 69 112 106 255
0.3248873 1.0549838 0.1452752 0.9015833 0.1077962 0.4189604 101 145 141 255
-0.0912602 0.7767172 -0.3921727 -0.8535300 0.1122082 -0.5088181 102 145 142 255
-0.0521579 0.7702988 -0.3487917 -0.0180587 0.1894214 0.9817299 17 20 22 255
-0.0304921 0.8467900 -0.4007126 -0.4480354 0.5068052 0.7364869 64 93 110 255
0.3719594 1.0713100 -0.0195862 0.8672758 0.4082631 -0.2848754 65 54 87 255
0.1510508 1.4002306 -0.1146194 0.6962777 0.3488187 -0.6273140 55 48 79 255
0.2102449 1.3904774 0.0236582 0.8166013 0.5728838 0.0704716 60 50 85 255
-0.3961229 1.5438142 -0.0244778 -0.3653381 -0.9131305 -0.1808886 129 139 144 255
-0.3617892 1.5798844 -0.0181984 -0.4762856 -0.5937161 -0.6485779 178 184 188 255
-0.3681285 1.5108529 -0.0002047 0.2140367 -0.2647381 -0.9402668 164 171 173 255
0.0884881 0.8280924 -0.4065355 0.6185554 0.0038780 0.7857316 42 55 64 255
0.0854836 0.7031281 -0.4117180 0.0974013 0.0019690 0.9952433 62 52 85 255
0.1000183 0.7088728 -0.4026226 0.8914969 0.2995767 0.3398340 61 51 84 255
-0.1908693 0.0764537 0.4363226 -0.5142574 -0.7187810 0.4678602 92 137 133 255
-0.1879025 0.1181524 0.4422251 -0.2850071 0.8887000 0.3591425 58 88 82 255
-0.2274241 0.1238548 0.4062003 -0.4576799 0.8776945 0.1420624 49 87 80 255
0.1109087 0.9271113 0.1139477 -0.9114944 -0.3932971 -0.1203968 49 41 60 255
0.0824749 0.9782578 0.1328896 -0.8783318 -0.3656128 0.3079943 45 42 64 255
0.0972667 0.9664588 0.0840160 -0.7457489 -0.6027516 -0.2838116 42 34 39 255
0.2390747 0.9417124 -0.1212605 0.0131811 -0.2481242 0.9686386 129 144 112 255
0.2068021 1.1252658 -0.0845319 -0.2873849 -0.2349820 0.9285436 49 60 82 255
0.1736548 1.1226259 -0.0927023 0.1837045 -0.0427960 0.9820495 33 55 73 255
0.2325811 0.9567122 -0.0629951 -0.2736959 0.0630388 -0.9597481 56 46 39 255
0.2240274 1.0224563 -0.0583562 0.0993598 -0.0775352 -0.9920262 111 82 37 255
0.3191049 1.0056169 -0.0354956 0.5596019 0.2153070 -0.8003054 47 65 85 255
0.0291917 0.7805168 0.1520311 -0.7323907 0.6756468 -0.0842927 64 93 110 255
0.1089664 0.8698054 0.1828791 -0.8651142 0.4616524 0.1960980 62 90 107 255
0.1189702 0.8479758 0.1109225 -0.5103821 0.6338501 -0.5811576 65 92 110 255
-0.0261161 1.1023326 0.1211585 0.9590503 0.2322087 -0.1621777 102 145 140 255
-0.0217965 1.0978789 0.1245753 0.7820005 0.4544684 -0.4265368 103 146 140 255
-0.0355692 1.0689736 0.0449845 0.8980922 0.2274764 -0.3764106 3 6 7 255
0.2757597 1.1331632 -0.0568007 0.5046031 -0.2900386 -0.8131747 16 16 16 255
0.3015680 1.1385323 -0.0190169 0.5555135 0.0148925 -0.8313742 15 22 22 255
0.2063129 1.0574226 -0.0727078 0.1565550 -0.1333660 -0.9786236 82 60 45 255
0.2550471 1.1528146 -0.0652705 -0.3156618 -0.3122672 0.8960172 52 79 96 255
0.2621806 1.1608315 -0.0481714 0.4234247 -0.0868391 -0.9017597 54 81 99 255
0.2068021 1.1252658 -0.0845319 -0.2873849 -0.2349820 0.9285436 49 60 82 255
0.2550471 1.1528146 -0.0652705 -0.3156618 -0.3122672 0.8960172 52 79 96 255
0.2757597 1.1331632 -0.0568007 -0.6338738 -0.4472408 0.6310148 65 53 87 255
0.2621806 1.1608315 -0.0481714 -0.6894571 -0.5014211 0.5227100 53 80 98 255
0.2757597 1.1331632 -0.0568007 0.5046031 -0.2900386 -0.8131747 16 16 16 255
0.2063129 1.0574226 -0.0727078 0.1565550 -0.1333660 -0.9786236 82 60 45 255
0.2621806 1.1608315 -0.0481714 0.4472101 -0.0660709 -0.8919852 2 5 7 255
-0.0318131 1.1090330 0.0545386 -0.5987397 -0.7514162 -0.2772804 91 140 137 255
-0.0191064 1.1069269 0.1168901 -0.7427154 -0.6664787 0.0646532 87 140 133 255
-0.0349128 1.1123832 0.0981747 -0.2225228 -0.9712263 -0.0848693 87 141 131 255
-0.1401787 0.1176049 0.4612163 0.1103079 0.6439794 0.7570488 100 142 137 255
-0.0753648 0.1273590 0.4054548 0.0861233 0.8341154 0.5448251 98 142 139 255
-0.1879025 0.1181524 0.4422251 -0.2850071 0.8887000 0.3591425 58 88 82 255
0.0864162 0.6983681 -0.4642764 0.1719744 -0.4092077 -0.8960882 96 139 134 255
0.0209923 0.8405798 -0.4636711 -0.3771765 0.1044477 -0.9202330 56 81 93 255
0.1164298 0.7254225 -0.4609629 0.8303033 0.1466210 -0.5376791 101 144 139 255
-0.3781891 1.6957000 0.0859832 -0.4509506 -0.0148275 0.8924257 101 146 143 255
-0.2891977 1.6729027 0.1257361 -0.2339665 0.0344208 0.9716352 102 147 142 255
-0.2994215 1.8012917 0.0996422 -0.3706685 0.3770576 0.8487829 98 142 138 255
-0.0236719 1.1064558 0.1265484 -0.8979064 -0.0976133 -0.4292269 93 136 133 255
-0.0191064 1.1069269 0.1168901 -0.7630858 -0.6458955 0.0227852 94 138 134 255
-0.0217965 1.0978789 0.1245753 -0.8979064 -0.0976133 -0.4292269 93 137 133 255
0.4305367 0.2015731 -0.0381483 0.9217414 0.2785302 0.2698405 8 7 7 255
0.4123640 0.1337578 -0.0245162 0.0266363 -0.1883135 0.9817476 98 139 133 255
0.4705873 0.0722474 -0.0502404 0.7339526 0.1425258 0.6640781 11 9 10 255
-0.0015240 1.3670341 -0.1936418 -0.4218341 -0.6218958 0.6597739 48 57 68 255
0.0248282 1.2368877 -0.3267027 -0.9132999 -0.3365260 -0.2294199 101 146 144 255
0.0348070 1.2222249 -0.2753426 -0.6623724 -0.5193831 0.5399113 100 146 144 255
-0.3227077 1.3333200 0.1643752 -0.7450972 0.1524837 -0.6492911 66 92 109 255
-0.2190690 1.3485334 0.1717795 0.0798454 -0.6613817 -0.7457874 66 94 111 255
-0.2893229 1.1865984 0.1520919 -0.0554443 -0.2153673 -0.9749578 64 91 108 255
0.0122168 0.7502740 0.1702675 -0.6442018 0.4573191 0.6130770 61 90 108 255
0.1089664 0.8698054 0.1828791 -0.8651142 0.4616524 0.1960980 62 90 107 255
0.0291917 0.7805168 0.1520311 -0.7323907 0.6756468 -0.0842927 64 93 110 255
-0.2112696 1.1838562 0.2237424 0.9299750 -0.2876478 0.2289219 44 39 62 255
-0.1539271 1.3466468 0.2192534 -0.0601671 -0.9491231 0.3091041 60 49 83 255
-0.1997559 1.3659889 0.2635914 0.2996048 0.0228855 0.9537889 54 47 77 255
0.1048493 0.1935049 0.2238401 0.3523627 -0.3066385 -0.8842021 52 45 75 255
0.1217937 0.1343404 0.2450763 0.6580942 0.0059043 -0.7529124 56 48 79 255
0.0444212 0.1291009 0.2532271 -0.3905923 0.0935604 -0.9157969 54 46 79 255
-0.0276082 0.3024198 0.2144099 -0.9258147 -0.3708821 -0.0728952 65 93 110 255
-0.0862641 0.5408876 0.1903106 -0.5836919 0.1865837 0.7902469 64 93 110 255
-0.1213140 0.4955439 0.1507717 -0.9505106 -0.2137402 -0.2254877 64 92 109 255
-0.2208328 1.5355340 0.0612019 -0.0785410 -0.2405576 0.9674519 55 48 80 255
-0.1250043 1.5379170 0.0659438 0.0211178 0.5029659 0.8640482 54 47 81 255
-0.1702523 1.5929417 0.0130750 0.8755500 0.3406472 0.3425956 57 50 82 255
-0.0390804 0.7424204 -0.3952276 -0.1864914 -0.3979382 -0.8982573 109 107 70 255
0.0209923 0.8405798 -0.4636711 -0.3771765 0.1044477 -0.9202330 56 81 93 255
-0.0045764 0.7599441 -0.3991679 -0.9073746 -0.0463819 -0.4177560 97 140 135 255
0.0927005 0.9802983 0.0321916 -0.8533210 -0.3610663 -0.3761311 44 39 63 255
0.0620232 1.0152436 0.1394478 -0.7544973 -0.6486954 -0.0996387 56 46 80 255
0.1211944 1.0455076 -0.0383414 -0.5523250 -0.5828691 -0.5959873 43 42 63 255
0.0884881 0.8280924 -0.4065355 0.6760787 -0.0186119 0.7365944 92 138 130 255
0.0704610 0.8432649 -0.4580640 0.2200297 0.0784319 -0.9723350 76 108 107 255
0.0996299 0.9081711 -0.3909961 0.9545296 -0.2084356 -0.2131379 48 75 91 255
-0.0521579 0.7702988 -0.3487917 -0.0181247 0.1894090 0.9817310 101 146 141 255
-0.0390804 0.7424204 -0.3952276 0.9940024 -0.0506341 0.0969307 95 138 134 255
-0.0045764 0.7599441 -0.3991679 0.1272280 -0.1949044 0.9725356 63 53 84 255
0.2472715 0.5273085 -0.1365262 0.9988536 0.0134898 0.0459299 64 94 111 255
0.2228308 0.5095306 -0.1922742 0.4374505 0.1143193 -0.8919462 60 91 108 255
0.3627710 0.8264524 -0.0102388 0.9624194 -0.1943445 -0.1896819 62 90 108 255
-0.0733829 0.6931793 -0.3742141 -0.2137410 -0.2536879 -0.9433755 98 141 135 255
-0.0912602 0.7767172 -0.3921727 -0.8535300 0.1122082 -0.5088181 102 145 142 255
-0.0390804 0.7424204 -0.3952276 -0.1864914 -0.3979382 -0.8982573 109 107 70 255
-0.2499707 1.1763944 0.3009928 0.6789127 0.0006729 0.7342187 53 48 77 255
-0.1997559 1.3659889 0.2635914 0.2996048 0.0228855 0.9537889 54 47 77 255
-0.3218689 1.1994134 0.3134817 -0.5598808 0.1805377 0.8086653 135 113 64 255
0.0824749 0.9782578 0.1328896 -0.8783318 -0.3656128 0.3079943 45 42 64 255
0.0620232 1.0152436 0.1394478 -0.7544973 -0.6486954 -0.0996387 56 46 80 255
0.0927005 0.9802983 0.0321916 -0.8533210 -0.3610663 -0.3761311 44 39 63 255
-0.1277573 1.3462093 -0.0086676 -0.8647162 -0.1861893 -0.4664755 103 145 141 255
-0.0924327 1.3947623 -0.0577782 -0.9391454 0.0058686 -0.3434697 102 145 141 255
-0.0485489 1.1950683 -0.0465158 -0.8767182 -0.3826481 -0.2914542 46 11 22 255
-0.0072515 0.0637865 0.2741519 -0.2400872 -0.8333666 -0.4978538 99 141 136 255
-0.1579599 0.0521907 0.2890631 -0.2264316 0.3566055 -0.9064001 104 145 141 255
-0.0353589 0.1710557 0.2995957 -0.2185060 0.8164688 -0.5344469 96 137 133 255
-0.2079108 1.6756603 -0.1206030 0.2041717 0.1313911 -0.9700775 64 93 110 255
-0.1807458 1.6347159 -0.1330036 -0.2251400 -0.1236909 -0.9664432 58 85 104 255
-0.2149208 1.6149721 -0.1160711 0.0323403 -0.1954135 -0.9801875 62 91 109 255
0.0823522 0.1312403 0.2091213 -0.1416134 -0.3872161 -0.9110484 66 92 109 255
-0.0276082 0.3024198 0.2144099 -0.9258147 -0.3708821 -0.0728952 65 93 110 255
0.0260656 0.2644118 0.1684123 -0.3571981 -0.4015322 -0.8433157 64 95 112 255
0.1362724 0.5788858 -0.1504649 -0.9487158 0.2070477 -0.2388921 61 91 109 255
0.1915553 0.8400646 -0.0069619 -0.9994226 0.0134478 -0.0312054 42 41 62 255
0.2253695 0.8931176 -0.0767409 -0.4977679 0.2820805 -0.8201572 77 61 42 255
-0.3269033 1.2023647 0.2076136 -0.5929518 -0.6665263 -0.4518304 62 89 106 255
-0.2893229 1.1865984 0.1520919 -0.0554443 -0.2153673 -0.9749578 64 91 108 255
-0.2437706 1.1823286 0.1731893 0.5124609 -0.2612795 -0.8179956 65 92 109 255
-0.0733829 0.6931793 -0.3742141 -0.7871037 -0.0946616 0.6095138 37 52 52 255
-0.0521579 0.7702988 -0.3487917 -0.0180587 0.1894214 0.9817299 17 20 22 255
-0.0912602 0.7767172 -0.3921727 -0.8535300 0.1122082 -0.5088181 102 145 142 255
-0.2454619 1.0898983 0.2285260 0.7326308 -0.2889274 -0.6162574 158 159 162 255
-0.3269033 1.2023647 0.2076136 -0.5506455 -0.7117802 -0.4360716 12 16 19 255
-0.2645340 1.2385456 0.1917726 0.1873611 -0.2048432 -0.9606951 0 0 0 255
-0.3269033 1.2023647 0.2076136 -0.5929518 -0.6665263 -0.4518304 62 89 106 255
-0.3111620 1.1343511 0.3157471 -0.6454778 0.1825064 0.7416535 56 82 101 255
-0.3432837 1.1903680 0.2780946 -0.7123528 -0.4892570 0.5031711 59 87 106 255
0.1222384 0.0246927 -0.2485915 -0.4061450 -0.9120060 -0.0573695 102 143 139 255
0.2116382 0.0274279 -0.2257968 -0.0352958 -0.9982114 -0.0482499 102 145 141 255
0.2047279 0.0220406 -0.1588832 -0.2634292 -0.9122533 0.3136862 99 143 140 255
-0.1250043 1.5379170 0.0659438 0.0211178 0.5029659 0.8640482 54 47 81 255
-0.1513505 1.4662455 0.0717329 -0.9394150 0.2022881 0.2767290 79 124 119 255
-0.1472657 1.4805234 0.1177548 -0.6077297 0.7936109 0.0290902 52 46 76 255
-0.2035944 1.4554335 -0.0243400 0.0659034 -0.9977759 0.0099936 101 146 143 255
-0.2839861 1.4833565 0.0600003 -0.1290476 -0.5494345 0.8255109 102 148 143 255
-0.3675542 1.4142381 -0.0294701 -0.3836534 -0.8000949 0.4611489 101 147 140 255
-0.0733829 0.6931793 -0.3742141 -0.7871037 -0.0946616 0.6095138 37 52 52 255
-0.0316701 0.6557678 -0.3246871 -0.8057086 -0.1347799 0.5767738 95 143 138 255
-0.0521579 0.7702988 -0.3487917 -0.0180587 0.1894214 0.9817299 17 20 22 255
-0.1250043 1.5379170 0.0659438 0.0211178 0.5029659 0.8640482 54 47 81 255
-0.0927241 1.5604709 0.0113190 0.2974893 0.9540045 0.0370869 60 51 85 255
-0.1702523 1.5929417 0.0130750 0.8755500 0.3406472 0.3425956 57 50 82 255
0.1432652 0.9532659 0.2647160 -0.3406198 -0.1136953 0.9333014 57 47 79 255
0.0505998 1.2485791 0.2502605 -0.1236494 -0.0411956 0.9914704 64 54 87 255
0.0321598 1.0949741 0.2266175 -0.5691326 -0.3171265 0.7586296 64 52 89 255
-0.2475762 0.1255574 0.3579866 -0.3720209 0.9255503 0.0704055 97 135 132 255
-0.2240272 0.1053895 0.3808061 -0.6419706 0.6650498 0.3815528 98 139 136 255
-0.1291218 0.1205754 0.3351275 -0.2840560 0.7354775 -0.6151299 94 141 135 255
-0.0390804 0.7424204 -0.3952276 -0.1864914 -0.3979382 -0.8982573 109 107 70 255
-0.0912602 0.7767172 -0.3921727 -0.8535300 0.1122082 -0.5088181 102 145 142 255
0.0209923 0.8405798 -0.4636711 -0.3771765 0.1044477 -0.9202330 56 81 93 255
-0.0484695 0.6728610 0.1388747 -0.8625906 0.5031002 0.0531761 62 50 87 255
0.0122168 0.7502740 0.1702675 -0.6702823 0.3998780 0.6251554 63 50 82 255
-0.0091858 0.7258301 0.1287812 -0.5963452 0.4471424 -0.6666603 60 49 81 255
-0.0521579 0.7702988 -0.3487917 -0.0181247 0.1894090 0.9817310 101 146 141 255
0.0242150 0.8216985 -0.3954660 0.2391637 0.0467385 0.9698538 32 37 43 255
-0.0304921 0.8467900 -0.4007126 -0.4585100 0.5071153 0.7297964 94 141 134 255
-0.0015240 1.3670341 -0.1936418 -0.1892644 -0.9570690 0.2195398 61 91 108 255
-0.0492125 1.3759068 -0.2081550 -0.9004881 -0.4338259 0.0302700 61 91 109 255
0.0248282 1.2368877 -0.3267027 -0.8968741 -0.3930923 -0.2027199 66 94 110 255
-0.2969987 1.0950635 0.2305216 -0.2893348 0.1371364 -0.9473537 113 114 108 255
-0.3325770 1.0265623 0.2481157 0.0701671 -0.1574471 -0.9850315 178 180 184 255
-0.3162272 1.1290146 0.2571152 -0.8884625 -0.0539665 -0.4557652 96 142 141 255
0.1666951 0.8591265 0.2477213 -0.2391842 0.1311181 -0.9620805 61 90 109 255
0.1089664 0.8698054 0.1828791 -0.8651142 0.4616524 0.1960980 62 90 107 255
0.0122168 0.7502740 0.1702675 -0.6442018 0.4573191 0.6130770 61 90 108 255
-0.1213140 0.4955439 0.1507717 -0.9505106 -0.2137402 -0.2254877 64 92 109 255
-0.0862641 0.5408876 0.1903106 -0.5836919 0.1865837 0.7902469 64 93 110 255
-0.0484695 0.6728610 0.1388747 -0.8625906 0.5031002 0.0531761 62 50 87 255
0.0242150 0.8216985 -0.3954660 0.2391637 0.0467385 0.9698538 32 37 43 255
0.0884881 0.8280924 -0.4065355 0.6185554 0.0038780 0.7857316 42 55 64 255
-0.0304921 0.8467900 -0.4007126 -0.4585100 0.5071153 0.7297964 94 141 134 255
-0.1472657 1.4805234 0.1177548 -0.6077297 0.7936109 0.0290902 52 46 76 255
-0.0444865 1.5511551 0.0495199 0.0470235 0.9974132 0.0543665 58 48 84 255
-0.0927241 1.5604709 0.0113190 0.2974893 0.9540045 0.0370869 60 51 85 255
0.3488991 1.0455985 -0.0539120 0.2493579 -0.2415224 0.9378101 65 54 88 255
0.2550471 1.1528146 -0.0652705 -0.3156618 -0.3122672 0.8960172 52 79 96 255
0.2068021 1.1252658 -0.0845319 -0.2873849 -0.2349820 0.9285436 49 60 82 255
0.0854836 0.7031281 -0.4117180 0.0974013 0.0019690 0.9952433 62 52 85 255
0.0884881 0.8280924 -0.4065355 0.6185554 0.0038780 0.7857316 42 55 64 255
0.0242150 0.8216985 -0.3954660 0.2391637 0.0467385 0.9698538 32 37 43 255
-0.0304921 0.8467900 -0.4007126 -0.4480354 0.5068052 0.7364869 64 93 110 255
0.0209923 0.8405798 -0.4636711 -0.3771765 0.1044477 -0.9202330 56 81 93 255
-0.0912602 0.7767172 -0.3921727 -0.8535300 0.1122082 -0.5088181 102 145 142 255
-0.2506959 0.0719077 0.3326331 -0.7197151 -0.6906571 -0.0707324 90 139 133 255
-0.2475762 0.1255574 0.3579866 -0.3720209 0.9255503 0.0704055 97 135 132 255
-0.2363894 0.1052232 0.3176764 -0.1966002 0.5330701 -0.8229123 94 128 125 255
-0.4014425 0.8557260 0.3295254 -0.4920641 -0.0959060 0.8652601 96 136 132 255
-0.3111620 1.1343511 0.3157471 -0.7049245 0.2834534 0.6501812 180 184 188 255
-0.4265554 0.8919648 0.2662731 -0.7504609 0.4085320 -0.5195286 99 137 133 255
-0.3537483 1.3203556 0.2156824 -0.9564816 0.2388906 0.1675532 60 90 109 255
-0.3218689 1.1994134 0.3134817 -0.5253305 0.2309207 0.8189650 60 88 106 255
-0.2966166 1.4088301 0.1820639 -0.6106868 0.7880570 -0.0776402 61 91 110 255
-0.0202146 0.6296723 -0.3816677 -0.8554264 -0.3514830 -0.3804016 96 140 134 255
-0.0159297 0.7005422 -0.3990673 -0.3577505 -0.1994975 0.9122584 90 135 129 255
-0.0102630 0.6804023 -0.4509205 -0.8403734 -0.0584672 -0.5388452 48 39 61 255
-0.0304921 0.8467900 -0.4007126 -0.4585100 0.5071153 0.7297964 94 141 134 255
0.0884881 0.8280924 -0.4065355 0.6185554 0.0038780 0.7857316 42 55 64 255
0.0996299 0.9081711 -0.3909961 0.2107660 -0.1482500 0.9662296 82 117 113 255
-0.3094170 1.8109849 0.1213137 0.4859811 -0.6920838 0.5337062 93 134 132 255
-0.2994215 1.8012917 0.0996422 -0.3705750 0.3783693 0.8482400 82 118 115 255
-0.2543492 1.8212626 0.0844985 0.3298246 0.6132514 0.7177314 76 115 111 255
-0.2454619 1.0898983 0.2285260 0.7326308 -0.2889274 -0.6162574 158 159 162 255
-0.2499707 1.1763944 0.3009928 0.6328825 0.0343281 0.7734864 61 51 83 255
-0.2585545 1.0982756 0.3329743 0.5862837 -0.0385351 0.8091889 174 178 185 255
-0.2454619 1.0898983 0.2285260 0.7326308 -0.2889274 -0.6162574 158 159 162 255
-0.2389657 1.1930548 0.2427281 0.9977095 -0.0675826 0.0028798 9 11 12 255
-0.2499707 1.1763944 0.3009928 0.6328825 0.0343281 0.7734864 61 51 83 255
0.0532904 1.5088800 0.1081609 0.4061191 0.7706760 0.4910456 54 46 80 255
0.0943313 1.4995533 -0.1001593 0.5085570 0.8252110 -0.2457571 47 41 67 255
-0.0444865 1.5511551 0.0495199 -0.0173183 0.9943804 0.1044411 64 55 86 255
-0.0700262 0.5502137 0.0840434 -0.5891742 -0.0969810 -0.8021649 52 45 76 255
0.0260656 0.2644118 0.1684123 -0.3571981 -0.4015322 -0.8433157 64 95 112 255
-0.0276082 0.3024198 0.2144099 -0.9258147 -0.3708821 -0.0728952 65 93 110 255
-0.2454619 1.0898983 0.2285260 0.7326308 -0.2889274 -0.6162574 158 159 162 255
-0.2465050 1.2229942 0.2197658 0.8814936 -0.0257011 -0.4714962 25 32 38 255
-0.2389657 1.1930548 0.2427281 0.9977095 -0.0675826 0.0028798 9 11 12 255
-0.0700262 0.5502137 0.0840434 -0.5891742 -0.0969810 -0.8021649 52 45 76 255
0.0479159 0.4543799 0.1058432 0.6624118 0.0351720 -0.7483138 56 52 86 255
0.0260656 0.2644118 0.1684123 -0.3571981 -0.4015322 -0.8433157 64 95 112 255
0.3226345 0.9298032 -0.0611922 0.5813316 0.2718167 -0.7669219 58 85 104 255
0.2325811 0.9567122 -0.0629951 -0.2736959 0.0630388 -0.9597481 56 46 39 255
0.3191049 1.0056169 -0.0354956 0.5596019 0.2153070 -0.8003054 47 65 85 255
0.0823522 0.1312403 0.2091213 -0.1416134 -0.3872161 -0.9110484 66 92 109 255
0.0123632 0.1744086 0.2594982 -0.8187224 -0.4600450 -0.3435872 66 94 111 255
-0.0276082 0.3024198 0.2144099 -0.9258147 -0.3708821 -0.0728952 65 93 110 255
-0.3269033 1.2023647 0.2076136 -0.5929683 -0.6657450 -0.4529594 99 144 140 255
-0.2437706 1.1823286 0.1731893 -0.4220944 -0.3497785 0.8363559 77 89 105 255
-0.2645340 1.2385456 0.1917726 -0.0571202 -0.3322970 0.9414436 100 145 142 255
0.0996299 0.9081711 -0.3909961 0.9545296 -0.2084356 -0.2131379 48 75 91 255
0.0704610 0.8432649 -0.4580640 0.2200297 0.0784319 -0.9723350 76 108 107 255
0.1556802 1.1327249 -0.3958918 0.9173243 0.0002893 -0.3981407 102 147 143 255
0.0122168 0.7502740 0.1702675 -0.6702823 0.3998780 0.6251554 63 50 82 255
-0.0484695 0.6728610 0.1388747 -0.8625906 0.5031002 0.0531761 62 50 87 255
-0.0862641 0.5408876 0.1903106 -0.5836919 0.1865837 0.7902469 64 93 110 255
-0.2475762 0.1255574 0.3579866 -0.3720209 0.9255503 0.0704055 97 135 132 255
-0.1291218 0.1205754 0.3351275 -0.2840560 0.7354775 -0.6151299 94 141 135 255
-0.2363894 0.1052232 0.3176764 -0.1966002 0.5330701 -0.8229123 94 128 125 255
-0.0304921 0.8467900 -0.4007126 -0.4585100 0.5071153 0.7297964 94 141 134 255
0.0996299 0.9081711 -0.3909961 0.2107660 -0.1482500 0.9662296 82 117 113 255
0.0220270 0.9166057 -0.4072951 -0.1580652 -0.0170343 0.9872817 82 117 113 255
-0.0176542 1.3208614 -0.2812334 -0.8615111 -0.0808119 -0.5012664 62 93 111 255
0.0487580 1.2779912 -0.3645416 -0.5007830 0.1033978 -0.8593749 66 93 110 255
0.0248282 1.2368877 -0.3267027 -0.8968741 -0.3930923 -0.2027199 66 94 110 255
0.0260656 0.2644118 0.1684123 -0.3571981 -0.4015322 -0.8433157 64 95 112 255
0.0479159 0.4543799 0.1058432 0.6624118 0.0351720 -0.7483138 56 52 86 255
0.0823522 0.1312403 0.2091213 -0.1416134 -0.3872161 -0.9110484 66 92 109 255
-0.4024479 0.7308097 0.3032142 -0.4196581 -0.2580335 0.8702332 102 144 138 255
-0.4014425 0.8557260 0.3295254 -0.4920641 -0.0959060 0.8652601 96 136 132 255
-0.4670234 0.8048982 0.2414073 -0.9388414 -0.0229688 0.3435830 75 108 109 255
0.1093235 0.0578112 -0.2190458 -0.7011428 0.4117848 0.5820928 79 107 105 255
0.2091005 0.0592719 -0.1361011 -0.5295572 0.5531890 0.6430794 53 81 76 255
0.2279599 0.0912765 -0.1967016 -0.3372368 0.9374018 0.0868869 182 184 191 255
0.0532904 1.5088800 0.1081609 0.4061191 0.7706760 0.4910456 54 46 80 255
0.2102449 1.3904774 0.0236582 0.8513064 0.5177453 0.0849546 185 149 64 255
0.0943313 1.4995533 -0.1001593 0.5085570 0.8252110 -0.2457571 47 41 67 255
0.1081126 0.1890748 0.2171313 -0.1819834 -0.1117382 0.9769323 53 46 76 255
0.1506402 0.1529409 0.2317275 -0.6467463 -0.3533030 0.6759411 51 43 77 255
0.1114326 0.1988731 0.2200290 -0.6104754 -0.5978110 0.5195590 54 47 79 255
0.1217937 0.1343404 0.2450763 0.6580942 0.0059043 -0.7529124 56 48 79 255
0.1048493 0.1935049 0.2238401 0.3523627 -0.3066385 -0.8842021 52 45 75 255
0.1258910 0.2148530 0.2664579 0.9550357 0.2607175 0.1411852 6 6 8 255
0.1211944 1.0455076 -0.0383414 -0.5523250 -0.5828691 -0.5959873 43 42 63 255
0.0620232 1.0152436 0.1394478 -0.7544973 -0.6486954 -0.0996387 56 46 80 255
-0.0318131 1.1090330 0.0545386 -0.5987397 -0.7514162 -0.2772804 91 140 137 255
-0.2352033 1.4950150 -0.1126505 0.3127658 -0.2978988 -0.9019057 65 93 111 255
-0.3647032 1.5500169 -0.1070858 -0.3960775 -0.3473766 -0.8499718 53 74 86 255
-0.2647264 1.5698440 -0.1087862 0.0188892 -0.1645156 -0.9861936 64 92 110 255
0.0698278 0.1971104 0.2207431 0.4594271 -0.2108428 0.8628280 93 129 130 255
0.0823522 0.1312403 0.2091213 0.1746679 -0.0551056 0.9830841 101 144 139 255
0.1081126 0.1890748 0.2171313 -0.1819834 -0.1117382 0.9769323 53 46 76 255
-0.0355692 1.0689736 0.0449845 -0.8855422 -0.4645492 0.0030336 102 145 139 255
-0.1095932 1.1742480 0.0281845 -0.9171095 -0.3557364 -0.1798944 103 146 142 255
-0.0570977 1.1370542 0.0280832 -0.6496357 -0.4075514 -0.6417752 104 147 142 255
0.0346475 0.5168876 0.1889838 0.5993733 0.5730640 0.5588822 160 167 172 255
0.1619675 0.1824420 0.2938858 0.9291534 0.3560680 0.0994457 54 73 77 255
0.0479159 0.4543799 0.1058432 0.6624118 0.0351720 -0.7483138 56 52 86 255
-0.4463606 0.8265880 0.1986386 0.0099466 0.8384033 -0.5449596 100 146 140 255
-0.4670234 0.8048982 0.2414073 -0.9246511 -0.0499533 0.3775247 101 146 140 255
-0.4265554 0.8919648 0.2662731 -0.8737439 0.2025092 -0.4422236 99 145 140 255
0.1048493 0.1935049 0.2238401 0.3523627 -0.3066385 -0.8842021 52 45 75 255
0.1114326 0.1988731 0.2200290 -0.6104754 -0.5978110 0.5195590 54 47 79 255
0.1258910 0.2148530 0.2664579 0.9550357 0.2607175 0.1411852 6 6 8 255
0.3778143 0.1185499 -0.0598093 -0.8499641 -0.1387595 0.5082389 89 134 124 255
0.3157532 0.0673170 -0.0838369 -0.5607412 -0.0481139 0.8265920 92 138 133 255
0.3955076 0.0317828 -0.0130924 -0.2060621 -0.0411997 0.9776713 80 113 107 255
0.0532904 1.5088800 0.1081609 0.4061191 0.7706760 0.4910456 54 46 80 255
0.0793869 1.3526180 0.2405370 0.2870470 0.4278426 0.8570616 64 54 85 255
0.1833076 1.3352225 0.1676427 0.6723793 0.4704521 0.5714727 0 0 0 255
-0.2190690 1.3485334 0.1717795 0.0798454 -0.6613817 -0.7457874 66 94 111 255
-0.3227077 1.3333200 0.1643752 -0.7450972 0.1524837 -0.6492911 66 92 109 255
-0.2805903 1.3749767 0.1638826 -0.3252827 0.0069894 -0.9455910 65 92 109 255
-0.1095932 1.1742480 0.0281845 -0.9149231 -0.3673910 -0.1671510 64 56 87 255
-0.1066279 1.2174867 0.1371807 -0.8391930 -0.4432536 0.3150893 64 54 86 255
-0.1626751 1.3375094 0.1316603 -0.8091524 -0.4330751 -0.3971379 62 53 88 255
0.1674728 0.8487437 0.0415941 -0.7199538 -0.6221721 -0.3075197 62 93 111 255
0.1189702 0.8479758 0.1109225 -0.5103821 0.6338501 -0.5811576 65 92 110 255
0.1089664 0.8698054 0.1828791 -0.8651142 0.4616524 0.1960980 62 90 107 255
0.2390747 0.9417124 -0.1212605 0.0131811 -0.2481242 0.9686386 129 144 112 255
0.3488991 1.0455985 -0.0539120 0.2493579 -0.2415224 0.9378101 65 54 88 255
0.2068021 1.1252658 -0.0845319 -0.2873849 -0.2349820 0.9285436 49 60 82 255
-0.0490627 1.4158270 -0.2475072 -0.4602787 0.4080564 -0.7884374 61 92 109 255
0.0487580 1.2779912 -0.3645416 -0.5007830 0.1033978 -0.8593749 66 93 110 255
-0.0176542 1.3208614 -0.2812334 -0.8615111 -0.0808119 -0.5012664 62 93 111 255
-0.1370273 1.7726064 -0.0287622 0.8847709 0.4533631 -0.1078999 66 95 111 255
-0.2310843 1.8499250 -0.0205387 0.5398353 0.8382913 0.0764545 98 143 139 255
-0.1837175 1.7897458 0.0855097 0.5040680 0.4906325 0.7107708 56 52 51 255
0.3521743 1.0628295 0.0672632 0.9626558 0.0778667 0.2592885 65 55 88 255
0.3719594 1.0713100 -0.0195862 0.8672758 0.4082631 -0.2848754 65 54 87 255
0.3305078 1.0749594 0.1766752 0.8376155 0.3806876 0.3917617 65 55 87 255
-0.0700262 0.5502137 0.0840434 -0.4263681 0.2544440 -0.8680257 56 49 81 255
-0.0091858 0.7258301 0.1287812 -0.5390230 0.4222822 -0.7287880 62 55 87 255
0.1609030 0.8214289 0.0825821 0.2175986 -0.0360539 -0.9753723 95 142 137 255
-0.0700262 0.5502137 0.0840434 -0.4263681 0.2544440 -0.8680257 56 49 81 255
0.1609030 0.8214289 0.0825821 0.2175986 -0.0360539 -0.9753723 95 142 137 255
-0.0126181 0.5372072 0.0947860 0.6628933 -0.3623832 -0.6551724 55 47 80 255
-0.1430643 0.0732950 0.4613160 -0.2970530 -0.6373103 0.7110522 99 141 137 255
-0.0991204 0.0713096 0.4691242 -0.0072629 -0.9865770 0.1631348 99 145 141 255
-0.1401787 0.1176049 0.4612163 0.1103079 0.6439794 0.7570488 100 142 137 255
0.3778143 0.1185499 -0.0598093 -0.8254568 -0.2920396 0.4830465 65 94 111 255
0.2290947 0.4647094 -0.0416399 -0.1001295 0.0973087 0.9902045 67 94 112 255
0.1465816 0.4874718 -0.0947069 -0.7865327 -0.3294834 0.5223093 59 89 109 255
-0.1579599 0.0521907 0.2890631 -0.2264316 0.3566055 -0.9064001 104 145 141 255
-0.2363894 0.1052232 0.3176764 -0.1966002 0.5330701 -0.8229123 94 128 125 255
-0.1291218 0.1205754 0.3351275 -0.2840560 0.7354775 -0.6151299 94 141 135 255
0.0996299 0.9081711 -0.3909961 0.1415863 -0.3137302 0.9388965 58 57 87 255
0.1556802 1.1327249 -0.3958918 0.8933212 0.0927665 -0.4397405 55 47 79 255
0.1234343 1.1304385 -0.3033699 0.6758549 -0.2551133 0.6914747 183 149 67 255
-0.0353589 0.1710557 0.2995957 -0.2185060 0.8164688 -0.5344469 96 137 133 255
-0.2274241 0.1238548 0.4062003 -0.4560852 0.8786817 0.1410842 91 131 128 255
-0.1372309 0.1130786 0.3890270 -0.0980081 0.9633133 0.2498434 94 135 130 255
0.1081126 0.1890748 0.2171313 -0.1819834 -0.1117382 0.9769323 53 46 76 255
0.1048493 0.1935049 0.2238401 0.3523627 -0.3066385 -0.8842021 52 45 75 255
0.0698278 0.1971104 0.2207431 0.4594271 -0.2108428 0.8628280 93 129 130 255
0.3719594 1.0713100 -0.0195862 0.8976175 0.3446957 -0.2747138 96 142 138 255
0.3521743 1.0628295 0.0672632 -0.6853980 -0.6738864 -0.2758741 100 146 142 255
0.3442140 1.0753901 0.0481163 -0.6396215 -0.7372184 -0.2176998 99 147 143 255
0.3248811 1.0551204 0.1452738 -0.7297356 -0.6081232 -0.3125252 68 118 116 255
0.3321381 1.0800156 0.0798861 -0.7297356 -0.6081232 -0.3125252 52 76 75 255
0.3522124 1.0624069 0.0672773 -0.7013049 -0.6602980 -0.2686593 9 9 11 255
0.1676369 0.0728338 0.3296529 0.8139099 -0.0535105 0.5785217 103 148 143 255
0.1045458 0.0509764 0.2300156 0.2306779 -0.3852926 -0.8934973 48 38 67 255
0.1217937 0.1343404 0.2450763 0.6580942 0.0059043 -0.7529124 56 48 79 255
0.1285086 0.0298895 0.2956046 0.0767977 -0.9938929 0.0792409 98 143 138 255
0.1045458 0.0509764 0.2300156 0.2306779 -0.3852926 -0.8934973 48 38 67 255
0.1676369 0.0728338 0.3296529 0.8139099 -0.0535105 0.5785217 103 148 143 255
0.0321598 1.0949741 0.2266175 -0.5691326 -0.3171265 0.7586296 64 52 89 255
0.0505998 1.2485791 0.2502605 -0.1236494 -0.0411956 0.9914704 64 54 87 255
-0.1539271 1.3466468 0.2192534 -0.0601671 -0.9491231 0.3091041 60 49 83 255
-0.4290109 1.6347291 -0.0809263 -0.7100276 0.1707389 -0.6831610 1 2 3 255
-0.3620625 1.6167108 -0.1148380 -0.3412771 -0.0925849 -0.9353919 59 89 106 255
-0.3962431 1.5802136 -0.0985204 -0.6894259 -0.4000456 -0.6038669 58 81 77 255
-0.3325770 1.0265623 0.2481157 0.0701671 -0.1574471 -0.9850315 178 180 184 255
-0.2969987 1.0950635 0.2305216 -0.2893348 0.1371364 -0.9473537 113 114 108 255
-0.2454619 1.0898983 0.2285260 0.7326308 -0.2889274 -0.6162574 158 159 162 255
-0.3325770 1.0265623 0.2481157 0.0701671 -0.1574471 -0.9850315 178 180 184 255
-0.3664396 1.0073839 0.2786874 -0.8523690 0.3864006 -0.3523657 98 138 137 255
-0.3162272 1.1290146 0.2571152 -0.8884625 -0.0539665 -0.4557652 96 142 141 255
0.0831771 1.1841614 -0.4005922 -0.3051235 0.2613068 -0.9157612 103 147 143 255
0.1556802 1.1327249 -0.3958918 0.9173243 0.0002893 -0.3981407 102 147 143 255
0.0704610 0.8432649 -0.4580640 0.2200297 0.0784319 -0.9723350 76 108 107 255
-0.3429823 1.7809980 -0.0978650 -0.3606558 0.7844991 -0.5044685 62 91 107 255
-0.3671935 1.7441473 -0.1343538 -0.6776063 0.2397077 -0.6952624 62 90 107 255
-0.4103336 1.7251363 -0.0427216 -0.8820371 0.4121376 -0.2283705 42 66 67 255
-0.0217965 1.0978789 0.1245753 0.7820005 0.4544684 -0.4265368 103 146 140 255
-0.0191064 1.1069269 0.1168901 -0.8226692 -0.5560617 0.1183679 103 146 140 255
0.0154073 1.0694439 0.1652545 0.7937527 0.2733695 -0.5433466 103 146 141 255
0.0766256 1.3828478 -0.1604775 0.1064344 -0.6665010 -0.7378672 40 31 45 255
-0.0015240 1.3670341 -0.1936418 -0.1892644 -0.9570690 0.2195398 61 91 108 255
0.0851440 1.3766671 -0.1888620 0.4644402 -0.5335219 0.7068591 90 25 24 255
0.0566339 1.1514873 -0.3674246 -0.9905310 0.1213038 -0.0642953 102 147 144 255
0.0831771 1.1841614 -0.4005922 -0.3051235 0.2613068 -0.9157612 103 147 143 255
0.0220270 0.9166057 -0.4072951 -0.6109818 0.3292362 -0.7199340 42 30 16 255
0.0444212 0.1291009 0.2532271 -0.3905923 0.0935604 -0.9157969 54 46 79 255
0.0391588 0.1835436 0.2953120 -0.5757059 0.7821680 0.2382770 101 146 141 255
0.0698278 0.1971104 0.2207431 -0.6835084 -0.2793247 -0.6743841 92 127 128 255
-0.3311853 1.5119722 -0.0007290 -0.0468266 0.9986429 0.0227917 104 141 141 255
-0.3046257 1.5156742 -0.0762755 -0.0711255 0.9971820 0.0238586 96 142 136 255
-0.3356013 1.5139303 -0.0957340 -0.4824603 0.6932567 -0.5353758 97 144 137 255
0.3623431 1.0191965 0.0448984 0.9889303 0.1284919 -0.0742062 60 86 105 255
0.3442140 1.0753901 0.0481163 0.9059977 -0.0130939 -0.4230803 60 87 106 255
0.3521743 1.0628295 0.0672632 0.9694741 -0.0223349 0.2441745 61 88 107 255
-0.4327044 0.7581500 0.1014725 -0.2241261 0.5074926 -0.8319969 98 144 139 255
-0.3965931 0.6691631 0.0624388 -0.7411075 -0.0062491 -0.6713573 45 42 71 255
-0.4287608 0.6394189 0.0982250 -0.6374342 -0.0000957 -0.7705048 102 144 141 255
-0.3620625 1.6167108 -0.1148380 -0.3412771 -0.0925849 -0.9353919 59 89 106 255
-0.3101506 1.6148957 -0.1385094 0.0451725 -0.2162402 -0.9752946 65 93 110 255
-0.2647264 1.5698440 -0.1087862 0.0188892 -0.1645156 -0.9861936 64 92 110 255
0.0996299 0.9081711 -0.3909961 0.1415863 -0.3137302 0.9388965 58 57 87 255
0.1234343 1.1304385 -0.3033699 0.6758549 -0.2551133 0.6914747 183 149 67 255
0.0683067 1.1298022 -0.3180746 -0.5918664 -0.2634916 0.7617522 152 152 103 255
0.0534396 1.0381719 -0.3752280 -0.6139391 -0.1914240 0.7657909 189 148 58 255
0.0996299 0.9081711 -0.3909961 0.1415863 -0.3137302 0.9388965 58 57 87 255
0.0683067 1.1298022 -0.3180746 -0.5918664 -0.2634916 0.7617522 152 152 103 255
-0.0202146 0.6296723 -0.3816677 -0.3871197 -0.8106566 -0.4392883 96 140 134 255
0.0208278 0.6240135 -0.4110628 -0.4080701 -0.8141754 -0.4130342 87 114 122 255
0.0348907 0.5829239 -0.3439602 -0.3871285 -0.8106566 -0.4392806 62 51 82 255
-0.3480623 1.8201439 0.0174226 -0.6674384 0.7424942 0.0568166 91 137 131 255
-0.2868516 1.8434876 0.0213710 -0.4874460 0.8309042 -0.2683180 86 135 132 255
-0.3429823 1.7809980 -0.0978650 -0.3606558 0.7844991 -0.5044685 62 91 107 255
0.0851440 1.3766671 -0.1888620 0.5462754 -0.4629826 0.6980189 101 143 137 255
0.0967934 1.2372612 -0.2260457 0.9371197 0.0168544 -0.3486008 95 140 136 255
0.0885751 1.3946486 -0.2322227 0.9710232 0.2371498 -0.0295633 102 145 141 255
0.0534396 1.0381719 -0.3752280 -0.6139391 -0.1914240 0.7657909 189 148 58 255
0.0566339 1.1514873 -0.3674246 -0.9905310 0.1213038 -0.0642953 102 147 144 255
0.0220270 0.9166057 -0.4072951 -0.6109818 0.3292362 -0.7199340 42 30 16 255
0.1109087 0.9271113 0.1139477 -0.9114944 -0.3932971 -0.1203968 49 41 60 255
0.1139755 0.9124731 0.1895672 -0.9175615 -0.0648345 0.3922721 44 39 57 255
0.0824749 0.9782578 0.1328896 -0.8783318 -0.3656128 0.3079943 45 42 64 255
-0.3757262 1.4707662 -0.0127383 -0.0477023 -0.2898244 0.9558902 101 147 141 255
-0.3675542 1.4142381 -0.0294701 -0.3836534 -0.8000949 0.4611489 101 147 140 255
-0.3681285 1.5108529 -0.0002047 -0.7215284 -0.0887749 0.6866702 101 147 141 255
0.1189702 0.8479758 0.1109225 -0.5103821 0.6338501 -0.5811576 65 92 110 255
0.1674728 0.8487437 0.0415941 -0.7199538 -0.6221721 -0.3075197 62 93 111 255
0.2107172 0.8287345 0.0562721 -0.4821739 -0.5801059 0.6564949 63 94 112 255
-0.3325770 1.0265623 0.2481157 0.0701671 -0.1574471 -0.9850315 178 180 184 255
-0.2454619 1.0898983 0.2285260 0.7326308 -0.2889274 -0.6162574 158 159 162 255
-0.2620630 1.0106240 0.2917286 0.8567803 -0.5082160 -0.0874301 180 184 189 255
-0.0289879 1.1387721 -0.0583102 -0.6409383 -0.2665918 -0.7198102 57 82 102 255
-0.0544333 1.3701186 -0.1214517 -0.7409500 -0.4532679 -0.4955212 63 52 85 255
0.0004132 1.3175040 -0.1341976 -0.3819527 -0.3519322 -0.8545502 63 51 86 255
0.0683067 1.1298022 -0.3180746 -0.5918664 -0.2634916 0.7617522 152 152 103 255
0.0562634 1.1582765 -0.3305033 -0.9118491 -0.3169402 0.2609218 101 147 143 255
0.0566339 1.1514873 -0.3674246 -0.9905310 0.1213038 -0.0642953 102 147 144 255
0.1068141 1.2853144 -0.3533543 0.3131065 0.4911793 -0.8128390 100 145 141 255
0.1556802 1.1327249 -0.3958918 0.9173243 0.0002893 -0.3981407 102 147 143 255
0.0831771 1.1841614 -0.4005922 -0.3051235 0.2613068 -0.9157612 103 147 143 255
0.1432652 0.9532659 0.2647160 0.5542573 -0.0228465 -0.8320318 102 145 140 255
0.0154073 1.0694439 0.1652545 0.8047264 0.2501792 -0.5383546 103 146 141 255
0.0649614 1.0394128 0.1996409 0.4653682 -0.2099873 -0.8598475 98 135 134 255
0.0620232 1.0152436 0.1394478 -0.7856765 -0.6103339 -0.1010188 82 126 124 255
0.0824749 0.9782578 0.1328896 -0.8589432 -0.4036293 0.3151191 94 140 135 255
0.1035807 1.0523009 0.2244934 -0.5687439 -0.5305786 0.6285036 103 144 139 255
0.1234343 1.1304385 -0.3033699 0.6758549 -0.2551133 0.6914747 183 149 67 255
0.1556802 1.1327249 -0.3958918 0.8933212 0.0927665 -0.4397405 55 47 79 255
0.1126173 1.2779858 -0.2986668 0.9404150 0.0080824 0.3399327 45 44 74 255
0.1222384 0.0246927 -0.2485915 -0.4061450 -0.9120060 -0.0573695 102 143 139 255
0.2047279 0.0220406 -0.1588832 -0.2634292 -0.9122533 0.3136862 99 143 140 255
0.1093235 0.0578112 -0.2190458 -0.7011253 0.4117919 0.5821089 100 142 139 255
-0.3647032 1.5500169 -0.1070858 -0.3960775 -0.3473766 -0.8499718 53 74 86 255
-0.3962431 1.5802136 -0.0985204 -0.6894259 -0.4000456 -0.6038669 58 81 77 255
-0.3620625 1.6167108 -0.1148380 -0.3412771 -0.0925849 -0.9353919 59 89 106 255
0.0683067 1.1298022 -0.3180746 -0.5918664 -0.2634916 0.7617522 152 152 103 255
0.1234343 1.1304385 -0.3033699 0.6758549 -0.2551133 0.6914747 183 149 67 255
0.0562634 1.1582765 -0.3305033 -0.9118491 -0.3169402 0.2609218 101 147 143 255
-0.3627536 1.2081098 0.2227334 -0.9811681 0.0410554 -0.1887422 57 86 104 255
-0.2893229 1.1865984 0.1520919 -0.0554443 -0.2153673 -0.9749578 64 91 108 255
-0.3269033 1.2023647 0.2076136 -0.5929518 -0.6665263 -0.4518304 62 89 106 255
0.3263092 0.8631196 0.1138850 0.5677039 -0.7518044 0.3354137 84 127 121 255
0.3454189 0.9201967 0.1619607 0.8784570 -0.1054517 0.4660400 102 144 138 255
0.2697153 0.8074818 0.1654903 0.6817945 -0.6137355 0.3981014 97 140 136 255
0.0831771 1.1841614 -0.4005922 -0.3051235 0.2613068 -0.9157612 103 147 143 255
0.0566339 1.1514873 -0.3674246 -0.9905310 0.1213038 -0.0642953 102 147 144 255
0.0562634 1.1582765 -0.3305033 -0.9118491 -0.3169402 0.2609218 101 147 143 255
0.1234343 1.1304385 -0.3033699 0.6758549 -0.2551133 0.6914747 183 149 67 255
0.0348070 1.2222249 -0.2753426 -0.6623724 -0.5193831 0.5399113 100 146 144 255
0.0562634 1.1582765 -0.3305033 -0.9118491 -0.3169402 0.2609218 101 147 143 255
0.3454189 0.9201967 0.1619607 0.8784570 -0.1054517 0.4660400 102 144 138 255
0.3623431 1.0191965 0.0448984 0.9904625 0.1139399 -0.0774706 37 57 52 255
0.3248873 1.0549838 0.1452752 0.9060366 0.0641598 0.4183076 39 65 62 255
-0.2454619 1.0898983 0.2285260 0.7326308 -0.2889274 -0.6162574 158 159 162 255
-0.2585545 1.0982756 0.3329743 0.5862837 -0.0385351 0.8091889 174 178 185 255
-0.2620630 1.0106240 0.2917286 0.8567803 -0.5082160 -0.0874301 180 184 189 255
0.2697153 0.8074818 0.1654903 0.6817945 -0.6137355 0.3981014 97 140 136 255
0.1609030 0.8214289 0.0825821 0.2175986 -0.0360539 -0.9753723 95 142 137 255
0.2107172 0.8287345 0.0562721 -0.5760752 -0.6659319 0.4739958 82 120 120 255
-0.3760498 1.6431519 -0.0961560 -0.5942627 0.1724687 -0.7855612 42 66 69 255
-0.3613565 1.7113398 -0.1164230 -0.6833320 -0.2051498 -0.7006932 59 86 101 255
-0.3105822 1.7008899 -0.1400288 0.0018818 0.2292567 -0.9733641 65 93 110 255
0.0248282 1.2368877 -0.3267027 -0.9132999 -0.3365260 -0.2294199 101 146 144 255
0.1068141 1.2853144 -0.3533543 0.3131065 0.4911793 -0.8128390 100 145 141 255
0.0831771 1.1841614 -0.4005922 -0.3051235 0.2613068 -0.9157612 103 147 143 255
0.3191049 1.0056169 -0.0354956 0.5596019 0.2153070 -0.8003054 47 65 85 255
0.2240274 1.0224563 -0.0583562 0.0993598 -0.0775352 -0.9920262 111 82 37 255
0.2927115 1.0575272 -0.0452737 0.5819982 0.0789499 -0.8093485 29 48 63 255
0.2697153 0.8074818 0.1654903 0.6817945 -0.6137355 0.3981014 97 140 136 255
0.2107172 0.8287345 0.0562721 -0.5760752 -0.6659319 0.4739958 82 120 120 255
0.3263092 0.8631196 0.1138850 0.5677039 -0.7518044 0.3354137 84 127 121 255
0.1362724 0.5788858 -0.1504649 -0.9487158 0.2070477 -0.2388921 61 91 109 255
0.2253695 0.8931176 -0.0767409 -0.4977679 0.2820805 -0.8201572 77 61 42 255
0.1838365 0.5558522 -0.1940438 -0.1929148 0.2638729 -0.9450687 61 92 110 255
0.4550512 0.1349620 -0.1146258 0.7288460 0.4635195 -0.5039180 39 39 45 255
0.4236374 0.1800009 -0.1141175 0.2226446 0.1720008 -0.9596068 33 32 34 255
0.4308295 0.2275390 -0.0937976 0.2546162 -0.9564447 -0.1427735 1 1 2 255
-0.0353589 0.1710557 0.2995957 -0.2185060 0.8164688 -0.5344469 96 137 133 255
-0.0753648 0.1273590 0.4054548 0.1044544 0.8393126 0.5335202 93 135 128 255
0.0392079 0.1837172 0.2954017 -0.1397002 0.9327908 0.3322426 182 139 56 255
0.2037594 0.0279403 -0.3043581 -0.1308602 -0.8423018 -0.5228800 103 143 134 255
0.1885622 0.0704212 -0.3084618 -0.4118461 0.6655580 -0.6224271 101 146 142 255
0.2344711 0.0695779 -0.3163284 -0.1024407 0.7567334 -0.6456474 102 146 141 255
-0.4265554 0.8919648 0.2662731 -0.8484583 0.4349142 -0.3016094 102 144 138 255
-0.3111620 1.1343511 0.3157471 -0.7800782 0.2176885 0.5865915 98 145 145 255
-0.3664396 1.0073839 0.2786874 -0.8523690 0.3864006 -0.3523657 98 138 137 255
0.0248282 1.2368877 -0.3267027 -0.8968741 -0.3930923 -0.2027199 66 94 110 255
0.0487580 1.2779912 -0.3645416 -0.5007830 0.1033978 -0.8593749 66 93 110 255
0.1068141 1.2853144 -0.3533543 0.4055961 0.5831416 -0.7038733 67 95 112 255
-0.1879025 0.1181524 0.4422251 -0.2850071 0.8887000 0.3591425 58 88 82 255
-0.1908693 0.0764537 0.4363226 -0.5142574 -0.7187810 0.4678602 92 137 133 255
-0.1430643 0.0732950 0.4613160 -0.2970530 -0.6373103 0.7110522 99 141 137 255
0.0523953 1.2523181 -0.2581173 0.0098078 -0.3437175 0.9390219 98 142 136 255
0.0348070 1.2222249 -0.2753426 -0.6623724 -0.5193831 0.5399113 100 146 144 255
0.1234343 1.1304385 -0.3033699 0.6758549 -0.2551133 0.6914747 183 149 67 255
0.1817317 0.4743875 -0.1893176 -0.3431681 -0.3319234 -0.8786709 61 91 109 255
0.2228308 0.5095306 -0.1922742 0.5053922 0.0276888 -0.8624454 62 92 111 255
0.2030110 0.4109255 -0.1482979 -0.7233409 -0.5605628 -0.4031717 87 23 26 255
-0.3162272 1.1290146 0.2571152 -0.8884625 -0.0539665 -0.4557652 96 142 141 255
-0.3269033 1.2023647 0.2076136 -0.5506455 -0.7117802 -0.4360716 12 16 19 255
-0.2454619 1.0898983 0.2285260 0.7326308 -0.2889274 -0.6162574 158 159 162 255
-0.0355692 1.0689736 0.0449845 -0.8621060 -0.5035334 -0.0568105 63 52 85 255
-0.0127261 1.0340701 0.1385590 -0.7893794 -0.4089012 0.4579083 64 51 89 255
-0.1066279 1.2174867 0.1371807 -0.7824504 -0.5364167 0.3162724 63 53 86 255
0.1234343 1.1304385 -0.3033699 0.6758549 -0.2551133 0.6914747 183 149 67 255
0.0781603 1.3064558 -0.2448894 0.7611583 -0.1387517 0.6335503 74 98 102 255
0.0523953 1.2523181 -0.2581173 0.0098078 -0.3437175 0.9390219 98 142 136 255
-0.0490627 1.4158270 -0.2475072 -0.4602787 0.4080564 -0.7884374 61 92 109 255
0.1068141 1.2853144 -0.3533543 0.4055961 0.5831416 -0.7038733 67 95 112 255
0.0487580 1.2779912 -0.3645416 -0.5007830 0.1033978 -0.8593749 66 93 110 255
-0.2364535 1.8218728 -0.0744830 0.1566999 0.5345698 -0.8304700 66 94 111 255
-0.1370273 1.7726064 -0.0287622 0.8847709 0.4533631 -0.1078999 66 95 111 255
-0.1439624 1.6840170 -0.0904654 0.9601976 0.0097757 -0.2791508 61 90 110 255
0.0444918 1.4155018 -0.2660488 0.1217879 0.5592148 -0.8200284 55 47 79 255
0.1068141 1.2853144 -0.3533543 0.3927564 0.5436648 -0.7417350 62 53 86 255
-0.0490627 1.4158270 -0.2475072 -0.4485119 0.7647693 -0.4625635 64 55 87 255
-0.2196705 0.0771480 0.3814963 -0.3550823 -0.9090775 0.2179324 94 131 129 255
-0.2240272 0.1053895 0.3808061 -0.6419706 0.6650498 0.3815528 98 139 136 255
-0.2506959 0.0719077 0.3326331 -0.7197151 -0.6906571 -0.0707324 90 139 133 255
0.3305078 1.0749594 0.1766752 0.8376155 0.3806876 0.3917617 65 55 87 255
0.2678955 1.0157909 0.2285112 0.5576421 0.0058869 0.8300605 63 53 87 255
0.3248873 1.0549838 0.1452752 0.8799338 0.1970957 0.4322844 66 55 87 255
-0.2200656 1.6475905 0.1284961 0.6835866 -0.1218640 0.7196238 99 110 110 255
-0.1837175 1.7897458 0.0855097 0.5040680 0.4906325 0.7107708 56 52 51 255
-0.2891977 1.6729027 0.1257361 -0.2339117 0.0346182 0.9716414 101 146 143 255
-0.2274241 0.1238548 0.4062003 -0.4560852 0.8786817 0.1410842 91 131 128 255
-0.1291218 0.1205754 0.3351275 -0.2840560 0.7354775 -0.6151299 94 141 135 255
-0.2240272 0.1053895 0.3808061 -0.6419706 0.6650498 0.3815528 98 139 136 255
0.1068141 1.2853144 -0.3533543 0.3927564 0.5436648 -0.7417350 62 53 86 255
0.1416891 1.2745397 -0.2630848 0.9821481 0.1352324 0.1307573 57 47 84 255
0.1126173 1.2779858 -0.2986668 -0.7591521 -0.5344210 -0.3715944 60 51 86 255
-0.3749161 0.8068959 0.2806350 0.9585900 0.0112910 -0.2845660 27 38 46 255
-0.4024479 0.7308097 0.3032142 -0.4196581 -0.2580335 0.8702332 102 144 138 255
-0.3374598 0.6942583 0.2899441 0.9048579 0.3872433 0.1768472 97 141 139 255
-0.4014425 0.8557260 0.3295254 -0.4920641 -0.0959060 0.8652601 96 136 132 255
-0.2620630 1.0106240 0.2917286 0.8567803 -0.5082160 -0.0874301 180 184 189 255
-0.2585545 1.0982756 0.3329743 0.5862837 -0.0385351 0.8091889 174 178 185 255
-0.4216008 0.6568545 0.1417745 0.7356623 0.6117435 -0.2908106 54 74 74 255
-0.4011936 0.6649738 0.1676847 0.7004859 0.3616267 -0.6152606 100 142 139 255
-0.3747573 0.6137387 0.1601766 0.8054160 0.0795484 0.5873475 62 61 63 255
-0.1908693 0.0764537 0.4363226 -0.5142574 -0.7187810 0.4678602 92 137 133 255
-0.2196705 0.0771480 0.3814963 -0.3550723 -0.9090862 0.2179125 98 138 133 255
-0.1336381 0.0621931 0.3972164 -0.1384043 -0.9826241 0.1236693 99 143 137 255
-0.1908693 0.0764537 0.4363226 -0.5142574 -0.7187810 0.4678602 92 137 133 255
-0.1336381 0.0621931 0.3972164 -0.1384043 -0.9826241 0.1236693 99 143 137 255
-0.1430643 0.0732950 0.4613160 -0.2970530 -0.6373103 0.7110522 99 141 137 255
-0.0924327 1.3947623 -0.0577782 -0.9391454 0.0058686 -0.3434697 102 145 141 255
-0.1209326 1.3795482 0.0145377 -0.6153978 -0.3437582 -0.7093067 121 93 51 255
-0.0716422 1.4342297 -0.0464338 -0.5310323 -0.3489880 -0.7721477 104 145 141 255
0.1833076 1.3352225 0.1676427 0.6723793 0.4704521 0.5714727 0 0 0 255
0.2404046 1.0299963 0.2595235 0.3518288 0.2256474 0.9084601 58 47 82 255
0.3305078 1.0749594 0.1766752 0.8271039 0.3892413 0.4054510 59 49 84 255
0.2472715 0.5273085 -0.1365262 0.9988536 0.0134898 0.0459299 64 94 111 255
0.3157837 0.7901003 0.0372392 0.5208443 -0.5198427 0.6771150 62 90 108 255
0.2158313 0.5219657 -0.0812579 0.2956498 -0.1582330 0.9421006 66 94 112 255
-0.3620625 1.6167108 -0.1148380 -0.3412771 -0.0925849 -0.9353919 59 89 106 255
-0.3760498 1.6431519 -0.0961560 -0.5942627 0.1724687 -0.7855612 42 66 69 255
-0.3105822 1.7008899 -0.1400288 0.0018818 0.2292567 -0.9733641 65 93 110 255
-0.2969987 1.0950635 0.2305216 -0.2893348 0.1371364 -0.9473537 113 114 108 255
-0.3162272 1.1290146 0.2571152 -0.8884625 -0.0539665 -0.4557652 96 142 141 255
-0.2454619 1.0898983 0.2285260 0.7326308 -0.2889274 -0.6162574 158 159 162 255
-0.1702523 1.5929417 0.0130750 0.9368367 0.1124628 0.3311933 76 101 94 255
-0.0844905 1.4927003 -0.0577980 -0.3253455 0.7870438 -0.5241304 97 141 135 255
-0.1859426 1.5915938 -0.0838791 0.7316887 -0.3934293 -0.5566372 94 141 136 255
0.1432652 0.9532659 0.2647160 -0.3406198 -0.1136953 0.9333014 57 47 79 255
0.2404046 1.0299963 0.2595235 0.3518288 0.2256474 0.9084601 58 47 82 255
0.0505998 1.2485791 0.2502605 -0.1236494 -0.0411956 0.9914704 64 54 87 255
0.3263092 0.8631196 0.1138850 0.4823473 -0.8102892 0.3328249 60 89 108 255
0.2107172 0.8287345 0.0562721 -0.3577298 -0.6352178 0.6844909 62 93 111 255
0.3157837 0.7901003 0.0372392 0.5208443 -0.5198427 0.6771150 62 90 108 255
0.0851440 1.3766671 -0.1888620 0.4644402 -0.5335219 0.7068591 90 25 24 255
-0.0015240 1.3670341 -0.1936418 -0.1892644 -0.9570690 0.2195398 61 91 108 255
0.0967934 1.2372612 -0.2260457 -0.1390800 -0.4700279 0.8716252 60 48 86 255
-0.4014425 0.8557260 0.3295254 -0.4920641 -0.0959060 0.8652601 96 136 132 255
-0.4265554 0.8919648 0.2662731 -0.7504609 0.4085320 -0.5195286 99 137 133 255
-0.4670234 0.8048982 0.2414073 -0.9388414 -0.0229688 0.3435830 75 108 109 255
-0.2902877 0.6609240 0.2497476 0.2874067 -0.7181642 0.6337489 102 142 139 255
-0.3212264 0.6321476 0.2237781 0.5005331 -0.8111460 0.3025043 99 139 137 255
-0.2691493 0.6785074 0.1721121 0.6736909 -0.7388380 0.0160951 93 136 134 255
0.1126173 1.2779858 -0.2986668 0.9404150 0.0080824 0.3399327 45 44 74 255
0.0781603 1.3064558 -0.2448894 0.7611583 -0.1387517 0.6335503 74 98 102 255
0.1234343 1.1304385 -0.3033699 0.6758549 -0.2551133 0.6914747 183 149 67 255
0.1000183 0.7088728 -0.4026226 0.8915141 0.2995113 0.3398461 96 142 138 255
0.1164298 0.7254225 -0.4609629 0.8303033 0.1466210 -0.5376791 101 144 139 255
0.0884881 0.8280924 -0.4065355 0.6488312 0.0771062 0.7570156 66 95 111 255
0.3015680 1.1385323 -0.0190169 0.5555135 0.0148925 -0.8313742 15 22 22 255
0.3292994 1.1053318 0.0018657 0.8135950 -0.0491477 -0.5793511 40 66 78 255
0.2927115 1.0575272 -0.0452737 0.5819982 0.0789499 -0.8093485 29 48 63 255
-0.1879025 0.1181524 0.4422251 -0.2835320 0.8894994 0.3583303 92 133 129 255
-0.0753648 0.1273590 0.4054548 0.1044544 0.8393126 0.5335202 93 135 128 255
-0.0353589 0.1710557 0.2995957 -0.2185060 0.8164688 -0.5344469 96 137 133 255
-0.3749161 0.8068959 0.2806350 0.9585900 0.0112910 -0.2845660 27 38 46 255
-0.3918574 0.7885224 0.2343332 0.8302835 0.2779058 -0.4831123 27 29 33 255
-0.4265554 0.8919648 0.2662731 -0.8484583 0.4349142 -0.3016094 102 144 138 255
-0.1579599 0.0521907 0.2890631 0.0028664 -0.9946649 0.1031190 96 145 138 255
-0.1336381 0.0621931 0.3972164 -0.1384043 -0.9826241 0.1236693 99 143 137 255
-0.2196705 0.0771480 0.3814963 -0.3550723 -0.9090862 0.2179125 98 138 133 255
-0.3681285 1.5108529 -0.0002047 -0.7514927 -0.0636252 0.6566663 97 141 143 255
-0.3356013 1.5139303 -0.0957340 -0.4824603 0.6932567 -0.5353758 97 144 137 255
-0.3690145 1.4875591 -0.0844775 -0.7515581 0.0719506 -0.6557313 95 140 135 255
-0.2543492 1.8212626 0.0844985 0.3298246 0.6132514 0.7177314 76 115 111 255
-0.2994215 1.8012917 0.0996422 -0.3705750 0.3783693 0.8482400 82 118 115 255
-0.1837175 1.7897458 0.0855097 0.5040680 0.4906325 0.7107708 56 52 51 255
-0.2805903 1.3749767 0.1638826 -0.3252827 0.0069894 -0.9455910 65 92 109 255
-0.3227077 1.3333200 0.1643752 -0.7450972 0.1524837 -0.6492911 66 92 109 255
-0.2966166 1.4088301 0.1820639 -0.6106868 0.7880570 -0.0776402 61 91 110 255
-0.1095932 1.1742480 0.0281845 -0.9149231 -0.3673910 -0.1671510 64 56 87 255
-0.0355692 1.0689736 0.0449845 -0.8124943 -0.5339764 0.2339274 65 55 87 255
-0.1066279 1.2174867 0.1371807 -0.8391930 -0.4432536 0.3150893 64 54 86 255
0.0967934 1.2372612 -0.2260457 -0.1526202 -0.4942456 0.8558204 75 117 110 255
0.0781603 1.3064558 -0.2448894 -0.8638663 -0.3350600 -0.3761246 93 139 133 255
0.1126173 1.2779858 -0.2986668 -0.7540996 -0.5413768 -0.3718128 10 10 12 255
0.1416891 1.2745397 -0.2630848 0.9821481 0.1352324 0.1307573 57 47 84 255
0.0967934 1.2372612 -0.2260457 -0.1503540 -0.4870681 0.8603246 56 47 83 255
0.1126173 1.2779858 -0.2986668 0.9147493 0.0843789 0.3951128 61 90 107 255
0.1072989 0.1593091 0.3292958 0.3159432 0.5456085 0.7762029 99 143 139 255
-0.0753648 0.1273590 0.4054548 0.0786681 0.8502702 0.5204344 100 144 140 255
-0.0991204 0.0713096 0.4691242 0.3868049 0.4502798 0.8047548 102 142 136 255
0.3263092 0.8631196 0.1138850 0.4823473 -0.8102892 0.3328249 60 89 108 255
0.3157837 0.7901003 0.0372392 0.5208443 -0.5198427 0.6771150 62 90 108 255
0.3627710 0.8264524 -0.0102388 0.9624194 -0.1943445 -0.1896819 62 90 108 255
0.0123632 0.1744086 0.2594982 -0.8187224 -0.4600450 -0.3435872 66 94 111 255
0.0391588 0.1835436 0.2953120 -0.8450038 0.3970912 0.3581719 63 91 111 255
-0.0276082 0.3024198 0.2144099 -0.9258147 -0.3708821 -0.0728952 65 93 110 255
0.0967934 1.2372612 -0.2260457 -0.1503540 -0.4870681 0.8603246 56 47 83 255
0.1416891 1.2745397 -0.2630848 0.9821481 0.1352324 0.1307573 57 47 84 255
0.0885751 1.3946486 -0.2322227 0.9450595 0.3250893 -0.0343428 53 46 75 255
0.1416891 1.2745397 -0.2630848 0.9821481 0.1352324 0.1307573 57 47 84 255
0.1068141 1.2853144 -0.3533543 0.3927564 0.5436648 -0.7417350 62 53 86 255
0.0885751 1.3946486 -0.2322227 0.9450595 0.3250893 -0.0343428 53 46 75 255
0.1384616 0.9744842 0.0085961 -0.6418641 -0.5871245 -0.4932499 43 35 42 255
0.1217251 0.9324441 0.0700320 -0.8872848 -0.2523337 -0.3860745 97 77 68 255
0.0972667 0.9664588 0.0840160 -0.7457489 -0.6027516 -0.2838116 42 34 39 255
0.3263092 0.8631196 0.1138850 0.5677039 -0.7518044 0.3354137 84 127 121 255
0.3627710 0.8264524 -0.0102388 0.9996338 -0.0189427 -0.0193245 174 183 188 255
0.3454189 0.9201967 0.1619607 0.8784570 -0.1054517 0.4660400 102 144 138 255
-0.2475762 0.1255574 0.3579866 -0.3720209 0.9255503 0.0704055 97 135 132 255
-0.2506959 0.0719077 0.3326331 -0.7197151 -0.6906571 -0.0707324 90 139 133 255
-0.2240272 0.1053895 0.3808061 -0.6419706 0.6650498 0.3815528 98 139 136 255
0.0346475 0.5168876 0.1889838 0.6318557 0.5875813 0.5054765 65 93 112 255
-0.0862641 0.5408876 0.1903106 -0.5836919 0.1865837 0.7902469 64 93 110 255
0.0948181 0.2151919 0.3171600 0.2496307 0.4123262 0.8761688 61 91 109 255
-0.1539271 1.3466468 0.2192534 -0.0601671 -0.9491231 0.3091041 60 49 83 255
0.0505998 1.2485791 0.2502605 -0.1236494 -0.0411956 0.9914704 64 54 87 255
-0.1997559 1.3659889 0.2635914 0.2996048 0.0228855 0.9537889 54 47 77 255
-0.0276082 0.3024198 0.2144099 -0.9258147 -0.3708821 -0.0728952 65 93 110 255
0.0632977 0.1746235 0.3339008 -0.5922833 0.1053676 0.7988105 60 92 110 255
-0.0862641 0.5408876 0.1903106 -0.5836919 0.1865837 0.7902469 64 93 110 255
-0.2112696 1.1838562 0.2237424 0.9299750 -0.2876478 0.2289219 44 39 62 255
-0.1997559 1.3659889 0.2635914 0.2996048 0.0228855 0.9537889 54 47 77 255
-0.2499707 1.1763944 0.3009928 0.6789127 0.0006729 0.7342187 53 48 77 255
0.3843772 0.1653142 -0.1106488 -0.7251260 0.2890933 -0.6249940 45 62 68 255
0.2228308 0.5095306 -0.1922742 0.4374505 0.1143193 -0.8919462 60 91 108 255
0.4441040 0.1540316 -0.1401151 -0.0296736 -0.1543003 -0.9875783 66 95 112 255
0.3442140 1.0753901 0.0481163 0.9051990 0.0857057 -0.4162565 65 54 87 255
0.3488991 1.0455985 -0.0539120 0.2493579 -0.2415224 0.9378101 65 54 88 255
0.3719594 1.0713100 -0.0195862 0.8672758 0.4082631 -0.2848754 65 54 87 255
-0.2190690 1.3485334 0.1717795 0.0798454 -0.6613817 -0.7457874 66 94 111 255
-0.1626751 1.3375094 0.1316603 -0.8091524 -0.4330751 -0.3971379 62 53 88 255
-0.1066279 1.2174867 0.1371807 -0.8391930 -0.4432536 0.3150893 64 54 86 255
-0.0490627 1.4158270 -0.2475072 -0.4485119 0.7647693 -0.4625635 64 55 87 255
-0.0844905 1.4927003 -0.0577980 -0.0518985 0.8839406 -0.4647102 63 54 86 255
0.0444918 1.4155018 -0.2660488 0.1217879 0.5592148 -0.8200284 55 47 79 255
-0.0738149 1.4215835 -0.1280724 -0.9590889 0.0733835 -0.2734290 65 55 87 255
-0.0844905 1.4927003 -0.0577980 -0.0518985 0.8839406 -0.4647102 63 54 86 255
-0.0490627 1.4158270 -0.2475072 -0.4485119 0.7647693 -0.4625635 64 55 87 255
-0.2310843 1.8499250 -0.0205387 0.5397345 0.8383562 0.0764567 86 137 135 255
-0.2868516 1.8434876 0.0213710 -0.4874460 0.8309042 -0.2683180 86 135 132 255
-0.2438192 1.8740642 0.0010496 -0.5516364 0.2468447 -0.7967215 84 134 131 255
-0.3965931 0.6691631 0.0624388 0.8742102 0.0157654 0.4852917 100 144 140 255
-0.4327044 0.7581500 0.1014725 0.9484317 -0.2442608 0.2020248 77 116 104 255
-0.4462497 0.7240857 0.1501077 0.5968230 -0.2898885 0.7481758 96 133 129 255
-0.3690145 1.4875591 -0.0844775 -0.7515581 0.0719506 -0.6557313 95 140 135 255
-0.3356013 1.5139303 -0.0957340 -0.4824603 0.6932567 -0.5353758 97 144 137 255
-0.2352033 1.4950150 -0.1126505 0.3565037 -0.3974098 -0.8455594 99 140 134 255
0.1970239 1.1692422 -0.1122178 0.4109303 0.1291299 -0.9024753 65 54 88 255
0.3160470 1.0113786 -0.1186832 0.3460865 0.1488331 -0.9263222 65 53 86 255
0.1185477 1.0879415 -0.1146656 -0.1254190 -0.1636785 -0.9785087 31 30 49 255
-0.4462497 0.7240857 0.1501077 0.5968230 -0.2898885 0.7481758 96 133 129 255
-0.4287608 0.6394189 0.0982250 0.2220756 -0.4756782 0.8511243 103 143 141 255
-0.3965931 0.6691631 0.0624388 0.8742102 0.0157654 0.4852917 100 144 140 255
0.4810777 0.0313864 -0.1088628 0.7469334 -0.4569454 -0.4830025 98 140 137 255
0.2824416 0.0301969 -0.3273710 0.6744386 0.1470158 -0.7235461 101 145 140 255
0.4550512 0.1349620 -0.1146258 0.7282488 0.3905378 -0.5631464 101 144 141 255
0.0766256 1.3828478 -0.1604775 0.1222727 -0.2484078 -0.9609074 63 85 101 255
0.1510508 1.4002306 -0.1146194 0.6962777 0.3488187 -0.6273140 55 48 79 255
0.1970239 1.1692422 -0.1122178 0.4109303 0.1291299 -0.9024753 65 54 88 255
0.0433700 1.1507303 -0.0734440 -0.3773715 -0.5332367 -0.7571324 132 94 83 255
0.1211944 1.0455076 -0.0383414 -0.5523250 -0.5828691 -0.5959873 43 42 63 255
0.0096586 1.1354426 -0.0442189 -0.5327587 -0.7670329 -0.3575315 113 146 147 255
0.4387045 0.0000000 -0.0519999 -0.0010617 -0.9861920 0.1656029 87 123 119 255
0.3955076 0.0317828 -0.0130924 -0.2060621 -0.0411997 0.9776713 80 113 107 255
0.3157532 0.0673170 -0.0838369 -0.5607412 -0.0481139 0.8265920 92 138 133 255
0.0391588 0.1835436 0.2953120 -0.6372614 0.7072306 0.3061419 96 143 139 255
0.1072989 0.1593091 0.3292958 0.3159432 0.5456085 0.7762029 99 143 139 255
0.0782044 0.1909890 0.3090793 -0.4324822 0.1681953 0.8858157 102 143 139 255
0.0632977 0.1746235 0.3339008 0.5350928 -0.8163885 -0.2172219 6 7 9 255
0.0782044 0.1909890 0.3090793 0.5733700 -0.7982335 -0.1845811 11 12 14 255
0.0948181 0.2151919 0.3171600 0.1967533 0.4397569 0.8763002 20 19 25 255
-0.3537483 1.3203556 0.2156824 -0.9564816 0.2388906 0.1675532 60 90 109 255
-0.3227077 1.3333200 0.1643752 -0.7450972 0.1524837 -0.6492911 66 92 109 255
-0.3218689 1.1994134 0.3134817 -0.5253305 0.2309207 0.8189650 60 88 106 255
0.0948181 0.2151919 0.3171600 0.1998124 0.4078382 0.8909225 97 140 135 255
0.0782044 0.1909890 0.3090793 -0.4324822 0.1681953 0.8858157 102 143 139 255
0.1072989 0.1593091 0.3292958 0.3159432 0.5456085 0.7762029 99 143 139 255
-0.4463606 0.8265880 0.1986386 0.0099466 0.8384033 -0.5449596 100 146 140 255
-0.3918574 0.7885224 0.2343332 0.7973915 0.2837929 -0.5325677 99 145 140 255
-0.4327044 0.7581500 0.1014725 -0.2241261 0.5074926 -0.8319969 98 144 139 255
-0.3432035 0.6871707 0.2453502 0.5593255 0.3569264 -0.7481701 102 145 140 255
-0.3374598 0.6942583 0.2899441 0.9048285 0.3872790 0.1769186 102 146 142 255
-0.2902877 0.6609240 0.2497476 0.4020578 0.7146834 -0.5723435 103 147 142 255
0.1217251 0.9324441 0.0700320 -0.8872848 -0.2523337 -0.3860745 97 77 68 255
0.1468081 0.9438859 0.0152403 -0.8206382 -0.1758664 -0.5437132 80 61 49 255
0.1389534 0.8698166 0.0438474 -0.8531226 -0.2875062 -0.4353413 41 40 62 255
-0.1209326 1.3795482 0.0145377 -0.6153978 -0.3437582 -0.7093067 121 93 51 255
-0.1482337 1.3637970 0.0585181 -0.8590431 -0.1521703 -0.4887627 102 146 143 255
-0.1249926 1.4189489 0.0763336 -0.8170829 -0.4956909 0.2943912 184 136 58 255
-0.1539271 1.3466468 0.2192534 -0.3000739 -0.9495571 0.0910879 59 49 82 255
-0.2437706 1.1823286 0.1731893 0.5124609 -0.2612795 -0.8179956 65 92 109 255
-0.2190690 1.3485334 0.1717795 0.0798454 -0.6613817 -0.7457874 66 94 111 255
-0.0862641 0.5408876 0.1903106 -0.5836919 0.1865837 0.7902469 64 93 110 255
-0.0397537 0.5477070 0.1683770 0.6160308 0.0776275 0.7838877 65 93 110 255
0.1666951 0.8591265 0.2477213 -0.4262381 0.1415241 0.8934720 64 92 110 255
-0.4236073 1.5846811 -0.0453991 -0.9067962 -0.4213973 -0.0120402 0 0 0 255
-0.4381690 1.6354466 -0.0431765 -0.9065869 0.2415375 0.3460632 45 82 81 255
-0.4290109 1.6347291 -0.0809263 -0.7100276 0.1707389 -0.6831610 1 2 3 255
0.1072989 0.1593091 0.3292958 0.3159432 0.5456085 0.7762029 99 143 139 255
0.1258910 0.2148530 0.2664579 0.9450872 0.3213750 0.0593998 93 135 130 255
0.0948181 0.2151919 0.3171600 0.1998124 0.4078382 0.8909225 97 140 135 255
-0.4670234 0.8048982 0.2414073 -0.9246511 -0.0499533 0.3775247 101 146 140 255
-0.4334109 0.7541282 0.1732501 -0.9446996 -0.2896578 -0.1537558 104 147 143 255
-0.4563031 0.6746161 0.2066561 -0.9363224 -0.2799647 0.2119438 69 92 96 255
0.0096586 1.1354426 -0.0442189 -0.5327587 -0.7670329 -0.3575315 113 146 147 255
-0.0570977 1.1370542 0.0280832 -0.6347740 -0.3476144 -0.6900915 96 145 137 255
-0.0485489 1.1950683 -0.0465158 -0.8713837 -0.3825444 -0.3071650 98 145 138 255
-0.2352033 1.4950150 -0.1126505 0.3127658 -0.2978988 -0.9019057 65 93 111 255
-0.2647264 1.5698440 -0.1087862 0.0188892 -0.1645156 -0.9861936 64 92 110 255
-0.2149208 1.6149721 -0.1160711 0.0323403 -0.1954135 -0.9801875 62 91 109 255
-0.0927241 1.5604709 0.0113190 0.2974893 0.9540045 0.0370869 60 51 85 255
-0.0444865 1.5511551 0.0495199 0.0470235 0.9974132 0.0543665 58 48 84 255
-0.0844905 1.4927003 -0.0577980 -0.2367602 0.8363082 -0.4945028 64 55 88 255
-0.4014425 0.8557260 0.3295254 -0.4920641 -0.0959060 0.8652601 96 136 132 255
-0.3749161 0.8068959 0.2806350 0.9585900 0.0112910 -0.2845660 27 38 46 255
-0.2620630 1.0106240 0.2917286 0.8567803 -0.5082160 -0.0874301 180 184 189 255
0.0581656 1.0581141 -0.0631632 0.2276511 -0.0007192 0.9737425 198 162 80 255
-0.0485489 1.1950683 -0.0465158 -0.8697630 -0.3984664 -0.2910963 10 9 8 255
-0.0289879 1.1387721 -0.0583102 -0.1924892 -0.2648527 0.9448814 110 88 46 255
-0.3255851 1.5982401 0.0700024 -0.3418144 -0.4326188 0.8342686 102 146 142 255
-0.3048151 1.5915661 0.0794011 -0.4507985 -0.3657002 0.8142751 102 146 142 255
-0.2891977 1.6729027 0.1257361 -0.2339600 0.0343380 0.9716397 102 146 143 255
0.1666951 0.8591265 0.2477213 -0.4262381 0.1415241 0.8934720 64 92 110 255
0.0122168 0.7502740 0.1702675 -0.6702823 0.3998780 0.6251554 63 50 82 255
-0.0862641 0.5408876 0.1903106 -0.5836919 0.1865837 0.7902469 64 93 110 255
0.2116382 0.0274279 -0.2257968 -0.0352958 -0.9982114 -0.0482499 102 145 141 255
0.1602776 0.0283506 -0.2752417 -0.3841644 -0.7218611 -0.5756163 105 143 137 255
0.2037594 0.0279403 -0.3043581 -0.1308602 -0.8423018 -0.5228800 103 143 134 255
-0.0716422 1.4342297 -0.0464338 -0.5310323 -0.3489880 -0.7721477 104 145 141 255
-0.1859426 1.5915938 -0.0838791 0.7948931 -0.1432129 -0.5896059 126 138 107 255
-0.0844905 1.4927003 -0.0577980 -0.3019575 0.8019249 -0.5154980 173 133 46 255
0.1602776 0.0283506 -0.2752417 -0.3841644 -0.7218611 -0.5756163 105 143 137 255
0.1885622 0.0704212 -0.3084618 -0.4118461 0.6655580 -0.6224271 101 146 142 255
0.2037594 0.0279403 -0.3043581 -0.1308602 -0.8423018 -0.5228800 103 143 134 255
-0.0485489 1.1950683 -0.0465158 -0.8767182 -0.3826481 -0.2914542 46 11 22 255
-0.0570977 1.1370542 0.0280832 -0.6496357 -0.4075514 -0.6417752 104 147 142 255
-0.1482337 1.3637970 0.0585181 -0.8590431 -0.1521703 -0.4887627 102 146 143 255
0.1089664 0.8698054 0.1828791 -0.8651142 0.4616524 0.1960980 62 90 107 255
0.1666951 0.8591265 0.2477213 -0.2391842 0.1311181 -0.9620805 61 90 109 255
0.1139755 0.9124731 0.1895672 -0.9135587 -0.0830134 0.3981450 18 25 30 255
-0.4463606 0.8265880 0.1986386 0.0099466 0.8384033 -0.5449596 100 146 140 255
-0.4891865 0.7629668 0.1390234 -0.9785516 -0.0085605 -0.2058237 101 145 140 255
-0.4670234 0.8048982 0.2414073 -0.9246511 -0.0499533 0.3775247 101 146 140 255
-0.0485489 1.1950683 -0.0465158 -0.8767182 -0.3826481 -0.2914542 46 11 22 255
-0.1482337 1.3637970 0.0585181 -0.8590431 -0.1521703 -0.4887627 102 146 143 255
-0.1277573 1.3462093 -0.0086676 -0.8647162 -0.1861893 -0.4664755 103 145 141 255
0.0479159 0.4543799 0.1058432 0.6624118 0.0351720 -0.7483138 56 52 86 255
0.1506402 0.1529409 0.2317275 0.7290868 -0.0342717 -0.6835626 63 92 111 255
0.0823522 0.1312403 0.2091213 -0.1416134 -0.3872161 -0.9110484 66 92 109 255
-0.1209326 1.3795482 0.0145377 -0.6153978 -0.3437582 -0.7093067 121 93 51 255
-0.0924327 1.3947623 -0.0577782 -0.9391454 0.0058686 -0.3434697 102 145 141 255
-0.1277573 1.3462093 -0.0086676 -0.8647162 -0.1861893 -0.4664755 103 145 141 255
0.2621806 1.1608315 -0.0481714 0.4472101 -0.0660709 -0.8919852 2 5 7 255
0.2063129 1.0574226 -0.0727078 0.1565550 -0.1333660 -0.9786236 82 60 45 255
0.2068021 1.1252658 -0.0845319 0.0991924 -0.2896078 -0.9519916 101 142 136 255
0.2678955 1.0157909 0.2285112 0.5366215 -0.0104053 0.8437589 64 95 106 255
0.2338672 1.0337418 0.2306107 0.0425783 -0.9348742 -0.3524165 95 138 134 255
0.1419601 1.0067013 0.2315673 -0.4946906 -0.1607675 0.8540697 94 140 135 255
-0.3613565 1.7113398 -0.1164230 -0.6833320 -0.2051498 -0.7006932 59 86 101 255
-0.3671935 1.7441473 -0.1343538 -0.6776063 0.2397077 -0.6952624 62 90 107 255
-0.3105822 1.7008899 -0.1400288 0.0018818 0.2292567 -0.9733641 65 93 110 255
-0.0126181 0.5372072 0.0947860 0.7019951 -0.2627372 -0.6619456 51 44 74 255
0.0346475 0.5168876 0.1889838 0.5993733 0.5730640 0.5588822 160 167 172 255
0.0479159 0.4543799 0.1058432 0.6624118 0.0351720 -0.7483138 56 52 86 255
-0.1702523 1.5929417 0.0130750 0.9368367 0.1124628 0.3311933 76 101 94 255
-0.1859426 1.5915938 -0.0838791 0.7316887 -0.3934293 -0.5566372 94 141 136 255
-0.1399858 1.6847536 0.0804454 0.9497605 -0.1578600 0.2702501 120 23 34 255
-0.3647032 1.5500169 -0.1070858 -0.3726117 -0.3309564 -0.8669651 184 185 187 255
-0.3356013 1.5139303 -0.0957340 -0.4824603 0.6932567 -0.5353758 97 144 137 255
-0.3046257 1.5156742 -0.0762755 -0.8635566 -0.5005257 0.0611893 180 184 186 255
-0.3647032 1.5500169 -0.1070858 -0.3726117 -0.3309564 -0.8669651 184 185 187 255
-0.3046257 1.5156742 -0.0762755 -0.8635566 -0.5005257 0.0611893 180 184 186 255
-0.3514528 1.5930369 -0.0694686 -0.6356429 -0.7252390 0.2645498 182 185 188 255
-0.2274241 0.1238548 0.4062003 -0.4560852 0.8786817 0.1410842 91 131 128 255
-0.0353589 0.1710557 0.2995957 -0.2185060 0.8164688 -0.5344469 96 137 133 255
-0.1291218 0.1205754 0.3351275 -0.2840560 0.7354775 -0.6151299 94 141 135 255
-0.2867367 0.6360511 0.1344918 0.3256310 0.6316981 0.7035068 102 145 142 255
-0.3649650 0.6339968 0.1725432 0.7246264 -0.1084006 0.6805628 101 146 143 255
-0.3789070 0.5901003 0.1805354 0.6433344 -0.1908694 0.7414106 101 145 142 255
-0.1439624 1.6840170 -0.0904654 0.9601976 0.0097757 -0.2791508 61 90 110 255
-0.1758416 1.5901369 -0.1210235 0.8393139 -0.4170991 0.3486841 94 141 136 255
-0.1152508 1.6895655 -0.1309496 0.8463965 0.0406299 0.5310011 59 87 108 255
-0.4290109 1.6347291 -0.0809263 -0.7100276 0.1707389 -0.6831610 1 2 3 255
-0.3760498 1.6431519 -0.0961560 -0.5942627 0.1724687 -0.7855612 42 66 69 255
-0.3620625 1.6167108 -0.1148380 -0.3412771 -0.0925849 -0.9353919 59 89 106 255
-0.0126181 0.5372072 0.0947860 0.7019951 -0.2627372 -0.6619456 51 44 74 255
-0.0397537 0.5477070 0.1683770 0.5245614 0.2690189 0.8077527 175 180 183 255
0.0346475 0.5168876 0.1889838 0.5993733 0.5730640 0.5588822 160 167 172 255
-0.3627536 1.2081098 0.2227334 -0.9811681 0.0410554 -0.1887422 57 86 104 255
-0.3227077 1.3333200 0.1643752 -0.7450972 0.1524837 -0.6492911 66 92 109 255
-0.2893229 1.1865984 0.1520919 -0.0554443 -0.2153673 -0.9749578 64 91 108 255
-0.2579069 1.3877085 0.2623936 -0.3264166 0.4012759 0.8558213 49 46 73 255
-0.3218689 1.1994134 0.3134817 -0.5598808 0.1805377 0.8086653 135 113 64 255
-0.1997559 1.3659889 0.2635914 0.2996048 0.0228855 0.9537889 54 47 77 255
-0.2647264 1.5698440 -0.1087862 0.0188892 -0.1645156 -0.9861936 64 92 110 255
-0.3101506 1.6148957 -0.1385094 0.0451725 -0.2162402 -0.9752946 65 93 110 255
-0.2079108 1.6756603 -0.1206030 0.2041717 0.1313911 -0.9700775 64 93 110 255
-0.3904598 1.6925356 -0.0596839 -0.8736944 0.1597601 -0.4594941 9 6 10 255
-0.3671935 1.7441473 -0.1343538 -0.6776063 0.2397077 -0.6952624 62 90 107 255
-0.3613565 1.7113398 -0.1164230 -0.6833320 -0.2051498 -0.7006932 59 86 101 255
-0.0318131 1.1090330 0.0545386 0.9555196 0.0845277 -0.2825553 101 144 138 255
-0.0349128 1.1123832 0.0981747 0.7497110 0.6617608 0.0024376 103 146 140 255
-0.0261161 1.1023326 0.1211585 0.9590503 0.2322087 -0.1621777 102 145 140 255
-0.0397537 0.5477070 0.1683770 0.3590423 -0.4275920 0.8296106 56 47 80 255
0.2697153 0.8074818 0.1654903 0.6817945 -0.6137355 0.3981014 97 140 136 255
0.2678955 1.0157909 0.2285112 0.3691055 -0.0869455 0.9253116 67 93 88 255
-0.3962431 1.5802136 -0.0985204 -0.6894259 -0.4000456 -0.6038669 58 81 77 255
-0.4236073 1.5846811 -0.0453991 -0.9067962 -0.4213973 -0.0120402 0 0 0 255
-0.4290109 1.6347291 -0.0809263 -0.7100276 0.1707389 -0.6831610 1 2 3 255
-0.0126181 0.5372072 0.0947860 0.6628933 -0.3623832 -0.6551724 55 47 80 255
0.1609030 0.8214289 0.0825821 0.2175986 -0.0360539 -0.9753723 95 142 137 255
0.2697153 0.8074818 0.1654903 0.6817945 -0.6137355 0.3981014 97 140 136 255
-0.3938184 1.5822217 0.0176851 -0.8407912 -0.2518633 0.4792026 0 0 0 255
-0.4381690 1.6354466 -0.0431765 -0.9065869 0.2415375 0.3460632 45 82 81 255
-0.4236073 1.5846811 -0.0453991 -0.9067962 -0.4213973 -0.0120402 0 0 0 255
0.0291917 0.7805168 0.1520311 -0.7272852 0.6335223 -0.2640184 60 49 81 255
0.1189702 0.8479758 0.1109225 -0.6480393 0.3899186 -0.6542237 60 88 106 255
-0.0091858 0.7258301 0.1287812 -0.5963452 0.4471424 -0.6666603 60 49 81 255
-0.4381690 1.6354466 -0.0431765 -0.9065869 0.2415375 0.3460632 45 82 81 255
-0.3962224 1.6766239 -0.0205287 -0.9825244 -0.0629842 0.1751536 7 5 8 255
-0.3904598 1.6925356 -0.0596839 -0.8736944 0.1597601 -0.4594941 9 6 10 255
-0.3681285 1.5108529 -0.0002047 0.2140367 -0.2647381 -0.9402668 164 171 173 255
-0.3617892 1.5798844 -0.0181984 -0.4762856 -0.5937161 -0.6485779 178 184 188 255
-0.3311853 1.5119722 -0.0007290 -0.6699267 -0.4531695 -0.5880779 178 183 188 255
0.1829615 0.9527885 0.2421533 0.1044140 -0.1481660 0.9834350 99 144 141 255
0.1666951 0.8591265 0.2477213 -0.2391842 0.1311181 -0.9620805 61 90 109 255
-0.0397537 0.5477070 0.1683770 0.7654506 -0.2878637 -0.5755172 102 145 140 255
-0.3757262 1.4707662 -0.0127383 -0.9958637 0.0230784 -0.0878801 91 130 133 255
-0.3690145 1.4875591 -0.0844775 -0.7515581 0.0719506 -0.6557313 95 140 135 255
-0.3675542 1.4142381 -0.0294701 -0.3218935 -0.8243397 0.4656701 76 74 68 255
-0.4334109 0.7541282 0.1732501 0.8856177 0.0067238 -0.4643664 15 14 15 255
-0.3791041 0.6777488 0.2229198 0.7858209 0.2486276 -0.5662772 9 9 10 255
-0.4011936 0.6649738 0.1676847 0.7004973 0.3616020 -0.6152620 20 19 18 255
0.1465816 0.4874718 -0.0947069 -0.7907962 -0.2384247 0.5637331 61 90 107 255
0.2107172 0.8287345 0.0562721 -0.4619175 -0.5692647 0.6801249 48 42 69 255
0.1915553 0.8400646 -0.0069619 -0.9994226 0.0134478 -0.0312054 42 41 62 255
-0.3675542 1.4142381 -0.0294701 -0.3218935 -0.8243397 0.4656701 76 74 68 255
-0.3690145 1.4875591 -0.0844775 -0.7515581 0.0719506 -0.6557313 95 140 135 255
-0.3480885 1.4177842 -0.0900089 0.1444211 -0.8109323 -0.5670373 102 142 134 255
0.0649614 1.0394128 0.1996409 -0.5096480 -0.7841494 0.3540745 56 48 81 255
0.0624580 1.0647934 0.1983260 -0.6961390 -0.5452806 0.4669684 58 55 86 255
0.0620232 1.0152436 0.1394478 -0.7544973 -0.6486954 -0.0996387 56 46 80 255
-0.1482337 1.3637970 0.0585181 -0.8590431 -0.1521703 -0.4887627 102 146 143 255
-0.1209326 1.3795482 0.0145377 -0.6153978 -0.3437582 -0.7093067 121 93 51 255
-0.1277573 1.3462093 -0.0086676 -0.8647162 -0.1861893 -0.4664755 103 145 141 255
-0.3356013 1.5139303 -0.0957340 -0.4824603 0.6932567 -0.5353758 97 144 137 255
-0.3681285 1.5108529 -0.0002047 -0.7514927 -0.0636252 0.6566663 97 141 143 255
-0.3311853 1.5119722 -0.0007290 -0.0468266 0.9986429 0.0227917 104 141 141 255
-0.3647032 1.5500169 -0.1070858 0.8212832 -0.3043635 0.4825523 180 185 187 255
-0.3514528 1.5930369 -0.0694686 -0.6356429 -0.7252390 0.2645498 182 185 188 255
-0.3820136 1.5928823 -0.0505859 0.8012028 -0.5746877 0.1667575 179 184 187 255
-0.3441291 0.5957830 0.0818182 0.6565260 0.7495135 0.0848707 170 176 179 255
-0.4216008 0.6568545 0.1417745 0.7356623 0.6117435 -0.2908106 54 74 74 255
-0.3747573 0.6137387 0.1601766 0.8054160 0.0795484 0.5873475 62 61 63 255
-0.3647032 1.5500169 -0.1070858 0.8212832 -0.3043635 0.4825523 180 185 187 255
-0.3820136 1.5928823 -0.0505859 0.8012028 -0.5746877 0.1667575 179 184 187 255
-0.3961229 1.5438142 -0.0244778 -0.3653381 -0.9131305 -0.1808886 129 139 144 255
-0.3961229 1.5438142 -0.0244778 -0.3652105 -0.9131708 -0.1809431 53 75 96 255
-0.3938184 1.5822217 0.0176851 -0.8407912 -0.2518633 0.4792026 0 0 0 255
-0.4236073 1.5846811 -0.0453991 -0.9067962 -0.4213973 -0.0120402 0 0 0 255
0.0948181 0.2151919 0.3171600 0.2142585 0.3962082 0.8928115 103 144 138 255
0.1619675 0.1824420 0.2938858 0.9291534 0.3560680 0.0994457 54 73 77 255
0.0346475 0.5168876 0.1889838 0.5993733 0.5730640 0.5588822 160 167 172 255
0.2158313 0.5219657 -0.0812579 0.2956498 -0.1582330 0.9421006 66 94 112 255
0.3157837 0.7901003 0.0372392 0.5208443 -0.5198427 0.6771150 62 90 108 255
0.2107172 0.8287345 0.0562721 -0.3577298 -0.6352178 0.6844909 62 93 111 255
-0.3962224 1.6766239 -0.0205287 -0.9825244 -0.0629842 0.1751536 7 5 8 255
-0.3938184 1.5822217 0.0176851 -0.8407912 -0.2518633 0.4792026 0 0 0 255
-0.3911920 1.6750911 0.0523511 -0.9783962 -0.1545978 0.1372609 95 145 139 255
-0.3311853 1.5119722 -0.0007290 -0.6699267 -0.4531695 -0.5880779 178 183 188 255
-0.3617892 1.5798844 -0.0181984 -0.4762856 -0.5937161 -0.6485779 178 184 188 255
-0.3046257 1.5156742 -0.0762755 -0.8635566 -0.5005257 0.0611893 180 184 186 255
-0.4216008 0.6568545 0.1417745 -0.8425525 -0.1675331 -0.5118963 98 140 136 255
-0.4563031 0.6746161 0.2066561 -0.9363224 -0.2799647 0.2119438 69 92 96 255
-0.4334109 0.7541282 0.1732501 -0.9446996 -0.2896578 -0.1537558 104 147 143 255
-0.3514528 1.5930369 -0.0694686 -0.6356429 -0.7252390 0.2645498 182 185 188 255
-0.3046257 1.5156742 -0.0762755 -0.8635566 -0.5005257 0.0611893 180 184 186 255
-0.3617892 1.5798844 -0.0181984 -0.4762856 -0.5937161 -0.6485779 178 184 188 255
-0.2112696 1.1838562 0.2237424 0.8998646 -0.3037613 0.3130063 66 94 111 255
-0.2389657 1.1930548 0.2427281 -0.6872103 -0.7264315 -0.0062788 66 94 110 255
-0.2437706 1.1823286 0.1731893 0.5124609 -0.2612795 -0.8179956 65 92 109 255
-0.2994215 1.8012917 0.0996422 -0.3706685 0.3770576 0.8487829 98 142 138 255
-0.3480623 1.8201439 0.0174226 -0.6674384 0.7424942 0.0568166 91 137 131 255
-0.4248211 1.7158764 0.0472633 -0.8677167 0.3335821 0.3684977 72 122 120 255
-0.0349128 1.1123832 0.0981747 -0.2225228 -0.9712263 -0.0848693 87 141 131 255
-0.0191064 1.1069269 0.1168901 -0.7427154 -0.6664787 0.0646532 87 140 133 255
-0.0261161 1.1023326 0.1211585 0.9780794 0.1814505 -0.1021588 78 126 120 255
-0.4024479 0.7308097 0.3032142 -0.4186455 -0.2603183 0.8700405 97 139 133 255
-0.3650711 0.6544761 0.2663561 0.1044203 -0.6259449 0.7728451 100 139 137 255
-0.2902877 0.6609240 0.2497476 0.2874483 -0.7181331 0.6337652 102 142 139 255
0.1211944 1.0455076 -0.0383414 -0.5523250 -0.5828691 -0.5959873 43 42 63 255
0.0433700 1.1507303 -0.0734440 -0.3773715 -0.5332367 -0.7571324 132 94 83 255
0.1109834 1.1233414 -0.0870005 -0.2485370 -0.5362392 -0.8066454 100 143 142 255
-0.3904598 1.6925356 -0.0596839 -0.8736944 0.1597601 -0.4594941 9 6 10 255
-0.3760498 1.6431519 -0.0961560 -0.5942627 0.1724687 -0.7855612 42 66 69 255
-0.4290109 1.6347291 -0.0809263 -0.7100276 0.1707389 -0.6831610 1 2 3 255
-0.0991204 0.0713096 0.4691242 0.4071943 0.4055881 0.8183466 102 145 140 255
-0.0753648 0.1273590 0.4054548 0.0861233 0.8341154 0.5448251 98 142 139 255
-0.1401787 0.1176049 0.4612163 0.1103079 0.6439794 0.7570488 100 142 137 255
-0.0261161 1.1023326 0.1211585 0.9780794 0.1814505 -0.1021588 78 126 120 255
-0.0191064 1.1069269 0.1168901 -0.7427154 -0.6664787 0.0646532 87 140 133 255
-0.0236719 1.1064558 0.1265484 0.9000410 -0.4250888 -0.0960512 78 126 120 255
-0.0236719 1.1064558 0.1265484 0.9145280 -0.3389418 -0.2208102 103 146 140 255
-0.0217965 1.0978789 0.1245753 0.7820005 0.4544684 -0.4265368 103 146 140 255
-0.0261161 1.1023326 0.1211585 0.9590503 0.2322087 -0.1621777 102 145 140 255
-0.0159297 0.7005422 -0.3990673 -0.3577505 -0.1994975 0.9122584 90 135 129 255
-0.0045764 0.7599441 -0.3991679 0.1271849 -0.1948978 0.9725425 97 140 135 255
-0.0102630 0.6804023 -0.4509205 -0.8403734 -0.0584672 -0.5388452 48 39 61 255
-0.3649650 0.6339968 0.1725432 -0.1478772 0.6754980 -0.7223814 19 18 17 255
-0.2867367 0.6360511 0.1344918 0.3256502 0.6315986 0.7035874 102 148 143 255
-0.3128314 0.6360826 0.1086682 -0.5669662 0.6963505 -0.4400515 93 65 22 255
-0.0091858 0.7258301 0.1287812 -0.5390230 0.4222822 -0.7287880 62 55 87 255
0.1189702 0.8479758 0.1109225 -0.6479701 0.4500684 -0.6144697 63 65 85 255
0.1609030 0.8214289 0.0825821 0.2175986 -0.0360539 -0.9753723 95 142 137 255
-0.1372309 0.1130786 0.3890270 -0.0980081 0.9633133 0.2498434 94 135 130 255
-0.1879025 0.1181524 0.4422251 -0.2835320 0.8894994 0.3583303 92 133 129 255
-0.0353589 0.1710557 0.2995957 -0.2185060 0.8164688 -0.5344469 96 137 133 255
-0.3760498 1.6431519 -0.0961560 -0.5942627 0.1724687 -0.7855612 42 66 69 255
-0.3904598 1.6925356 -0.0596839 -0.8736944 0.1597601 -0.4594941 9 6 10 255
-0.3613565 1.7113398 -0.1164230 -0.6833320 -0.2051498 -0.7006932 59 86 101 255
0.2824416 0.0301969 -0.3273710 0.6744386 0.1470158 -0.7235461 101 145 140 255
0.3159885 0.0977697 -0.2228748 0.2024846 0.8195811 -0.5359914 95 140 135 255
0.4550512 0.1349620 -0.1146258 0.7282488 0.3905378 -0.5631464 101 144 141 255
-0.0355692 1.0689736 0.0449845 0.8980922 0.2274764 -0.3764106 3 6 7 255
-0.0217965 1.0978789 0.1245753 0.7820005 0.4544684 -0.4265368 103 146 140 255
0.0154073 1.0694439 0.1652545 0.7937527 0.2733695 -0.5433466 103 146 141 255
-0.2352033 1.4950150 -0.1126505 0.3565037 -0.3974098 -0.8455594 99 140 134 255
-0.3356013 1.5139303 -0.0957340 -0.4824603 0.6932567 -0.5353758 97 144 137 255
-0.3647032 1.5500169 -0.1070858 -0.3726117 -0.3309564 -0.8669651 184 185 187 255
0.1432652 0.9532659 0.2647160 0.5542573 -0.0228465 -0.8320318 102 145 140 255
0.0843687 0.8861903 0.1749991 0.8282207 0.2745062 -0.4885660 102 147 142 255
0.0154073 1.0694439 0.1652545 0.8047264 0.2501792 -0.5383546 103 146 141 255
-0.3620625 1.6167108 -0.1148380 -0.3412771 -0.0925849 -0.9353919 59 89 106 255
-0.3105822 1.7008899 -0.1400288 0.0018818 0.2292567 -0.9733641 65 93 110 255
-0.3101506 1.6148957 -0.1385094 0.0451725 -0.2162402 -0.9752946 65 93 110 255
-0.3647032 1.5500169 -0.1070858 -0.3960775 -0.3473766 -0.8499718 53 74 86 255
-0.3620625 1.6167108 -0.1148380 -0.3412771 -0.0925849 -0.9353919 59 89 106 255
-0.2647264 1.5698440 -0.1087862 0.0188892 -0.1645156 -0.9861936 64 92 110 255
-0.4011936 0.6649738 0.1676847 0.7004973 0.3616020 -0.6152620 20 19 18 255
-0.3791041 0.6777488 0.2229198 0.7858209 0.2486276 -0.5662772 9 9 10 255
-0.3649650 0.6339968 0.1725432 -0.1480865 0.6754491 -0.7223842 19 18 17 255
-0.3105822 1.7008899 -0.1400288 0.0018818 0.2292567 -0.9733641 65 93 110 255
-0.3429823 1.7809980 -0.0978650 -0.3606558 0.7844991 -0.5044685 62 91 107 255
-0.2364535 1.8218728 -0.0744830 0.1566707 0.5345584 -0.8304829 96 142 137 255
0.4678690 0.1979737 -0.1218055 0.7865372 0.4033645 -0.4676070 66 95 112 255
0.3238177 0.4821594 -0.0920655 0.7874497 0.6123763 0.0701322 63 94 112 255
0.4891865 0.1626493 -0.0354632 0.5095661 0.3535739 0.7844284 66 95 111 255
0.3955076 0.0317828 -0.0130924 -0.2060621 -0.0411997 0.9776713 80 113 107 255
0.4705873 0.0722474 -0.0502404 0.7339483 0.0444469 0.6777493 180 182 186 255
0.3778143 0.1185499 -0.0598093 -0.8499641 -0.1387595 0.5082389 89 134 124 255
0.2158313 0.5219657 -0.0812579 0.2956498 -0.1582330 0.9421006 66 94 112 255
0.3238177 0.4821594 -0.0920655 0.7874497 0.6123763 0.0701322 63 94 112 255
0.2472715 0.5273085 -0.1365262 0.9988536 0.0134898 0.0459299 64 94 111 255
0.4705873 0.0722474 -0.0502404 0.7339483 0.0444469 0.6777493 180 182 186 255
0.4387045 0.0000000 -0.0519999 -0.0010617 -0.9861920 0.1656029 87 123 119 255
0.4810777 0.0313864 -0.1088628 0.7469334 -0.4569454 -0.4830025 98 140 137 255
0.1419601 1.0067013 0.2315673 -0.4946906 -0.1607675 0.8540697 94 140 135 255
0.1035807 1.0523009 0.2244934 -0.5687439 -0.5305786 0.6285036 103 144 139 255
0.0824749 0.9782578 0.1328896 -0.8589432 -0.4036293 0.3151191 94 140 135 255
-0.0318131 1.1090330 0.0545386 -0.5987397 -0.7514162 -0.2772804 91 140 137 255
-0.0570977 1.1370542 0.0280832 -0.6347740 -0.3476144 -0.6900915 96 145 137 255
0.0096586 1.1354426 -0.0442189 -0.5327587 -0.7670329 -0.3575315 113 146 147 255
-0.4024479 0.7308097 0.3032142 -0.4196581 -0.2580335 0.8702332 102 144 138 255
-0.2902877 0.6609240 0.2497476 0.2874318 -0.7181407 0.6337641 99 145 142 255
-0.3374598 0.6942583 0.2899441 0.9048579 0.3872433 0.1768472 97 141 139 255
0.2253695 0.8931176 -0.0767409 -0.4977679 0.2820805 -0.8201572 77 61 42 255
0.1915553 0.8400646 -0.0069619 -0.9994226 0.0134478 -0.0312054 42 41 62 255
0.1674728 0.8487437 0.0415941 -0.6898304 -0.6266980 -0.3624687 42 41 62 255
-0.3105822 1.7008899 -0.1400288 0.0018818 0.2292567 -0.9733641 65 93 110 255
-0.2079108 1.6756603 -0.1206030 0.2041717 0.1313911 -0.9700775 64 93 110 255
-0.3101506 1.6148957 -0.1385094 0.0451725 -0.2162402 -0.9752946 65 93 110 255
-0.0159297 0.7005422 -0.3990673 -0.3577471 -0.1995733 0.9122431 48 40 64 255
0.0469985 0.6864786 -0.4176971 -0.2477086 0.2164277 0.9443513 91 133 129 255
0.0854836 0.7031281 -0.4117180 0.0974265 0.0019970 0.9952407 99 140 136 255
0.1164298 0.7254225 -0.4609629 0.8303033 0.1466210 -0.5376791 101 144 139 255
0.0704610 0.8432649 -0.4580640 0.2657071 0.0470491 -0.9629050 65 94 111 255
0.0884881 0.8280924 -0.4065355 0.6488312 0.0771062 0.7570156 66 95 111 255
0.1833076 1.3352225 0.1676427 0.6723793 0.4704521 0.5714727 0 0 0 255
0.2102449 1.3904774 0.0236582 0.8513064 0.5177453 0.0849546 185 149 64 255
0.0532904 1.5088800 0.1081609 0.4061191 0.7706760 0.4910456 54 46 80 255
-0.3781891 1.6957000 0.0859832 -0.4509159 -0.0148828 0.8924424 67 93 103 255
-0.3935287 1.6102720 0.0772458 -0.6022068 -0.3491846 0.7179255 102 146 142 255
-0.3255851 1.5982401 0.0700024 -0.3418144 -0.4326188 0.8342686 102 146 142 255
0.1139755 0.9124731 0.1895672 -0.9135587 -0.0830134 0.3981450 18 25 30 255
0.1829615 0.9527885 0.2421533 0.1044140 -0.1481660 0.9834350 99 144 141 255
0.1419601 1.0067013 0.2315673 -0.4953157 -0.1424346 0.8569567 50 40 54 255
-0.0261161 1.1023326 0.1211585 0.9590503 0.2322087 -0.1621777 102 145 140 255
-0.0355692 1.0689736 0.0449845 0.8980922 0.2274764 -0.3764106 3 6 7 255
-0.0318131 1.1090330 0.0545386 0.9555196 0.0845277 -0.2825553 101 144 138 255
0.3238177 0.4821594 -0.0920655 0.7874497 0.6123763 0.0701322 63 94 112 255
0.2228308 0.5095306 -0.1922742 0.4374505 0.1143193 -0.8919462 60 91 108 255
0.2472715 0.5273085 -0.1365262 0.9988536 0.0134898 0.0459299 64 94 111 255
0.1583860 1.0484798 0.2470194 0.0060183 -0.1827475 -0.9831415 99 143 141 255
0.2338672 1.0337418 0.2306107 0.0425783 -0.9348742 -0.3524165 95 138 134 255
0.1432652 0.9532659 0.2647160 0.5792529 -0.0156954 -0.8149968 96 134 129 255
0.1583860 1.0484798 0.2470194 -0.0798607 -0.3179584 0.9447353 92 138 132 255
0.1419601 1.0067013 0.2315673 -0.4946906 -0.1607675 0.8540697 94 140 135 255
0.2338672 1.0337418 0.2306107 0.0425783 -0.9348742 -0.3524165 95 138 134 255
0.1510508 1.4002306 -0.1146194 0.7381032 0.2810161 -0.6133788 56 48 82 255
0.0943313 1.4995533 -0.1001593 0.5085570 0.8252110 -0.2457571 47 41 67 255
0.2102449 1.3904774 0.0236582 0.8513064 0.5177453 0.0849546 185 149 64 255
-0.3918574 0.7885224 0.2343332 0.8302835 0.2779058 -0.4831123 27 29 33 255
-0.3749161 0.8068959 0.2806350 0.9585900 0.0112910 -0.2845660 27 38 46 255
-0.3374598 0.6942583 0.2899441 0.9048579 0.3872433 0.1768472 97 141 139 255
-0.4563031 0.6746161 0.2066561 -0.9363224 -0.2799647 0.2119438 69 92 96 255
-0.4024479 0.7308097 0.3032142 -0.4186455 -0.2603183 0.8700405 97 139 133 255
-0.4670234 0.8048982 0.2414073 -0.9246511 -0.0499533 0.3775247 101 146 140 255
0.1829615 0.9527885 0.2421533 0.1044140 -0.1481660 0.9834350 99 144 141 255
0.1139755 0.9124731 0.1895672 -0.9135587 -0.0830134 0.3981450 18 25 30 255
0.1666951 0.8591265 0.2477213 -0.2391842 0.1311181 -0.9620805 61 90 109 255
-0.0544333 1.3701186 -0.1214517 -0.7409500 -0.4532679 -0.4955212 63 52 85 255
-0.0975676 1.4039677 -0.0772065 -0.9239905 -0.1639892 -0.3454692 65 54 86 255
-0.0492125 1.3759068 -0.2081550 -0.7567049 -0.6142644 -0.2237792 64 53 84 255
0.2240274 1.0224563 -0.0583562 0.0993598 -0.0775352 -0.9920262 111 82 37 255
0.2063129 1.0574226 -0.0727078 0.1565550 -0.1333660 -0.9786236 82 60 45 255
0.2927115 1.0575272 -0.0452737 0.5819982 0.0789499 -0.8093485 29 48 63 255
-0.3681285 1.5108529 -0.0002047 -0.7215284 -0.0887749 0.6866702 101 147 141 255
-0.3048151 1.5915661 0.0794011 -0.4507985 -0.3657002 0.8142751 102 146 142 255
-0.3255851 1.5982401 0.0700024 -0.3418144 -0.4326188 0.8342686 102 146 142 255
-0.3791041 0.6777488 0.2229198 0.7858530 0.2485905 -0.5662490 103 145 137 255
-0.3918574 0.7885224 0.2343332 0.8083981 0.3212633 -0.4932367 102 144 139 255
-0.3432035 0.6871707 0.2453502 0.5593255 0.3569264 -0.7481701 102 145 140 255
0.0150447 1.1396100 -0.0918261 -0.4484352 -0.3259644 -0.8322579 73 85 104 255
0.0581656 1.0581141 -0.0631632 -0.4791450 -0.4214481 -0.7699360 102 146 140 255
-0.0289879 1.1387721 -0.0583102 -0.6197366 -0.3202217 -0.7165087 25 37 36 255
-0.0544333 1.3701186 -0.1214517 -0.7409500 -0.4532679 -0.4955212 63 52 85 255
-0.0492125 1.3759068 -0.2081550 -0.7567049 -0.6142644 -0.2237792 64 53 84 255
0.0004132 1.3175040 -0.1341976 -0.3819527 -0.3519322 -0.8545502 63 51 86 255
-0.1859426 1.5915938 -0.0838791 0.7948931 -0.1432129 -0.5896059 126 138 107 255
-0.0716422 1.4342297 -0.0464338 -0.5310323 -0.3489880 -0.7721477 104 145 141 255
-0.1209326 1.3795482 0.0145377 -0.6153978 -0.3437582 -0.7093067 121 93 51 255
-0.3255851 1.5982401 0.0700024 -0.3418144 -0.4326188 0.8342686 102 146 142 255
-0.2891977 1.6729027 0.1257361 -0.2339600 0.0343380 0.9716397 102 146 143 255
-0.3781891 1.6957000 0.0859832 -0.4509159 -0.0148828 0.8924424 67 93 103 255
-0.2352033 1.4950150 -0.1126505 0.2203879 -0.3211420 -0.9210304 102 144 139 255
-0.2035944 1.4554335 -0.0243400 0.0659034 -0.9977759 0.0099936 101 146 143 255
-0.3480885 1.4177842 -0.0900089 0.0580689 -0.7865317 -0.6148136 99 144 139 255
0.4891865 0.1626493 -0.0354632 -0.4830053 -0.6482890 -0.5885806 58 50 87 255
0.4308295 0.2275390 -0.0937976 0.2611499 -0.9554420 -0.1375914 40 32 65 255
0.4678690 0.1979737 -0.1218055 -0.2979732 -0.8443336 0.4453232 51 42 75 255
-0.3649650 0.6339968 0.1725432 0.7247361 -0.1084486 0.6804385 101 146 143 255
-0.3791041 0.6777488 0.2229198 0.7858685 0.2486002 -0.5662231 100 141 138 255
-0.3877418 0.6467547 0.2254401 0.2217630 -0.9657320 0.1348437 96 136 132 255
0.3778143 0.1185499 -0.0598093 -0.8881258 -0.4089582 0.2097279 62 90 109 255
0.1465816 0.4874718 -0.0947069 -0.7907962 -0.2384247 0.5637331 61 90 107 255
0.2030110 0.4109255 -0.1482979 -0.7233409 -0.5605628 -0.4031717 87 23 26 255
-0.1482337 1.3637970 0.0585181 -0.8367590 -0.1473585 -0.5273707 99 146 140 255
-0.1513505 1.4662455 0.0717329 0.3912866 0.1294286 -0.9111217 101 144 140 255
-0.1249926 1.4189489 0.0763336 0.3912866 0.1294286 -0.9111217 102 144 140 255
-0.2579069 1.3877085 0.2623936 -0.3264166 0.4012759 0.8558213 49 46 73 255
0.0532904 1.5088800 0.1081609 0.4061191 0.7706760 0.4910456 54 46 80 255
-0.0444865 1.5511551 0.0495199 -0.0173183 0.9943804 0.1044411 64 55 86 255
-0.1209326 1.3795482 0.0145377 -0.6153978 -0.3437582 -0.7093067 121 93 51 255
-0.1249926 1.4189489 0.0763336 -0.8170829 -0.4956909 0.2943912 184 136 58 255
-0.2035944 1.4554335 -0.0243400 0.3324158 -0.9431286 -0.0028070 196 159 74 255
0.4705873 0.0722474 -0.0502404 0.7339483 0.0444469 0.6777493 180 182 186 255
0.4123640 0.1337578 -0.0245162 -0.1144775 -0.2323965 0.9658606 81 116 108 255
0.3778143 0.1185499 -0.0598093 -0.8499641 -0.1387595 0.5082389 89 134 124 255
0.2047279 0.0220406 -0.1588832 -0.2634292 -0.9122533 0.3136862 99 143 140 255
0.4387045 0.0000000 -0.0519999 -0.0010617 -0.9861920 0.1656029 87 123 119 255
0.3157532 0.0673170 -0.0838369 -0.5607412 -0.0481139 0.8265920 92 138 133 255
-0.3877418 0.6467547 0.2254401 0.2217630 -0.9657320 0.1348437 96 136 132 255
-0.3791041 0.6777488 0.2229198 0.7858685 0.2486002 -0.5662231 100 141 138 255
-0.3481088 0.6341076 0.1877316 -0.4616889 -0.7527897 -0.4692025 101 145 141 255
-0.3105822 1.7008899 -0.1400288 0.0018818 0.2292567 -0.9733641 65 93 110 255
-0.2364535 1.8218728 -0.0744830 0.1566707 0.5345584 -0.8304829 96 142 137 255
-0.2079108 1.6756603 -0.1206030 0.2041717 0.1313911 -0.9700775 64 93 110 255
0.2030110 0.4109255 -0.1482979 -0.7233409 -0.5605628 -0.4031717 87 23 26 255
0.1465816 0.4874718 -0.0947069 -0.7907962 -0.2384247 0.5637331 61 90 107 255
0.1431201 0.4793813 -0.1539205 -0.8595331 -0.3174189 -0.4005594 62 91 109 255
0.2030110 0.4109255 -0.1482979 -0.7233409 -0.5605628 -0.4031717 87 23 26 255
0.2228308 0.5095306 -0.1922742 0.5053922 0.0276888 -0.8624454 62 92 111 255
0.3651659 0.1687258 -0.1081399 -0.4772897 -0.3900677 -0.7874273 62 90 108 255
0.3719594 1.0713100 -0.0195862 0.8672758 0.4082631 -0.2848754 65 54 87 255
0.2102449 1.3904774 0.0236582 0.8166013 0.5728838 0.0704716 60 50 85 255
0.3305078 1.0749594 0.1766752 0.8376155 0.3806876 0.3917617 65 55 87 255
-0.0924327 1.3947623 -0.0577782 -0.9596206 0.0057381 -0.2812392 65 55 86 255
-0.0844905 1.4927003 -0.0577980 -0.0518985 0.8839406 -0.4647102 63 54 86 255
-0.0975676 1.4039677 -0.0772065 -0.9239905 -0.1639892 -0.3454692 65 54 86 255
0.1431201 0.4793813 -0.1539205 -0.8595331 -0.3174189 -0.4005594 62 91 109 255
0.1838365 0.5558522 -0.1940438 -0.1929148 0.2638729 -0.9450687 61 92 110 255
0.1817317 0.4743875 -0.1893176 -0.3431681 -0.3319234 -0.8786709 61 91 109 255
-0.3481088 0.6341076 0.1877316 0.7363850 0.6763650 -0.0163515 100 144 141 255
-0.3791041 0.6777488 0.2229198 0.7858238 0.2485366 -0.5663130 101 143 140 255
-0.3650711 0.6544761 0.2663561 0.5618228 0.7699669 -0.3024998 101 144 141 255
0.1093235 0.0578112 -0.2190458 -0.7011253 0.4117919 0.5821089 100 142 139 255
0.1269145 0.0779662 -0.2609924 -0.4822166 0.7926697 -0.3730175 101 142 137 255
0.1222384 0.0246927 -0.2485915 -0.4061450 -0.9120060 -0.0573695 102 143 139 255
0.2761338 0.0670746 -0.3242577 0.2782479 0.5580327 -0.7817784 101 146 141 255
0.2703214 0.0220520 -0.2931944 0.0332255 -0.9819266 -0.1863230 100 144 141 255
0.2344711 0.0695779 -0.3163284 -0.1024407 0.7567334 -0.6456474 102 146 141 255
0.1269145 0.0779662 -0.2609924 -0.4822166 0.7926697 -0.3730175 101 142 137 255
0.1602776 0.0283506 -0.2752417 -0.3841644 -0.7218611 -0.5756163 105 143 137 255
0.1222384 0.0246927 -0.2485915 -0.4061450 -0.9120060 -0.0573695 102 143 139 255
0.1269145 0.0779662 -0.2609924 -0.4822325 0.7926695 -0.3729970 85 130 123 255
0.1551549 0.0645619 -0.2716089 -0.1741607 0.8888160 -0.4238800 84 120 117 255
0.1602776 0.0283506 -0.2752417 -0.3841799 -0.7218499 -0.5756201 85 121 118 255
0.2158313 0.5219657 -0.0812579 0.2956498 -0.1582330 0.9421006 66 94 112 255
0.2107172 0.8287345 0.0562721 -0.3577298 -0.6352178 0.6844909 62 93 111 255
0.1465816 0.4874718 -0.0947069 -0.7865327 -0.3294834 0.5223093 59 89 109 255
0.1089664 0.8698054 0.1828791 -0.9903039 0.1025809 0.0936769 44 37 57 255
0.1389534 0.8698166 0.0438474 -0.8531226 -0.2875062 -0.4353413 41 40 62 255
0.1674728 0.8487437 0.0415941 -0.6898304 -0.6266980 -0.3624687 42 41 62 255
-0.4199800 0.6541747 0.2565211 -0.5999600 -0.7039518 0.3801312 99 139 135 255
-0.4011936 0.6649738 0.1676847 -0.7128759 -0.7010698 0.0175791 89 122 113 255
-0.3789070 0.5901003 0.1805354 -0.6662828 -0.4649246 -0.5830199 95 139 135 255
0.2344711 0.0695779 -0.3163284 -0.1024980 0.7567006 -0.6456769 182 183 185 255
0.1885622 0.0704212 -0.3084618 -0.4118656 0.6655476 -0.6224251 91 139 132 255
0.2313068 0.0787967 -0.2462817 -0.1569672 0.9488287 -0.2740169 181 183 187 255
-0.0924327 1.3947623 -0.0577782 -0.9596206 0.0057381 -0.2812392 65 55 86 255
-0.0716422 1.4342297 -0.0464338 -0.5962136 -0.2993232 -0.7449396 65 55 87 255
-0.0844905 1.4927003 -0.0577980 -0.0518985 0.8839406 -0.4647102 63 54 86 255
-0.4188063 0.6108028 0.1652313 0.1315350 -0.4842324 0.8649957 96 139 135 255
-0.3747573 0.6137387 0.1601766 0.8054264 0.0796312 0.5873222 96 141 136 255
-0.4563031 0.6746161 0.2066561 -0.9363224 -0.2799647 0.2119438 69 92 96 255
0.1602776 0.0283506 -0.2752417 -0.3841799 -0.7218499 -0.5756201 85 121 118 255
0.1551549 0.0645619 -0.2716089 -0.1741607 0.8888160 -0.4238800 84 120 117 255
0.1885622 0.0704212 -0.3084618 -0.4118656 0.6655476 -0.6224251 91 139 132 255
-0.2437706 1.1823286 0.1731893 0.5124609 -0.2612795 -0.8179956 65 92 109 255
-0.1539271 1.3466468 0.2192534 -0.3000739 -0.9495571 0.0910879 59 49 82 255
-0.2112696 1.1838562 0.2237424 0.8998646 -0.3037613 0.3130063 66 94 111 255
0.1089664 0.8698054 0.1828791 -0.9903039 0.1025809 0.0936769 44 37 57 255
0.1139755 0.9124731 0.1895672 -0.9175615 -0.0648345 0.3922721 44 39 57 255
0.1389534 0.8698166 0.0438474 -0.8531226 -0.2875062 -0.4353413 41 40 62 255
-0.3125961 0.6052962 0.2212516 0.4855108 0.8469816 0.2165675 101 141 138 255
-0.3481088 0.6341076 0.1877316 0.7363850 0.6763650 -0.0163515 100 144 141 255
-0.3650711 0.6544761 0.2663561 0.5618228 0.7699669 -0.3024998 101 144 141 255
0.2678955 1.0157909 0.2285112 0.6159955 -0.3226618 0.7186369 49 49 66 255
0.1829615 0.9527885 0.2421533 0.1044140 -0.1481660 0.9834350 99 144 141 255
-0.0397537 0.5477070 0.1683770 0.7654506 -0.2878637 -0.5755172 102 145 140 255
-0.0570977 1.1370542 0.0280832 -0.7090610 -0.3886915 -0.5883463 13 14 15 255
-0.0318131 1.1090330 0.0545386 0.9555196 0.0845277 -0.2825553 101 144 138 255
-0.0355692 1.0689736 0.0449845 0.8980922 0.2274764 -0.3764106 3 6 7 255
-0.2149208 1.6149721 -0.1160711 0.0323403 -0.1954135 -0.9801875 62 91 109 255
-0.2647264 1.5698440 -0.1087862 0.0188892 -0.1645156 -0.9861936 64 92 110 255
-0.2079108 1.6756603 -0.1206030 0.2041717 0.1313911 -0.9700775 64 93 110 255
-0.3212264 0.6321476 0.2237781 -0.5277795 0.5919791 -0.6091058 102 147 142 255
-0.3432035 0.6871707 0.2453502 0.5593255 0.3569264 -0.7481701 102 145 140 255
-0.2902877 0.6609240 0.2497476 0.4020578 0.7146834 -0.5723435 103 147 142 255
0.2824416 0.0301969 -0.3273710 0.6744386 0.1470158 -0.7235461 101 145 140 255
0.2761338 0.0670746 -0.3242577 0.2782479 0.5580327 -0.7817784 101 146 141 255
0.3159885 0.0977697 -0.2228748 0.2024846 0.8195811 -0.5359914 95 140 135 255
-0.3938184 1.5822217 0.0176851 -0.8407885 -0.2518565 0.4792109 103 147 143 255
-0.3681285 1.5108529 -0.0002047 -0.7215284 -0.0887749 0.6866702 101 147 141 255
-0.3255851 1.5982401 0.0700024 -0.3418144 -0.4326188 0.8342686 102 146 142 255
-0.3481088 0.6341076 0.1877316 -0.4616889 -0.7527897 -0.4692025 101 145 141 255
-0.3125961 0.6052962 0.2212516 -0.3575723 -0.9310583 -0.0726119 100 143 141 255
-0.3877418 0.6467547 0.2254401 0.2217630 -0.9657320 0.1348437 96 136 132 255
0.2313068 0.0787967 -0.2462817 -0.1569672 0.9488287 -0.2740169 181 183 187 255
0.1885622 0.0704212 -0.3084618 -0.4118656 0.6655476 -0.6224251 91 139 132 255
0.1551549 0.0645619 -0.2716089 -0.1741607 0.8888160 -0.4238800 84 120 117 255
0.3292994 1.1053318 0.0018657 -0.8322947 -0.4885077 0.2620036 64 54 88 255
0.3488991 1.0455985 -0.0539120 -0.3345894 -0.4840180 0.8085645 65 54 88 255
0.3441987 1.0755048 0.0481061 -0.9289346 -0.3646533 0.0640979 65 54 87 255
-0.4199800 0.6541747 0.2565211 -0.5999600 -0.7039518 0.3801312 99 139 135 255
-0.3125961 0.6052962 0.2212516 -0.3575723 -0.9310583 -0.0726119 100 143 141 255
-0.3650711 0.6544761 0.2663561 0.1044203 -0.6259449 0.7728451 100 139 137 255
0.1824853 0.9429053 -0.0255438 -0.6098544 -0.3994629 -0.6844758 75 59 41 255
0.1468081 0.9438859 0.0152403 -0.8206382 -0.1758664 -0.5437132 80 61 49 255
0.1384616 0.9744842 0.0085961 -0.6418641 -0.5871245 -0.4932499 43 35 42 255
0.1114326 0.1988731 0.2200290 -0.6104754 -0.5978110 0.5195590 54 47 79 255
0.1506402 0.1529409 0.2317275 -0.6467463 -0.3533030 0.6759411 51 43 77 255
0.1258910 0.2148530 0.2664579 -0.7182612 -0.6731492 0.1759862 55 47 79 255
0.2678955 1.0157909 0.2285112 0.5576421 0.0058869 0.8300605 63 53 87 255
0.3305078 1.0749594 0.1766752 0.8376155 0.3806876 0.3917617 65 55 87 255
0.2404046 1.0299963 0.2595235 0.3748631 0.1843065 0.9085751 59 44 79 255
0.1551549 0.0645619 -0.2716089 -0.1741607 0.8888160 -0.4238800 84 120 117 255
0.2279599 0.0912765 -0.1967016 -0.3372368 0.9374018 0.0868869 182 184 191 255
0.2313068 0.0787967 -0.2462817 -0.1569672 0.9488287 -0.2740169 181 183 187 255
0.3248873 1.0549838 0.1452752 0.9060366 0.0641598 0.4183076 39 65 62 255
0.3623431 1.0191965 0.0448984 0.9904625 0.1139399 -0.0774706 37 57 52 255
0.3521743 1.0628295 0.0672632 0.9652869 -0.0152620 0.2607458 14 35 46 255
0.0967934 1.2372612 -0.2260457 -0.1390800 -0.4700279 0.8716252 60 48 86 255
-0.0015240 1.3670341 -0.1936418 -0.1892644 -0.9570690 0.2195398 61 91 108 255
0.0348070 1.2222249 -0.2753426 -0.6777725 -0.5046442 0.5347510 51 44 77 255
-0.3218689 1.1994134 0.3134817 -0.5253305 0.2309207 0.8189650 60 88 106 255
-0.3627536 1.2081098 0.2227334 -0.9811681 0.0410554 -0.1887422 57 86 104 255
-0.3432837 1.1903680 0.2780946 -0.7123528 -0.4892570 0.5031711 59 87 106 255
-0.4011936 0.6649738 0.1676847 -0.7128759 -0.7010698 0.0175791 89 122 113 255
-0.4563031 0.6746161 0.2066561 -0.9363224 -0.2799647 0.2119438 69 92 96 255
-0.3747573 0.6137387 0.1601766 0.8054264 0.0796312 0.5873222 96 141 136 255
-0.4287608 0.6394189 0.0982250 0.2220756 -0.4756782 0.8511243 103 143 141 255
-0.4462497 0.7240857 0.1501077 0.5968230 -0.2898885 0.7481758 96 133 129 255
-0.4891865 0.7629668 0.1390234 -0.9785635 -0.0086102 -0.2057657 96 142 139 255
0.2290947 0.4647094 -0.0416399 -0.1001295 0.0973087 0.9902045 67 94 112 255
0.3778143 0.1185499 -0.0598093 -0.8254568 -0.2920396 0.4830465 65 94 111 255
0.4123640 0.1337578 -0.0245162 -0.1117800 -0.0438108 0.9927668 65 95 112 255
0.2313068 0.0787967 -0.2462817 -0.1569672 0.9488287 -0.2740169 181 183 187 255
0.2279599 0.0912765 -0.1967016 -0.3372368 0.9374018 0.0868869 182 184 191 255
0.3843772 0.1653142 -0.1106488 -0.5060152 0.7495478 -0.4267632 74 77 83 255
-0.2196705 0.0771480 0.3814963 -0.3550823 -0.9090775 0.2179324 94 131 129 255
-0.2274241 0.1238548 0.4062003 -0.4560852 0.8786817 0.1410842 91 131 128 255
-0.2240272 0.1053895 0.3808061 -0.6419706 0.6650498 0.3815528 98 139 136 255
0.2091005 0.0592719 -0.1361011 -0.5295572 0.5531890 0.6430794 53 81 76 255
0.3843772 0.1653142 -0.1106488 -0.5060152 0.7495478 -0.4267632 74 77 83 255
0.2279599 0.0912765 -0.1967016 -0.3372368 0.9374018 0.0868869 182 184 191 255
0.0720394 0.6235325 -0.3888522 0.0990914 -0.8764964 -0.4710997 103 144 141 255
0.0469985 0.6864786 -0.4176971 -0.2477559 0.2163064 0.9443668 100 145 142 255
0.0520062 0.6924789 -0.4556330 0.2285814 -0.2663841 -0.9363707 100 145 143 255
0.2047279 0.0220406 -0.1588832 -0.2634292 -0.9122533 0.3136862 99 143 140 255
0.3157532 0.0673170 -0.0838369 -0.5607412 -0.0481139 0.8265920 92 138 133 255
0.2091005 0.0592719 -0.1361011 -0.5421020 0.5397429 0.6440520 99 143 139 255
0.0620232 1.0152436 0.1394478 -0.7544973 -0.6486954 -0.0996387 56 46 80 255
0.0154073 1.0694439 0.1652545 -0.6682398 -0.6995689 0.2530988 104 94 74 255
-0.0191064 1.1069269 0.1168901 -0.7427154 -0.6664787 0.0646532 87 140 133 255
0.0562634 1.1582765 -0.3305033 -0.9118491 -0.3169402 0.2609218 101 147 143 255
0.0248282 1.2368877 -0.3267027 -0.9132999 -0.3365260 -0.2294199 101 146 144 255
0.0831771 1.1841614 -0.4005922 -0.3051235 0.2613068 -0.9157612 103 147 143 255
-0.4216008 0.6568545 0.1417745 0.7356684 0.6117495 -0.2907826 31 26 23 255
-0.4334109 0.7541282 0.1732501 0.8856177 0.0067238 -0.4643664 15 14 15 255
-0.4011936 0.6649738 0.1676847 0.7004973 0.3616020 -0.6152620 20 19 18 255
-0.2208328 1.5355340 0.0612019 -0.0846518 -0.2352368 0.9682447 100 146 142 255
-0.2425005 1.5830543 0.0850726 0.5899738 -0.5659833 0.5758417 99 145 141 255
-0.3048151 1.5915661 0.0794011 -0.4507985 -0.3657002 0.8142751 102 146 142 255
-0.1066279 1.2174867 0.1371807 -0.7824504 -0.5364167 0.3162724 63 53 86 255
0.0321598 1.0949741 0.2266175 -0.5691326 -0.3171265 0.7586296 64 52 89 255
-0.1539271 1.3466468 0.2192534 -0.0601671 -0.9491231 0.3091041 60 49 83 255
-0.1758416 1.5901369 -0.1210235 0.8393139 -0.4170991 0.3486841 94 141 136 255
-0.1439624 1.6840170 -0.0904654 0.9601976 0.0097757 -0.2791508 61 90 110 255
-0.1859426 1.5915938 -0.0838791 0.7316887 -0.3934293 -0.5566372 94 141 136 255
-0.1807458 1.6347159 -0.1330036 -0.2251400 -0.1236909 -0.9664432 58 85 104 255
-0.1806536 1.7153344 -0.1384984 -0.0937052 -0.0437274 -0.9946393 64 93 110 255
-0.1408331 1.6489086 -0.1336523 0.1408422 -0.1316446 -0.9812406 57 85 104 255
0.1736548 1.1226259 -0.0927023 0.1837045 -0.0427960 0.9820495 33 55 73 255
0.1109834 1.1233414 -0.0870005 0.1799310 0.2057869 0.9619130 16 18 20 255
0.0581656 1.0581141 -0.0631632 0.2276511 -0.0007192 0.9737425 198 162 80 255
-0.1152508 1.6895655 -0.1309496 0.8463965 0.0406299 0.5310011 59 87 108 255
-0.1806536 1.7153344 -0.1384984 -0.0580057 0.8154424 0.5759246 61 91 108 255
-0.1439624 1.6840170 -0.0904654 0.9601976 0.0097757 -0.2791508 61 90 110 255
-0.1758416 1.5901369 -0.1210235 0.8393139 -0.4170991 0.3486841 94 141 136 255
-0.1408331 1.6489086 -0.1336523 0.1383071 -0.1304818 -0.9817565 58 87 107 255
-0.1152508 1.6895655 -0.1309496 0.8463965 0.0406299 0.5310011 59 87 108 255
-0.3789070 0.5901003 0.1805354 0.6434376 -0.1909364 0.7413039 101 145 142 255
-0.3877418 0.6467547 0.2254401 0.2217630 -0.9657320 0.1348437 96 136 132 255
-0.4199800 0.6541747 0.2565211 -0.5999600 -0.7039518 0.3801312 99 139 135 255
-0.1807458 1.6347159 -0.1330036 -0.2251400 -0.1236909 -0.9664432 58 85 104 255
-0.1408331 1.6489086 -0.1336523 0.1408422 -0.1316446 -0.9812406 57 85 104 255
-0.1758416 1.5901369 -0.1210235 -0.2875533 -0.5300375 -0.7977301 58 86 104 255
0.1185477 1.0879415 -0.1146656 -0.1254190 -0.1636785 -0.9785087 31 30 49 255
0.0581656 1.0581141 -0.0631632 -0.4791450 -0.4214481 -0.7699360 102 146 140 255
0.0150447 1.1396100 -0.0918261 -0.4484352 -0.3259644 -0.8322579 73 85 104 255
0.4705873 0.0722474 -0.0502404 0.7339526 0.1425258 0.6640781 11 9 10 255
0.4550512 0.1349620 -0.1146258 0.7288460 0.4635195 -0.5039180 39 39 45 255
0.4305367 0.2015731 -0.0381483 0.9217414 0.2785302 0.2698405 8 7 7 255
-0.2149208 1.6149721 -0.1160711 0.0323403 -0.1954135 -0.9801875 62 91 109 255
-0.1807458 1.6347159 -0.1330036 -0.2251400 -0.1236909 -0.9664432 58 85 104 255
-0.1758416 1.5901369 -0.1210235 -0.2875533 -0.5300375 -0.7977301 58 86 104 255
-0.1859426 1.5915938 -0.0838791 0.6545274 -0.3525664 -0.6687980 59 85 104 255
-0.2149208 1.6149721 -0.1160711 0.0323403 -0.1954135 -0.9801875 62 91 109 255
-0.1758416 1.5901369 -0.1210235 -0.2875533 -0.5300375 -0.7977301 58 86 104 255
0.2703214 0.0220520 -0.2931944 0.0332255 -0.9819266 -0.1863230 100 144 141 255
0.2824416 0.0301969 -0.3273710 0.6744386 0.1470158 -0.7235461 101 145 140 255
0.4810777 0.0313864 -0.1088628 0.7469334 -0.4569454 -0.4830025 98 140 137 255
-0.2149208 1.6149721 -0.1160711 0.0323403 -0.1954135 -0.9801875 62 91 109 255
-0.1859426 1.5915938 -0.0838791 0.6545274 -0.3525664 -0.6687980 59 85 104 255
-0.2352033 1.4950150 -0.1126505 0.3127658 -0.2978988 -0.9019057 65 93 111 255
0.4891865 0.1626493 -0.0354632 -0.4830053 -0.6482890 -0.5885806 58 50 87 255
0.4305367 0.2015731 -0.0381483 -0.3361380 -0.5467475 -0.7668628 50 43 73 255
0.4308295 0.2275390 -0.0937976 0.2611499 -0.9554420 -0.1375914 40 32 65 255
0.0620232 1.0152436 0.1394478 -0.7544973 -0.6486954 -0.0996387 56 46 80 255
0.0624580 1.0647934 0.1983260 -0.6961390 -0.5452806 0.4669684 58 55 86 255
0.0154073 1.0694439 0.1652545 -0.6682398 -0.6995689 0.2530988 104 94 74 255
-0.3650711 0.6544761 0.2663561 0.1044296 -0.6259190 0.7728649 102 145 141 255
-0.3791041 0.6777488 0.2229198 0.7858530 0.2485905 -0.5662490 103 145 137 255
-0.3432035 0.6871707 0.2453502 0.5593255 0.3569264 -0.7481701 102 145 140 255
-0.3749161 0.8068959 0.2806350 0.9585900 0.0112910 -0.2845660 27 38 46 255
-0.3325770 1.0265623 0.2481157 0.0701671 -0.1574471 -0.9850315 178 180 184 255
-0.2620630 1.0106240 0.2917286 0.8567803 -0.5082160 -0.0874301 180 184 189 255
-0.2966166 1.4088301 0.1820639 -0.6106868 0.7880570 -0.0776402 61 91 110 255
-0.2579069 1.3877085 0.2623936 -0.1904843 0.2803722 0.9408013 87 121 119 255
-0.1472657 1.4805234 0.1177548 -0.6077297 0.7936109 0.0290902 52 46 76 255
0.1506402 0.1529409 0.2317275 0.7290868 -0.0342717 -0.6835626 63 92 111 255
0.0479159 0.4543799 0.1058432 0.6624118 0.0351720 -0.7483138 56 52 86 255
0.1619675 0.1824420 0.2938858 0.9291534 0.3560680 0.0994457 54 73 77 255
0.3651659 0.1687258 -0.1081399 -0.4772897 -0.3900677 -0.7874273 62 90 108 255
0.2228308 0.5095306 -0.1922742 0.5053922 0.0276888 -0.8624454 62 92 111 255
0.3843772 0.1653142 -0.1106488 -0.6800141 0.3990518 -0.6150921 62 89 107 255
0.4441040 0.1540316 -0.1401151 0.3235479 -0.5297545 0.7840134 47 38 71 255
0.4236374 0.1800009 -0.1141175 0.3025956 -0.5090095 0.8058196 40 32 65 255
0.3843772 0.1653142 -0.1106488 0.2786795 -0.5608479 0.7796071 40 32 65 255
0.1217937 0.1343404 0.2450763 0.6580942 0.0059043 -0.7529124 56 48 79 255
0.1045458 0.0509764 0.2300156 0.2306779 -0.3852926 -0.8934973 48 38 67 255
0.0444212 0.1291009 0.2532271 -0.3905923 0.0935604 -0.9157969 54 46 79 255
0.4441040 0.1540316 -0.1401151 -0.0296736 -0.1543003 -0.9875783 66 95 112 255
0.2228308 0.5095306 -0.1922742 0.4374505 0.1143193 -0.8919462 60 91 108 255
0.4678690 0.1979737 -0.1218055 0.7865372 0.4033645 -0.4676070 66 95 112 255
-0.2805903 1.3749767 0.1638826 -0.3252827 0.0069894 -0.9455910 65 92 109 255
-0.1661263 1.3757291 0.1014632 -0.8225271 -0.0716741 -0.5641916 47 47 64 255
-0.1626751 1.3375094 0.1316603 -0.8091524 -0.4330751 -0.3971379 62 53 88 255
-0.1702523 1.5929417 0.0130750 0.8755500 0.3406472 0.3425956 57 50 82 255
-0.0927241 1.5604709 0.0113190 0.2974893 0.9540045 0.0370869 60 51 85 255
-0.0844905 1.4927003 -0.0577980 -0.2367602 0.8363082 -0.4945028 64 55 88 255
0.1081126 0.1890748 0.2171313 -0.1819834 -0.1117382 0.9769323 53 46 76 255
0.0823522 0.1312403 0.2091213 0.1746679 -0.0551056 0.9830841 101 144 139 255
0.1506402 0.1529409 0.2317275 -0.6467463 -0.3533030 0.6759411 51 43 77 255
-0.2364535 1.8218728 -0.0744830 0.1566707 0.5345584 -0.8304829 96 142 137 255
-0.2305684 1.8564996 -0.0657283 -0.7651389 0.2769976 -0.5812356 92 139 137 255
-0.2098634 1.8320671 -0.1021169 -0.7412890 0.2801915 -0.6099043 95 142 138 255
0.1838365 0.5558522 -0.1940438 -0.1929148 0.2638729 -0.9450687 61 92 110 255
0.2228308 0.5095306 -0.1922742 0.5053922 0.0276888 -0.8624454 62 92 111 255
0.1817317 0.4743875 -0.1893176 -0.3431681 -0.3319234 -0.8786709 61 91 109 255
-0.2364535 1.8218728 -0.0744830 0.1699191 -0.9663721 -0.1930092 100 143 139 255
-0.2098634 1.8320671 -0.1021169 0.1699191 -0.9663721 -0.1930092 102 144 138 255
-0.2095339 1.8233810 -0.0583364 0.7990740 0.5383424 -0.2677092 100 145 140 255
0.2030110 0.4109255 -0.1482979 -0.7233409 -0.5605628 -0.4031717 87 23 26 255
0.1431201 0.4793813 -0.1539205 -0.8595331 -0.3174189 -0.4005594 62 91 109 255
0.1817317 0.4743875 -0.1893176 -0.3431681 -0.3319234 -0.8786709 61 91 109 255
0.0123632 0.1744086 0.2594982 0.6006293 -0.1979984 0.7746233 101 146 142 255
0.0823522 0.1312403 0.2091213 0.1746679 -0.0551056 0.9830841 101 144 139 255
0.0698278 0.1971104 0.2207431 0.4594271 -0.2108428 0.8628280 93 129 130 255
-0.2506959 0.0719077 0.3326331 -0.7197151 -0.6906571 -0.0707324 90 139 133 255
-0.2363894 0.1052232 0.3176764 -0.1966002 0.5330701 -0.8229123 94 128 125 255
-0.1579599 0.0521907 0.2890631 -0.2264316 0.3566055 -0.9064001 104 145 141 255
0.0927005 0.9802983 0.0321916 -0.8533210 -0.3610663 -0.3761311 44 39 63 255
0.0972667 0.9664588 0.0840160 -0.7457489 -0.6027516 -0.2838116 42 34 39 255
0.0824749 0.9782578 0.1328896 -0.8783318 -0.3656128 0.3079943 45 42 64 255
0.3843772 0.1653142 -0.1106488 -0.6800141 0.3990518 -0.6150921 62 89 107 255
0.3778143 0.1185499 -0.0598093 -0.8881258 -0.4089582 0.2097279 62 90 109 255
0.3651659 0.1687258 -0.1081399 -0.4772897 -0.3900677 -0.7874273 62 90 108 255
0.2091005 0.0592719 -0.1361011 -0.5295572 0.5531890 0.6430794 53 81 76 255
0.3157532 0.0673170 -0.0838369 -0.5747710 0.0002645 0.8183143 53 44 72 255
0.3843772 0.1653142 -0.1106488 -0.5060152 0.7495478 -0.4267632 74 77 83 255
-0.3441291 0.5957830 0.0818182 -0.5519454 -0.7528436 -0.3585842 62 88 107 255
-0.4188063 0.6108028 0.1652313 -0.6974199 -0.6015611 -0.3895248 63 91 109 255
-0.4216008 0.6568545 0.1417745 -0.8425525 -0.1675331 -0.5118963 98 140 136 255
0.4705873 0.0722474 -0.0502404 0.7339483 0.0444469 0.6777493 180 182 186 255
0.3955076 0.0317828 -0.0130924 -0.2060621 -0.0411997 0.9776713 80 113 107 255
0.4387045 0.0000000 -0.0519999 -0.0010617 -0.9861920 0.1656029 87 123 119 255
-0.2868516 1.8434876 0.0213710 -0.4874460 0.8309042 -0.2683180 86 135 132 255
-0.2364535 1.8218728 -0.0744830 0.1566707 0.5345584 -0.8304829 96 142 137 255
-0.3429823 1.7809980 -0.0978650 -0.3606558 0.7844991 -0.5044685 62 91 107 255
-0.0127261 1.0340701 0.1385590 -0.7893794 -0.4089012 0.4579083 64 51 89 255
0.1432652 0.9532659 0.2647160 -0.3078425 -0.1118335 0.9448419 57 47 79 255
0.0321598 1.0949741 0.2266175 -0.5691326 -0.3171265 0.7586296 64 52 89 255
0.1432652 0.9532659 0.2647160 -0.6878942 -0.2874271 0.6664738 57 47 79 255
-0.0127261 1.0340701 0.1385590 -0.7930568 -0.4432226 0.4178690 64 51 89 255
0.0843687 0.8861903 0.1749991 -0.8098907 -0.4241194 0.4052157 58 49 82 255
-0.2310843 1.8499250 -0.0205387 0.5397345 0.8383562 0.0764567 86 137 135 255
-0.2538681 1.8405804 -0.0401350 -0.6361532 0.7086207 -0.3052307 92 139 137 255
-0.2868516 1.8434876 0.0213710 -0.4874460 0.8309042 -0.2683180 86 135 132 255
-0.3904598 1.6925356 -0.0596839 -0.8736944 0.1597601 -0.4594941 9 6 10 255
-0.4103336 1.7251363 -0.0427216 -0.8820371 0.4121376 -0.2283705 42 66 67 255
-0.3671935 1.7441473 -0.1343538 -0.6776063 0.2397077 -0.6952624 62 90 107 255
-0.1336381 0.0621931 0.3972164 -0.1384043 -0.9826241 0.1236693 99 143 137 255
-0.1579599 0.0521907 0.2890631 0.0028664 -0.9946649 0.1031190 96 145 138 255
-0.0991204 0.0713096 0.4691242 -0.0072629 -0.9865770 0.1631348 99 145 141 255
-0.3935287 1.6102720 0.0772458 -0.6021880 -0.3492097 0.7179290 102 145 143 255
-0.3911920 1.6750911 0.0523511 -0.9783962 -0.1545978 0.1372609 95 145 139 255
-0.3938184 1.5822217 0.0176851 -0.8407912 -0.2518633 0.4792026 0 0 0 255
-0.2190690 1.3485334 0.1717795 0.0798454 -0.6613817 -0.7457874 66 94 111 255
-0.1066279 1.2174867 0.1371807 -0.8391930 -0.4432536 0.3150893 64 54 86 255
-0.1539271 1.3466468 0.2192534 -0.3000739 -0.9495571 0.0910879 59 49 82 255
-0.3681285 1.5108529 -0.0002047 -0.7215284 -0.0887749 0.6866702 101 147 141 255
-0.2839861 1.4833565 0.0600003 -0.1290476 -0.5494345 0.8255109 102 148 143 255
-0.3048151 1.5915661 0.0794011 -0.4507985 -0.3657002 0.8142751 102 146 142 255
0.0885751 1.3946486 -0.2322227 0.9450595 0.3250893 -0.0343428 53 46 75 255
0.0444918 1.4155018 -0.2660488 0.1217879 0.5592148 -0.8200284 55 47 79 255
0.1510508 1.4002306 -0.1146194 0.7381032 0.2810161 -0.6133788 56 48 82 255
-0.3432035 0.6871707 0.2453502 0.5593255 0.3569264 -0.7481701 102 145 140 255
-0.3918574 0.7885224 0.2343332 0.8083981 0.3212633 -0.4932367 102 144 139 255
-0.3374598 0.6942583 0.2899441 0.9048285 0.3872790 0.1769186 102 146 142 255
0.1432652 0.9532659 0.2647160 0.5542573 -0.0228465 -0.8320318 102 145 140 255
0.0649614 1.0394128 0.1996409 0.4653682 -0.2099873 -0.8598475 98 135 134 255
0.1035807 1.0523009 0.2244934 0.4495216 -0.1796165 -0.8750247 102 143 139 255
-0.4248211 1.7158764 0.0472633 -0.8677167 0.3335821 0.3684977 72 122 120 255
-0.3962224 1.6766239 -0.0205287 -0.9825244 -0.0629842 0.1751536 7 5 8 255
-0.3911920 1.6750911 0.0523511 -0.9783962 -0.1545978 0.1372609 95 145 139 255
-0.1513505 1.4662455 0.0717329 -0.9394150 0.2022881 0.2767290 79 124 119 255
-0.1661263 1.3757291 0.1014632 -0.8225271 -0.0716741 -0.5641916 47 47 64 255
-0.1472657 1.4805234 0.1177548 -0.6077297 0.7936109 0.0290902 52 46 76 255
-0.3935287 1.6102720 0.0772458 -0.6022068 -0.3491846 0.7179255 102 146 142 255
-0.3938184 1.5822217 0.0176851 -0.8407885 -0.2518565 0.4792109 103 147 143 255
-0.3255851 1.5982401 0.0700024 -0.3418144 -0.4326188 0.8342686 102 146 142 255
0.0972667 0.9664588 0.0840160 -0.7457489 -0.6027516 -0.2838116 42 34 39 255
0.1217251 0.9324441 0.0700320 -0.8872848 -0.2523337 -0.3860745 97 77 68 255
0.1109087 0.9271113 0.1139477 -0.9114944 -0.3932971 -0.1203968 49 41 60 255
0.4441040 0.1540316 -0.1401151 0.3235479 -0.5297545 0.7840134 47 38 71 255
0.4678690 0.1979737 -0.1218055 -0.2979732 -0.8443336 0.4453232 51 42 75 255
0.4236374 0.1800009 -0.1141175 0.3025956 -0.5090095 0.8058196 40 32 65 255
0.0649614 1.0394128 0.1996409 -0.5121516 -0.7842429 0.3502340 88 124 120 255
0.0620232 1.0152436 0.1394478 -0.7856765 -0.6103339 -0.1010188 82 126 124 255
0.1035807 1.0523009 0.2244934 -0.5687439 -0.5305786 0.6285036 103 144 139 255
-0.0991204 0.0713096 0.4691242 0.0383333 -0.9808388 0.1910124 100 142 138 255
-0.0072515 0.0637865 0.2741519 -0.1920611 -0.8517050 -0.4875564 102 146 140 255
0.1285086 0.0298895 0.2956046 0.0767977 -0.9938929 0.0792409 98 143 138 255
0.0348070 1.2222249 -0.2753426 -0.6623724 -0.5193831 0.5399113 100 146 144 255
0.0248282 1.2368877 -0.3267027 -0.9132999 -0.3365260 -0.2294199 101 146 144 255
0.0562634 1.1582765 -0.3305033 -0.9118491 -0.3169402 0.2609218 101 147 143 255
-0.3480885 1.4177842 -0.0900089 0.0580689 -0.7865317 -0.6148136 99 144 139 255
-0.2035944 1.4554335 -0.0243400 0.0659034 -0.9977759 0.0099936 101 146 143 255
-0.3675542 1.4142381 -0.0294701 -0.3836534 -0.8000949 0.4611489 101 147 140 255
-0.1806536 1.7153344 -0.1384984 -0.0937052 -0.0437274 -0.9946393 64 93 110 255
-0.1807458 1.6347159 -0.1330036 -0.2251400 -0.1236909 -0.9664432 58 85 104 255
-0.2079108 1.6756603 -0.1206030 0.2041717 0.1313911 -0.9700775 64 93 110 255
0.4678690 0.1979737 -0.1218055 0.7865372 0.4033645 -0.4676070 66 95 112 255
0.2228308 0.5095306 -0.1922742 0.4374505 0.1143193 -0.8919462 60 91 108 255
0.3238177 0.4821594 -0.0920655 0.7874497 0.6123763 0.0701322 63 94 112 255
-0.2839861 1.4833565 0.0600003 -0.1290476 -0.5494345 0.8255109 102 148 143 255
-0.3681285 1.5108529 -0.0002047 -0.7215284 -0.0887749 0.6866702 101 147 141 255
-0.3675542 1.4142381 -0.0294701 -0.3836534 -0.8000949 0.4611489 101 147 140 255
-0.4199800 0.6541747 0.2565211 -0.5999600 -0.7039518 0.3801312 99 139 135 255
-0.3877418 0.6467547 0.2254401 0.2217630 -0.9657320 0.1348437 96 136 132 255
-0.3125961 0.6052962 0.2212516 -0.3575723 -0.9310583 -0.0726119 100 143 141 255
-0.2035944 1.4554335 -0.0243400 0.3324158 -0.9431286 -0.0028070 196 159 74 255
-0.1859426 1.5915938 -0.0838791 0.7948931 -0.1432129 -0.5896059 126 138 107 255
-0.1209326 1.3795482 0.0145377 -0.6153978 -0.3437582 -0.7093067 121 93 51 255
0.2228308 0.5095306 -0.1922742 0.5053922 0.0276888 -0.8624454 62 92 111 255
0.1838365 0.5558522 -0.1940438 -0.1929148 0.2638729 -0.9450687 61 92 110 255
0.3226345 0.9298032 -0.0611922 0.5813316 0.2718167 -0.7669219 58 85 104 255
-0.3781891 1.6957000 0.0859832 -0.4509506 -0.0148275 0.8924257 101 146 143 255
-0.3911920 1.6750911 0.0523511 -0.9783962 -0.1545978 0.1372609 95 145 139 255
-0.3935287 1.6102720 0.0772458 -0.6021880 -0.3492097 0.7179290 102 145 143 255
-0.2630396 1.6190188 0.1381458 -0.7716290 -0.2436539 0.5875555 95 137 133 255
-0.2258310 1.6373226 0.1832029 -0.6895137 -0.2611931 0.6755362 67 93 98 255
-0.2633698 1.6919845 0.1685313 -0.7252179 -0.2675179 0.6344236 82 127 122 255
-0.3789070 0.5901003 0.1805354 0.6434376 -0.1909364 0.7413039 101 145 142 255
-0.3649650 0.6339968 0.1725432 0.7247361 -0.1084486 0.6804385 101 146 143 255
-0.3877418 0.6467547 0.2254401 0.2217630 -0.9657320 0.1348437 96 136 132 255
-0.3911920 1.6750911 0.0523511 -0.9783962 -0.1545978 0.1372609 95 145 139 255
-0.3781891 1.6957000 0.0859832 -0.4509506 -0.0148275 0.8924257 101 146 143 255
-0.4248211 1.7158764 0.0472633 -0.8677167 0.3335821 0.3684977 72 122 120 255
-0.1997559 1.3659889 0.2635914 0.2996048 0.0228855 0.9537889 54 47 77 255
0.0505998 1.2485791 0.2502605 -0.1236494 -0.0411956 0.9914704 64 54 87 255
0.0793869 1.3526180 0.2405370 0.2870470 0.4278426 0.8570616 64 54 85 255
-0.4463606 0.8265880 0.1986386 0.0099466 0.8384033 -0.5449596 100 146 140 255
-0.4265554 0.8919648 0.2662731 -0.8737439 0.2025092 -0.4422236 99 145 140 255
-0.3918574 0.7885224 0.2343332 0.7973915 0.2837929 -0.5325677 99 145 140 255
-0.3128314 0.6360826 0.1086682 0.2993233 -0.9045718 -0.3035713 102 143 140 255
-0.2867367 0.6360511 0.1344918 0.2993233 -0.9045718 -0.3035713 103 143 141 255
-0.3789070 0.5901003 0.1805354 -0.6662101 -0.4649679 -0.5830687 99 144 140 255
0.2325811 0.9567122 -0.0629951 -0.2736959 0.0630388 -0.9597481 56 46 39 255
0.3226345 0.9298032 -0.0611922 0.5813316 0.2718167 -0.7669219 58 85 104 255
0.2253695 0.8931176 -0.0767409 -0.4977679 0.2820805 -0.8201572 77 61 42 255
-0.0276082 0.3024198 0.2144099 -0.9258147 -0.3708821 -0.0728952 65 93 110 255
-0.1213140 0.4955439 0.1507717 -0.9505106 -0.2137402 -0.2254877 64 92 109 255
-0.0700262 0.5502137 0.0840434 -0.5891742 -0.0969810 -0.8021649 52 45 76 255
-0.2839861 1.4833565 0.0600003 -0.1290476 -0.5494345 0.8255109 102 148 143 255
-0.2035944 1.4554335 -0.0243400 0.0659034 -0.9977759 0.0099936 101 146 143 255
-0.2208328 1.5355340 0.0612019 -0.0846518 -0.2352368 0.9682447 100 146 142 255
0.1838365 0.5558522 -0.1940438 -0.1929148 0.2638729 -0.9450687 61 92 110 255
0.1431201 0.4793813 -0.1539205 -0.8595331 -0.3174189 -0.4005594 62 91 109 255
0.1362724 0.5788858 -0.1504649 -0.9487158 0.2070477 -0.2388921 61 91 109 255
-0.0570977 1.1370542 0.0280832 -0.6496357 -0.4075514 -0.6417752 104 147 142 255
-0.1095932 1.1742480 0.0281845 -0.9171095 -0.3557364 -0.1798944 103 146 142 255
-0.1482337 1.3637970 0.0585181 -0.8590431 -0.1521703 -0.4887627 102 146 143 255
0.1389534 0.8698166 0.0438474 -0.8531226 -0.2875062 -0.4353413 41 40 62 255
0.1139755 0.9124731 0.1895672 -0.9175615 -0.0648345 0.3922721 44 39 57 255
0.1109087 0.9271113 0.1139477 -0.9114944 -0.3932971 -0.1203968 49 41 60 255
-0.3212264 0.6321476 0.2237781 -0.5277601 0.5919117 -0.6091877 102 147 142 255
-0.2902877 0.6609240 0.2497476 -0.6736926 0.7388362 -0.0160989 103 147 142 255
-0.2691493 0.6785074 0.1721121 -0.6736926 0.7388362 -0.0160989 114 77 29 255
0.1838365 0.5558522 -0.1940438 -0.1929148 0.2638729 -0.9450687 61 92 110 255
0.2253695 0.8931176 -0.0767409 -0.4977679 0.2820805 -0.8201572 77 61 42 255
0.3226345 0.9298032 -0.0611922 0.5813316 0.2718167 -0.7669219 58 85 104 255
-0.4199800 0.6541747 0.2565211 -0.5999600 -0.7039518 0.3801312 99 139 135 255
-0.3650711 0.6544761 0.2663561 0.1044203 -0.6259449 0.7728451 100 139 137 255
-0.4024479 0.7308097 0.3032142 -0.4186455 -0.2603183 0.8700405 97 139 133 255
-0.1879025 0.1181524 0.4422251 -0.2835320 0.8894994 0.3583303 92 133 129 255
-0.1372309 0.1130786 0.3890270 -0.0980081 0.9633133 0.2498434 94 135 130 255
-0.2274241 0.1238548 0.4062003 -0.4560852 0.8786817 0.1410842 91 131 128 255
0.0096586 1.1354426 -0.0442189 -0.5327587 -0.7670329 -0.3575315 113 146 147 255
0.1211944 1.0455076 -0.0383414 -0.5523250 -0.5828691 -0.5959873 43 42 63 255
-0.0318131 1.1090330 0.0545386 -0.5987397 -0.7514162 -0.2772804 91 140 137 255
0.1674728 0.8487437 0.0415941 -0.6898304 -0.6266980 -0.3624687 42 41 62 255
0.1915553 0.8400646 -0.0069619 -0.9994226 0.0134478 -0.0312054 42 41 62 255
0.2107172 0.8287345 0.0562721 -0.4619175 -0.5692647 0.6801249 48 42 69 255
-0.3789070 0.5901003 0.1805354 -0.6662573 -0.4649798 -0.5830051 56 39 18 255
-0.3649650 0.6339968 0.1725432 -0.1478772 0.6754980 -0.7223814 19 18 17 255
-0.3128314 0.6360826 0.1086682 -0.5669662 0.6963505 -0.4400515 93 65 22 255
-0.0191064 1.1069269 0.1168901 -0.7427154 -0.6664787 0.0646532 87 140 133 255
-0.0318131 1.1090330 0.0545386 -0.5987397 -0.7514162 -0.2772804 91 140 137 255
0.0620232 1.0152436 0.1394478 -0.7544973 -0.6486954 -0.0996387 56 46 80 255
-0.2633698 1.6919845 0.1685313 0.6084335 0.7693124 -0.1948519 101 146 143 255
-0.2200656 1.6475905 0.1284961 0.6835866 -0.1218640 0.7196238 99 110 110 255
-0.2891977 1.6729027 0.1257361 0.3089377 0.7852572 -0.5365897 101 146 144 255
-0.1806536 1.7153344 -0.1384984 -0.0937052 -0.0437274 -0.9946393 64 93 110 255
-0.1152508 1.6895655 -0.1309496 0.1127535 -0.0048992 -0.9936110 58 85 104 255
-0.1408331 1.6489086 -0.1336523 0.1408422 -0.1316446 -0.9812406 57 85 104 255
0.0843687 0.8861903 0.1749991 -0.7900788 -0.4068250 0.4585510 58 49 82 255
-0.0127261 1.0340701 0.1385590 -0.7893794 -0.4089012 0.4579083 64 51 89 255
-0.0355692 1.0689736 0.0449845 -0.8621060 -0.5035334 -0.0568105 63 52 85 255
-0.0700262 0.5502137 0.0840434 -0.5891742 -0.0969810 -0.8021649 52 45 76 255
-0.1213140 0.4955439 0.1507717 -0.9505106 -0.2137402 -0.2254877 64 92 109 255
-0.0484695 0.6728610 0.1388747 -0.8625906 0.5031002 0.0531761 62 50 87 255
-0.3480692 0.6343185 0.1876937 0.2881922 0.8537271 0.4336997 101 144 141 255
-0.3125961 0.6052962 0.2212516 0.4853973 0.8470066 0.2167244 99 141 138 255
-0.2749636 0.6366290 0.1345671 0.2881922 0.8537271 0.4336997 101 141 136 255
-0.0924327 1.3947623 -0.0577782 -0.9596206 0.0057381 -0.2812392 65 55 86 255
-0.0975676 1.4039677 -0.0772065 -0.9239905 -0.1639892 -0.3454692 65 54 86 255
-0.0485489 1.1950683 -0.0465158 -0.8469845 -0.3802593 -0.3715106 57 82 102 255
0.0698278 0.1971104 0.2207431 -0.6835084 -0.2793247 -0.6743841 92 127 128 255
0.1048493 0.1935049 0.2238401 0.3523627 -0.3066385 -0.8842021 52 45 75 255
0.0444212 0.1291009 0.2532271 -0.3905923 0.0935604 -0.9157969 54 46 79 255
-0.2208328 1.5355340 0.0612019 -0.0785410 -0.2405576 0.9674519 55 48 80 255
-0.1513505 1.4662455 0.0717329 -0.8986881 0.1675297 0.4053314 79 124 119 255
-0.1250043 1.5379170 0.0659438 0.0211178 0.5029659 0.8640482 54 47 81 255
-0.1249962 1.4189515 0.0763327 -0.1238323 0.0269545 0.9919371 84 129 124 255
-0.1513846 1.4662500 0.0717536 -0.1238323 0.0269545 0.9919371 119 113 69 255
-0.2208328 1.5355340 0.0612019 0.0406549 -0.1690866 0.9847625 88 130 124 255
-0.4199800 0.6541747 0.2565211 -0.5999600 -0.7039518 0.3801312 99 139 135 255
-0.4563031 0.6746161 0.2066561 -0.9363224 -0.2799647 0.2119438 69 92 96 255
-0.4011936 0.6649738 0.1676847 -0.7128759 -0.7010698 0.0175791 89 122 113 255
-0.2585545 1.0982756 0.3329743 0.5862837 -0.0385351 0.8091889 174 178 185 255
-0.3111620 1.1343511 0.3157471 -0.7049245 0.2834534 0.6501812 180 184 188 255
-0.4014425 0.8557260 0.3295254 -0.4920641 -0.0959060 0.8652601 96 136 132 255
-0.0492125 1.3759068 -0.2081550 -0.9004881 -0.4338259 0.0302700 61 91 109 255
-0.0015240 1.3670341 -0.1936418 -0.1892644 -0.9570690 0.2195398 61 91 108 255
0.0004132 1.3175040 -0.1341976 -0.3583387 -0.4688722 -0.8073118 65 93 111 255
0.0793869 1.3526180 0.2405370 0.2870470 0.4278426 0.8570616 64 54 85 255
0.0505998 1.2485791 0.2502605 -0.1236494 -0.0411956 0.9914704 64 54 87 255
0.2404046 1.0299963 0.2595235 0.3518288 0.2256474 0.9084601 58 47 82 255
0.3454189 0.9201967 0.1619607 0.8784570 -0.1054517 0.4660400 102 144 138 255
0.3627710 0.8264524 -0.0102388 0.9996338 -0.0189427 -0.0193245 174 183 188 255
0.3623431 1.0191965 0.0448984 0.9904625 0.1139399 -0.0774706 37 57 52 255
-0.2208328 1.5355340 0.0612019 -0.0846518 -0.2352368 0.9682447 100 146 142 255
-0.3048151 1.5915661 0.0794011 -0.4507985 -0.3657002 0.8142751 102 146 142 255
-0.2839861 1.4833565 0.0600003 -0.1290476 -0.5494345 0.8255109 102 148 143 255
0.1189702 0.8479758 0.1109225 -0.6479701 0.4500684 -0.6144697 63 65 85 255
0.2107172 0.8287345 0.0562721 -0.5760752 -0.6659319 0.4739958 82 120 120 255
0.1609030 0.8214289 0.0825821 0.2175986 -0.0360539 -0.9753723 95 142 137 255
0.0150447 1.1396100 -0.0918261 -0.4484352 -0.3259644 -0.8322579 73 85 104 255
-0.0289879 1.1387721 -0.0583102 -0.6197366 -0.3202217 -0.7165087 25 37 36 255
0.0004132 1.3175040 -0.1341976 -0.3151637 -0.3513767 -0.8815931 58 87 104 255
-0.2838275 1.6269388 0.1159238 -0.6472363 -0.1473648 0.7479094 100 145 141 255
-0.2630396 1.6190188 0.1381458 -0.7716290 -0.2436539 0.5875555 95 137 133 255
-0.2652669 1.6298696 0.1086985 0.2920983 0.3471269 0.8911687 100 144 142 255
-0.2838275 1.6269388 0.1159238 -0.6472363 -0.1473648 0.7479094 100 145 141 255
-0.2652669 1.6298696 0.1086985 0.2920983 0.3471269 0.8911687 100 144 142 255
-0.2891977 1.6729027 0.1257361 -0.2339600 0.0343380 0.9716397 102 146 143 255
-0.2561612 1.5712443 0.1291753 0.1697684 -0.8442951 0.5082759 102 144 141 255
-0.3048151 1.5915661 0.0794011 -0.4507985 -0.3657002 0.8142751 102 146 142 255
-0.2425005 1.5830543 0.0850726 0.5899738 -0.5659833 0.5758417 99 145 141 255
-0.2561612 1.5712443 0.1291753 0.1803158 -0.8426898 0.5073068 93 128 124 255
-0.2425005 1.5830543 0.0850726 0.6044178 -0.5763405 0.5500099 19 8 8 255
-0.2200656 1.6475905 0.1284961 0.6835866 -0.1218640 0.7196238 99 110 110 255
-0.0844905 1.4927003 -0.0577980 -0.0518985 0.8839406 -0.4647102 63 54 86 255
-0.0738149 1.4215835 -0.1280724 -0.9590889 0.0733835 -0.2734290 65 55 87 255
-0.0975676 1.4039677 -0.0772065 -0.9239905 -0.1639892 -0.3454692 65 54 86 255
-0.1997559 1.3659889 0.2635914 0.2996048 0.0228855 0.9537889 54 47 77 255
0.0793869 1.3526180 0.2405370 0.2870470 0.4278426 0.8570616 64 54 85 255
-0.2579069 1.3877085 0.2623936 -0.3264166 0.4012759 0.8558213 49 46 73 255
-0.2891977 1.6729027 0.1257361 -0.2339600 0.0344588 0.9716353 98 139 135 255
-0.2652669 1.6298696 0.1086985 -0.8858629 -0.4530585 -0.0999246 100 142 138 255
-0.2630396 1.6190188 0.1381458 -0.7716290 -0.2436539 0.5875555 95 137 133 255
-0.2630396 1.6190188 0.1381458 -0.7716290 -0.2436539 0.5875555 95 137 133 255
-0.2838275 1.6269388 0.1159238 -0.6472363 -0.1473648 0.7479094 100 145 141 255
-0.2561612 1.5712443 0.1291753 0.1697684 -0.8442951 0.5082759 102 144 141 255
0.1489177 1.0077528 -0.0419608 -0.4400214 -0.3758232 -0.8155600 43 39 61 255
0.2240274 1.0224563 -0.0583562 0.0993598 -0.0775352 -0.9920262 111 82 37 255
0.2325811 0.9567122 -0.0629951 -0.2736959 0.0630388 -0.9597481 56 46 39 255
-0.2310843 1.8499250 -0.0205387 0.5398353 0.8382913 0.0764545 98 143 139 255
-0.2438192 1.8740642 0.0010496 0.7115139 0.4597583 0.5313852 101 146 142 255
-0.2604733 1.8477297 0.0461339 0.4553487 0.8027105 0.3851147 98 141 138 255
0.1269145 0.0779662 -0.2609924 -0.4822325 0.7926695 -0.3729970 85 130 123 255
0.2279599 0.0912765 -0.1967016 -0.3372368 0.9374018 0.0868869 182 184 191 255
0.1551549 0.0645619 -0.2716089 -0.1741607 0.8888160 -0.4238800 84 120 117 255
-0.3962224 1.6766239 -0.0205287 -0.9825244 -0.0629842 0.1751536 7 5 8 255
-0.4248211 1.7158764 0.0472633 -0.8677167 0.3335821 0.3684977 72 122 120 255
-0.4103336 1.7251363 -0.0427216 -0.8820371 0.4121376 -0.2283705 42 66 67 255
0.0391588 0.1835436 0.2953120 -0.5757059 0.7821680 0.2382770 101 146 141 255
0.0428996 0.2089024 0.2584163 -0.7786475 -0.4774631 -0.4071083 93 136 134 255
0.0698278 0.1971104 0.2207431 -0.6835084 -0.2793247 -0.6743841 92 127 128 255
-0.0492125 1.3759068 -0.2081550 -0.7567049 -0.6142644 -0.2237792 64 53 84 255
-0.0738149 1.4215835 -0.1280724 -0.9590889 0.0733835 -0.2734290 65 55 87 255
-0.0490627 1.4158270 -0.2475072 -0.4485119 0.7647693 -0.4625635 64 55 87 255
0.1185477 1.0879415 -0.1146656 -0.1254190 -0.1636785 -0.9785087 31 30 49 255
0.0004132 1.3175040 -0.1341976 -0.3151637 -0.3513767 -0.8815931 58 87 104 255
0.0766256 1.3828478 -0.1604775 0.1222727 -0.2484078 -0.9609074 63 85 101 255
0.1185477 1.0879415 -0.1146656 -0.1254190 -0.1636785 -0.9785087 31 30 49 255
0.0150447 1.1396100 -0.0918261 -0.4484352 -0.3259644 -0.8322579 73 85 104 255
0.0004132 1.3175040 -0.1341976 -0.3151637 -0.3513767 -0.8815931 58 87 104 255
0.4387045 0.0000000 -0.0519999 -0.0010617 -0.9861920 0.1656029 87 123 119 255
0.2703214 0.0220520 -0.2931944 0.0332255 -0.9819266 -0.1863230 100 144 141 255
0.4810777 0.0313864 -0.1088628 0.7469334 -0.4569454 -0.4830025 98 140 137 255
-0.3111620 1.1343511 0.3157471 -0.7800782 0.2176885 0.5865915 98 145 145 255
-0.3269033 1.2023647 0.2076136 -0.5506455 -0.7117802 -0.4360716 12 16 19 255
-0.3162272 1.1290146 0.2571152 -0.8884625 -0.0539665 -0.4557652 96 142 141 255
-0.4248211 1.7158764 0.0472633 -0.8677167 0.3335821 0.3684977 72 122 120 255
-0.3781891 1.6957000 0.0859832 -0.4509506 -0.0148275 0.8924257 101 146 143 255
-0.2994215 1.8012917 0.0996422 -0.3706685 0.3770576 0.8487829 98 142 138 255
-0.3162272 1.1290146 0.2571152 -0.8884625 -0.0539665 -0.4557652 96 142 141 255
-0.3664396 1.0073839 0.2786874 -0.8523690 0.3864006 -0.3523657 98 138 137 255
-0.3111620 1.1343511 0.3157471 -0.7800782 0.2176885 0.5865915 98 145 145 255
-0.0276082 0.3024198 0.2144099 -0.9258147 -0.3708821 -0.0728952 65 93 110 255
0.0391588 0.1835436 0.2953120 -0.8450038 0.3970912 0.3581719 63 91 111 255
0.0632977 0.1746235 0.3339008 -0.5922833 0.1053676 0.7988105 60 92 110 255
-0.0991204 0.0713096 0.4691242 0.0383333 -0.9808388 0.1910124 100 142 138 255
0.1285086 0.0298895 0.2956046 0.0767977 -0.9938929 0.0792409 98 143 138 255
0.1676369 0.0728338 0.3296529 0.8139099 -0.0535105 0.5785217 103 148 143 255
-0.4248211 1.7158764 0.0472633 -0.8677167 0.3335821 0.3684977 72 122 120 255
-0.3480623 1.8201439 0.0174226 -0.6674384 0.7424942 0.0568166 91 137 131 255
-0.4103336 1.7251363 -0.0427216 -0.8820371 0.4121376 -0.2283705 42 66 67 255
-0.2579069 1.3877085 0.2623936 -0.3264166 0.4012759 0.8558213 49 46 73 255
0.0793869 1.3526180 0.2405370 0.2870470 0.4278426 0.8570616 64 54 85 255
0.0532904 1.5088800 0.1081609 0.4061191 0.7706760 0.4910456 54 46 80 255
0.3454189 0.9201967 0.1619607 0.8784570 -0.1054517 0.4660400 102 144 138 255
0.3248873 1.0549838 0.1452752 0.9060366 0.0641598 0.4183076 39 65 62 255
0.2678955 1.0157909 0.2285112 0.3691055 -0.0869455 0.9253116 67 93 88 255
-0.1661263 1.3757291 0.1014632 -0.8225271 -0.0716741 -0.5641916 47 47 64 255
-0.2966166 1.4088301 0.1820639 -0.6106868 0.7880570 -0.0776402 61 91 110 255
-0.1472657 1.4805234 0.1177548 -0.6077297 0.7936109 0.0290902 52 46 76 255
0.0004132 1.3175040 -0.1341976 -0.3583387 -0.4688722 -0.8073118 65 93 111 255
-0.0015240 1.3670341 -0.1936418 -0.1892644 -0.9570690 0.2195398 61 91 108 255
0.0766256 1.3828478 -0.1604775 0.1064344 -0.6665010 -0.7378672 40 31 45 255
-0.3429823 1.7809980 -0.0978650 -0.3606558 0.7844991 -0.5044685 62 91 107 255
-0.4103336 1.7251363 -0.0427216 -0.8820371 0.4121376 -0.2283705 42 66 67 255
-0.3480623 1.8201439 0.0174226 -0.6674384 0.7424942 0.0568166 91 137 131 255
0.1185477 1.0879415 -0.1146656 -0.1254190 -0.1636785 -0.9785087 31 30 49 255
0.0766256 1.3828478 -0.1604775 0.1222727 -0.2484078 -0.9609074 63 85 101 255
0.1970239 1.1692422 -0.1122178 0.4109303 0.1291299 -0.9024753 65 54 88 255
-0.4462497 0.7240857 0.1501077 0.5968230 -0.2898885 0.7481758 96 133 129 255
-0.4327044 0.7581500 0.1014725 0.9484317 -0.2442608 0.2020248 77 116 104 255
-0.4334109 0.7541282 0.1732501 0.8856238 0.0067420 -0.4643546 89 135 130 255
-0.0753648 0.1273590 0.4054548 0.0786681 0.8502702 0.5204344 100 144 140 255
0.1072989 0.1593091 0.3292958 0.3159432 0.5456085 0.7762029 99 143 139 255
0.0391588 0.1835436 0.2953120 -0.6372614 0.7072306 0.3061419 96 143 139 255
-0.2364535 1.8218728 -0.0744830 0.1566707 0.5345584 -0.8304829 96 142 137 255
-0.2538681 1.8405804 -0.0401350 -0.6361532 0.7086207 -0.3052307 92 139 137 255
-0.2305684 1.8564996 -0.0657283 -0.7651389 0.2769976 -0.5812356 92 139 137 255
-0.3441291 0.5957830 0.0818182 -0.5519454 -0.7528436 -0.3585842 62 88 107 255
-0.3747573 0.6137387 0.1601766 0.8054059 0.0795510 0.5873612 47 80 98 255
-0.4188063 0.6108028 0.1652313 -0.6974199 -0.6015611 -0.3895248 63 91 109 255
-0.2274241 0.1238548 0.4062003 -0.4576799 0.8776945 0.1420624 49 87 80 255
-0.2196705 0.0771480 0.3814963 -0.3550723 -0.9090862 0.2179125 98 138 133 255
-0.1908693 0.0764537 0.4363226 -0.5142574 -0.7187810 0.4678602 92 137 133 255
3 0 1 2
3 3 4 5
3 6 7 8
3 9 10 11
3 12 13 14
3 15 16 17
3 18 19 20
3 21 22 23
3 24 25 26
3 27 28 29
3 30 31 32
3 33 34 35
3 36 37 38
3 39 40 41
3 42 43 44
3 45 46 47
3 48 49 50
3 51 52 53
3 54 55 56
3 57 58 59
3 60 61 62
3 63 64 65
3 66 67 68
3 69 70 71
3 72 73 74
3 75 76 77
3 78 79 80
3 81 82 83
3 84 85 86
3 87 88 89
3 90 91 92
3 93 94 95
3 96 97 98
3 99 100 101
3 102 103 104
3 105 106 107
3 108 109 110
3 111 112 113
3 114 115 116
3 117 118 119
3 120 121 122
3 123 124 125
3 126 127 128
3 129 130 131
3 132 133 134
3 135 136 137
3 138 139 140
3 141 142 143
3 144 145 146
3 147 148 149
3 150 151 152
3 153 154 155
3 156 157 158
3 159 160 161
3 162 163 164
3 165 166 167
3 168 169 170
3 171 172 173
3 174 175 176
3 177 178 179
3 180 181 182
3 183 184 185
3 186 187 188
3 189 190 191
3 192 193 194
3 195 196 197
3 198 199 200
3 201 202 203
3 204 205 206
3 207 208 209
3 210 211 212
3 213 214 215
3 216 217 218
3 219 220 221
3 222 223 224
3 225 226 227
3 228 229 230
3 231 232 233
3 234 235 236
3 237 238 239
3 240 241 242
3 243 244 245
3 246 247 248
3 249 250 251
3 252 253 254
3 255 256 257
3 258 259 260
3 261 262 263
3 264 265 266
3 267 268 269
3 270 271 272
3 273 274 275
3 276 277 278
3 279 280 281
3 282 283 284
3 285 286 287
3 288 289 290
3 291 292 293
3 294 295 296
3 297 298 299
3 300 301 302
3 303 304 305
3 306 307 308
3 309 310 311
3 312 313 314
3 315 316 317
3 318 319 320
3 321 322 323
3 324 325 326
3 327 328 329
3 330 331 332
3 333 334 335
3 336 337 338
3 339 340 341
3 342 343 344
3 345 346 347
3 348 349 350
3 351 352 353
3 354 355 356
3 357 358 359
3 360 361 362
3 363 364 365
3 366 367 368
3 369 370 371
3 372 373 374
3 375 376 377
3 378 379 380
3 381 382 383
3 384 385 386
3 387 388 389
3 390 391 392
3 393 394 395
3 396 397 398
3 399 400 401
3 402 403 404
3 405 406 407
3 408 409 410
3 411 412 413
3 414 415 416
3 417 418 419
3 420 421 422
3 423 424 425
3 426 427 428
3 429 430 431
3 432 433 434
3 435 436 437
3 438 439 440
3 441 442 443
3 444 445 446
3 447 448 449
3 450 451 452
3 453 454 455
3 456 457 458
3 459 460 461
3 462 463 464
3 465 466 467
3 468 469 470
3 471 472 473
3 474 475 476
3 477 478 479
3 480 481 482
3 483 484 485
3 486 487 488
3 489 490 491
3 492 493 494
3 495 496 497
3 498 499 500
3 501 502 503
3 504 505 506
3 507 508 509
3 510 511 512
3 513 514 515
3 516 517 518
3 519 520 521
3 522 523 524
3 525 526 527
3 528 529 530
3 531 532 533
3 534 535 536
3 537 538 539
3 540 541 542
3 543 544 545
3 546 547 548
3 549 550 551
3 552 553 554
3 555 556 557
3 558 559 560
3 561 562 563
3 564 565 566
3 567 568 569
3 570 571 572
3 573 574 575
3 576 577 578
3 579 580 581
3 582 583 584
3 585 586 587
3 588 589 590
3 591 592 593
3 594 595 596
3 597 598 599
3 600 601 602
3 603 604 605
3 606 607 608
3 609 610 611
3 612 613 614
3 615 616 617
3 618 619 620
3 621 622 623
3 624 625 626
3 627 628 629
3 630 631 632
3 633 634 635
3 636 637 638
3 639 640 641
3 642 643 644
3 645 646 647
3 648 649 650
3 651 652 653
3 654 655 656
3 657 658 659
3 660 661 662
3 663 664 665
3 666 667 668
3 669 670 671
3 672 673 674
3 675 676 677
3 678 679 680
3 681 682 683
3 684 685 686
3 687 688 689
3 690 691 692
3 693 694 695
3 696 697 698
3 699 700 701
3 702 703 704
3 705 706 707
3 708 709 710
3 711 712 713
3 714 715 716
3 717 718 719
3 720 721 722
3 723 724 725
3 726 727 728
3 729 730 731
3 732 733 734
3 735 736 737
3 738 739 740
3 741 742 743
3 744 745 746
3 747 748 749
3 750 751 752
3 753 754 755
3 756 757 758
3 759 760 761
3 762 763 764
3 765 766 767
3 768 769 770
3 771 772 773
3 774 775 776
3 777 778 779
3 780 781 782
3 783 784 785
3 786 787 788
3 789 790 791
3 792 793 794
3 795 796 797
3 798 799 800
3 801 802 803
3 804 805 806
3 807 808 809
3 810 811 812
3 813 814 815
3 816 817 818
3 819 820 821
3 822 823 824
3 825 826 827
3 828 829 830
3 831 832 833
3 834 835 836
3 837 838 839
3 840 841 842
3 843 844 845
3 846 847 848
3 849 850 851
3 852 853 854
3 855 856 857
3 858 859 860
3 861 862 863
3 864 865 866
3 867 868 869
3 870 871 872
3 873 874 875
3 876 877 878
3 879 880 881
3 882 883 884
3 885 886 887
3 888 889 890
3 891 892 893
3 894 895 896
3 897 898 899
3 900 901 902
3 903 904 905
3 906 907 908
3 909 910 911
3 912 913 914
3 915 916 917
3 918 919 920
3 921 922 923
3 924 925 926
3 927 928 929
3 930 931 932
3 933 934 935
3 936 937 938
3 939 940 941
3 942 943 944
3 945 946 947
3 948 949 950
3 951 952 953
3 954 955 956
3 957 958 959
3 960 961 962
3 963 964 965
3 966 967 968
3 969 970 971
3 972 973 974
3 975 976 977
3 978 979 980
3 981 982 983
3 984 985 986
3 987 988 989
3 990 991 992
3 993 994 995
3 996 997 998
3 999 1000 1001
3 1002 1003 1004
3 1005 1006 1007
3 1008 1009 1010
3 1011 1012 1013
3 1014 1015 1016
3 1017 1018 1019
3 1020 1021 1022
3 1023 1024 1025
3 1026 1027 1028
3 1029 1030 1031
3 1032 1033 1034
3 1035 1036 1037
3 1038 1039 1040
3 1041 1042 1043
3 1044 1045 1046
3 1047 1048 1049
3 1050 1051 1052
3 1053 1054 1055
3 1056 1057 1058
3 1059 1060 1061
3 1062 1063 1064
3 1065 1066 1067
3 1068 1069 1070
3 1071 1072 1073
3 1074 1075 1076
3 1077 1078 1079
3 1080 1081 1082
3 1083 1084 1085
3 1086 1087 1088
3 1089 1090 1091
3 1092 1093 1094
3 1095 1096 1097
3 1098 1099 1100
3 1101 1102 1103
3 1104 1105 1106
3 1107 1108 1109
3 1110 1111 1112
3 1113 1114 1115
3 1116 1117 1118
3 1119 1120 1121
3 1122 1123 1124
3 1125 1126 1127
3 1128 1129 1130
3 1131 1132 1133
3 1134 1135 1136
3 1137 1138 1139
3 1140 1141 1142
3 1143 1144 1145
3 1146 1147 1148
3 1149 1150 1151
3 1152 1153 1154
3 1155 1156 1157
3 1158 1159 1160
3 1161 1162 1163
3 1164 1165 1166
3 1167 1168 1169
3 1170 1171 1172
3 1173 1174 1175
3 1176 1177 1178
3 1179 1180 1181
3 1182 1183 1184
3 1185 1186 1187
3 1188 1189 1190
3 1191 1192 1193
3 1194 1195 1196
3 1197 1198 1199
3 1200 1201 1202
3 1203 1204 1205
3 1206 1207 1208
3 1209 1210 1211
3 1212 1213 1214
3 1215 1216 1217
3 1218 1219 1220
3 1221 1222 1223
3 1224 1225 1226
3 1227 1228 1229
3 1230 1231 1232
3 1233 1234 1235
3 1236 1237 1238
3 1239 1240 1241
3 1242 1243 1244
3 1245 1246 1247
3 1248 1249 1250
3 1251 1252 1253
3 1254 1255 1256
3 1257 1258 1259
3 1260 1261 1262
3 1263 1264 1265
3 1266 1267 1268
3 1269 1270 1271
3 1272 1273 1274
3 1275 1276 1277
3 1278 1279 1280
3 1281 1282 1283
3 1284 1285 1286
3 1287 1288 1289
3 1290 1291 1292
3 1293 1294 1295
3 1296 1297 1298
3 1299 1300 1301
3 1302 1303 1304
3 1305 1306 1307
3 1308 1309 1310
3 1311 1312 1313
3 1314 1315 1316
3 1317 1318 1319
3 1320 1321 1322
3 1323 1324 1325
3 1326 1327 1328
3 1329 1330 1331
3 1332 1333 1334
3 1335 1336 1337
3 1338 1339 1340
3 1341 1342 1343
3 1344 1345 1346
3 1347 1348 1349
3 1350 1351 1352
3 1353 1354 1355
3 1356 1357 1358
3 1359 1360 1361
3 1362 1363 1364
3 1365 1366 1367
3 1368 1369 1370
3 1371 1372 1373
3 1374 1375 1376
3 1377 1378 1379
3 1380 1381 1382
3 1383 1384 1385
3 1386 1387 1388
3 1389 1390 1391
3 1392 1393 1394
3 1395 1396 1397
3 1398 1399 1400
3 1401 1402 1403
3 1404 1405 1406
3 1407 1408 1409
3 1410 1411 1412
3 1413 1414 1415
3 1416 1417 1418
3 1419 1420 1421
3 1422 1423 1424
3 1425 1426 1427
3 1428 1429 1430
3 1431 1432 1433
3 1434 1435 1436
3 1437 1438 1439
3 1440 1441 1442
3 1443 1444 1445
3 1446 1447 1448
3 1449 1450 1451
3 1452 1453 1454
3 1455 1456 1457
3 1458 1459 1460
3 1461 1462 1463
3 1464 1465 1466
3 1467 1468 1469
3 1470 1471 1472
3 1473 1474 1475
3 1476 1477 1478
3 1479 1480 1481
3 1482 1483 1484
3 1485 1486 1487
3 1488 1489 1490
3 1491 1492 1493
3 1494 1495 1496
3 1497 1498 1499
3 1500 1501 1502
3 1503 1504 1505
3 1506 1507 1508
3 1509 1510 1511
3 1512 1513 1514
3 1515 1516 1517
3 1518 1519 1520
3 1521 1522 1523
3 1524 1525 1526
3 1527 1528 1529
3 1530 1531 1532
3 1533 1534 1535
3 1536 1537 1538
3 1539 1540 1541
3 1542 1543 1544
3 1545 1546 1547
3 1548 1549 1550
3 1551 1552 1553
3 1554 1555 1556
3 1557 1558 1559
3 1560 1561 1562
3 1563 1564 1565
3 1566 1567 1568
3 1569 1570 1571
3 1572 1573 1574
3 1575 1576 1577
3 1578 1579 1580
3 1581 1582 1583
3 1584 1585 1586
3 1587 1588 1589
3 1590 1591 1592
3 1593 1594 1595
3 1596 1597 1598
3 1599 1600 1601
3 1602 1603 1604
3 1605 1606 1607
3 1608 1609 1610
3 1611 1612 1613
3 1614 1615 1616
3 1617 1618 1619
3 1620 1621 1622
3 1623 1624 1625
3 1626 1627 1628
3 1629 1630 1631
3 1632 1633 1634
3 1635 1636 1637
3 1638 1639 1640
3 1641 1642 1643
3 1644 1645 1646
3 1647 1648 1649
3 1650 1651 1652
3 1653 1654 1655
3 1656 1657 1658
3 1659 1660 1661
3 1662 1663 1664
3 1665 1666 1667
3 1668 1669 1670
3 1671 1672 1673
3 1674 1675 1676
3 1677 1678 1679
3 1680 1681 1682
3 1683 1684 1685
3 1686 1687 1688
3 1689 1690 1691
3 1692 1693 1694
3 1695 1696 1697
3 1698 1699 1700
3 1701 1702 1703
3 1704 1705 1706
3 1707 1708 1709
3 1710 1711 1712
3 1713 1714 1715
3 1716 1717 1718
3 1719 1720 1721
3 1722 1723 1724
3 1725 1726 1727
3 1728 1729 1730
3 1731 1732 1733
3 1734 1735 1736
3 1737 1738 1739
3 1740 1741 1742
3 1743 1744 1745
3 1746 1747 1748
3 1749 1750 1751
3 1752 1753 1754
3 1755 1756 1757
3 1758 1759 1760
3 1761 1762 1763
3 1764 1765 1766
3 1767 1768 1769
3 1770 1771 1772
3 1773 1774 1775
3 1776 1777 1778
3 1779 1780 1781
3 1782 1783 1784
3 1785 1786 1787
3 1788 1789 1790
3 1791 1792 1793
3 1794 1795 1796
3 1797 1798 1799
3 1800 1801 1802
3 1803 1804 1805
3 1806 1807 1808
3 1809 1810 1811
3 1812 1813 1814
3 1815 1816 1817
3 1818 1819 1820
3 1821 1822 1823
3 1824 1825 1826
3 1827 1828 1829
3 1830 1831 1832
3 1833 1834 1835
3 1836 1837 1838
3 1839 1840 1841
3 1842 1843 1844
3 1845 1846 1847
3 1848 1849 1850
3 1851 1852 1853
3 1854 1855 1856
3 1857 1858 1859
3 1860 1861 1862
3 1863 1864 1865
3 1866 1867 1868
3 1869 1870 1871
3 1872 1873 1874
3 1875 1876 1877
3 1878 1879 1880
3 1881 1882 1883
3 1884 1885 1886
3 1887 1888 1889
3 1890 1891 1892
3 1893 1894 1895
3 1896 1897 1898
3 1899 1900 1901
3 1902 1903 1904
3 1905 1906 1907
3 1908 1909 1910
3 1911 1912 1913
3 1914 1915 1916
3 1917 1918 1919
3 1920 1921 1922
3 1923 1924 1925
3 1926 1927 1928
3 1929 1930 1931
3 1932 1933 1934
3 1935 1936 1937
3 1938 1939 1940
3 1941 1942 1943
3 1944 1945 1946
3 1947 1948 1949
3 1950 1951 1952
3 1953 1954 1955
3 1956 1957 1958
3 1959 1960 1961
3 1962 1963 1964
3 1965 1966 1967
3 1968 1969 1970
3 1971 1972 1973
3 1974 1975 1976
3 1977 1978 1979
3 1980 1981 1982
3 1983 1984 1985
3 1986 1987 1988
3 1989 1990 1991
3 1992 1993 1994
3 1995 1996 1997
3 1998 1999 2000
3 2001 2002 2003
3 2004 2005 2006
3 2007 2008 2009
3 2010 2011 2012
3 2013 2014 2015
3 2016 2017 2018
3 2019 2020 2021
3 2022 2023 2024
3 2025 2026 2027
3 2028 2029 2030
3 2031 2032 2033
3 2034 2035 2036
3 2037 2038 2039
3 2040 2041 2042
3 2043 2044 2045
3 2046 2047 2048
3 2049 2050 2051
3 2052 2053 2054
3 2055 2056 2057
3 2058 2059 2060
3 2061 2062 2063
3 2064 2065 2066
3 2067 2068 2069
3 2070 2071 2072
3 2073 2074 2075
3 2076 2077 2078
3 2079 2080 2081
3 2082 2083 2084
3 2085 2086 2087
3 2088 2089 2090
3 2091 2092 2093
3 2094 2095 2096
3 2097 2098 2099
3 2100 2101 2102
3 2103 2104 2105
3 2106 2107 2108
3 2109 2110 2111
3 2112 2113 2114
3 2115 2116 2117
3 2118 2119 2120
3 2121 2122 2123
3 2124 2125 2126
3 2127 2128 2129
3 2130 2131 2132
3 2133 2134 2135
3 2136 2137 2138
3 2139 2140 2141
3 2142 2143 2144
3 2145 2146 2147
3 2148 2149 2150
3 2151 2152 2153
3 2154 2155 2156
3 2157 2158 2159
3 2160 2161 2162
3 2163 2164 2165
3 2166 2167 2168
3 2169 2170 2171
3 2172 2173 2174
3 2175 2176 2177
3 2178 2179 2180
3 2181 2182 2183
3 2184 2185 2186
3 2187 2188 2189
3 2190 2191 2192
3 2193 2194 2195
3 2196 2197 2198
3 2199 2200 2201
3 2202 2203 2204
3 2205 2206 2207
3 2208 2209 2210
3 2211 2212 2213
3 2214 2215 2216
3 2217 2218 2219
3 2220 2221 2222
3 2223 2224 2225
3 2226 2227 2228
3 2229 2230 2231
3 2232 2233 2234
3 2235 2236 2237
3 2238 2239 2240
3 2241 2242 2243
3 2244 2245 2246
3 2247 2248 2249
3 2250 2251 2252
3 2253 2254 2255
3 2256 2257 2258
3 2259 2260 2261
3 2262 2263 2264
3 2265 2266 2267
3 2268 2269 2270
3 2271 2272 2273
3 2274 2275 2276
3 2277 2278 2279
3 2280 2281 2282
3 2283 2284 2285
3 2286 2287 2288
3 2289 2290 2291
3 2292 2293 2294
3 2295 2296 2297
3 2298 2299 2300
3 2301 2302 2303
3 2304 2305 2306
3 2307 2308 2309
3 2310 2311 2312
3 2313 2314 2315
3 2316 2317 2318
3 2319 2320 2321
3 2322 2323 2324
3 2325 2326 2327
3 2328 2329 2330
3 2331 2332 2333
3 2334 2335 2336
3 2337 2338 2339
3 2340 2341 2342
3 2343 2344 2345
3 2346 2347 2348
3 2349 2350 2351
3 2352 2353 2354
3 2355 2356 2357
3 2358 2359 2360
3 2361 2362 2363
3 2364 2365 2366
3 2367 2368 2369
3 2370 2371 2372
3 2373 2374 2375
3 2376 2377 2378
3 2379 2380 2381
3 2382 2383 2384
3 2385 2386 2387
3 2388 2389 2390
3 2391 2392 2393
3 2394 2395 2396
3 2397 2398 2399
