ply
format ascii 1.0
comment Created for BetterNecromancy boss visual overlay; world Z remapped to Colony Y
element vertex 2400
property float x
property float y
property float z
property float nx
property float ny
property float nz
property uchar red
property uchar green
property uchar blue
property uchar alpha
element face 800
property list uchar uint vertex_indices
end_header
0.4322275 1.5599069 0.0482910 0.3300488 0.7789812 0.5331566 112 87 79 255
0.1842505 1.5370049 0.1422498 -0.0147946 0.9485842 0.3161790 0 50 85 255
0.1599118 1.4405788 0.3216608 0.0941526 0.6578435 0.7472464 0 0 3 255
-0.1192833 0.6750048 0.0568721 -0.2621633 -0.8920842 -0.3680436 81 143 171 255
-0.0122935 0.7077873 0.0818861 0.4587285 -0.6696281 -0.5840945 82 143 172 255
-0.0987612 0.6440536 0.1412160 -0.4199808 -0.8997759 0.1184037 80 142 170 255
0.4715217 0.9308715 -0.4311373 -0.9598477 0.1844827 0.2113259 126 147 73 255
0.5065080 0.9607509 -0.4227717 -0.9446373 0.3281139 -0.0012282 127 148 74 255
0.4891101 0.9620100 -0.4895594 -0.8091835 0.4129912 0.4179240 95 122 54 255
-0.0388652 0.6803528 0.1855495 -0.1051826 0.0078426 0.9944220 81 142 170 255
-0.0926176 0.6256364 0.3481786 0.2223704 -0.9700653 -0.0975952 29 98 136 255
-0.1378313 0.7462493 0.2378318 -0.6735502 -0.6983801 -0.2420647 4 7 10 255
0.5071410 0.8841652 -0.4215014 0.6848477 -0.7213816 -0.1029191 130 154 90 255
0.5458320 0.9294490 -0.4707987 0.7454020 -0.5983150 -0.2939304 112 144 94 255
0.5473396 0.9268545 -0.3752978 0.7505661 -0.6506473 0.1153622 106 138 161 255
0.4960262 1.0041022 -0.5504506 -0.4794157 0.6428291 -0.5974373 78 106 40 255
0.4506043 0.9822477 -0.5399811 -0.8636057 0.4800845 0.1539606 80 108 40 255
0.5205942 1.0719959 -0.4831393 -0.9996147 -0.0160637 -0.0226339 117 147 72 255
-0.0142068 1.3925465 -0.2025473 0.2043368 -0.3228315 -0.9241355 72 100 33 255
0.0942706 1.3840074 -0.1334822 0.4031918 0.0166070 -0.9149648 0 44 76 255
0.0048019 1.3239726 -0.1336434 0.2375762 -0.7433670 -0.6252704 6 40 59 255
-0.0069851 0.8854666 -0.1751244 -0.3936063 -0.1550617 -0.9061070 0 3 10 255
-0.1132296 0.9670272 -0.1557124 -0.6443102 -0.0997069 -0.7582366 79 140 169 255
-0.0264941 0.9787100 -0.1994898 -0.1765123 -0.0193832 -0.9841076 80 141 170 255
0.3238677 0.4269781 0.3514640 -0.2022069 -0.9741318 0.1008938 0 51 87 255
0.4043401 0.3807738 0.2704847 -0.4611281 -0.6849329 0.5641168 0 51 87 255
0.3776942 0.6194344 0.5480077 0.2291457 -0.3659852 0.9019684 0 39 75 255
0.5458320 0.9294490 -0.4707987 0.7454020 -0.5983150 -0.2939304 112 144 94 255
0.5071410 0.8841652 -0.4215014 0.6848477 -0.7213816 -0.1029191 130 154 90 255
0.4759134 0.8784627 -0.4656956 0.0434565 -0.9744273 -0.2204605 133 155 89 255
-0.0712403 0.6874118 0.1897266 -0.4636709 0.8705435 0.1648134 81 142 170 255
-0.0452892 0.6782204 0.0587118 -0.2607384 0.5870048 -0.7664469 84 141 158 255
-0.1051081 0.6591895 0.1206710 -0.9065939 0.4174225 -0.0620169 0 39 71 255
0.5628871 1.1595586 -0.4550040 0.4081651 0.8922616 -0.1930561 144 165 95 255
0.4934312 1.1102893 -0.4568541 -0.9609990 0.1524284 0.2307527 142 162 94 255
0.4914318 1.1687595 -0.3668177 -0.5851274 0.6256067 -0.5159867 143 164 94 255
0.4506043 0.9822477 -0.5399811 -0.8636057 0.4800845 0.1539606 80 108 40 255
0.4287950 0.9029857 -0.5136464 -0.9761602 -0.1660157 0.1398219 80 108 40 255
0.4891101 0.9620100 -0.4895594 -0.8091835 0.4129912 0.4179240 95 122 54 255
0.3315688 0.0210687 -0.1188347 -0.2015775 -0.9556534 -0.2146929 81 18 12 255
0.3335718 0.0740651 -0.0640700 -0.9723048 0.1068482 0.2078621 162 60 78 255
0.3618373 0.1046886 -0.1444561 -0.4688116 0.5437816 -0.6960728 166 88 97 255
0.2915593 0.4854935 0.0375850 -0.6218922 -0.7598552 -0.1893941 0 51 87 255
0.3238677 0.4269781 0.3514640 -0.2022069 -0.9741318 0.1008938 0 51 87 255
0.2039856 0.4955972 0.0621936 -0.0734869 -0.8306827 -0.5518749 0 49 84 255
-0.4333159 1.1049898 0.4428642 -0.5755544 0.8070485 0.1319462 0 0 0 255
-0.5356365 1.0266323 0.3807628 -0.8002154 0.4914297 -0.3437325 0 5 14 255
-0.4861046 1.0601572 0.4395988 -0.5406394 0.7346597 0.4098586 0 0 0 255
0.4455158 0.9319358 -0.5732744 0.3170285 -0.5082023 -0.8007641 137 159 91 255
0.4937133 0.9208653 -0.5286639 0.5794473 -0.5912485 -0.5609511 127 152 83 255
0.4287950 0.9029857 -0.5136464 -0.9761507 -0.1660571 0.1398389 138 161 87 255
-0.0191122 1.4577297 -0.2259085 -0.3518980 -0.6514539 -0.6721427 2 1 2 255
-0.0311567 1.5276695 -0.2419579 -0.1471111 -0.2117190 -0.9661953 48 38 27 255
0.0328952 1.5165389 -0.2580159 0.5481414 -0.3847245 -0.7426494 3 2 2 255
0.0165929 0.9790196 0.5470989 -0.5907279 0.1243162 0.7972364 0 50 81 255
-0.1386625 1.3815697 0.3026206 -0.8676214 0.3811578 0.3192990 0 47 82 255
-0.1434814 1.2369124 0.1996543 -0.5600230 -0.5909773 0.5806205 0 35 67 255
-0.0423323 1.5088125 0.1667993 -0.0190943 0.6912714 0.7223428 81 141 168 255
0.0326480 1.5192539 0.1952417 0.0452032 0.9202669 0.3886715 83 143 170 255
0.1640240 1.5596948 0.0869081 0.4265802 0.7912484 0.4381270 0 52 87 255
0.6362053 0.5912890 0.4416378 0.6343154 -0.3625751 0.6827762 0 0 0 255
0.6200556 0.9543437 0.3959243 0.7899610 0.1366247 0.5977418 179 141 111 255
0.4129430 1.0085168 0.5134294 0.2764363 0.1972842 0.9405646 125 153 78 255
0.5016512 1.2499493 -0.1400044 -0.7741943 -0.4950631 -0.3943802 72 131 163 255
0.4870919 1.2274013 -0.2171643 -0.8590030 0.4977776 -0.1197138 98 125 60 255
0.4852449 1.1567084 -0.1893857 -0.9311140 -0.2373337 0.2769464 66 129 157 255
-0.0581573 1.6583350 -0.3049710 -0.2377020 0.0341563 -0.9707374 0 8 19 255
0.0919963 1.6001983 -0.2714951 0.7259606 -0.1052235 -0.6796390 0 61 94 255
0.0080556 1.5850413 -0.3412392 0.0931643 0.5079191 -0.8563519 0 13 24 255
0.5229727 0.9129826 -0.3937619 0.7982661 -0.5665195 0.2045165 153 167 124 255
0.5473396 0.9268545 -0.3752978 0.7505661 -0.6506473 0.1153622 106 138 161 255
0.4897128 0.8804875 -0.3636515 -0.4145509 -0.5970902 0.6867536 175 168 168 255
-0.1015059 1.3436671 -0.1838791 -0.5725478 -0.6005731 -0.5581228 184 175 171 255
-0.0142068 1.3925465 -0.2025473 0.2043368 -0.3228315 -0.9241355 72 100 33 255
0.0048019 1.3239726 -0.1336434 0.2375762 -0.7433670 -0.6252704 6 40 59 255
0.7245065 0.8926716 0.2071750 0.9717814 0.0786829 0.2223736 82 142 170 255
0.7247657 0.9610956 0.0243242 0.9620144 0.0072551 -0.2729018 83 143 172 255
0.7448641 1.0673975 0.1181896 0.9247869 0.3514354 0.1458162 82 142 171 255
-0.1249911 0.2851068 0.1157997 -0.9908956 0.0787591 -0.1091919 0 34 66 255
-0.1125635 0.1823241 0.0945251 -0.3077869 0.3187925 -0.8964590 0 42 75 255
-0.1587354 0.2132785 0.2102487 -0.8582565 0.4913354 0.1482747 0 47 79 255
-0.0887297 1.4268438 -0.1855443 -0.1561974 0.6911671 -0.7056134 84 97 36 255
-0.0175842 1.4234872 -0.1765530 -0.6400899 -0.0414270 -0.7671824 54 65 28 255
-0.0142068 1.3925465 -0.2025473 0.2043368 -0.3228315 -0.9241355 72 100 33 255
0.5320855 1.1840337 -0.0258677 -0.2722661 -0.7222509 0.6357868 85 120 103 255
0.4852449 1.1567084 -0.1893857 -0.9311140 -0.2373337 0.2769464 66 129 157 255
0.5062615 1.1080722 -0.2059720 -0.7155963 -0.6079311 0.3440080 6 41 67 255
-0.0311567 1.5276695 -0.2419579 -0.1471111 -0.2117190 -0.9661953 48 38 27 255
-0.0305403 1.6001294 -0.2708933 -0.3850079 -0.8584730 -0.3388110 102 130 63 255
0.0371217 1.5784528 -0.2887471 -0.0852389 -0.6763473 -0.7316343 82 113 48 255
0.3819908 0.6763768 -0.1712992 0.7418908 -0.6447016 -0.1842763 70 135 170 255
0.3042337 0.5846216 -0.0204298 0.3032335 -0.8343050 -0.4604178 0 20 38 255
0.2237936 0.6425758 -0.1958172 0.1198952 -0.7740030 -0.6217269 182 136 112 255
0.5350391 1.0262676 -0.5636318 0.5981051 -0.3269045 -0.7317129 90 121 63 255
0.6087600 1.0560560 -0.4870465 0.9546412 -0.0746730 -0.2882429 81 142 171 255
0.4937133 0.9208653 -0.5286639 0.5794473 -0.5912485 -0.5609511 127 152 83 255
0.4937133 0.9208653 -0.5286639 0.5794473 -0.5912485 -0.5609511 127 152 83 255
0.4455158 0.9319358 -0.5732744 0.3170285 -0.5082023 -0.8007641 137 159 91 255
0.5350391 1.0262676 -0.5636318 0.5981051 -0.3269045 -0.7317129 90 121 63 255
0.3688127 1.4190980 -0.1506274 -0.3351371 0.0923211 -0.9376354 19 71 99 255
0.4847857 1.2834684 -0.1897576 -0.2767188 -0.4213121 -0.8636683 61 122 156 255
0.3877791 1.4003741 -0.1134951 -0.9900604 0.0137432 0.1399693 70 133 166 255
0.1862637 1.5264745 0.0002477 0.9960435 0.0455272 -0.0763193 0 39 70 255
0.1834615 1.6418139 -0.0859015 0.9706861 -0.2403096 0.0044356 0 52 85 255
0.2023863 1.5324097 0.0294569 0.5909513 0.8034385 0.0725486 0 39 71 255
-0.4708949 0.9124836 0.3641555 -0.0291351 -0.2381047 -0.9708024 0 34 64 255
-0.1805278 1.0557925 0.3202045 0.6191374 -0.7617804 -0.1906820 0 54 88 255
-0.4356157 0.9288602 0.4411275 0.5811974 -0.7819595 0.2252750 0 31 61 255
0.0328952 1.5165389 -0.2580159 0.5481414 -0.3847245 -0.7426494 3 2 2 255
0.0371217 1.5784528 -0.2887471 -0.0852389 -0.6763473 -0.7316343 82 113 48 255
0.0919963 1.6001983 -0.2714951 0.7259482 -0.1051938 -0.6796568 70 104 46 255
0.3854188 0.3096408 -0.1041052 -0.0778539 -0.3810094 -0.9212875 104 137 74 255
0.3909968 0.3947154 -0.1060069 -0.4926830 -0.0277958 -0.8697648 95 136 162 255
0.4464997 0.3320269 -0.0998719 0.5694733 -0.1147261 -0.8139644 53 123 157 255
-0.0707186 1.7820076 -0.3748772 0.2321573 0.9705144 -0.0648448 0 52 87 255
0.2048868 1.6888159 -0.2307513 0.3546988 0.9219666 -0.1554558 0 0 0 255
0.0767437 1.7275188 -0.3774579 0.3452569 0.9369305 -0.0543947 0 0 0 255
0.3493942 0.6811700 -0.0795882 0.7751742 -0.6020433 0.1914390 80 142 172 255
0.4879922 0.6822575 -0.1754792 0.4079579 -0.6793813 -0.6099273 56 125 162 255
0.4207038 0.6836018 -0.0838034 0.2291371 -0.9612468 0.1532993 83 144 174 255
0.5458320 0.9294490 -0.4707987 0.7454020 -0.5983150 -0.2939304 112 144 94 255
0.6087600 1.0560560 -0.4870465 0.9546412 -0.0746730 -0.2882429 81 142 171 255
0.5982324 0.9927450 -0.4140294 0.9126725 -0.4069645 0.0375358 82 142 171 255
0.4260384 0.0186912 0.1779735 -0.0836577 -0.9951552 0.0516476 149 166 99 255
0.4164072 0.0814056 0.2029912 -0.9213440 -0.0359944 0.3870783 116 141 71 255
0.3335718 0.0740651 -0.0640700 -0.9723048 0.1068482 0.2078621 162 60 78 255
-0.1434814 1.2369124 0.1996543 -0.5600230 -0.5909773 0.5806205 0 35 67 255
-0.1386625 1.3815697 0.3026206 -0.8676214 0.3811578 0.3192990 0 47 82 255
-0.1417023 1.1392874 0.2407024 0.8510926 -0.1950344 -0.4874455 0 43 75 255
0.1587497 1.7676077 0.0932090 0.2124114 0.9719639 -0.1008345 0 0 0 255
0.2709192 1.7089313 -0.0593026 0.2274439 0.9531515 -0.1994276 0 0 0 255
0.2048868 1.6888159 -0.2307513 0.3546988 0.9219666 -0.1554558 0 0 0 255
0.0704683 1.6717561 -0.2989495 0.2888486 -0.6731533 -0.6807579 0 62 95 255
0.2048868 1.6888159 -0.2307513 0.4140102 -0.8579152 -0.3042649 0 51 86 255
0.1834615 1.6418139 -0.0859015 0.9706861 -0.2403096 0.0044356 0 52 85 255
0.3493942 0.6811700 -0.0795882 0.7751742 -0.6020433 0.1914390 80 142 172 255
0.3819908 0.6763768 -0.1712992 0.7418908 -0.6447016 -0.1842763 70 135 170 255
0.4124411 0.6827001 -0.2172062 -0.0304717 -0.7275769 -0.6853491 6 8 10 255
-0.1691552 0.7391711 0.3369367 -0.8523169 -0.3222001 0.4119989 95 120 50 255
-0.1852962 0.7388432 0.2585475 -0.7670983 -0.6367618 -0.0780680 45 58 22 255
-0.0926176 0.6256364 0.3481786 0.2223704 -0.9700653 -0.0975952 29 98 136 255
0.1564883 1.3882752 -0.1209366 -0.1123549 0.4943610 -0.8619649 0 53 89 255
0.3700725 1.2518107 -0.2016995 0.1360416 0.6952600 -0.7057664 68 128 160 255
0.1797155 1.2479404 -0.1993334 0.0134367 0.4854237 -0.8741758 73 135 165 255
0.2237936 0.6425758 -0.1958172 0.1198952 -0.7740030 -0.6217269 182 136 112 255
0.2006179 0.7277580 -0.2379916 0.1034353 -0.3710697 -0.9228265 115 111 112 255
0.3819908 0.6763768 -0.1712992 0.7418908 -0.6447016 -0.1842763 70 135 170 255
-0.6766025 0.8314487 0.4824388 -0.7025391 -0.3313438 0.6298017 0 0 0 255
-0.6483074 0.7927102 0.4979408 -0.3197952 -0.5651360 0.7604948 0 0 0 255
-0.7030970 0.8650986 0.5221851 -0.0689526 -0.0068234 0.9975967 0 0 0 255
0.0328952 1.5165389 -0.2580159 0.5726656 -0.4047556 -0.7129004 0 12 23 255
0.0919963 1.6001983 -0.2714951 0.7259606 -0.1052235 -0.6796390 0 61 94 255
0.1685330 1.5806298 -0.1312678 0.8098494 -0.2321472 -0.5387499 0 59 93 255
-0.3951851 1.0558366 0.3126600 -0.4655388 0.1873623 -0.8649676 0 5 15 255
-0.4500691 1.0123282 0.3377845 -0.3413809 -0.0962401 -0.9349850 0 2 10 255
-0.5356365 1.0266323 0.3807628 -0.8002154 0.4914297 -0.3437325 0 5 14 255
-0.1249911 0.2851068 0.1157997 -0.9669197 -0.0182296 -0.2544286 72 134 166 255
-0.1372272 0.4638256 0.1710660 -0.9763596 0.0904097 -0.1963360 75 138 169 255
-0.1116587 0.5737007 0.1489580 -0.8744254 0.1072102 -0.4731660 0 66 105 255
0.2237936 0.6425758 -0.1958172 0.1198952 -0.7740030 -0.6217269 182 136 112 255
0.1352605 0.5577435 -0.0592282 -0.1980681 -0.9447483 -0.2611889 0 35 65 255
0.1215242 0.6544968 -0.1882832 -0.4463366 -0.6383493 -0.6271315 28 21 27 255
0.4937133 0.9208653 -0.5286639 0.5794473 -0.5912485 -0.5609511 127 152 83 255
0.5458320 0.9294490 -0.4707987 0.7454020 -0.5983150 -0.2939304 112 144 94 255
0.4759134 0.8784627 -0.4656956 0.0434565 -0.9744273 -0.2204605 133 155 89 255
0.1522282 1.4689018 -0.0809166 0.6376125 -0.2629020 -0.7241083 0 49 85 255
0.0328952 1.5165389 -0.2580159 0.5726656 -0.4047556 -0.7129004 0 12 23 255
0.1866916 1.5428356 -0.1059439 0.8499787 -0.2973581 -0.4348726 0 59 93 255
-0.1203316 0.2427388 0.3194292 -0.8964346 0.1874973 0.4015591 78 139 172 255
-0.0745810 0.2000265 0.4103467 -0.5946736 0.4050803 0.6944588 75 138 171 255
-0.0270211 0.2548062 0.3922288 -0.3270859 -0.0105262 0.9449360 6 37 64 255
0.1834615 1.6418139 -0.0859015 0.9189889 -0.3918689 0.0435674 0 51 86 255
0.2709192 1.7089313 -0.0593026 0.4932397 -0.8064976 0.3260004 0 50 85 255
0.1347843 1.7173359 0.0368068 0.2990765 -0.6050956 0.7378432 0 51 86 255
0.5350391 1.0262676 -0.5636318 0.5981051 -0.3269045 -0.7317129 90 121 63 255
0.4455158 0.9319358 -0.5732744 0.3170285 -0.5082023 -0.8007641 137 159 91 255
0.4960262 1.0041022 -0.5504506 -0.4794508 0.6427911 -0.5974498 90 121 63 255
0.4781035 1.0465792 -0.5867040 -0.3701647 0.6089631 -0.7015283 140 160 93 255
0.4808811 1.1390504 -0.5079005 -0.5171722 0.7752022 -0.3627598 142 162 94 255
0.5259315 1.0790487 -0.5535619 -0.0484996 0.2555406 -0.9655811 106 133 72 255
0.4340783 1.0350025 -0.5433362 -0.9653045 -0.1706945 0.1976124 135 155 88 255
0.4808811 1.1390504 -0.5079005 -0.5171722 0.7752022 -0.3627598 142 162 94 255
0.4781035 1.0465792 -0.5867040 -0.3701647 0.6089631 -0.7015283 140 160 93 255
0.2023863 1.5324097 0.0294569 -0.1226781 0.9833184 -0.1342939 0 46 80 255
0.1834615 1.6418139 -0.0859015 0.9189889 -0.3918689 0.0435674 0 51 86 255
0.1640240 1.5596948 0.0869081 0.4265802 0.7912484 0.4381270 0 52 87 255
-0.0839144 0.6392286 0.2364776 -0.9811264 0.1626409 0.1045900 75 135 168 255
-0.0926176 0.6256364 0.3481786 0.2223704 -0.9700653 -0.0975952 29 98 136 255
-0.0712403 0.6874118 0.1897266 -0.4636709 0.8705435 0.1648134 81 142 170 255
0.5680667 1.1171082 -0.5629365 0.5260526 0.5133996 -0.6780042 90 121 63 255
0.5350391 1.0262676 -0.5636318 0.5981051 -0.3269045 -0.7317129 90 121 63 255
0.5259315 1.0790487 -0.5535619 -0.0484996 0.2555406 -0.9655811 106 133 72 255
0.1866916 1.5428356 -0.1059439 0.8499787 -0.2973581 -0.4348726 0 59 93 255
0.1862637 1.5264745 0.0002477 0.9960435 0.0455272 -0.0763193 0 39 70 255
0.1522282 1.4689018 -0.0809166 0.6376125 -0.2629020 -0.7241083 0 49 85 255
-0.1852962 0.7388432 0.2585475 -0.7670983 -0.6367618 -0.0780680 45 58 22 255
-0.1691552 0.7391711 0.3369367 -0.8523169 -0.3222001 0.4119989 95 120 50 255
-0.2265588 0.8348453 0.2625616 -0.9660076 -0.1431987 0.2152290 89 115 49 255
0.1158780 0.6263309 0.0400865 -0.7178365 -0.2936663 -0.6312455 70 134 164 255
0.0857140 0.7321055 0.0699852 -0.6340638 0.4978286 -0.5917176 77 139 169 255
0.0732421 0.6653644 0.0170162 -0.4669627 -0.8554925 0.2237819 75 138 168 255
-0.4861046 1.0601572 0.4395988 -0.5427978 0.6670226 0.5103444 126 149 78 255
-0.5253526 0.9500412 0.4955175 0.1869320 0.0928621 0.9779739 0 47 82 255
-0.4333159 1.1049898 0.4428642 -0.5848771 0.6808566 0.4408548 6 3 2 255
0.1331466 1.6620416 0.0295227 0.4985014 0.4180503 0.7594277 27 81 115 255
0.1640240 1.5596948 0.0869081 0.4265802 0.7912484 0.4381270 0 52 87 255
0.1834615 1.6418139 -0.0859015 0.9189889 -0.3918689 0.0435674 0 51 86 255
0.5259315 1.0790487 -0.5535619 -0.0484360 0.2555135 -0.9655914 141 159 92 255
0.5350391 1.0262676 -0.5636318 -0.9283485 0.3683013 -0.0502314 128 145 81 255
0.5333716 1.0235141 -0.5530059 -0.9282914 0.3684525 -0.0501784 59 69 29 255
0.4715217 0.9308715 -0.4311373 -0.9598477 0.1844827 0.2113259 126 147 73 255
0.4891101 0.9620100 -0.4895594 -0.8091835 0.4129912 0.4179240 95 122 54 255
0.4287950 0.9029857 -0.5136464 -0.9761602 -0.1660157 0.1398219 80 108 40 255
0.4759134 0.8784627 -0.4656956 0.0434565 -0.9744273 -0.2204605 133 155 89 255
0.4287950 0.9029857 -0.5136464 -0.9761507 -0.1660571 0.1398389 138 161 87 255
0.4937133 0.9208653 -0.5286639 0.5794473 -0.5912485 -0.5609511 127 152 83 255
0.4689862 0.8531153 -0.2230046 0.4536306 -0.1119443 -0.8841311 72 131 163 255
0.3396462 0.9919400 -0.2645514 0.0960124 -0.0519511 -0.9940235 81 143 173 255
0.4360713 1.0149741 -0.2552760 0.4529335 -0.0912578 -0.8868615 60 121 156 255
0.5594131 0.0489441 -0.1642916 0.2957668 -0.9169687 -0.2677508 137 158 87 255
0.5824231 0.1137712 -0.0650380 0.8718342 0.4074816 -0.2717791 145 164 95 255
0.6377312 0.0506228 0.2446506 0.5518031 -0.8330581 0.0390815 131 152 82 255
0.6326307 1.1947861 -0.2784674 0.9381881 0.1809835 -0.2950392 64 57 26 255
0.6538445 1.2025662 -0.0236371 0.8312007 -0.2725285 0.4845965 128 151 92 255
0.6020030 1.0662500 -0.3219082 0.9036871 -0.3986140 0.1563852 82 142 172 255
0.4455158 0.9319358 -0.5732744 -0.8116460 0.3772211 -0.4460213 80 108 40 255
0.4287950 0.9029857 -0.5136464 -0.9761602 -0.1660157 0.1398219 80 108 40 255
0.4506043 0.9822477 -0.5399811 -0.8636057 0.4800845 0.1539606 80 108 40 255
0.4960262 1.0041022 -0.5504506 -0.4794157 0.6428291 -0.5974373 78 106 40 255
0.4455158 0.9319358 -0.5732744 -0.8116460 0.3772211 -0.4460213 80 108 40 255
0.4506043 0.9822477 -0.5399811 -0.8636057 0.4800845 0.1539606 80 108 40 255
-0.4708949 0.9124836 0.3641555 -0.0291351 -0.2381047 -0.9708024 0 34 64 255
-0.4500691 1.0123282 0.3377845 -0.3413809 -0.0962401 -0.9349850 0 2 10 255
-0.3951851 1.0558366 0.3126600 -0.4655388 0.1873623 -0.8649676 0 5 15 255
-0.1008703 0.7019805 0.0001562 -0.3044363 -0.8653637 -0.3980757 79 142 171 255
-0.1642653 0.7082383 0.0846984 -0.9929498 -0.1096440 -0.0450408 76 139 167 255
-0.1354300 0.7580078 0.0805538 -0.9618068 0.1724283 -0.2125938 11 71 105 255
0.4369236 1.2414772 0.4220073 0.3709441 0.5668167 0.7356080 0 43 75 255
0.4322275 1.5599069 0.0482910 0.3300488 0.7789812 0.5331566 112 87 79 255
0.1599118 1.4405788 0.3216608 0.0941526 0.6578435 0.7472464 0 0 3 255
0.4909109 0.8596262 -0.4242032 -0.9593568 -0.2479758 0.1346942 129 154 90 255
0.4715217 0.9308715 -0.4311373 -0.9598477 0.1844827 0.2113259 126 147 73 255
0.4759134 0.8784627 -0.4656956 0.0434222 -0.9744085 -0.2205506 82 110 42 255
0.5982324 0.9927450 -0.4140294 0.9126725 -0.4069645 0.0375358 82 142 171 255
0.6087600 1.0560560 -0.4870465 0.9546412 -0.0746730 -0.2882429 81 142 171 255
0.6020030 1.0662500 -0.3219082 0.9036871 -0.3986140 0.1563852 82 142 172 255
0.1158780 0.6263309 0.0400865 -0.7178365 -0.2936663 -0.6312455 70 134 164 255
0.0822941 0.7730097 0.1116588 -0.3941658 0.0947832 -0.9141387 80 142 171 255
0.0857140 0.7321055 0.0699852 -0.6340638 0.4978286 -0.5917176 77 139 169 255
-0.0334798 0.1517680 0.1033790 -0.1413185 -0.9898946 -0.0117348 0 45 78 255
-0.0057939 0.1474150 0.0935333 0.1529724 -0.6384540 -0.7543049 0 47 81 255
0.0886112 0.1563980 0.2583272 0.8647538 -0.4639361 -0.1922604 0 44 77 255
0.5628871 1.1595586 -0.4550040 0.4081651 0.8922616 -0.1930561 144 165 95 255
0.6087600 1.0560560 -0.4870465 0.9546412 -0.0746730 -0.2882429 81 142 171 255
0.5680667 1.1171082 -0.5629365 0.5260526 0.5133996 -0.6780042 90 121 63 255
0.5628871 1.1595586 -0.4550040 0.4081651 0.8922616 -0.1930561 144 165 95 255
0.5680667 1.1171082 -0.5629365 0.5260526 0.5133996 -0.6780042 90 121 63 255
0.4808811 1.1390504 -0.5079005 -0.5171722 0.7752022 -0.3627598 142 162 94 255
0.4287950 0.9029857 -0.5136464 -0.9761602 -0.1660157 0.1398219 80 108 40 255
0.4759134 0.8784627 -0.4656956 0.0434222 -0.9744085 -0.2205506 82 110 42 255
0.4715217 0.9308715 -0.4311373 -0.9598477 0.1844827 0.2113259 126 147 73 255
-0.1124879 0.7007109 0.1272352 -0.7339339 -0.5128069 0.4453876 73 136 165 255
-0.0388652 0.6803528 0.1855495 -0.1051826 0.0078426 0.9944220 81 142 170 255
-0.1378313 0.7462493 0.2378318 -0.6735502 -0.6983801 -0.2420647 4 7 10 255
0.5191737 0.2992267 -0.0448315 0.6660678 -0.2098328 -0.7157680 66 130 162 255
0.5546964 0.3479712 0.0346916 0.9186573 -0.0264684 -0.3941678 63 122 153 255
0.5547863 0.2473564 0.0171630 0.7708725 -0.0782211 -0.6321687 72 100 27 255
-0.0482591 0.4272818 -0.0090744 -0.4008684 0.4375232 -0.8049086 0 32 60 255
-0.0773672 0.6273772 0.0531976 -0.5196043 0.3782601 -0.7661139 0 32 62 255
-0.0452892 0.6782204 0.0587118 -0.3792255 0.5758144 -0.7243107 0 33 64 255
0.1414565 0.4703235 0.0578468 0.5189092 -0.5392920 -0.6632475 0 18 37 255
0.1992427 0.4632373 0.1036699 0.8777755 -0.4027792 -0.2593819 0 11 23 255
0.1108090 0.3630471 -0.0344298 0.7565617 -0.5605186 -0.3367985 0 15 31 255
0.4715217 0.9308715 -0.4311373 -0.9598477 0.1844827 0.2113259 126 147 73 255
0.4909109 0.8596262 -0.4242032 -0.9593568 -0.2479758 0.1346942 129 154 90 255
0.4897128 0.8804875 -0.3636515 -0.4145509 -0.5970902 0.6867536 175 168 168 255
0.6538445 1.2025662 -0.0236371 0.8312007 -0.2725285 0.4845965 128 151 92 255
0.5859207 1.4119460 -0.1036894 0.8302894 0.5428150 0.1263787 122 152 75 255
0.5457674 1.3811452 0.0413883 0.4979654 0.2692421 0.8243417 27 111 145 255
0.4918071 0.2981310 0.2028062 0.5543621 0.3150167 0.7703552 0 11 24 255
0.6362053 0.5912890 0.4416378 0.6343154 -0.3625751 0.6827762 0 0 0 255
0.3776942 0.6194344 0.5480077 0.2291457 -0.3659852 0.9019684 0 39 75 255
0.0204245 0.7341253 0.0761306 -0.4871215 -0.6578107 0.5744542 0 1 5 255
-0.1008703 0.7019805 0.0001562 -0.9135068 -0.4019339 -0.0628851 0 4 12 255
-0.0847582 0.6733733 -0.0102341 -0.4048897 -0.8903505 0.2081838 0 8 19 255
0.4808811 1.1390504 -0.5079005 -0.5171722 0.7752022 -0.3627598 142 162 94 255
0.5680667 1.1171082 -0.5629365 0.5260526 0.5133996 -0.6780042 90 121 63 255
0.5259315 1.0790487 -0.5535619 -0.0484996 0.2555406 -0.9655811 106 133 72 255
0.5209144 0.8871679 -0.3820870 0.9549846 0.0555285 0.2914121 172 178 154 255
0.5071410 0.8841652 -0.4215014 0.6848477 -0.7213816 -0.1029191 130 154 90 255
0.5229727 0.9129826 -0.3937619 0.7982661 -0.5665195 0.2045165 153 167 124 255
0.5071410 0.8841652 -0.4215014 0.6848477 -0.7213816 -0.1029191 130 154 90 255
0.5473396 0.9268545 -0.3752978 0.7505661 -0.6506473 0.1153622 106 138 161 255
0.5229727 0.9129826 -0.3937619 0.7982661 -0.5665195 0.2045165 153 167 124 255
0.4897128 0.8804875 -0.3636515 -0.4144183 -0.5971948 0.6867430 144 164 98 255
0.4909109 0.8596262 -0.4242032 0.8348520 -0.5409051 -0.1021943 134 157 90 255
0.5071410 0.8841652 -0.4215014 0.6848477 -0.7213816 -0.1029191 130 154 90 255
0.4759134 0.8784627 -0.4656956 0.0434565 -0.9744273 -0.2204605 133 155 89 255
0.5071410 0.8841652 -0.4215014 0.6848477 -0.7213816 -0.1029191 130 154 90 255
0.4909109 0.8596262 -0.4242032 0.8348520 -0.5409051 -0.1021943 134 157 90 255
0.3718411 1.4209177 0.0848243 0.9771518 0.1661194 0.1325846 79 140 169 255
0.3877791 1.4003741 -0.1134951 -0.9900604 0.0137432 0.1399693 70 133 166 255
0.4188682 1.2437089 -0.1106675 -0.7941445 -0.5878717 -0.1540823 47 119 149 255
-0.0816456 0.8742269 0.4155567 -0.5810919 -0.2620707 0.7704875 0 3 10 255
0.0872356 0.9387566 0.5479228 -0.1480715 0.1362050 0.9795524 0 49 82 255
0.0165929 0.9790196 0.5470989 -0.5907279 0.1243162 0.7972364 0 50 81 255
-0.5943009 0.8459582 0.4267213 -0.4936456 0.0162802 -0.8695108 0 14 33 255
-0.4500691 1.0123282 0.3377845 -0.3413809 -0.0962401 -0.9349850 0 2 10 255
-0.4708949 0.9124836 0.3641555 -0.0291351 -0.2381047 -0.9708024 0 34 64 255
-0.1417023 1.1392874 0.2407024 0.5418535 -0.5255538 -0.6558871 0 8 13 255
-0.0983216 1.1984472 0.3104713 0.9976240 0.0309837 0.0615324 0 50 83 255
-0.1805278 1.0557925 0.3202045 0.6191374 -0.7617804 -0.1906820 0 54 88 255
0.5350391 1.0262676 -0.5636318 -0.9283485 0.3683013 -0.0502314 128 145 81 255
0.4960262 1.0041022 -0.5504506 -0.4792953 0.6428753 -0.5974843 143 159 93 255
0.5333716 1.0235141 -0.5530059 -0.9282914 0.3684525 -0.0501784 59 69 29 255
0.4897128 0.8804875 -0.3636515 -0.4145509 -0.5970902 0.6867536 175 168 168 255
0.5209144 0.8871679 -0.3820870 0.9549846 0.0555285 0.2914121 172 178 154 255
0.5229727 0.9129826 -0.3937619 0.7982661 -0.5665195 0.2045165 153 167 124 255
-0.0334798 0.1517680 0.1033790 0.7495103 0.2055087 -0.6292856 0 36 67 255
0.0074803 0.1023294 0.1737258 0.8765091 -0.1210191 -0.4659252 0 32 60 255
-0.0581051 0.0657746 0.0155208 0.6533604 0.2968415 -0.6964233 0 32 64 255
0.5458320 0.9294490 -0.4707987 0.7454020 -0.5983150 -0.2939304 112 144 94 255
0.5982324 0.9927450 -0.4140294 0.9126725 -0.4069645 0.0375358 82 142 171 255
0.5473396 0.9268545 -0.3752978 0.7505661 -0.6506473 0.1153622 106 138 161 255
0.4897128 0.8804875 -0.3636515 -0.4144183 -0.5971948 0.6867430 144 164 98 255
0.5071410 0.8841652 -0.4215014 0.6848477 -0.7213816 -0.1029191 130 154 90 255
0.5209144 0.8871679 -0.3820870 0.2099913 -0.9777027 0.0011035 133 156 90 255
-0.6802002 0.7776529 0.4191453 -0.2255777 0.2346918 -0.9455340 0 1 2 255
-0.6287123 0.7852677 0.4194753 -0.1464359 0.5593027 -0.8159271 0 13 32 255
-0.6728631 0.7428939 0.3599937 -0.4909407 0.2626120 -0.8306696 0 0 1 255
0.6200556 0.9543437 0.3959243 0.7899610 0.1366247 0.5977418 179 141 111 255
0.6925296 0.9847301 0.1684635 0.8677110 0.1992871 0.4553705 11 73 113 255
0.6748074 1.0648093 0.3383844 0.8341106 0.2693709 0.4813510 16 20 16 255
-0.2265588 0.8348453 0.2625616 -0.9660076 -0.1431987 0.2152290 89 115 49 255
-0.1691552 0.7391711 0.3369367 -0.8523169 -0.3222001 0.4119989 95 120 50 255
-0.1603376 0.8096846 0.3557746 -0.7221679 0.0576704 0.6893096 6 60 92 255
0.0380541 0.4443216 0.0031984 -0.4692609 -0.8173807 -0.3341902 0 35 66 255
0.1108090 0.3630471 -0.0344298 0.7565617 -0.5605186 -0.3367985 0 15 31 255
0.0375189 0.3624990 -0.0529387 -0.2664870 -0.3735280 -0.8885165 0 31 60 255
-0.2918397 1.1165925 0.2685382 -0.2520424 -0.5618146 -0.7879333 0 43 73 255
-0.2829291 1.1191031 0.2153137 -0.1899499 -0.7076645 -0.6805365 164 125 79 255
-0.1805278 1.0557925 0.3202045 0.6191374 -0.7617804 -0.1906820 0 54 88 255
0.5473396 0.9268545 -0.3752978 0.7505661 -0.6506473 0.1153622 106 138 161 255
0.5982324 0.9927450 -0.4140294 0.9126725 -0.4069645 0.0375358 82 142 171 255
0.5624214 0.9711304 -0.3294270 0.4582505 -0.4761434 0.7505291 64 84 122 255
0.6323053 0.1093439 0.2245424 0.9528164 0.2499465 0.1722429 112 133 74 255
0.5794140 0.1679725 0.0538042 0.8674570 0.2723269 -0.4163608 107 105 63 255
0.6110021 0.1762366 0.2065904 0.7673371 -0.2077331 0.6066636 142 161 93 255
-0.0861601 0.6347318 0.0964811 -0.9445536 0.1285425 -0.3021511 0 31 63 255
-0.1249911 0.2851068 0.1157997 -0.9908956 0.0787591 -0.1091919 0 34 66 255
-0.1116587 0.5737007 0.1489580 -0.9730330 0.0515750 -0.2248266 0 29 56 255
-0.2614199 1.2215434 0.1403320 -0.1109955 -0.5961206 -0.7951857 174 103 78 255
-0.1417023 1.1392874 0.2407024 0.5418535 -0.5255538 -0.6558871 0 8 13 255
-0.2829291 1.1191031 0.2153137 -0.1899499 -0.7076645 -0.6805365 164 125 79 255
-0.6766025 0.8314487 0.4824388 -0.7025253 -0.3312809 0.6298501 112 139 67 255
-0.7030970 0.8650986 0.5221851 -0.7791743 0.1144276 -0.6162741 113 142 70 255
-0.6579949 0.9916387 0.4886539 -0.4790875 0.5889810 -0.6508276 112 142 67 255
0.4934312 1.1102893 -0.4568541 -0.9343940 -0.0491414 0.3528355 65 90 23 255
0.5205942 1.0719959 -0.4831393 -0.9996147 -0.0160637 -0.0226339 117 147 72 255
0.4802207 1.1054348 -0.2896302 -0.9807322 -0.1789883 0.0782804 118 125 108 255
0.5628871 1.1595586 -0.4550040 0.4081651 0.8922616 -0.1930561 144 165 95 255
0.5620807 1.1804066 -0.3608325 0.3401919 0.8060062 -0.4843794 6 8 4 255
0.6087600 1.0560560 -0.4870465 0.9546412 -0.0746730 -0.2882429 81 142 171 255
-0.3869892 1.1307746 0.3470180 -0.6620917 0.6856236 -0.3025801 0 7 18 255
-0.3776098 1.1367425 0.4616725 -0.2389067 0.6807072 0.6925038 0 0 0 255
-0.3404561 1.1771467 0.3328464 -0.6271064 0.7721711 -0.1024176 0 48 81 255
-0.1756264 1.6334559 -0.2808611 -0.3455409 -0.9348201 0.0819329 84 117 51 255
0.0080556 1.5850413 -0.3412392 -0.1448573 -0.9894379 0.0054020 77 108 46 255
-0.0305403 1.6001294 -0.2708933 -0.3850079 -0.8584730 -0.3388110 102 130 63 255
0.6200556 0.9543437 0.3959243 0.7899610 0.1366247 0.5977418 179 141 111 255
0.6748074 1.0648093 0.3383844 0.8341106 0.2693709 0.4813510 16 20 16 255
0.4129430 1.0085168 0.5134294 0.2764363 0.1972842 0.9405646 125 153 78 255
-0.0334798 0.1517680 0.1033790 -0.1413185 -0.9898946 -0.0117348 0 45 78 255
-0.1125635 0.1823241 0.0945251 -0.3077869 0.3187925 -0.8964590 0 42 75 255
-0.0057939 0.1474150 0.0935333 0.1529724 -0.6384540 -0.7543049 0 47 81 255
0.4960262 1.0041022 -0.5504506 -0.1557845 -0.9684107 0.1947102 138 159 91 255
0.4340783 1.0350025 -0.5433362 -0.9653045 -0.1706945 0.1976124 135 155 88 255
0.4781035 1.0465792 -0.5867040 0.1945720 -0.5879897 -0.7851177 123 146 78 255
-0.1067122 1.6595662 0.0171993 -0.9386839 0.2397692 0.2477564 122 149 74 255
-0.1640817 1.5928834 -0.1402819 -0.9880074 0.1381396 -0.0689853 121 151 76 255
-0.1737944 1.4712134 -0.0813477 -0.9453081 -0.1818324 0.2707940 141 163 99 255
0.5680667 1.1171082 -0.5629365 0.5260526 0.5133996 -0.6780042 90 121 63 255
0.6087600 1.0560560 -0.4870465 0.9546412 -0.0746730 -0.2882429 81 142 171 255
0.5350391 1.0262676 -0.5636318 0.5981051 -0.3269045 -0.7317129 90 121 63 255
0.3854188 0.3096408 -0.1041052 -0.0778539 -0.3810094 -0.9212875 104 137 74 255
0.4196032 0.2648127 -0.0682261 0.2144523 -0.5809597 -0.7851726 87 123 67 255
0.3209132 0.2440473 -0.0580914 -0.2326107 -0.6602413 -0.7141244 121 149 81 255
0.5259315 1.0790487 -0.5535619 -0.0485301 0.2554888 -0.9655932 104 125 56 255
0.5333716 1.0235141 -0.5530059 -0.0589925 -0.0178870 -0.9980982 134 155 87 255
0.4960262 1.0041022 -0.5504506 -0.1557845 -0.9684107 0.1947102 138 159 91 255
-0.1054698 1.3387571 -0.0198615 -0.6214841 0.2297032 -0.7489954 0 51 87 255
-0.0669833 1.1611723 -0.1352885 -0.5802859 0.2021350 -0.7889295 0 53 88 255
-0.0948216 1.2180969 -0.0638630 -0.5789249 0.3218088 -0.7491896 0 52 88 255
0.5560676 0.4006736 0.0095584 0.9111965 -0.0779164 -0.4045368 81 142 170 255
0.7127987 0.5975594 0.2589872 0.9404453 -0.3243505 0.1017810 81 143 171 255
0.5864819 0.4395989 0.1410224 0.9089844 -0.3976678 0.1249303 78 140 169 255
0.1640240 1.5596948 0.0869081 0.4265802 0.7912484 0.4381270 0 52 87 255
0.0326480 1.5192539 0.1952417 0.0452032 0.9202669 0.3886715 83 143 170 255
0.1842505 1.5370049 0.1422498 -0.0147946 0.9485842 0.3161790 0 50 85 255
-0.1018223 0.7682819 0.3911197 -0.7900587 -0.0202250 0.6126974 0 15 29 255
-0.0771626 0.6844388 0.4581840 -0.8304588 -0.1657137 0.5318620 0 37 64 255
-0.0217952 0.8227141 0.5134418 -0.5817451 0.1465829 0.8000540 0 45 75 255
-0.3417875 1.2312871 0.3372819 -0.9144657 0.1666958 0.3687345 135 157 88 255
-0.3404561 1.1771467 0.3328464 -0.9886107 0.0874396 0.1224873 131 156 86 255
-0.2503139 1.2918457 0.3821561 -0.0800893 0.5664645 0.8201852 130 152 82 255
0.4960262 1.0041022 -0.5504506 -0.1557845 -0.9684107 0.1947102 138 159 91 255
0.4781035 1.0465792 -0.5867040 0.1945720 -0.5879897 -0.7851177 123 146 78 255
0.5259315 1.0790487 -0.5535619 -0.0485301 0.2554888 -0.9655932 104 125 56 255
-0.0057939 0.1474150 0.0935333 0.1529724 -0.6384540 -0.7543049 0 47 81 255
-0.1125635 0.1823241 0.0945251 -0.3077869 0.3187925 -0.8964590 0 42 75 255
-0.0482591 0.4272818 -0.0090744 -0.4008684 0.4375232 -0.8049086 0 32 60 255
-0.0888399 1.5754703 -0.2327635 -0.7431201 -0.0109241 -0.6690689 114 143 71 255
-0.1595861 1.4728786 -0.1348450 -0.8040378 -0.0907577 -0.5876104 68 61 59 255
-0.1640817 1.5928834 -0.1402819 -0.9880121 0.1380694 -0.0690572 0 6 18 255
-0.0175842 1.4234872 -0.1765530 -0.6400899 -0.0414270 -0.7671824 54 65 28 255
-0.1135966 1.4885619 -0.1390088 -0.3613690 -0.8170988 -0.4491793 4 5 3 255
-0.0615107 1.4967031 -0.1966994 -0.6585652 -0.5394814 -0.5246444 112 94 54 255
-0.1640817 1.5928834 -0.1402819 -0.9880121 0.1380694 -0.0690572 0 6 18 255
-0.1595861 1.4728786 -0.1348450 -0.8040378 -0.0907577 -0.5876104 68 61 59 255
-0.1737944 1.4712134 -0.0813477 -0.9885466 -0.0840026 0.1253759 103 86 49 255
-0.2503139 1.2918457 0.3821561 -0.0800893 0.5664645 0.8201852 130 152 82 255
-0.3281246 1.3573201 0.2714546 -0.8073080 0.5216123 0.2759970 140 160 95 255
-0.3417875 1.2312871 0.3372819 -0.9144657 0.1666958 0.3687345 135 157 88 255
0.6377312 0.0506228 0.2446506 0.5518031 -0.8330581 0.0390815 131 152 82 255
0.5137273 0.0907902 0.3145730 -0.0166453 0.0157786 0.9997370 112 135 76 255
0.5030442 0.0298207 0.3104579 -0.2166625 -0.7990189 0.5609157 149 166 99 255
-0.3776098 1.1367425 0.4616725 -0.3635491 0.6111835 0.7030554 142 164 98 255
-0.1803004 1.0766928 0.4615524 0.4873954 -0.1145151 0.8656397 144 168 103 255
-0.2503139 1.2918457 0.3821561 -0.2087361 0.5032655 0.8385422 140 163 93 255
-0.1595861 1.4728786 -0.1348450 -0.8040378 -0.0907577 -0.5876104 68 61 59 255
-0.1135966 1.4885619 -0.1390088 -0.3613690 -0.8170988 -0.4491793 4 5 3 255
-0.1191212 1.4528530 -0.1202385 -0.1716806 0.4923612 -0.8532914 65 52 11 255
-0.0584797 1.3338595 -0.1110623 -0.5065730 -0.8532411 -0.1239498 86 143 171 255
-0.1367494 1.4274393 -0.0147574 -0.8701427 -0.3128278 0.3807761 127 154 81 255
-0.1737944 1.4712134 -0.0813477 -0.9453081 -0.1818324 0.2707940 141 163 99 255
-0.1054698 1.3387571 -0.0198615 -0.6214841 0.2297032 -0.7489954 0 51 87 255
0.0062870 1.1831599 -0.1567118 -0.5648999 0.1953537 -0.8017014 0 52 88 255
-0.0669833 1.1611723 -0.1352885 -0.5802859 0.2021350 -0.7889295 0 53 88 255
0.0062870 1.1831599 -0.1567118 -0.5862386 0.1857651 -0.7885529 80 141 171 255
-0.1054698 1.3387571 -0.0198615 -0.7412773 0.0852207 -0.6657668 119 148 76 255
0.0117220 1.2400729 -0.1698859 -0.7840822 -0.0499636 -0.6186428 83 143 173 255
0.3909968 0.3947154 -0.1060069 -0.4926830 -0.0277958 -0.8697648 95 136 162 255
0.3853580 0.7144142 -0.0299284 -0.1469342 -0.2060093 -0.9674556 0 13 33 255
0.5960151 0.6474731 -0.0039809 0.4791020 -0.3228991 -0.8162091 14 70 113 255
-0.1417023 1.1392874 0.2407024 0.5418535 -0.5255538 -0.6558871 0 8 13 255
-0.1805278 1.0557925 0.3202045 0.6191374 -0.7617804 -0.1906820 0 54 88 255
-0.2829291 1.1191031 0.2153137 -0.1899499 -0.7076645 -0.6805365 164 125 79 255
-0.1179725 1.2082177 -0.1034272 -0.6520201 0.4694124 -0.5954174 0 52 88 255
-0.1380349 1.1601115 -0.0537322 -0.8175699 -0.0313532 -0.5749751 0 52 88 255
-0.0948216 1.2180969 -0.0638630 -0.5789249 0.3218088 -0.7491896 0 52 88 255
0.4043401 0.3807738 0.2704847 -0.4611281 -0.6849329 0.5641168 0 51 87 255
0.5786012 0.1645436 0.3108404 0.3295670 0.3185732 0.8887613 0 59 62 255
0.4918071 0.2981310 0.2028062 0.5543621 0.3150167 0.7703552 0 11 24 255
0.3854188 0.3096408 -0.1041052 -0.0778539 -0.3810094 -0.9212875 104 137 74 255
0.3853580 0.7144142 -0.0299284 -0.1469342 -0.2060093 -0.9674556 0 13 33 255
0.3909968 0.3947154 -0.1060069 -0.4926830 -0.0277958 -0.8697648 95 136 162 255
-0.1802007 0.9797872 -0.0821545 -0.9551744 -0.0448471 -0.2926271 0 59 73 255
-0.1157471 1.0473768 -0.1004212 -0.7179294 0.2682030 -0.6423739 0 60 89 255
-0.1132296 0.9670272 -0.1557124 -0.6531091 -0.0869286 -0.7522578 0 59 66 255
0.3618373 0.1046886 -0.1444561 -0.4688116 0.5437816 -0.6960728 166 88 97 255
0.3858062 0.1480117 0.0184181 -0.8528752 -0.3356103 -0.3999622 95 127 60 255
0.4700240 0.1776387 -0.0417731 0.1576017 0.7109137 -0.6853930 138 159 92 255
0.3335718 0.0740651 -0.0640700 -0.9723048 0.1068482 0.2078621 162 60 78 255
0.3858062 0.1480117 0.0184181 -0.8528752 -0.3356103 -0.3999622 95 127 60 255
0.3618373 0.1046886 -0.1444561 -0.4688116 0.5437816 -0.6960728 166 88 97 255
-0.1642653 0.7082383 0.0846984 -0.9929498 -0.1096440 -0.0450408 76 139 167 255
-0.1192833 0.6750048 0.0568721 -0.2621633 -0.8920842 -0.3680436 81 143 171 255
-0.0987612 0.6440536 0.1412160 -0.4199808 -0.8997759 0.1184037 80 142 170 255
-0.5943009 0.8459582 0.4267213 -0.4936456 0.0162802 -0.8695108 0 14 33 255
-0.5612241 0.7766901 0.3901699 -0.2033702 0.3355026 -0.9198252 0 31 63 255
-0.6287123 0.7852677 0.4194753 -0.1464359 0.5593027 -0.8159271 0 13 32 255
0.5205942 1.0719959 -0.4831393 -0.9996147 -0.0160637 -0.0226339 117 147 72 255
0.4891101 0.9620100 -0.4895594 -0.8091835 0.4129912 0.4179240 95 122 54 255
0.5065080 0.9607509 -0.4227717 -0.9446373 0.3281139 -0.0012282 127 148 74 255
-0.1595861 1.4728786 -0.1348450 -0.8040378 -0.0907577 -0.5876104 68 61 59 255
-0.1410543 1.4155523 -0.1569922 -0.5952429 0.0484146 -0.8020859 93 12 18 255
-0.1737944 1.4712134 -0.0813477 -0.9885466 -0.0840026 0.1253759 103 86 49 255
0.5560676 0.4006736 0.0095584 -0.9991279 0.0063015 -0.0412765 147 162 98 255
0.5547863 0.2473564 0.0171630 -0.9991279 0.0063015 -0.0412765 0 46 80 255
0.5546964 0.3479712 0.0346916 -0.9991279 0.0063015 -0.0412765 83 97 29 255
-0.0423323 1.5088125 0.1667993 -0.0190943 0.6912714 0.7223428 81 141 168 255
0.0093938 1.7057925 0.0590875 -0.2430767 -0.0065784 0.9699847 3 56 104 255
-0.0458852 1.5826046 0.1299045 -0.6576440 0.0104371 0.7532565 80 135 163 255
0.5205942 1.0719959 -0.4831393 -0.9996147 -0.0160637 -0.0226339 117 147 72 255
0.5065080 0.9607509 -0.4227717 -0.9446373 0.3281139 -0.0012282 127 148 74 255
0.4898936 0.9648030 -0.3439114 -0.9811507 -0.0784905 0.1765858 112 120 141 255
-0.1000839 1.4604265 0.0334318 -0.6987892 -0.1327872 -0.7028947 70 91 7 255
-0.2042853 1.4654241 0.0648191 -0.5126638 0.6303932 -0.5829066 135 159 91 255
-0.1046695 1.5171389 0.0504749 -0.3656069 0.7383596 -0.5667071 122 151 84 255
0.2237936 0.6425758 -0.1958172 0.1198952 -0.7740030 -0.6217269 182 136 112 255
0.3042337 0.5846216 -0.0204298 0.3032335 -0.8343050 -0.4604178 0 20 38 255
0.1352605 0.5577435 -0.0592282 -0.1980681 -0.9447483 -0.2611889 0 35 65 255
0.4934312 1.1102893 -0.4568541 -0.9609990 0.1524284 0.2307527 142 162 94 255
0.4960262 1.0041022 -0.5504506 -0.1557845 -0.9684107 0.1947102 138 159 91 255
0.5205942 1.0719959 -0.4831393 -0.9991575 -0.0120219 -0.0392385 140 160 93 255
-0.1640817 1.5928834 -0.1402819 -0.9880121 0.1380694 -0.0690572 0 6 18 255
-0.1631848 1.6360672 -0.1866658 -0.8753949 -0.4833903 -0.0041819 0 2 4 255
-0.0888399 1.5754703 -0.2327635 -0.7431201 -0.0109241 -0.6690689 114 143 71 255
-0.5530483 0.7020783 0.3799703 -0.0012852 0.0308731 -0.9995224 0 31 63 255
-0.6159240 0.7309883 0.3609626 0.0977051 0.4006525 -0.9110057 0 30 59 255
-0.5612241 0.7766901 0.3901699 -0.2033702 0.3355026 -0.9198252 0 31 63 255
-0.1756264 1.6334559 -0.2808611 -0.3455409 -0.9348201 0.0819329 84 117 51 255
-0.1631848 1.6360672 -0.1866658 -0.8753949 -0.4833903 -0.0041819 0 2 4 255
-0.1703955 1.6756508 -0.1565411 -0.9339155 0.3506917 -0.0694047 0 0 2 255
-0.1564494 0.8346312 0.2848251 -0.9082287 0.4167052 0.0384363 0 6 13 255
-0.1368343 0.8396942 0.3564260 -0.6890627 0.4468817 0.5705168 0 3 8 255
-0.0816456 0.8742269 0.4155567 -0.6986393 0.0807458 0.7109030 0 2 10 255
-0.1640817 1.5928834 -0.1402819 -0.9880074 0.1381396 -0.0689853 121 151 76 255
-0.1067122 1.6595662 0.0171993 -0.9386839 0.2397692 0.2477564 122 149 74 255
-0.0804342 1.6868152 0.0171974 -0.7627294 0.3778977 0.5248210 119 145 72 255
0.3002926 1.0866940 -0.2775719 -0.2285634 0.0151123 -0.9734118 81 142 172 255
0.3880864 1.1344812 -0.2835305 0.0827280 0.1366624 -0.9871573 57 120 156 255
0.3396462 0.9919400 -0.2645514 0.0960124 -0.0519511 -0.9940235 81 143 173 255
0.4802207 1.1054348 -0.2896302 -0.9807322 -0.1789883 0.0782804 118 125 108 255
0.5205942 1.0719959 -0.4831393 -0.9996147 -0.0160637 -0.0226339 117 147 72 255
0.4898936 0.9648030 -0.3439114 -0.9811507 -0.0784905 0.1765858 112 120 141 255
0.1199340 1.2155591 -0.2095845 -0.1225567 0.3012823 -0.9456261 0 7 14 255
0.1872767 1.0749977 -0.2569067 -0.1733197 0.1002178 -0.9797534 60 125 158 255
0.0546299 1.1963747 -0.1992009 -0.3685279 0.1105042 -0.9230254 82 142 170 255
0.1872767 1.0749977 -0.2569067 -0.1733197 0.1002178 -0.9797534 60 125 158 255
0.1199340 1.2155591 -0.2095845 -0.1225567 0.3012823 -0.9456261 0 7 14 255
0.2563213 1.1506035 -0.2469475 -0.1451568 0.3014939 -0.9423540 78 140 170 255
0.1797155 1.2479404 -0.1993334 0.0134367 0.4854237 -0.8741758 73 135 165 255
0.1339678 1.2660943 -0.1867154 -0.2872671 -0.1562710 -0.9450169 25 96 134 255
0.0214251 1.3158184 -0.1704724 -0.2366058 0.3509732 -0.9059997 81 142 170 255
0.4934312 1.1102893 -0.4568541 -0.9609990 0.1524284 0.2307527 142 162 94 255
0.4808811 1.1390504 -0.5079005 -0.5171722 0.7752022 -0.3627598 142 162 94 255
0.4340783 1.0350025 -0.5433362 -0.9653045 -0.1706945 0.1976124 135 155 88 255
-0.1367494 1.4274393 -0.0147574 -0.8701427 -0.3128278 0.3807761 127 154 81 255
-0.1054698 1.3387571 -0.0198615 -0.7412773 0.0852207 -0.6657668 119 148 76 255
-0.0933329 1.5004706 0.0450704 -0.9723496 -0.1521939 0.1771251 90 30 16 255
0.4808811 1.1390504 -0.5079005 -0.5171722 0.7752022 -0.3627598 142 162 94 255
0.4934312 1.1102893 -0.4568541 -0.9609990 0.1524284 0.2307527 142 162 94 255
0.5628871 1.1595586 -0.4550040 0.4081651 0.8922616 -0.1930561 144 165 95 255
-0.1703955 1.6756508 -0.1565411 -0.9339155 0.3506917 -0.0694047 0 0 2 255
-0.1631848 1.6360672 -0.1866658 -0.8753949 -0.4833903 -0.0041819 0 2 4 255
-0.0804342 1.6868152 0.0171974 -0.7664237 0.3830588 0.5156167 0 15 29 255
0.4898936 0.9648030 -0.3439114 -0.9811507 -0.0784905 0.1765858 112 120 141 255
0.5270196 1.0413372 -0.2961600 -0.0081928 -0.7686781 0.6395834 78 130 161 255
0.4802207 1.1054348 -0.2896302 -0.9807322 -0.1789883 0.0782804 118 125 108 255
0.0062870 1.1831599 -0.1567118 -0.5648999 0.1953537 -0.8017014 0 52 88 255
0.0240482 1.0794757 -0.1953833 -0.4022492 0.1293650 -0.9063445 0 59 89 255
-0.0159265 1.0619197 -0.1788599 -0.4882674 0.2485745 -0.8365439 0 58 73 255
-0.0933329 1.5004706 0.0450704 -0.9723496 -0.1521939 0.1771251 90 30 16 255
-0.1000839 1.4604265 0.0334318 -0.6987892 -0.1327872 -0.7028947 70 91 7 255
-0.0783752 1.5013894 0.0787475 -0.6240516 -0.2472083 0.7412475 111 139 65 255
-0.0973202 1.4739088 0.0467584 0.3070361 0.9141717 -0.2646109 118 138 71 255
-0.0783752 1.5013894 0.0787475 0.7511453 0.1828915 -0.6342961 124 149 80 255
-0.1000839 1.4604265 0.0334318 -0.6987892 -0.1327872 -0.7028947 70 91 7 255
-0.0783752 1.5013894 0.0787475 0.7511453 0.1828915 -0.6342961 124 149 80 255
-0.0973202 1.4739088 0.0467584 0.3070361 0.9141717 -0.2646109 118 138 71 255
-0.0933329 1.5004706 0.0450704 -0.8690243 -0.4944343 -0.0182136 120 144 78 255
-0.0933329 1.5004706 0.0450704 -0.9723496 -0.1521939 0.1771251 90 30 16 255
-0.1162351 1.6015922 0.0446928 -0.8846936 0.1548523 0.4397022 112 141 68 255
-0.1367494 1.4274393 -0.0147574 -0.8701427 -0.3128278 0.3807761 127 154 81 255
-0.1054698 1.3387571 -0.0198615 -0.7412773 0.0852207 -0.6657668 119 148 76 255
-0.0998291 1.4393334 0.0576532 -0.6568153 0.3466029 -0.6696717 88 114 34 255
-0.1000839 1.4604265 0.0334318 -0.6987892 -0.1327872 -0.7028947 70 91 7 255
0.5065080 0.9607509 -0.4227717 -0.9446373 0.3281139 -0.0012282 127 148 74 255
0.4715217 0.9308715 -0.4311373 -0.9598477 0.1844827 0.2113259 126 147 73 255
0.4898936 0.9648030 -0.3439114 -0.9811507 -0.0784905 0.1765858 112 120 141 255
0.4715217 0.9308715 -0.4311373 -0.9598477 0.1844827 0.2113259 126 147 73 255
0.4897128 0.8804875 -0.3636515 -0.4145509 -0.5970902 0.6867536 175 168 168 255
0.4898936 0.9648030 -0.3439114 -0.9811507 -0.0784905 0.1765858 112 120 141 255
-0.0816456 0.8742269 0.4155567 -0.6986393 0.0807458 0.7109030 0 2 10 255
-0.0217952 0.8227141 0.5134418 -0.5817451 0.1465829 0.8000540 0 45 75 255
0.0872356 0.9387566 0.5479228 -0.0798037 0.0765569 0.9938664 0 49 81 255
0.4689862 0.8531153 -0.2230046 0.4536306 -0.1119443 -0.8841311 72 131 163 255
0.2419242 0.8367233 -0.2726843 -0.0431296 -0.0964549 -0.9944025 77 140 169 255
0.3396462 0.9919400 -0.2645514 0.0960124 -0.0519511 -0.9940235 81 143 173 255
0.4898936 0.9648030 -0.3439114 -0.9811507 -0.0784905 0.1765858 112 120 141 255
0.4897128 0.8804875 -0.3636515 -0.4145509 -0.5970902 0.6867536 175 168 168 255
0.5624214 0.9711304 -0.3294270 0.4582505 -0.4761434 0.7505291 64 84 122 255
0.5473396 0.9268545 -0.3752978 0.7505661 -0.6506473 0.1153622 106 138 161 255
0.5624214 0.9711304 -0.3294270 0.4582505 -0.4761434 0.7505291 64 84 122 255
0.4897128 0.8804875 -0.3636515 -0.4145509 -0.5970902 0.6867536 175 168 168 255
0.1564883 1.3882752 -0.1209366 -0.1123549 0.4943610 -0.8619649 0 53 89 255
0.1522282 1.4689018 -0.0809166 0.3580686 0.4131110 -0.8373327 59 69 13 255
0.1978909 1.4785834 -0.0721743 -0.3295793 0.1249138 -0.9358280 0 61 87 255
-0.3417875 1.2312871 0.3372819 -0.9144657 0.1666958 0.3687345 135 157 88 255
-0.3478800 1.1659107 0.2728155 -0.9055800 -0.3465379 -0.2446153 136 156 90 255
-0.3404561 1.1771467 0.3328464 -0.9886107 0.0874396 0.1224873 131 156 86 255
-0.1015059 1.3436671 -0.1838791 -0.6216913 -0.7347704 -0.2713162 13 71 120 255
-0.0584797 1.3338595 -0.1110623 -0.5065730 -0.8532411 -0.1239498 86 143 171 255
-0.1737944 1.4712134 -0.0813477 -0.9453081 -0.1818324 0.2707940 141 163 99 255
0.3975924 0.7536949 -0.2140563 0.2073622 -0.2689346 -0.9405717 10 10 11 255
0.2006179 0.7277580 -0.2379916 0.1034353 -0.3710697 -0.9228265 115 111 112 255
0.2419242 0.8367233 -0.2726843 -0.0431296 -0.0964549 -0.9944025 77 140 169 255
0.5270196 1.0413372 -0.2961600 -0.0081928 -0.7686781 0.6395834 78 130 161 255
0.4898936 0.9648030 -0.3439114 -0.9811507 -0.0784905 0.1765858 112 120 141 255
0.5624214 0.9711304 -0.3294270 0.4582505 -0.4761434 0.7505291 64 84 122 255
0.0822941 0.7730097 0.1116588 -0.6084456 -0.7456500 -0.2716616 0 9 24 255
0.0204245 0.7341253 0.0761306 -0.4871215 -0.6578107 0.5744542 0 1 5 255
0.0732421 0.6653644 0.0170162 -0.8564983 -0.0422448 0.5144181 0 41 72 255
-0.0311567 1.5276695 -0.2419579 -0.1471111 -0.2117190 -0.9661953 48 38 27 255
-0.0191122 1.4577297 -0.2259085 -0.3518980 -0.6514539 -0.6721427 2 1 2 255
-0.1056839 1.5391375 -0.2658217 -0.3163372 -0.2407065 -0.9176008 33 40 25 255
-0.4333159 1.1049898 0.4428642 -0.5755544 0.8070485 0.1319462 0 0 0 255
-0.3776098 1.1367425 0.4616725 -0.2389067 0.6807072 0.6925038 0 0 0 255
-0.5356365 1.0266323 0.3807628 -0.8002154 0.4914297 -0.3437325 0 5 14 255
-0.1309873 1.4837999 -0.1960337 -0.6588376 -0.6406498 -0.3943358 0 0 0 255
-0.1056839 1.5391375 -0.2658217 -0.3163372 -0.2407065 -0.9176008 33 40 25 255
-0.0191122 1.4577297 -0.2259085 -0.3518980 -0.6514539 -0.6721427 2 1 2 255
-0.0888399 1.5754703 -0.2327635 -0.7431201 -0.0109241 -0.6690689 114 143 71 255
-0.0311567 1.5276695 -0.2419579 -0.1471111 -0.2117190 -0.9661953 48 38 27 255
-0.1056839 1.5391375 -0.2658217 -0.3163372 -0.2407065 -0.9176008 33 40 25 255
-0.0933329 1.5004706 0.0450704 -0.9723496 -0.1521939 0.1771251 90 30 16 255
-0.1046695 1.5171389 0.0504749 -0.5061183 0.6863925 -0.5222161 81 34 9 255
-0.1162351 1.6015922 0.0446928 -0.8846936 0.1548523 0.4397022 112 141 68 255
-0.0973202 1.4739088 0.0467584 -0.4231696 0.0059866 -0.9060307 86 19 11 255
-0.1046695 1.5171389 0.0504749 -0.5061183 0.6863925 -0.5222161 81 34 9 255
-0.0933329 1.5004706 0.0450704 -0.9723496 -0.1521939 0.1771251 90 30 16 255
-0.0998291 1.4393334 0.0576532 -0.6568153 0.3466029 -0.6696717 88 114 34 255
-0.2042853 1.4654241 0.0648191 -0.5126638 0.6303932 -0.5829066 135 159 91 255
-0.1000839 1.4604265 0.0334318 -0.6987892 -0.1327872 -0.7028947 70 91 7 255
0.2048868 1.6888159 -0.2307513 0.3546988 0.9219666 -0.1554558 0 0 0 255
-0.0707186 1.7820076 -0.3748772 0.2321573 0.9705144 -0.0648448 0 52 87 255
0.1587497 1.7676077 0.0932090 0.2124114 0.9719639 -0.1008345 0 0 0 255
0.6538445 1.2025662 -0.0236371 0.8312007 -0.2725285 0.4845965 128 151 92 255
0.6326307 1.1947861 -0.2784674 0.9381881 0.1809835 -0.2950392 64 57 26 255
0.6344754 1.2501900 -0.2627480 0.7359283 0.5764977 -0.3550493 147 167 100 255
0.0873019 0.7467353 0.0684478 -0.5766888 -0.6945884 0.4300898 77 140 170 255
0.0893227 0.7585636 0.0804193 0.3738641 -0.8062253 0.4585046 78 141 170 255
0.0822941 0.7730097 0.1116588 -0.3941658 0.0947832 -0.9141387 80 142 171 255
-0.0311567 1.5276695 -0.2419579 -0.1471111 -0.2117190 -0.9661953 48 38 27 255
-0.0888399 1.5754703 -0.2327635 -0.7431201 -0.0109241 -0.6690689 114 143 71 255
-0.0305403 1.6001294 -0.2708933 -0.3850079 -0.8584730 -0.3388110 102 130 63 255
0.1587497 1.7676077 0.0932090 0.2124114 0.9719639 -0.1008345 0 0 0 255
-0.0707186 1.7820076 -0.3748772 0.2321573 0.9705144 -0.0648448 0 52 87 255
-0.1600882 1.7875543 -0.0502598 0.0977448 0.9949757 -0.0216591 0 0 0 255
0.4845868 0.6902885 -0.1183207 0.0857189 -0.8486876 -0.5219018 78 140 171 255
0.5017217 0.7805878 -0.1653063 0.7202746 -0.2504295 -0.6469077 8 10 10 255
0.6091779 0.8129625 -0.0490763 0.5712749 -0.2680452 -0.7757558 8 10 11 255
0.0704683 1.6717561 -0.2989495 0.2888486 -0.6731533 -0.6807579 0 62 95 255
-0.0581573 1.6583350 -0.3049710 -0.2377020 0.0341563 -0.9707374 0 8 19 255
-0.0707186 1.7820076 -0.3748772 -0.2535012 -0.5530217 -0.7936651 0 59 92 255
-0.0575997 1.0868741 -0.1411927 -0.5139206 0.1091589 -0.8508642 0 54 88 255
-0.0159265 1.0619197 -0.1788599 -0.4882674 0.2485745 -0.8365439 0 58 73 255
-0.1157471 1.0473768 -0.1004212 -0.7179294 0.2682030 -0.6423739 0 60 89 255
-0.1354300 0.7580078 0.0805538 -0.9478572 -0.1988701 -0.2490330 70 104 46 255
-0.1564494 0.8346312 0.2848251 -0.9869547 -0.0822828 0.1383824 71 104 46 255
-0.1507813 0.8165929 0.0659616 -0.9495117 -0.0986747 -0.2978100 14 22 13 255
-0.1756264 1.6334559 -0.2808611 -0.2824766 0.7247903 -0.6283996 80 141 169 255
-0.0581573 1.6583350 -0.3049710 -0.2377020 0.0341563 -0.9707374 0 8 19 255
0.0080556 1.5850413 -0.3412392 0.0931643 0.5079191 -0.8563519 0 13 24 255
-0.3869892 1.1307746 0.3470180 -0.6620917 0.6856236 -0.3025801 0 7 18 255
-0.5356365 1.0266323 0.3807628 -0.8002154 0.4914297 -0.3437325 0 5 14 255
-0.3776098 1.1367425 0.4616725 -0.2389067 0.6807072 0.6925038 0 0 0 255
0.3042337 0.5846216 -0.0204298 -0.3227927 -0.0689643 -0.9439538 0 40 72 255
0.2039856 0.4955972 0.0621936 0.1170994 -0.7323248 -0.6708115 0 52 88 255
0.1352605 0.5577435 -0.0592282 0.0835906 -0.7516947 -0.6541923 0 50 85 255
-0.4805080 0.7496083 0.4048564 0.5152326 -0.5647075 0.6447021 0 33 63 255
-0.4999048 0.7139865 0.3736951 0.0451919 -0.3856199 -0.9215503 0 21 45 255
-0.4439613 0.7449514 0.3741214 0.8661149 -0.4509845 -0.2155415 109 136 61 255
-0.1124879 0.7007109 0.1272352 -0.7339339 -0.5128069 0.4453876 73 136 165 255
-0.0987612 0.6440536 0.1412160 -0.4199808 -0.8997759 0.1184037 80 142 170 255
-0.0483268 0.6764661 0.1606805 0.1852886 -0.9823121 0.0270373 82 142 170 255
-0.0483268 0.6764661 0.1606805 0.1852886 -0.9823121 0.0270373 82 142 170 255
-0.0122935 0.7077873 0.0818861 0.4587285 -0.6696281 -0.5840945 82 143 172 255
0.0440696 0.7554116 0.1254003 0.5342939 -0.3714858 -0.7592946 82 143 171 255
-0.3404561 1.1771467 0.3328464 -0.6271064 0.7721711 -0.1024176 0 48 81 255
-0.3951851 1.0558366 0.3126600 -0.4655388 0.1873623 -0.8649676 0 5 15 255
-0.3869892 1.1307746 0.3470180 -0.6620917 0.6856236 -0.3025801 0 7 18 255
0.5824231 0.1137712 -0.0650380 0.8718342 0.4074816 -0.2717791 145 164 95 255
0.4700240 0.1776387 -0.0417731 0.1576017 0.7109137 -0.6853930 138 159 92 255
0.5794140 0.1679725 0.0538042 0.8674570 0.2723269 -0.4163608 107 105 63 255
-0.0839144 0.6392286 0.2364776 -0.9811264 0.1626409 0.1045900 75 135 168 255
-0.0771626 0.6844388 0.4581840 -0.8304588 -0.1657137 0.5318620 0 37 64 255
-0.0926176 0.6256364 0.3481786 0.2223704 -0.9700653 -0.0975952 29 98 136 255
0.3975924 0.7536949 -0.2140563 0.2073622 -0.2689346 -0.9405717 10 10 11 255
0.4689862 0.8531153 -0.2230046 0.4536306 -0.1119443 -0.8841311 72 131 163 255
0.5017217 0.7805878 -0.1653063 0.7202746 -0.2504295 -0.6469077 8 10 10 255
-0.1703955 1.6756508 -0.1565411 -0.9339155 0.3506917 -0.0694047 0 0 2 255
-0.0804342 1.6868152 0.0171974 -0.7664237 0.3830588 0.5156167 0 15 29 255
-0.1325999 1.7359607 -0.0831673 -0.9404484 -0.2358292 0.2448296 0 39 70 255
-0.3404561 1.1771467 0.3328464 -0.9886107 0.0874396 0.1224873 131 156 86 255
-0.3776098 1.1367425 0.4616725 -0.5661074 0.6404690 0.5189623 111 137 68 255
-0.2503139 1.2918457 0.3821561 -0.0800893 0.5664645 0.8201852 130 152 82 255
-0.3776098 1.1367425 0.4616725 -0.3635491 0.6111835 0.7030554 142 164 98 255
-0.4333159 1.1049898 0.4428642 -0.5848771 0.6808566 0.4408548 6 3 2 255
-0.5253526 0.9500412 0.4955175 0.1869320 0.0928621 0.9779739 0 47 82 255
-0.1410543 1.4155523 -0.1569922 -0.5952429 0.0484146 -0.8020859 93 12 18 255
-0.0887297 1.4268438 -0.1855443 -0.1561974 0.6911671 -0.7056134 84 97 36 255
-0.0142068 1.3925465 -0.2025473 0.2043368 -0.3228315 -0.9241355 72 100 33 255
0.5458320 0.9294490 -0.4707987 0.7454020 -0.5983150 -0.2939304 112 144 94 255
0.4937133 0.9208653 -0.5286639 0.5794473 -0.5912485 -0.5609511 127 152 83 255
0.6087600 1.0560560 -0.4870465 0.9546412 -0.0746730 -0.2882429 81 142 171 255
-0.6802002 0.7776529 0.4191453 -0.2255777 0.2346918 -0.9455340 0 1 2 255
-0.6167060 0.9612625 0.4307573 -0.3942713 0.3339124 -0.8561850 0 0 0 255
-0.6240107 0.8715515 0.4445951 0.0392590 0.0611930 -0.9973535 0 2 7 255
-0.1600882 1.7875543 -0.0502598 -0.6891698 -0.6079012 0.3943362 10 41 61 255
-0.1923987 1.8022560 -0.2492058 -0.8129606 -0.5689806 -0.1239199 0 13 25 255
-0.1325999 1.7359607 -0.0831673 -0.9404458 -0.2358964 0.2447745 74 135 165 255
0.3877791 1.4003741 -0.1134951 -0.9900604 0.0137432 0.1399693 70 133 166 255
0.4847857 1.2834684 -0.1897576 -0.2767188 -0.4213121 -0.8636683 61 122 156 255
0.4188682 1.2437089 -0.1106675 -0.7941445 -0.5878717 -0.1540823 47 119 149 255
-0.1203316 0.2427388 0.3194292 -0.8964346 0.1874973 0.4015591 78 139 172 255
-0.0188659 0.2670690 0.4296911 -0.0229974 0.3470705 0.9375571 82 143 174 255
-0.0799669 0.5071889 0.2886522 -0.7801142 -0.1208147 0.6138613 67 132 163 255
0.4802207 1.1054348 -0.2896302 -0.9807322 -0.1789883 0.0782804 118 125 108 255
0.4914318 1.1687595 -0.3668177 -0.7147689 0.6174883 -0.3283499 116 141 73 255
0.4934312 1.1102893 -0.4568541 -0.9343940 -0.0491414 0.3528355 65 90 23 255
0.4914318 1.1687595 -0.3668177 -0.5851274 0.6256067 -0.5159867 143 164 94 255
0.5643791 1.2695699 -0.2456276 -0.1803841 0.7914771 -0.5839738 147 166 101 255
0.5620807 1.1804066 -0.3608325 0.3401919 0.8060062 -0.4843794 6 8 4 255
-0.5090328 0.7996991 0.3731849 -0.3461614 0.0684647 -0.9356736 0 32 63 255
-0.4999048 0.7139865 0.3736951 0.0451791 -0.3855806 -0.9215674 0 32 63 255
-0.5530483 0.7020783 0.3799703 -0.0012852 0.0308731 -0.9995224 0 31 63 255
0.0754710 0.9954859 -0.2281802 -0.3281760 -0.0196334 -0.9444126 0 8 19 255
0.0225250 0.9946524 -0.2029459 -0.4706485 -0.0377416 -0.8815132 19 37 51 255
0.0240482 1.0794757 -0.1953833 -0.4019333 0.1289635 -0.9065419 81 142 171 255
0.5620807 1.1804066 -0.3608325 0.3401919 0.8060062 -0.4843794 6 8 4 255
0.5628871 1.1595586 -0.4550040 0.4081651 0.8922616 -0.1930561 144 165 95 255
0.4914318 1.1687595 -0.3668177 -0.5851274 0.6256067 -0.5159867 143 164 94 255
0.4914318 1.1687595 -0.3668177 -0.7147689 0.6174883 -0.3283499 116 141 73 255
0.4802207 1.1054348 -0.2896302 -0.9807322 -0.1789883 0.0782804 118 125 108 255
0.4870919 1.2274013 -0.2171643 -0.8590030 0.4977776 -0.1197138 98 125 60 255
0.1100196 0.7241289 -0.2090523 -0.5467011 -0.3492097 -0.7610326 0 9 18 255
0.0879074 0.7684745 -0.2082760 -0.5108640 -0.1702437 -0.8426358 0 9 20 255
0.1557080 0.7572634 -0.2482350 -0.3133105 -0.2287594 -0.9216864 0 9 20 255
-0.0009280 0.6666849 -0.0617106 -0.6117436 -0.6988238 0.3706957 0 39 71 255
0.1352605 0.5577435 -0.0592282 -0.1980681 -0.9447483 -0.2611889 0 35 65 255
0.0732421 0.6653644 0.0170162 -0.8564983 -0.0422448 0.5144181 0 41 72 255
0.5320855 1.1840337 -0.0258677 -0.2722661 -0.7222509 0.6357868 85 120 103 255
0.6538445 1.2025662 -0.0236371 0.8312007 -0.2725285 0.4845965 128 151 92 255
0.4464828 1.2800744 0.0268209 -0.3350424 -0.3979021 0.8540612 84 144 172 255
0.6326307 1.1947861 -0.2784674 0.9381881 0.1809835 -0.2950392 64 57 26 255
0.6087600 1.0560560 -0.4870465 0.9546412 -0.0746730 -0.2882429 81 142 171 255
0.5620807 1.1804066 -0.3608325 0.3401919 0.8060062 -0.4843794 6 8 4 255
0.3002926 1.0866940 -0.2775719 -0.2285634 0.0151123 -0.9734118 81 142 172 255
0.3396462 0.9919400 -0.2645514 0.0960124 -0.0519511 -0.9940235 81 143 173 255
0.2563213 1.1506035 -0.2469475 -0.1451568 0.3014939 -0.9423540 78 140 170 255
0.5224758 0.1409504 0.3106563 -0.2293841 -0.2956554 0.9273462 126 150 78 255
0.6323053 0.1093439 0.2245424 0.9528164 0.2499465 0.1722429 112 133 74 255
0.6110021 0.1762366 0.2065904 0.7673371 -0.2077331 0.6066636 142 161 93 255
0.5786012 0.1645436 0.3108404 0.3295670 0.3185732 0.8887613 0 59 62 255
0.6322979 0.1815582 0.1573246 0.9935888 0.0999735 -0.0527906 78 140 169 255
0.5864819 0.4395989 0.1410224 0.9089844 -0.3976678 0.1249303 78 140 169 255
-0.0388652 0.6803528 0.1855495 -0.1051826 0.0078426 0.9944220 81 142 170 255
-0.0712403 0.6874118 0.1897266 -0.4636709 0.8705435 0.1648134 81 142 170 255
-0.0926176 0.6256364 0.3481786 0.2223704 -0.9700653 -0.0975952 29 98 136 255
0.5270196 1.0413372 -0.2961600 -0.0081928 -0.7686781 0.6395834 78 130 161 255
0.5062615 1.1080722 -0.2059720 -0.7155963 -0.6079311 0.3440080 6 41 67 255
0.4802207 1.1054348 -0.2896302 -0.9807322 -0.1789883 0.0782804 118 125 108 255
-0.1354300 0.7580078 0.0805538 -0.9618068 0.1724283 -0.2125938 11 71 105 255
-0.1642653 0.7082383 0.0846984 -0.9929498 -0.1096440 -0.0450408 76 139 167 255
-0.1124879 0.7007109 0.1272352 -0.7339339 -0.5128069 0.4453876 73 136 165 255
0.5270196 1.0413372 -0.2961600 -0.0081928 -0.7686781 0.6395834 78 130 161 255
0.5624214 0.9711304 -0.3294270 0.4582505 -0.4761434 0.7505291 64 84 122 255
0.6020030 1.0662500 -0.3219082 0.9036871 -0.3986140 0.1563852 82 142 172 255
0.4196032 0.2648127 -0.0682261 0.2144523 -0.5809597 -0.7851726 87 123 67 255
0.4068547 0.2048159 -0.0163376 -0.0430602 -0.4440988 -0.8949425 99 128 66 255
0.3209132 0.2440473 -0.0580914 -0.2326107 -0.6602413 -0.7141244 121 149 81 255
0.5624214 0.9711304 -0.3294270 0.4582505 -0.4761434 0.7505291 64 84 122 255
0.5982324 0.9927450 -0.4140294 0.9126725 -0.4069645 0.0375358 82 142 171 255
0.6020030 1.0662500 -0.3219082 0.9036871 -0.3986140 0.1563852 82 142 172 255
0.4960262 1.0041022 -0.5504506 -0.1557845 -0.9684107 0.1947102 138 159 91 255
0.4934312 1.1102893 -0.4568541 -0.9609990 0.1524284 0.2307527 142 162 94 255
0.4340783 1.0350025 -0.5433362 -0.9653045 -0.1706945 0.1976124 135 155 88 255
0.7247657 0.9610956 0.0243242 0.9175901 0.1976076 -0.3449338 82 143 173 255
0.6479434 0.9305881 -0.1065266 0.6218907 0.2376809 -0.7461634 81 143 173 255
0.6609205 0.9909500 0.0213621 0.7796875 0.1651547 -0.6039960 81 144 174 255
0.0754710 0.9954859 -0.2281802 -0.3281760 -0.0196334 -0.9444126 0 8 19 255
0.2419242 0.8367233 -0.2726843 -0.0431296 -0.0964549 -0.9944025 77 140 169 255
0.0879074 0.7684745 -0.2082760 -0.5108640 -0.1702437 -0.8426358 0 9 20 255
-0.0669833 1.1611723 -0.1352885 -0.5802859 0.2021350 -0.7889295 0 53 88 255
-0.1380349 1.1601115 -0.0537322 -0.8175699 -0.0313532 -0.5749751 0 52 88 255
-0.1179725 1.2082177 -0.1034272 -0.6520201 0.4694124 -0.5954174 0 52 88 255
-0.0669833 1.1611723 -0.1352885 -0.5802859 0.2021350 -0.7889295 0 53 88 255
-0.1157471 1.0473768 -0.1004212 -0.7179294 0.2682030 -0.6423739 0 60 89 255
-0.1380349 1.1601115 -0.0537322 -0.8175699 -0.0313532 -0.5749751 0 52 88 255
-0.1132296 0.9670272 -0.1557124 -0.6443102 -0.0997069 -0.7582366 79 140 169 255
-0.0159265 1.0619197 -0.1788599 -0.4895295 0.2426221 -0.8375533 81 141 169 255
-0.0264941 0.9787100 -0.1994898 -0.1765123 -0.0193832 -0.9841076 80 141 170 255
0.6326307 1.1947861 -0.2784674 0.9381881 0.1809835 -0.2950392 64 57 26 255
0.6020030 1.0662500 -0.3219082 0.9036871 -0.3986140 0.1563852 82 142 172 255
0.6087600 1.0560560 -0.4870465 0.9546412 -0.0746730 -0.2882429 81 142 171 255
0.1100196 0.7241289 -0.2090523 -0.5467011 -0.3492097 -0.7610326 0 9 18 255
0.1215242 0.6544968 -0.1882832 -0.4463366 -0.6383493 -0.6271315 28 21 27 255
-0.0009280 0.6666849 -0.0617106 -0.6117436 -0.6988238 0.3706957 0 39 71 255
-0.3951851 1.0558366 0.3126600 -0.4655388 0.1873623 -0.8649676 0 5 15 255
-0.5356365 1.0266323 0.3807628 -0.8002154 0.4914297 -0.3437325 0 5 14 255
-0.3869892 1.1307746 0.3470180 -0.6620917 0.6856236 -0.3025801 0 7 18 255
0.5062615 1.1080722 -0.2059720 -0.7155963 -0.6079311 0.3440080 6 41 67 255
0.5270196 1.0413372 -0.2961600 -0.0081928 -0.7686781 0.6395834 78 130 161 255
0.5320855 1.1840337 -0.0258677 -0.2722661 -0.7222509 0.6357868 85 120 103 255
-0.1923987 1.8022560 -0.2492058 -0.8129606 -0.5689806 -0.1239199 0 13 25 255
-0.0707186 1.7820076 -0.3748772 -0.2535012 -0.5530217 -0.7936651 0 59 92 255
-0.1188871 1.7570117 -0.3260882 -0.6993905 -0.4315079 -0.5697841 0 13 25 255
0.4196032 0.2648127 -0.0682261 0.2144523 -0.5809597 -0.7851726 87 123 67 255
0.3854188 0.3096408 -0.1041052 -0.0778539 -0.3810094 -0.9212875 104 137 74 255
0.4464997 0.3320269 -0.0998719 0.5694733 -0.1147261 -0.8139644 53 123 157 255
0.3975924 0.7536949 -0.2140563 0.2073622 -0.2689346 -0.9405717 10 10 11 255
0.3819908 0.6763768 -0.1712992 0.7418908 -0.6447016 -0.1842763 70 135 170 255
0.2006179 0.7277580 -0.2379916 0.1034353 -0.3710697 -0.9228265 115 111 112 255
0.0921384 0.1294988 0.2932584 0.9400592 -0.2330537 -0.2489471 0 32 62 255
0.0074803 0.1023294 0.1737258 0.8765091 -0.1210191 -0.4659252 0 32 60 255
0.0886112 0.1563980 0.2583272 0.8444097 -0.4722988 -0.2527964 0 34 63 255
0.7245065 0.8926716 0.2071750 0.9717814 0.0786829 0.2223736 82 142 170 255
0.7448641 1.0673975 0.1181896 0.9247869 0.3514354 0.1458162 82 142 171 255
0.6925296 0.9847301 0.1684635 0.8677110 0.1992871 0.4553705 11 73 113 255
-0.1046695 1.5171389 0.0504749 -0.7158629 -0.0503503 0.6964232 111 149 170 255
-0.0759772 1.5141278 0.0797508 -0.7887939 0.1317212 0.6003778 81 141 169 255
-0.1162351 1.6015922 0.0446928 -0.6583778 0.1385460 0.7398269 172 169 173 255
0.4166778 0.1128872 0.2296932 -0.7003325 -0.3278360 0.6340805 1 59 62 255
0.5224758 0.1409504 0.3106563 -0.2545867 -0.0803737 0.9637042 0 59 62 255
0.3323680 0.4535471 0.2323282 -0.2184309 -0.9349666 -0.2795089 0 52 87 255
-0.2042853 1.4654241 0.0648191 -0.5126638 0.6303932 -0.5829066 135 159 91 255
-0.0759772 1.5141278 0.0797508 -0.2489543 0.7844037 -0.5680954 135 159 92 255
-0.1046695 1.5171389 0.0504749 -0.3656069 0.7383596 -0.5667071 122 151 84 255
-0.0759772 1.5141278 0.0797508 -0.2489543 0.7844037 -0.5680954 135 159 92 255
-0.2042853 1.4654241 0.0648191 -0.5126638 0.6303932 -0.5829066 135 159 91 255
-0.0458852 1.5826046 0.1299045 -0.7390356 0.6513096 0.1721108 134 56 32 255
0.5643791 1.2695699 -0.2456276 -0.1803841 0.7914771 -0.5839738 147 166 101 255
0.6326307 1.1947861 -0.2784674 0.9381881 0.1809835 -0.2950392 64 57 26 255
0.5620807 1.1804066 -0.3608325 0.3401919 0.8060062 -0.4843794 6 8 4 255
-0.1410543 1.4155523 -0.1569922 -0.5952429 0.0484146 -0.8020859 93 12 18 255
-0.1595861 1.4728786 -0.1348450 -0.8040378 -0.0907577 -0.5876104 68 61 59 255
-0.1191212 1.4528530 -0.1202385 -0.1716806 0.4923612 -0.8532914 65 52 11 255
0.4914318 1.1687595 -0.3668177 -0.7147689 0.6174883 -0.3283499 116 141 73 255
0.4870919 1.2274013 -0.2171643 -0.8590030 0.4977776 -0.1197138 98 125 60 255
0.5643791 1.2695699 -0.2456276 -0.1727729 0.8097965 -0.5606952 114 140 75 255
0.4129430 1.0085168 0.5134294 0.2764363 0.1972842 0.9405646 125 153 78 255
0.6748074 1.0648093 0.3383844 0.8341106 0.2693709 0.4813510 16 20 16 255
0.4369236 1.2414772 0.4220073 0.2910643 0.5439603 0.7870126 76 137 168 255
0.5859207 1.4119460 -0.1036894 0.8302894 0.5428150 0.1263787 122 152 75 255
0.6538445 1.2025662 -0.0236371 0.8312007 -0.2725285 0.4845965 128 151 92 255
0.6344754 1.2501900 -0.2627480 0.7359283 0.5764977 -0.3550493 147 167 100 255
-0.0425836 0.6629465 -0.0710366 -0.3917854 -0.9006653 -0.1878993 0 41 73 255
-0.1008703 0.7019805 0.0001562 -0.9135068 -0.4019339 -0.0628851 0 4 12 255
-0.0343157 0.7419840 -0.1077569 -0.7180831 -0.3108530 -0.6226775 0 37 67 255
-0.1087357 0.8976063 0.4125221 -0.9099975 -0.0578787 0.4105539 0 8 18 255
-0.2406079 1.2097514 0.1007144 -0.9857184 -0.0225961 0.1668794 0 52 87 255
-0.1564494 0.8346312 0.2848251 -0.9869547 -0.0822828 0.1383824 71 104 46 255
-0.0425836 0.6629465 -0.0710366 -0.3917854 -0.9006653 -0.1878993 0 41 73 255
-0.0847582 0.6733733 -0.0102341 -0.4048897 -0.8903505 0.2081838 0 8 19 255
-0.1008703 0.7019805 0.0001562 -0.9135068 -0.4019339 -0.0628851 0 4 12 255
0.0326480 1.5192539 0.1952417 0.0452032 0.9202669 0.3886715 83 143 170 255
-0.0423323 1.5088125 0.1667993 -0.0190943 0.6912714 0.7223428 81 141 168 255
-0.1082844 1.4851826 0.2681425 -0.1950431 0.7745389 0.6017038 84 144 172 255
0.4852449 1.1567084 -0.1893857 -0.9311140 -0.2373337 0.2769464 66 129 157 255
0.4870919 1.2274013 -0.2171643 -0.8590030 0.4977776 -0.1197138 98 125 60 255
0.4802207 1.1054348 -0.2896302 -0.9807322 -0.1789883 0.0782804 118 125 108 255
0.4802207 1.1054348 -0.2896302 -0.9807322 -0.1789883 0.0782804 118 125 108 255
0.5062615 1.1080722 -0.2059720 -0.7155963 -0.6079311 0.3440080 6 41 67 255
0.4852449 1.1567084 -0.1893857 -0.9311140 -0.2373337 0.2769464 66 129 157 255
-0.0343157 0.7419840 -0.1077569 -0.7180831 -0.3108530 -0.6226775 0 37 67 255
-0.0649761 0.8586891 -0.1393311 -0.6802390 -0.3905579 -0.6202737 0 3 7 255
0.0879074 0.7684745 -0.2082760 -0.5108640 -0.1702437 -0.8426358 0 9 20 255
-0.0343157 0.7419840 -0.1077569 -0.7180831 -0.3108530 -0.6226775 0 37 67 255
-0.0009280 0.6666849 -0.0617106 -0.6117436 -0.6988238 0.3706957 0 39 71 255
-0.0425836 0.6629465 -0.0710366 -0.3917854 -0.9006653 -0.1878993 0 41 73 255
0.5320855 1.1840337 -0.0258677 -0.2722661 -0.7222509 0.6357868 85 120 103 255
0.5270196 1.0413372 -0.2961600 -0.0081928 -0.7686781 0.6395834 78 130 161 255
0.6538445 1.2025662 -0.0236371 0.8312007 -0.2725285 0.4845965 128 151 92 255
-0.0343157 0.7419840 -0.1077569 -0.7180831 -0.3108530 -0.6226775 0 37 67 255
-0.1507813 0.8165929 0.0659616 -0.9175459 -0.2384044 -0.3182341 0 2 7 255
-0.0649761 0.8586891 -0.1393311 -0.6802390 -0.3905579 -0.6202737 0 3 7 255
-0.1691552 0.7391711 0.3369367 -0.8523169 -0.3222001 0.4119989 95 120 50 255
-0.0926176 0.6256364 0.3481786 0.2223704 -0.9700653 -0.0975952 29 98 136 255
-0.0771626 0.6844388 0.4581840 -0.8304588 -0.1657137 0.5318620 0 37 64 255
0.6538445 1.2025662 -0.0236371 0.8312007 -0.2725285 0.4845965 128 151 92 255
0.5270196 1.0413372 -0.2961600 -0.0081928 -0.7686781 0.6395834 78 130 161 255
0.6020030 1.0662500 -0.3219082 0.9036871 -0.3986140 0.1563852 82 142 172 255
0.0225250 0.9946524 -0.2029459 -0.4706485 -0.0377416 -0.8815132 19 37 51 255
-0.0102428 1.0692295 -0.1944935 -0.3614431 -0.0533066 -0.9308692 82 142 170 255
0.0240482 1.0794757 -0.1953833 -0.4019333 0.1289635 -0.9065419 81 142 171 255
-0.0584797 1.3338595 -0.1110623 -0.5065730 -0.8532411 -0.1239498 86 143 171 255
-0.1015059 1.3436671 -0.1838791 -0.6216913 -0.7347704 -0.2713162 13 71 120 255
0.0048019 1.3239726 -0.1336434 0.2110112 -0.7566537 -0.6188290 85 145 174 255
0.4322275 1.5599069 0.0482910 0.9435433 0.1845433 0.2750816 83 144 173 255
0.4464828 1.2800744 0.0268209 -0.3350424 -0.3979021 0.8540612 84 144 172 255
0.5457674 1.3811452 0.0413883 0.4979654 0.2692421 0.8243417 27 111 145 255
-0.1372272 0.4638256 0.1710660 -0.9746357 0.1920096 0.1149682 29 84 121 255
-0.0799669 0.5071889 0.2886522 -0.5514712 -0.5910833 0.5886427 82 143 173 255
-0.0771626 0.6844388 0.4581840 -0.8304588 -0.1657137 0.5318620 0 37 64 255
0.5547863 0.2473564 0.0171630 0.7708725 -0.0782211 -0.6321687 72 100 27 255
0.4885863 0.2405823 -0.0238678 0.3066200 -0.2349071 -0.9223898 113 139 99 255
0.5191737 0.2992267 -0.0448315 0.6660678 -0.2098328 -0.7157680 66 130 162 255
0.0735036 0.7190744 0.0124166 -0.8041427 -0.5938620 0.0261265 0 41 72 255
-0.0425836 0.6629465 -0.0710366 -0.3917854 -0.9006653 -0.1878993 0 41 73 255
-0.0009280 0.6666849 -0.0617106 -0.6117436 -0.6988238 0.3706957 0 39 71 255
-0.0425836 0.6629465 -0.0710366 -0.3917854 -0.9006653 -0.1878993 0 41 73 255
0.0735036 0.7190744 0.0124166 -0.8041427 -0.5938620 0.0261265 0 41 72 255
0.0204245 0.7341253 0.0761306 -0.4871215 -0.6578107 0.5744542 0 1 5 255
0.6326307 1.1947861 -0.2784674 0.9381881 0.1809835 -0.2950392 64 57 26 255
0.5643791 1.2695699 -0.2456276 -0.1803841 0.7914771 -0.5839738 147 166 101 255
0.6344754 1.2501900 -0.2627480 0.7359283 0.5764977 -0.3550493 147 167 100 255
-0.0581573 1.6583350 -0.3049710 -0.2377020 0.0341563 -0.9707374 0 8 19 255
-0.1703955 1.6756508 -0.1565411 -0.9339199 0.3506774 -0.0694187 74 137 166 255
-0.1065735 1.7073383 -0.2743084 -0.8956178 -0.3679888 -0.2499059 4 26 44 255
0.4129430 1.0085168 0.5134294 0.2764363 0.1972842 0.9405646 125 153 78 255
0.4369236 1.2414772 0.4220073 0.2910643 0.5439603 0.7870126 76 137 168 255
0.1691138 1.1318290 0.5165126 -0.0151336 0.4545852 0.8905748 89 119 49 255
-0.0425836 0.6629465 -0.0710366 -0.3917854 -0.9006653 -0.1878993 0 41 73 255
0.0204245 0.7341253 0.0761306 -0.4871215 -0.6578107 0.5744542 0 1 5 255
-0.0847582 0.6733733 -0.0102341 -0.4048897 -0.8903505 0.2081838 0 8 19 255
-0.1802007 0.9797872 -0.0821545 -0.9551744 -0.0448471 -0.2926271 0 59 73 255
-0.1511708 1.0358791 -0.0367301 -0.9501148 0.0091777 -0.3117652 0 53 87 255
-0.1157471 1.0473768 -0.1004212 -0.7179294 0.2682030 -0.6423739 0 60 89 255
-0.0175842 1.4234872 -0.1765530 -0.6400899 -0.0414270 -0.7671824 54 65 28 255
-0.0191122 1.4577297 -0.2259085 -0.3518536 -0.6515034 -0.6721178 133 149 86 255
-0.0142068 1.3925465 -0.2025473 0.2043368 -0.3228315 -0.9241355 72 100 33 255
-0.0122935 0.7077873 0.0818861 0.4587285 -0.6696281 -0.5840945 82 143 172 255
-0.1008703 0.7019805 0.0001562 -0.3044363 -0.8653637 -0.3980757 79 142 171 255
0.0440696 0.7554116 0.1254003 0.5342939 -0.3714858 -0.7592946 82 143 171 255
0.0854360 0.1933771 0.3865869 0.8363085 -0.0636696 0.5445496 0 33 63 255
0.1709348 0.4885214 0.2577693 0.8787771 0.2954300 0.3747958 38 83 117 255
-0.0188659 0.2670690 0.4296911 -0.0229974 0.3470705 0.9375571 82 143 174 255
0.3909968 0.3947154 -0.1060069 -0.4926830 -0.0277958 -0.8697648 95 136 162 255
0.5960151 0.6474731 -0.0039809 0.4791020 -0.3228991 -0.8162091 14 70 113 255
0.4464997 0.3320269 -0.0998719 0.5694733 -0.1147261 -0.8139644 53 123 157 255
-0.0615107 1.4967031 -0.1966994 -0.6585652 -0.5394814 -0.5246444 112 94 54 255
-0.0191122 1.4577297 -0.2259085 -0.3518536 -0.6515034 -0.6721178 133 149 86 255
-0.0175842 1.4234872 -0.1765530 -0.6400899 -0.0414270 -0.7671824 54 65 28 255
-0.1803004 1.0766928 0.4615524 0.3194752 -0.0557882 0.9459510 0 51 87 255
-0.4356157 0.9288602 0.4411275 0.5811974 -0.7819595 0.2252750 0 31 61 255
-0.1805278 1.0557925 0.3202045 0.6191374 -0.7617804 -0.1906820 0 54 88 255
0.0059065 0.4740950 0.2857158 -0.9192475 -0.3382879 0.2013585 0 41 73 255
0.0995413 0.3348472 0.2635553 -0.2923222 -0.9271179 -0.2345207 0 17 36 255
0.1377805 0.5689512 0.5867040 -0.1212022 -0.3684641 0.9217073 110 137 69 255
0.1377805 0.5689512 0.5867040 -0.1212022 -0.3684641 0.9217073 110 137 69 255
0.4129430 1.0085168 0.5134294 0.2764363 0.1972842 0.9405646 125 153 78 255
0.0872356 0.9387566 0.5479228 -0.1231797 0.1415327 0.9822399 124 148 83 255
0.0767437 1.7275188 -0.3774579 0.0260158 -0.8159804 -0.5774938 0 61 95 255
0.0704683 1.6717561 -0.2989495 0.2888486 -0.6731533 -0.6807579 0 62 95 255
-0.0707186 1.7820076 -0.3748772 -0.2535012 -0.5530217 -0.7936651 0 59 92 255
-0.7448641 0.8033684 0.4516838 -0.3658473 -0.1212757 0.9227394 0 0 0 255
-0.7238942 0.7524674 0.4311168 0.1549225 -0.6018516 0.7834370 0 0 0 255
-0.6766025 0.8314487 0.4824388 -0.7025391 -0.3313438 0.6298017 0 0 0 255
0.4852449 1.1567084 -0.1893857 -0.9311140 -0.2373337 0.2769464 66 129 157 255
0.5320855 1.1840337 -0.0258677 -0.2722661 -0.7222509 0.6357868 85 120 103 255
0.5016512 1.2499493 -0.1400044 -0.7741943 -0.4950631 -0.3943802 72 131 163 255
-0.1191212 1.4528530 -0.1202385 -0.1716806 0.4923612 -0.8532914 65 52 11 255
-0.0887297 1.4268438 -0.1855443 -0.1561974 0.6911671 -0.7056134 84 97 36 255
-0.1410543 1.4155523 -0.1569922 -0.5952429 0.0484146 -0.8020859 93 12 18 255
-0.0581573 1.6583350 -0.3049710 -0.2377020 0.0341563 -0.9707374 0 8 19 255
0.0704683 1.6717561 -0.2989495 0.2888486 -0.6731533 -0.6807579 0 62 95 255
0.0919963 1.6001983 -0.2714951 0.7259606 -0.1052235 -0.6796390 0 61 94 255
0.7127987 0.5975594 0.2589872 0.9404453 -0.3243505 0.1017810 81 143 171 255
0.7245065 0.8926716 0.2071750 0.9717814 0.0786829 0.2223736 82 142 170 255
0.6200556 0.9543437 0.3959243 0.7899610 0.1366247 0.5977418 179 141 111 255
0.0328952 1.5165389 -0.2580159 0.5726656 -0.4047556 -0.7129004 0 12 23 255
0.0942706 1.3840074 -0.1334822 0.4520681 -0.1595615 -0.8775958 0 49 86 255
-0.0142068 1.3925465 -0.2025473 0.1306438 -0.5001071 -0.8560520 77 140 168 255
-0.0718518 0.0000000 0.0221517 0.1418655 -0.9898769 0.0042067 0 54 97 255
0.0847203 0.0761582 0.3172910 0.1355598 -0.9552925 0.2627542 0 28 57 255
-0.2556173 0.0696469 0.1762311 -0.2813632 -0.8900614 0.3586440 0 63 105 255
-0.1008703 0.7019805 0.0001562 -0.3044363 -0.8653637 -0.3980757 79 142 171 255
-0.0122935 0.7077873 0.0818861 0.4587285 -0.6696281 -0.5840945 82 143 172 255
-0.1192833 0.6750048 0.0568721 -0.2621633 -0.8920842 -0.3680436 81 143 171 255
0.5859207 1.4119460 -0.1036894 0.8302894 0.5428150 0.1263787 122 152 75 255
0.6344754 1.2501900 -0.2627480 0.7359283 0.5764977 -0.3550493 147 167 100 255
0.5968810 1.3459874 -0.1427958 -0.9671149 -0.2071263 -0.1476058 0 22 43 255
-0.6776558 0.7296207 0.4135787 -0.5792319 -0.7237204 0.3751255 0 0 0 255
-0.6034666 0.7310976 0.4449909 0.0502361 -0.7525981 0.6565610 0 0 0 255
-0.6483074 0.7927102 0.4979408 -0.3197952 -0.5651360 0.7604948 0 0 0 255
-0.1367494 1.4274393 -0.0147574 -0.8701427 -0.3128278 0.3807761 127 154 81 255
-0.1162351 1.6015922 0.0446928 -0.8846936 0.1548523 0.4397022 112 141 68 255
-0.1067122 1.6595662 0.0171993 -0.9386839 0.2397692 0.2477564 122 149 74 255
0.3718411 1.4209177 0.0848243 0.9771518 0.1661194 0.1325846 79 140 169 255
0.4322275 1.5599069 0.0482910 0.9435433 0.1845433 0.2750816 83 144 173 255
0.4369236 1.2414772 0.4220073 0.5407966 0.7228236 0.4301919 81 142 170 255
-0.1124879 0.7007109 0.1272352 -0.7339339 -0.5128069 0.4453876 73 136 165 255
-0.1642653 0.7082383 0.0846984 -0.9929498 -0.1096440 -0.0450408 76 139 167 255
-0.0987612 0.6440536 0.1412160 -0.4199808 -0.8997759 0.1184037 80 142 170 255
0.1948196 0.3224573 -0.0105536 -0.9897329 -0.0687224 0.1253242 146 167 97 255
0.2660033 0.2974648 -0.0779946 -0.5229295 -0.3083180 -0.7946600 132 156 86 255
0.3858062 0.1480117 0.0184181 -0.8528752 -0.3356103 -0.3999622 95 127 60 255
0.3493942 0.6811700 -0.0795882 0.7751742 -0.6020433 0.1914390 80 142 172 255
0.4124411 0.6827001 -0.2172062 -0.0304717 -0.7275769 -0.6853491 6 8 10 255
0.4879922 0.6822575 -0.1754792 0.4079579 -0.6793813 -0.6099273 56 125 162 255
-0.0122935 0.7077873 0.0818861 0.4587285 -0.6696281 -0.5840945 82 143 172 255
-0.0483268 0.6764661 0.1606805 0.1852886 -0.9823121 0.0270373 82 142 170 255
-0.0987612 0.6440536 0.1412160 -0.4199808 -0.8997759 0.1184037 80 142 170 255
0.0204245 0.7341253 0.0761306 -0.4871215 -0.6578107 0.5744542 0 1 5 255
0.0822941 0.7730097 0.1116588 -0.5726586 0.2124566 0.7917855 0 31 59 255
-0.1008703 0.7019805 0.0001562 -0.9135068 -0.4019339 -0.0628851 0 4 12 255
0.0062870 1.1831599 -0.1567118 -0.5884641 0.2140196 -0.7796830 81 142 170 255
0.0117220 1.2400729 -0.1698859 -0.6872668 -0.0675365 -0.7232589 82 142 170 255
0.0546299 1.1963747 -0.1992009 -0.3685279 0.1105042 -0.9230254 82 142 170 255
0.0735036 0.7190744 0.0124166 -0.8041427 -0.5938620 0.0261265 0 41 72 255
0.0732421 0.6653644 0.0170162 -0.8564983 -0.0422448 0.5144181 0 41 72 255
0.0204245 0.7341253 0.0761306 -0.4871215 -0.6578107 0.5744542 0 1 5 255
0.1842505 1.5370049 0.1422498 -0.0147946 0.9485842 0.3161790 0 50 85 255
0.0326480 1.5192539 0.1952417 0.0452032 0.9202669 0.3886715 83 143 170 255
0.1599118 1.4405788 0.3216608 0.0941526 0.6578435 0.7472464 0 0 3 255
0.0240482 1.0794757 -0.1953833 -0.4019333 0.1289635 -0.9065419 81 142 171 255
0.1872767 1.0749977 -0.2569067 -0.1733197 0.1002178 -0.9797534 60 125 158 255
0.0754710 0.9954859 -0.2281802 -0.3281760 -0.0196334 -0.9444126 0 8 19 255
0.4068547 0.2048159 -0.0163376 -0.0430602 -0.4440988 -0.8949425 99 128 66 255
0.3858062 0.1480117 0.0184181 -0.8528752 -0.3356103 -0.3999622 95 127 60 255
0.3209132 0.2440473 -0.0580914 -0.2326107 -0.6602413 -0.7141244 121 149 81 255
0.5560676 0.4006736 0.0095584 0.8673114 -0.0918592 -0.4892165 0 41 73 255
0.5191737 0.2992267 -0.0448315 0.6660678 -0.2098328 -0.7157680 66 130 162 255
0.4464997 0.3320269 -0.0998719 0.5694733 -0.1147261 -0.8139644 53 123 157 255
0.3683490 0.1148405 0.1473949 -0.9003999 -0.4132615 0.1359961 110 137 64 255
0.3323680 0.4535471 0.2323282 -0.7326458 -0.0149848 0.6804451 0 28 56 255
0.1948196 0.3224573 -0.0105536 -0.9897329 -0.0687224 0.1253242 146 167 97 255
-0.4861046 1.0601572 0.4395988 -0.5427978 0.6670226 0.5103444 126 149 78 255
-0.6167060 0.9612625 0.4307573 -0.4476666 0.5265495 0.7227312 0 49 84 255
-0.5253526 0.9500412 0.4955175 0.1869320 0.0928621 0.9779739 0 47 82 255
0.1352605 0.5577435 -0.0592282 -0.7627155 -0.6438771 0.0607231 41 113 150 255
0.1158780 0.6263309 0.0400865 -0.7178365 -0.2936663 -0.6312455 70 134 164 255
0.0732421 0.6653644 0.0170162 -0.4669627 -0.8554925 0.2237819 75 138 168 255
0.2915593 0.4854935 0.0375850 -0.8713921 0.4628141 0.1627237 0 44 77 255
0.1948196 0.3224573 -0.0105536 -0.9897329 -0.0687224 0.1253242 146 167 97 255
0.3323680 0.4535471 0.2323282 -0.7326458 -0.0149848 0.6804451 0 28 56 255
-0.0057939 0.1474150 0.0935333 0.1529724 -0.6384540 -0.7543049 0 47 81 255
0.1108090 0.3630471 -0.0344298 0.7565617 -0.5605186 -0.3367985 0 15 31 255
0.0886112 0.1563980 0.2583272 0.8647538 -0.4639361 -0.1922604 0 44 77 255
0.1992427 0.4632373 0.1036699 0.6000860 -0.6370323 -0.4838249 0 49 84 255
0.3238677 0.4269781 0.3514640 -0.2022069 -0.9741318 0.1008938 0 51 87 255
0.1979851 0.4612031 0.1841705 -0.1931289 -0.9764886 -0.0957657 0 52 88 255
0.0059065 0.4740950 0.2857158 0.1013640 -0.0232435 0.9945778 51 120 155 255
0.1377805 0.5689512 0.5867040 -0.2722389 -0.7254769 0.6321149 78 141 170 255
-0.0799669 0.5071889 0.2886522 -0.7801142 -0.1208147 0.6138613 67 132 163 255
-0.6579949 0.9916387 0.4886539 -0.0832004 0.1882333 0.9785938 0 0 0 255
-0.7448641 0.8033684 0.4516838 -0.3658473 -0.1212757 0.9227394 0 0 0 255
-0.6766025 0.8314487 0.4824388 -0.7025391 -0.3313438 0.6298017 0 0 0 255
0.5968810 1.3459874 -0.1427958 -0.9671149 -0.2071263 -0.1476058 0 22 43 255
0.6344754 1.2501900 -0.2627480 0.7359283 0.5764977 -0.3550493 147 167 100 255
0.5643791 1.2695699 -0.2456276 -0.1803841 0.7914771 -0.5839738 147 166 101 255
-0.1603376 0.8096846 0.3557746 -0.7221679 0.0576704 0.6893096 6 60 92 255
-0.1900021 0.9019408 0.3199794 -0.8655360 0.3755144 0.3314157 44 5 10 255
-0.2265588 0.8348453 0.2625616 -0.9660076 -0.1431987 0.2152290 89 115 49 255
-0.0388652 0.6803528 0.1855495 -0.1051826 0.0078426 0.9944220 81 142 170 255
-0.0483268 0.6764661 0.1606805 0.1852886 -0.9823121 0.0270373 82 142 170 255
0.0163170 0.7464099 0.0976312 -0.2362321 0.8356192 -0.4959184 81 142 170 255
-0.1000839 1.4604265 0.0334318 -0.6987892 -0.1327872 -0.7028947 70 91 7 255
-0.0933329 1.5004706 0.0450704 -0.9723496 -0.1521939 0.1771251 90 30 16 255
-0.1054698 1.3387571 -0.0198615 -0.7412773 0.0852207 -0.6657668 119 148 76 255
0.6748074 1.0648093 0.3383844 0.7010038 0.6072298 0.3739861 81 142 170 255
0.3718411 1.4209177 0.0848243 0.9771518 0.1661194 0.1325846 79 140 169 255
0.4369236 1.2414772 0.4220073 0.5407966 0.7228236 0.4301919 81 142 170 255
0.4847857 1.2834684 -0.1897576 -0.2767188 -0.4213121 -0.8636683 61 122 156 255
0.5509547 1.3439633 -0.1839535 0.4618008 0.0653749 -0.8845711 77 138 173 255
0.5016512 1.2499493 -0.1400044 -0.7741943 -0.4950631 -0.3943802 72 131 163 255
0.6825498 1.0887835 0.1181438 0.9759440 0.1318656 -0.1736221 0 54 92 255
0.7247657 0.9610956 0.0243242 0.9620144 0.0072551 -0.2729018 83 143 172 255
0.6609205 0.9909500 0.0213621 0.7354629 0.0634924 -0.6745836 82 143 171 255
0.5859207 1.4119460 -0.1036894 0.7967916 0.5811706 0.1654208 129 156 87 255
0.5968810 1.3459874 -0.1427958 0.5202761 0.4044626 -0.7521455 94 122 50 255
0.5509547 1.3439633 -0.1839535 0.4618008 0.0653749 -0.8845711 77 138 173 255
-0.6240107 0.8715515 0.4445951 0.0392590 0.0611930 -0.9973535 0 2 7 255
-0.6287123 0.7852677 0.4194753 -0.1464359 0.5593027 -0.8159271 0 13 32 255
-0.6802002 0.7776529 0.4191453 -0.2255777 0.2346918 -0.9455340 0 1 2 255
0.1992427 0.4632373 0.1036699 0.6000860 -0.6370323 -0.4838249 0 49 84 255
0.2039856 0.4955972 0.0621936 -0.0734869 -0.8306827 -0.5518749 0 49 84 255
0.3238677 0.4269781 0.3514640 -0.2022069 -0.9741318 0.1008938 0 51 87 255
0.0214251 1.3158184 -0.1704724 -0.2366058 0.3509732 -0.9059997 81 142 170 255
-0.0584797 1.3338595 -0.1110623 -0.0613595 -0.4831383 -0.8733914 80 142 170 255
0.0048019 1.3239726 -0.1336434 -0.2059181 0.9465247 -0.2483719 80 142 170 255
0.0125827 0.5913686 0.5464408 -0.5780973 -0.4108701 0.7049745 0 58 92 255
-0.0799669 0.5071889 0.2886522 -0.5514712 -0.5910833 0.5886427 82 143 173 255
0.1377805 0.5689512 0.5867040 0.0696274 -0.5306405 0.8447322 0 53 86 255
0.0546299 1.1963747 -0.1992009 -0.3685279 0.1105042 -0.9230254 82 142 170 255
0.0117220 1.2400729 -0.1698859 -0.6872668 -0.0675365 -0.7232589 82 142 170 255
0.0214251 1.3158184 -0.1704724 -0.2366058 0.3509732 -0.9059997 81 142 170 255
-0.6728631 0.7428939 0.3599937 -0.4909407 0.2626120 -0.8306696 0 0 1 255
-0.6142145 0.6989559 0.3716133 -0.2058165 -0.9780661 -0.0320329 0 30 58 255
-0.6776558 0.7296207 0.4135787 -0.5792011 -0.7237446 0.3751266 0 0 0 255
-0.6776558 0.7296207 0.4135787 -0.5792319 -0.7237204 0.3751255 0 0 0 255
-0.6483074 0.7927102 0.4979408 -0.3197952 -0.5651360 0.7604948 0 0 0 255
-0.6802002 0.7776529 0.4191453 -0.5413583 -0.5611482 0.6261340 0 0 0 255
0.3853580 0.7144142 -0.0299284 -0.1469342 -0.2060093 -0.9674556 0 13 33 255
0.3854188 0.3096408 -0.1041052 -0.0778539 -0.3810094 -0.9212875 104 137 74 255
0.2660033 0.2974648 -0.0779946 -0.5229295 -0.3083180 -0.7946600 132 156 86 255
0.4847857 1.2834684 -0.1897576 -0.2767188 -0.4213121 -0.8636683 61 122 156 255
0.5016512 1.2499493 -0.1400044 -0.7741943 -0.4950631 -0.3943802 72 131 163 255
0.4188682 1.2437089 -0.1106675 -0.7941445 -0.5878717 -0.1540823 47 119 149 255
0.4188682 1.2437089 -0.1106675 -0.7941445 -0.5878717 -0.1540823 47 119 149 255
0.5016512 1.2499493 -0.1400044 -0.7741943 -0.4950631 -0.3943802 72 131 163 255
0.5320855 1.1840337 -0.0258677 -0.2722661 -0.7222509 0.6357868 85 120 103 255
0.4464828 1.2800744 0.0268209 -0.3350424 -0.3979021 0.8540612 84 144 172 255
0.6538445 1.2025662 -0.0236371 0.8312007 -0.2725285 0.4845965 128 151 92 255
0.5457674 1.3811452 0.0413883 0.4979654 0.2692421 0.8243417 27 111 145 255
0.6322979 0.1815582 0.1573246 0.9390805 -0.0601044 -0.3384012 142 162 94 255
0.6110021 0.1762366 0.2065904 0.7673371 -0.2077331 0.6066636 142 161 93 255
0.5794140 0.1679725 0.0538042 0.8674570 0.2723269 -0.4163608 107 105 63 255
0.3493942 0.6811700 -0.0795882 0.7751742 -0.6020433 0.1914390 80 142 172 255
0.3853580 0.7144142 -0.0299284 0.3792275 -0.6074643 -0.6979781 82 143 173 255
0.3042337 0.5846216 -0.0204298 0.3032335 -0.8343050 -0.4604178 0 20 38 255
-0.6776558 0.7296207 0.4135787 -0.5792319 -0.7237204 0.3751255 0 0 0 255
-0.6142145 0.6989559 0.3716133 -0.2058819 -0.9780521 -0.0320436 0 1 4 255
-0.6034666 0.7310976 0.4449909 0.0502361 -0.7525981 0.6565610 0 0 0 255
0.1414565 0.4703235 0.0578468 0.5189092 -0.5392920 -0.6632475 0 18 37 255
0.2039856 0.4955972 0.0621936 -0.0475715 -0.7402188 -0.6706811 0 15 34 255
0.1992427 0.4632373 0.1036699 0.8777755 -0.4027792 -0.2593819 0 11 23 255
0.3493942 0.6811700 -0.0795882 0.7751742 -0.6020433 0.1914390 80 142 172 255
0.4207038 0.6836018 -0.0838034 0.2291371 -0.9612468 0.1532993 83 144 174 255
0.3853580 0.7144142 -0.0299284 0.3792275 -0.6074643 -0.6979781 82 143 173 255
-0.0771626 0.6844388 0.4581840 -0.8304588 -0.1657137 0.5318620 0 37 64 255
-0.0799669 0.5071889 0.2886522 -0.5514712 -0.5910833 0.5886427 82 143 173 255
0.0125827 0.5913686 0.5464408 -0.5780973 -0.4108701 0.7049745 0 58 92 255
-0.6802002 0.7776529 0.4191453 -0.2255777 0.2346918 -0.9455340 0 1 2 255
-0.6728631 0.7428939 0.3599937 -0.4909407 0.2626120 -0.8306696 0 0 1 255
-0.6776558 0.7296207 0.4135787 -0.5792011 -0.7237446 0.3751266 0 0 0 255
-0.0069851 0.8854666 -0.1751244 -0.3936063 -0.1550617 -0.9061070 0 3 10 255
0.0225250 0.9946524 -0.2029459 -0.4706485 -0.0377416 -0.8815132 19 37 51 255
0.0754710 0.9954859 -0.2281802 -0.3281760 -0.0196334 -0.9444126 0 8 19 255
-0.6802002 0.7776529 0.4191453 -0.2255777 0.2346918 -0.9455340 0 1 2 255
-0.7238942 0.7524674 0.4311168 -0.3703723 0.2128092 -0.9041774 0 0 0 255
-0.7448641 0.8033684 0.4516838 -0.5029253 0.3039492 -0.8091235 0 0 0 255
0.0886112 0.1563980 0.2583272 0.8647538 -0.4639361 -0.1922604 0 44 77 255
0.1108090 0.3630471 -0.0344298 0.7565617 -0.5605186 -0.3367985 0 15 31 255
0.1979851 0.4612031 0.1841705 0.9036767 -0.4264931 0.0383680 0 0 0 255
-0.5943009 0.8459582 0.4267213 -0.4936456 0.0162802 -0.8695108 0 14 33 255
-0.6167060 0.9612625 0.4307573 -0.3942713 0.3339124 -0.8561850 0 0 0 255
-0.4500691 1.0123282 0.3377845 -0.3413809 -0.0962401 -0.9349850 0 2 10 255
-0.6167060 0.9612625 0.4307573 -0.3942713 0.3339124 -0.8561850 0 0 0 255
-0.5356365 1.0266323 0.3807628 -0.8002154 0.4914297 -0.3437325 0 5 14 255
-0.4500691 1.0123282 0.3377845 -0.3413809 -0.0962401 -0.9349850 0 2 10 255
0.4700240 0.1776387 -0.0417731 0.1576017 0.7109137 -0.6853930 138 159 92 255
0.5090970 0.1239871 -0.1673071 0.2016197 0.7390537 -0.6427669 145 165 99 255
0.3618373 0.1046886 -0.1444561 -0.4688116 0.5437816 -0.6960728 166 88 97 255
-0.4859816 0.8305342 0.4676502 0.6204038 -0.2488059 0.7437707 0 3 8 255
-0.5213252 0.7419065 0.4282634 0.3553267 -0.6388972 0.6823147 0 31 59 255
-0.4805080 0.7496083 0.4048564 0.5152326 -0.5647075 0.6447021 0 33 63 255
-0.1802007 0.9797872 -0.0821545 -0.9551744 -0.0448471 -0.2926271 0 59 73 255
-0.1132296 0.9670272 -0.1557124 -0.6531091 -0.0869286 -0.7522578 0 59 66 255
-0.1241094 0.8700517 -0.0491030 -0.9511865 -0.2384952 -0.1958681 0 59 71 255
-0.1548964 1.2724218 0.3756721 0.6625628 0.2023154 0.7211651 132 158 86 255
-0.2503139 1.2918457 0.3821561 -0.2087361 0.5032655 0.8385422 140 163 93 255
-0.1803004 1.0766928 0.4615524 0.4873954 -0.1145151 0.8656397 144 168 103 255
0.5509547 1.3439633 -0.1839535 0.4618008 0.0653749 -0.8845711 77 138 173 255
0.5968810 1.3459874 -0.1427958 0.5202761 0.4044626 -0.7521455 94 122 50 255
0.5016512 1.2499493 -0.1400044 -0.7741943 -0.4950631 -0.3943802 72 131 163 255
0.4552969 1.1973888 -0.2463048 0.4316401 0.4694259 -0.7702767 23 83 120 255
0.3880864 1.1344812 -0.2835305 0.0827280 0.1366624 -0.9871573 57 120 156 255
0.2563213 1.1506035 -0.2469475 -0.1451568 0.3014939 -0.9423540 78 140 170 255
-0.1241094 0.8700517 -0.0491030 -0.9592413 -0.2111337 -0.1878263 0 3 7 255
-0.0649761 0.8586891 -0.1393311 -0.6802390 -0.3905579 -0.6202737 0 3 7 255
-0.1507813 0.8165929 0.0659616 -0.9175459 -0.2384044 -0.3182341 0 2 7 255
-0.4577681 0.8133928 0.3628004 0.3235779 0.0140071 -0.9460979 0 32 64 255
-0.5090328 0.7996991 0.3731849 -0.3461614 0.0684647 -0.9356736 0 32 63 255
-0.4708949 0.9124836 0.3641555 -0.0291351 -0.2381047 -0.9708024 0 34 64 255
0.0879074 0.7684745 -0.2082760 -0.5108640 -0.1702437 -0.8426358 0 9 20 255
0.1100196 0.7241289 -0.2090523 -0.5467011 -0.3492097 -0.7610326 0 9 18 255
-0.0343157 0.7419840 -0.1077569 -0.7180831 -0.3108530 -0.6226775 0 37 67 255
0.1377805 0.5689512 0.5867040 -0.1212022 -0.3684641 0.9217073 110 137 69 255
0.3776942 0.6194344 0.5480077 0.2291457 -0.3659852 0.9019684 0 39 75 255
0.4129430 1.0085168 0.5134294 0.2764363 0.1972842 0.9405646 125 153 78 255
-0.2677032 1.3580297 0.0767610 -0.5648538 0.1055847 -0.8184083 0 50 85 255
-0.0948216 1.2180969 -0.0638630 -0.5789249 0.3218088 -0.7491896 0 52 88 255
-0.1380349 1.1601115 -0.0537322 -0.8175699 -0.0313532 -0.5749751 0 52 88 255
-0.0707186 1.7820076 -0.3748772 0.2321573 0.9705144 -0.0648448 0 52 87 255
-0.1923987 1.8022560 -0.2492058 0.2033564 0.9783169 0.0392693 0 47 84 255
-0.1600882 1.7875543 -0.0502598 0.0977448 0.9949757 -0.0216591 0 0 0 255
-0.1008703 0.7019805 0.0001562 -0.9135068 -0.4019339 -0.0628851 0 4 12 255
-0.1354300 0.7580078 0.0805538 -0.9550330 -0.1634020 -0.2474101 174 140 123 255
-0.0343157 0.7419840 -0.1077569 -0.7180831 -0.3108530 -0.6226775 0 37 67 255
0.6613930 0.8011560 -0.0562308 0.5672390 -0.1909314 -0.8011150 0 21 41 255
0.6479434 0.9305881 -0.1065266 0.6218907 0.2376809 -0.7461634 81 143 173 255
0.7130429 0.9111463 0.0280845 0.8532197 -0.1647951 -0.4948321 81 142 172 255
-0.2363578 0.0327555 0.0278804 -0.6028181 -0.7211654 -0.3413660 0 53 87 255
-0.0718518 0.0000000 0.0221517 0.1419388 -0.9898663 0.0042545 0 58 91 255
-0.2556173 0.0696469 0.1762311 -0.2813394 -0.8900414 0.3587123 0 56 89 255
0.4164072 0.0814056 0.2029912 -0.9213440 -0.0359944 0.3870783 116 141 71 255
0.4166778 0.1128872 0.2296932 -0.7117385 -0.2999816 0.6351687 106 129 52 255
0.3858062 0.1480117 0.0184181 -0.8528752 -0.3356103 -0.3999622 95 127 60 255
0.0125827 0.5913686 0.5464408 -0.5780973 -0.4108701 0.7049745 0 58 92 255
0.1377805 0.5689512 0.5867040 0.0696274 -0.5306405 0.8447322 0 53 86 255
-0.0217952 0.8227141 0.5134418 -0.5817451 0.1465829 0.8000540 0 45 75 255
-0.0718518 0.0000000 0.0221517 0.1418655 -0.9898769 0.0042067 0 54 97 255
-0.0581051 0.0657746 0.0155208 0.6533604 0.2968415 -0.6964233 0 32 64 255
0.0074803 0.1023294 0.1737258 0.8765091 -0.1210191 -0.4659252 0 32 60 255
0.4188682 1.2437089 -0.1106675 -0.7941445 -0.5878717 -0.1540823 47 119 149 255
0.5320855 1.1840337 -0.0258677 -0.2722661 -0.7222509 0.6357868 85 120 103 255
0.4464828 1.2800744 0.0268209 -0.3350424 -0.3979021 0.8540612 84 144 172 255
0.4879922 0.6822575 -0.1754792 0.4079579 -0.6793813 -0.6099273 56 125 162 255
0.5017217 0.7805878 -0.1653063 0.7202746 -0.2504295 -0.6469077 8 10 10 255
0.4845868 0.6902885 -0.1183207 0.0857189 -0.8486876 -0.5219018 78 140 171 255
0.1352605 0.5577435 -0.0592282 -0.1980681 -0.9447483 -0.2611889 0 35 65 255
-0.0009280 0.6666849 -0.0617106 -0.6117436 -0.6988238 0.3706957 0 39 71 255
0.1215242 0.6544968 -0.1882832 -0.4463366 -0.6383493 -0.6271315 28 21 27 255
0.4870919 1.2274013 -0.2171643 -0.8590030 0.4977776 -0.1197138 98 125 60 255
0.5968810 1.3459874 -0.1427958 0.5202761 0.4044626 -0.7521455 94 122 50 255
0.5643791 1.2695699 -0.2456276 -0.1727729 0.8097965 -0.5606952 114 140 75 255
-0.1539627 0.0749673 -0.0145504 -0.1211962 0.2478624 -0.9611846 0 49 82 255
-0.0581051 0.0657746 0.0155208 0.6477190 0.3000689 -0.7002990 0 53 86 255
-0.0718518 0.0000000 0.0221517 0.1419388 -0.9898663 0.0042545 0 58 91 255
-0.0718518 0.0000000 0.0221517 0.1419388 -0.9898663 0.0042545 0 58 91 255
-0.2363578 0.0327555 0.0278804 -0.6028181 -0.7211654 -0.3413660 0 53 87 255
-0.1539627 0.0749673 -0.0145504 -0.1211962 0.2478624 -0.9611846 0 49 82 255
0.5859207 1.4119460 -0.1036894 0.7967916 0.5811706 0.1654208 129 156 87 255
0.5509547 1.3439633 -0.1839535 0.4618008 0.0653749 -0.8845711 77 138 173 255
0.4641136 1.5194514 -0.1656830 0.1785490 0.4113683 -0.8938100 90 116 45 255
0.0163170 0.7464099 0.0976312 -0.2362321 0.8356192 -0.4959184 81 142 170 255
-0.0483268 0.6764661 0.1606805 0.1852886 -0.9823121 0.0270373 82 142 170 255
0.0822941 0.7730097 0.1116588 -0.3941658 0.0947832 -0.9141387 80 142 171 255
0.7084635 0.7733293 0.0838640 0.8959950 -0.4028312 -0.1868689 82 142 170 255
0.7247657 0.9610956 0.0243242 0.9620144 0.0072551 -0.2729018 83 143 172 255
0.7245065 0.8926716 0.2071750 0.9717814 0.0786829 0.2223736 82 142 170 255
-0.0188659 0.2670690 0.4296911 -0.0229974 0.3470705 0.9375571 82 143 174 255
-0.0270211 0.2548062 0.3922288 -0.3270859 -0.0105262 0.9449360 6 37 64 255
0.0854360 0.1933771 0.3865869 0.8363085 -0.0636696 0.5445496 0 33 63 255
0.5509547 1.3439633 -0.1839535 0.4618008 0.0653749 -0.8845711 77 138 173 255
0.3688127 1.4190980 -0.1506274 -0.3351371 0.0923211 -0.9376354 19 71 99 255
0.4641136 1.5194514 -0.1656830 0.1785490 0.4113683 -0.8938100 90 116 45 255
0.0732421 0.6653644 0.0170162 -0.4669627 -0.8554925 0.2237819 75 138 168 255
0.0857140 0.7321055 0.0699852 -0.6340638 0.4978286 -0.5917176 77 139 169 255
0.0873019 0.7467353 0.0684478 -0.9584183 0.2317104 0.1665671 77 140 170 255
0.1377805 0.5689512 0.5867040 0.0696274 -0.5306405 0.8447322 0 53 86 255
0.0872356 0.9387566 0.5479228 -0.0798037 0.0765569 0.9938664 0 49 81 255
-0.0217952 0.8227141 0.5134418 -0.5817451 0.1465829 0.8000540 0 45 75 255
-0.1587354 0.2132785 0.2102487 -0.8801282 0.4644628 0.0982275 0 64 105 255
-0.2640373 0.1191741 0.1097496 -0.9000396 0.4189896 0.1199017 0 62 104 255
-0.0745810 0.2000265 0.4103467 -0.5946736 0.4050803 0.6944588 75 138 171 255
-0.1065735 1.7073383 -0.2743084 -0.8956178 -0.3679888 -0.2499059 4 26 44 255
-0.1703955 1.6756508 -0.1565411 -0.9339199 0.3506774 -0.0694187 74 137 166 255
-0.1325999 1.7359607 -0.0831673 -0.9404458 -0.2358964 0.2447745 74 135 165 255
-0.1548964 1.2724218 0.3756721 0.6764885 0.2826431 0.6800561 85 125 66 255
-0.1386625 1.3815697 0.3026206 0.8227610 0.1883424 0.5362757 78 140 169 255
-0.1082844 1.4851826 0.2681425 -0.1950431 0.7745389 0.6017038 84 144 172 255
0.3877791 1.4003741 -0.1134951 -0.9900604 0.0137432 0.1399693 70 133 166 255
0.4057370 1.4052221 -0.0957739 -0.0797688 0.9635907 0.2552059 213 199 201 255
0.3688127 1.4190980 -0.1506274 -0.3351371 0.0923211 -0.9376354 19 71 99 255
-0.1980864 0.1439447 0.0242984 -0.3697185 0.7287132 -0.5764419 0 48 80 255
-0.1539627 0.0749673 -0.0145504 -0.1211962 0.2478624 -0.9611846 0 49 82 255
-0.2640373 0.1191741 0.1097496 -0.9024215 0.4117402 0.1269071 0 52 85 255
0.5960151 0.6474731 -0.0039809 0.4791020 -0.3228991 -0.8162091 14 70 113 255
0.6686522 0.6291743 -0.0083754 0.7097808 -0.4397553 -0.5502967 72 133 163 255
0.6679879 0.6439452 0.0909688 0.8754575 -0.4832047 0.0093626 57 121 151 255
0.0997952 0.4089863 0.2035997 -0.1387451 -0.6143825 -0.7767134 0 51 86 255
0.0995413 0.3348472 0.2635553 -0.2923222 -0.9271179 -0.2345207 0 17 36 255
0.0818599 0.4656550 0.2667596 -0.6953210 -0.3274724 -0.6397581 0 49 85 255
0.2553078 1.5517343 -0.1545022 -0.5183334 0.7740042 -0.3636591 0 29 57 255
0.1522282 1.4689018 -0.0809166 0.2001429 0.6026336 -0.7725125 0 47 81 255
0.1862637 1.5264745 0.0002477 -0.6512347 0.7213244 -0.2357637 0 45 77 255
-0.1249911 0.2851068 0.1157997 -0.9669197 -0.0182296 -0.2544286 72 134 166 255
-0.1203316 0.2427388 0.3194292 -0.8964346 0.1874973 0.4015591 78 139 172 255
-0.1372272 0.4638256 0.1710660 -0.9763596 0.0904097 -0.1963360 75 138 169 255
0.6323053 0.1093439 0.2245424 0.9528164 0.2499465 0.1722429 112 133 74 255
0.6377312 0.0506228 0.2446506 0.5518031 -0.8330581 0.0390815 131 152 82 255
0.5824231 0.1137712 -0.0650380 0.8718342 0.4074816 -0.2717791 145 164 95 255
0.4464828 1.2800744 0.0268209 -0.3350424 -0.3979021 0.8540612 84 144 172 255
0.3718411 1.4209177 0.0848243 0.9771518 0.1661194 0.1325846 79 140 169 255
0.4188682 1.2437089 -0.1106675 -0.7941445 -0.5878717 -0.1540823 47 119 149 255
-0.0581051 0.0657746 0.0155208 0.6477190 0.3000689 -0.7002990 0 53 86 255
-0.1539627 0.0749673 -0.0145504 -0.1211962 0.2478624 -0.9611846 0 49 82 255
-0.1125635 0.1823241 0.0945251 -0.3077869 0.3187925 -0.8964590 0 42 75 255
-0.1980864 0.1439447 0.0242984 -0.3697185 0.7287132 -0.5764419 0 48 80 255
-0.1125635 0.1823241 0.0945251 -0.3077869 0.3187925 -0.8964590 0 42 75 255
-0.1539627 0.0749673 -0.0145504 -0.1211962 0.2478624 -0.9611846 0 49 82 255
0.4068547 0.2048159 -0.0163376 -0.0430602 -0.4440988 -0.8949425 99 128 66 255
0.4700240 0.1776387 -0.0417731 0.1576017 0.7109137 -0.6853930 138 159 92 255
0.3858062 0.1480117 0.0184181 -0.8528752 -0.3356103 -0.3999622 95 127 60 255
-0.6159240 0.7309883 0.3609626 0.0977051 0.4006525 -0.9110057 0 30 59 255
-0.6287123 0.7852677 0.4194753 -0.1464359 0.5593027 -0.8159271 0 13 32 255
-0.5612241 0.7766901 0.3901699 -0.2033702 0.3355026 -0.9198252 0 31 63 255
0.5794140 0.1679725 0.0538042 0.8674570 0.2723269 -0.4163608 107 105 63 255
0.5547863 0.2473564 0.0171630 0.7708725 -0.0782211 -0.6321687 72 100 27 255
0.6322979 0.1815582 0.1573246 0.9390805 -0.0601044 -0.3384012 142 162 94 255
0.1215242 0.6544968 -0.1882832 -0.4463366 -0.6383493 -0.6271315 28 21 27 255
0.1100196 0.7241289 -0.2090523 -0.5467011 -0.3492097 -0.7610326 0 9 18 255
0.1863962 0.6750304 -0.2194598 -0.1987149 -0.3998630 -0.8947748 2 9 16 255
-0.2640373 0.1191741 0.1097496 -0.9024215 0.4117402 0.1269071 0 52 85 255
-0.1587354 0.2132785 0.2102487 -0.8582565 0.4913354 0.1482747 0 47 79 255
-0.1845371 0.1879940 0.1473653 -0.3989185 0.8859792 -0.2364424 0 46 79 255
0.0380541 0.4443216 0.0031984 0.2131365 0.3238677 -0.9217821 101 134 84 255
0.0163170 0.7464099 0.0976312 -0.2362321 0.8356192 -0.4959184 81 142 170 255
0.1158780 0.6263309 0.0400865 -0.7178365 -0.2936663 -0.6312455 70 134 164 255
0.2237936 0.6425758 -0.1958172 0.1198952 -0.7740030 -0.6217269 182 136 112 255
0.1215242 0.6544968 -0.1882832 -0.4463366 -0.6383493 -0.6271315 28 21 27 255
0.1863962 0.6750304 -0.2194598 -0.1987149 -0.3998630 -0.8947748 2 9 16 255
0.0059065 0.4740950 0.2857158 -0.9192475 -0.3382879 0.2013585 0 41 73 255
0.0818599 0.4656550 0.2667596 -0.6953210 -0.3274724 -0.6397581 0 49 85 255
0.0995413 0.3348472 0.2635553 -0.2923222 -0.9271179 -0.2345207 0 17 36 255
0.4428211 1.5482495 -0.0588419 0.7138060 0.6992230 -0.0396005 124 150 81 255
0.5457674 1.3811452 0.0413883 0.4979654 0.2692421 0.8243417 27 111 145 255
0.5859207 1.4119460 -0.1036894 0.8302894 0.5428150 0.1263787 122 152 75 255
0.7146097 0.6491488 0.0835874 0.1265108 0.2339623 0.9639795 84 139 168 255
0.7099658 0.8278196 0.0408332 0.9996956 0.0246498 -0.0010360 76 139 168 255
0.6679879 0.6439452 0.0909688 0.9892452 -0.1452408 0.0172926 80 135 167 255
-0.1191212 1.4528530 -0.1202385 -0.1716806 0.4923612 -0.8532914 65 52 11 255
-0.0175842 1.4234872 -0.1765530 -0.6400899 -0.0414270 -0.7671824 54 65 28 255
-0.0887297 1.4268438 -0.1855443 -0.1561974 0.6911671 -0.7056134 84 97 36 255
-0.2918397 1.1165925 0.2685382 -0.2520424 -0.5618146 -0.7879333 0 43 73 255
-0.3478800 1.1659107 0.2728155 -0.9024613 -0.3330466 -0.2732093 113 45 26 255
-0.2829291 1.1191031 0.2153137 -0.1899499 -0.7076645 -0.6805365 164 125 79 255
0.6679879 0.6439452 0.0909688 0.8754575 -0.4832047 0.0093626 57 121 151 255
0.5560676 0.4006736 0.0095584 0.8673114 -0.0918592 -0.4892165 0 41 73 255
0.4464997 0.3320269 -0.0998719 0.5694733 -0.1147261 -0.8139644 53 123 157 255
-0.0057939 0.1474150 0.0935333 0.1529724 -0.6384540 -0.7543049 0 47 81 255
0.0375189 0.3624990 -0.0529387 -0.2664870 -0.3735280 -0.8885165 0 31 60 255
0.1108090 0.3630471 -0.0344298 0.7565617 -0.5605186 -0.3367985 0 15 31 255
0.3858062 0.1480117 0.0184181 -0.8528752 -0.3356103 -0.3999622 95 127 60 255
0.3335718 0.0740651 -0.0640700 -0.9723048 0.1068482 0.2078621 162 60 78 255
0.4164072 0.0814056 0.2029912 -0.9213440 -0.0359944 0.3870783 116 141 71 255
-0.6034666 0.7310976 0.4449909 0.0502361 -0.7525981 0.6565610 0 0 0 255
-0.5530483 0.7020783 0.3799703 0.1923693 -0.8450177 0.4989381 0 9 19 255
-0.5213252 0.7419065 0.4282634 0.3553267 -0.6388972 0.6823147 0 31 59 255
0.5546964 0.3479712 0.0346916 0.9186573 -0.0264684 -0.3941678 63 122 153 255
0.5191737 0.2992267 -0.0448315 0.6660678 -0.2098328 -0.7157680 66 130 162 255
0.5560676 0.4006736 0.0095584 0.8673114 -0.0918592 -0.4892165 0 41 73 255
-0.1367494 1.4274393 -0.0147574 -0.8701427 -0.3128278 0.3807761 127 154 81 255
-0.1067122 1.6595662 0.0171993 -0.9386839 0.2397692 0.2477564 122 149 74 255
-0.1737944 1.4712134 -0.0813477 -0.9453081 -0.1818324 0.2707940 141 163 99 255
0.0380541 0.4443216 0.0031984 -0.4692609 -0.8173807 -0.3341902 0 35 66 255
0.1414565 0.4703235 0.0578468 0.5189092 -0.5392920 -0.6632475 0 18 37 255
0.1108090 0.3630471 -0.0344298 0.7565617 -0.5605186 -0.3367985 0 15 31 255
0.1863962 0.6750304 -0.2194598 -0.1987149 -0.3998630 -0.8947748 2 9 16 255
0.1100196 0.7241289 -0.2090523 -0.5467011 -0.3492097 -0.7610326 0 9 18 255
0.2006179 0.7277580 -0.2379916 0.1034353 -0.3710697 -0.9228265 115 111 112 255
0.1414565 0.4703235 0.0578468 0.5189092 -0.5392920 -0.6632475 0 18 37 255
0.0380541 0.4443216 0.0031984 -0.4692609 -0.8173807 -0.3341902 0 35 66 255
0.2039856 0.4955972 0.0621936 -0.0475715 -0.7402188 -0.6706811 0 15 34 255
0.6613930 0.8011560 -0.0562308 0.5672390 -0.1909314 -0.8011150 0 21 41 255
0.7130429 0.9111463 0.0280845 0.8532197 -0.1647951 -0.4948321 81 142 172 255
0.7099658 0.8278196 0.0408332 0.9996956 0.0246498 -0.0010360 76 139 168 255
0.5594131 0.0489441 -0.1642916 0.2957668 -0.9169687 -0.2677508 137 158 87 255
0.5090970 0.1239871 -0.1673071 0.2016197 0.7390537 -0.6427669 145 165 99 255
0.5824231 0.1137712 -0.0650380 0.8718342 0.4074816 -0.2717791 145 164 95 255
-0.1368343 0.8396942 0.3564260 -0.6890627 0.4468817 0.5705168 0 3 8 255
-0.1900021 0.9019408 0.3199794 -0.8655360 0.3755144 0.3314157 44 5 10 255
-0.1603376 0.8096846 0.3557746 -0.7221679 0.0576704 0.6893096 6 60 92 255
-0.1640817 1.5928834 -0.1402819 -0.9880121 0.1380694 -0.0690572 0 6 18 255
-0.0804342 1.6868152 0.0171974 -0.7664237 0.3830588 0.5156167 0 15 29 255
-0.1631848 1.6360672 -0.1866658 -0.8753949 -0.4833903 -0.0041819 0 2 4 255
-0.1354300 0.7580078 0.0805538 -0.9478572 -0.1988701 -0.2490330 70 104 46 255
-0.1624037 0.7845890 0.2105033 -0.9457448 -0.3079813 -0.1035115 70 104 46 255
-0.1564494 0.8346312 0.2848251 -0.9869547 -0.0822828 0.1383824 71 104 46 255
-0.6728631 0.7428939 0.3599937 -0.4909407 0.2626120 -0.8306696 0 0 1 255
-0.6159240 0.7309883 0.3609626 0.0977051 0.4006525 -0.9110057 0 30 59 255
-0.6142145 0.6989559 0.3716133 -0.2058165 -0.9780661 -0.0320329 0 30 58 255
0.4260384 0.0186912 0.1779735 -0.0836577 -0.9951552 0.0516476 149 166 99 255
0.3315688 0.0210687 -0.1188347 -0.2015775 -0.9556534 -0.2146929 81 18 12 255
0.5594131 0.0489441 -0.1642916 0.2957668 -0.9169687 -0.2677508 137 158 87 255
-0.1511708 1.0358791 -0.0367301 -0.9501148 0.0091777 -0.3117652 0 53 87 255
-0.1380349 1.1601115 -0.0537322 -0.8175699 -0.0313532 -0.5749751 0 52 88 255
-0.1157471 1.0473768 -0.1004212 -0.7179294 0.2682030 -0.6423739 0 60 89 255
0.1199340 1.2155591 -0.2095845 -0.1225567 0.3012823 -0.9456261 0 7 14 255
0.0546299 1.1963747 -0.1992009 -0.3685279 0.1105042 -0.9230254 82 142 170 255
0.0214251 1.3158184 -0.1704724 -0.2366058 0.3509732 -0.9059997 81 142 170 255
-0.0718518 0.0000000 0.0221517 0.1418655 -0.9898769 0.0042067 0 54 97 255
0.0074803 0.1023294 0.1737258 0.8765091 -0.1210191 -0.4659252 0 32 60 255
0.0847203 0.0761582 0.3172910 0.1355598 -0.9552925 0.2627542 0 28 57 255
-0.1372272 0.4638256 0.1710660 -0.9746357 0.1920096 0.1149682 29 84 121 255
-0.0771626 0.6844388 0.4581840 -0.8304588 -0.1657137 0.5318620 0 37 64 255
-0.0882529 0.5903871 0.2371156 -0.9486548 0.3159671 -0.0147863 76 136 168 255
-0.0742487 0.1436560 0.4330471 -0.4910167 -0.6338835 0.5975736 0 25 50 255
0.0618128 0.1257580 0.4419057 0.3408236 -0.2486116 0.9066595 0 28 56 255
-0.0745810 0.2000265 0.4103467 -0.5946736 0.4050803 0.6944588 75 138 171 255
-0.0581051 0.0657746 0.0155208 0.6477190 0.3000689 -0.7002990 0 53 86 255
-0.1125635 0.1823241 0.0945251 -0.3077869 0.3187925 -0.8964590 0 42 75 255
-0.0334798 0.1517680 0.1033790 0.7405540 0.2226641 -0.6340352 0 47 80 255
-0.5090328 0.7996991 0.3731849 -0.3461614 0.0684647 -0.9356736 0 32 63 255
-0.5943009 0.8459582 0.4267213 -0.4936456 0.0162802 -0.8695108 0 14 33 255
-0.4708949 0.9124836 0.3641555 -0.0291351 -0.2381047 -0.9708024 0 34 64 255
-0.0649761 0.8586891 -0.1393311 -0.6802390 -0.3905579 -0.6202737 0 3 7 255
-0.0069851 0.8854666 -0.1751244 -0.3936063 -0.1550617 -0.9061070 0 3 10 255
0.0879074 0.7684745 -0.2082760 -0.5108640 -0.1702437 -0.8426358 0 9 20 255
-0.1378313 0.7462493 0.2378318 -0.6735502 -0.6983801 -0.2420647 4 7 10 255
-0.1624037 0.7845890 0.2105033 -0.9375830 -0.3362062 -0.0889015 17 10 2 255
-0.1124879 0.7007109 0.1272352 -0.7339339 -0.5128069 0.4453876 73 136 165 255
-0.5090328 0.7996991 0.3731849 -0.3461614 0.0684647 -0.9356736 0 32 63 255
-0.5612241 0.7766901 0.3901699 -0.2033702 0.3355026 -0.9198252 0 31 63 255
-0.5943009 0.8459582 0.4267213 -0.4936456 0.0162802 -0.8695108 0 14 33 255
-0.0188659 0.2670690 0.4296911 -0.0229974 0.3470705 0.9375571 82 143 174 255
0.0818599 0.4656550 0.2667596 0.0771215 0.8052440 0.5879068 51 121 155 255
0.0059065 0.4740950 0.2857158 0.1013640 -0.0232435 0.9945778 51 120 155 255
-0.0669833 1.1611723 -0.1352885 -0.5802859 0.2021350 -0.7889295 0 53 88 255
0.0062870 1.1831599 -0.1567118 -0.5648999 0.1953537 -0.8017014 0 52 88 255
-0.0575997 1.0868741 -0.1411927 -0.5139206 0.1091589 -0.8508642 0 54 88 255
-0.5253526 0.9500412 0.4955175 0.1869320 0.0928621 0.9779739 0 47 82 255
-0.4299794 0.8310041 0.4098995 0.9192721 -0.1122725 0.3772715 136 157 88 255
-0.4356157 0.9288602 0.4411275 0.7309893 -0.6684750 0.1370980 131 34 37 255
-0.1116587 0.5737007 0.1489580 -0.9706418 0.2396369 0.0207013 69 100 54 255
-0.1372272 0.4638256 0.1710660 -0.9746357 0.1920096 0.1149682 29 84 121 255
-0.0882529 0.5903871 0.2371156 -0.9486548 0.3159671 -0.0147863 76 136 168 255
0.5560676 0.4006736 0.0095584 0.9111965 -0.0779164 -0.4045368 81 142 170 255
0.5864819 0.4395989 0.1410224 0.9089844 -0.3976678 0.1249303 78 140 169 255
0.6322979 0.1815582 0.1573246 0.9935888 0.0999735 -0.0527906 78 140 169 255
0.4124411 0.6827001 -0.2172062 -0.0304717 -0.7275769 -0.6853491 6 8 10 255
0.3975924 0.7536949 -0.2140563 0.2073622 -0.2689346 -0.9405717 10 10 11 255
0.4879922 0.6822575 -0.1754792 0.4079579 -0.6793813 -0.6099273 56 125 162 255
0.4700240 0.1776387 -0.0417731 0.1576017 0.7109137 -0.6853930 138 159 92 255
0.5824231 0.1137712 -0.0650380 0.8718342 0.4074816 -0.2717791 145 164 95 255
0.5090970 0.1239871 -0.1673071 0.2016197 0.7390537 -0.6427669 145 165 99 255
-0.6034666 0.7310976 0.4449909 0.0502361 -0.7525981 0.6565610 0 0 0 255
-0.5579230 0.8419943 0.5228202 0.1934216 -0.1596609 0.9680375 0 0 1 255
-0.6483074 0.7927102 0.4979408 -0.3197952 -0.5651360 0.7604948 0 0 0 255
-0.1354300 0.7580078 0.0805538 -0.9618068 0.1724283 -0.2125938 11 71 105 255
-0.1124879 0.7007109 0.1272352 -0.7339339 -0.5128069 0.4453876 73 136 165 255
-0.1624037 0.7845890 0.2105033 -0.9375830 -0.3362062 -0.0889015 17 10 2 255
0.5594131 0.0489441 -0.1642916 0.2957668 -0.9169687 -0.2677508 137 158 87 255
0.3315688 0.0210687 -0.1188347 -0.2015775 -0.9556534 -0.2146929 81 18 12 255
0.3618373 0.1046886 -0.1444561 -0.4688116 0.5437816 -0.6960728 166 88 97 255
0.5594131 0.0489441 -0.1642916 0.2957668 -0.9169687 -0.2677508 137 158 87 255
0.3618373 0.1046886 -0.1444561 -0.4688116 0.5437816 -0.6960728 166 88 97 255
0.5090970 0.1239871 -0.1673071 0.2016197 0.7390537 -0.6427669 145 165 99 255
-0.0581573 1.6583350 -0.3049710 -0.2377020 0.0341563 -0.9707374 0 8 19 255
-0.1065735 1.7073383 -0.2743084 -0.8956178 -0.3679888 -0.2499059 4 26 44 255
-0.1188871 1.7570117 -0.3260882 -0.6993905 -0.4315079 -0.5697841 0 13 25 255
-0.1018223 0.7682819 0.3911197 -0.7900587 -0.0202250 0.6126974 0 15 29 255
-0.1603376 0.8096846 0.3557746 -0.7221679 0.0576704 0.6893096 6 60 92 255
-0.0771626 0.6844388 0.4581840 -0.8304588 -0.1657137 0.5318620 0 37 64 255
0.5960151 0.6474731 -0.0039809 0.4791020 -0.3228991 -0.8162091 14 70 113 255
0.4845868 0.6902885 -0.1183207 0.3219679 -0.9222206 -0.2141160 0 6 17 255
0.6091779 0.8129625 -0.0490763 0.5289462 -0.2621865 -0.8071396 0 19 38 255
0.0732421 0.6653644 0.0170162 -0.9715026 0.1012925 -0.2142953 98 24 21 255
0.0873019 0.7467353 0.0684478 0.8990407 -0.3191056 0.2998288 125 91 54 255
0.0822941 0.7730097 0.1116588 0.4069672 0.5231948 0.7487622 41 21 10 255
0.7130429 0.9111463 0.0280845 0.8862031 -0.0503035 -0.4605580 82 143 171 255
0.7084635 0.7733293 0.0838640 0.8959950 -0.4028312 -0.1868689 82 142 170 255
0.6787471 0.8729243 0.0530040 0.2469034 -0.2827957 -0.9268577 82 143 171 255
0.0873019 0.7467353 0.0684478 -0.9584183 0.2317104 0.1665671 77 140 170 255
0.0857140 0.7321055 0.0699852 -0.6340638 0.4978286 -0.5917176 77 139 169 255
0.0893227 0.7585636 0.0804193 0.3738641 -0.8062253 0.4585046 78 141 170 255
0.0857140 0.7321055 0.0699852 -0.6340638 0.4978286 -0.5917176 77 139 169 255
0.0822941 0.7730097 0.1116588 -0.3941658 0.0947832 -0.9141387 80 142 171 255
0.0893227 0.7585636 0.0804193 0.3738641 -0.8062253 0.4585046 78 141 170 255
-0.1564494 0.8346312 0.2848251 0.6947482 0.5821767 -0.4223686 79 142 171 255
-0.1900021 0.9019408 0.3199794 0.7065924 0.5721340 -0.4164012 79 141 170 255
-0.1368343 0.8396942 0.3564260 0.8040338 0.5356233 -0.2581420 79 142 171 255
-0.1691552 0.7391711 0.3369367 -0.8523169 -0.3222001 0.4119989 95 120 50 255
-0.0771626 0.6844388 0.4581840 -0.8304588 -0.1657137 0.5318620 0 37 64 255
-0.1603376 0.8096846 0.3557746 -0.7221679 0.0576704 0.6893096 6 60 92 255
-0.4708949 0.9124836 0.3641555 -0.0291351 -0.2381047 -0.9708024 0 34 64 255
-0.4299794 0.8310041 0.4098995 0.9218055 -0.1232480 0.3675386 0 32 64 255
-0.4577681 0.8133928 0.3628004 0.3235779 0.0140071 -0.9460979 0 32 64 255
0.6787471 0.8729243 0.0530040 0.2469034 -0.2827957 -0.9268577 82 143 171 255
0.6860822 0.7688112 0.0916107 0.9521038 -0.1911948 -0.2386269 81 142 170 255
0.6679879 0.6439452 0.0909688 0.9244139 -0.2106956 -0.3179093 81 142 170 255
-0.1852962 0.7388432 0.2585475 -0.7670983 -0.6367618 -0.0780680 45 58 22 255
-0.2265588 0.8348453 0.2625616 -0.9660076 -0.1431987 0.2152290 89 115 49 255
-0.2041317 0.7813867 0.1547468 -0.8631908 -0.3576353 -0.3563688 51 81 16 255
-0.5943009 0.8459582 0.4267213 -0.4936456 0.0162802 -0.8695108 0 14 33 255
-0.6287123 0.7852677 0.4194753 -0.1464359 0.5593027 -0.8159271 0 13 32 255
-0.6240107 0.8715515 0.4445951 0.0392590 0.0611930 -0.9973535 0 2 7 255
-0.1603376 0.8096846 0.3557746 -0.7221679 0.0576704 0.6893096 6 60 92 255
-0.1018223 0.7682819 0.3911197 -0.7900587 -0.0202250 0.6126974 0 15 29 255
-0.0217952 0.8227141 0.5134418 -0.5817451 0.1465829 0.8000540 0 45 75 255
-0.0343157 0.7419840 -0.1077569 -0.7180831 -0.3108530 -0.6226775 0 37 67 255
0.1100196 0.7241289 -0.2090523 -0.5467011 -0.3492097 -0.7610326 0 9 18 255
-0.0009280 0.6666849 -0.0617106 -0.6117436 -0.6988238 0.3706957 0 39 71 255
0.0735036 0.7190744 0.0124166 -0.8041427 -0.5938620 0.0261265 0 41 72 255
-0.0009280 0.6666849 -0.0617106 -0.6117436 -0.6988238 0.3706957 0 39 71 255
0.0732421 0.6653644 0.0170162 -0.8564983 -0.0422448 0.5144181 0 41 72 255
-0.4859816 0.8305342 0.4676502 0.6204038 -0.2488059 0.7437707 0 3 8 255
-0.4299794 0.8310041 0.4098995 0.9192721 -0.1122725 0.3772715 136 157 88 255
-0.5253526 0.9500412 0.4955175 0.1869320 0.0928621 0.9779739 0 47 82 255
-0.1603376 0.8096846 0.3557746 -0.7221679 0.0576704 0.6893096 6 60 92 255
-0.0217952 0.8227141 0.5134418 -0.5817451 0.1465829 0.8000540 0 45 75 255
-0.1368343 0.8396942 0.3564260 -0.6890627 0.4468817 0.5705168 0 3 8 255
-0.1368343 0.8396942 0.3564260 -0.6890627 0.4468817 0.5705168 0 3 8 255
-0.0217952 0.8227141 0.5134418 -0.5817451 0.1465829 0.8000540 0 45 75 255
-0.0816456 0.8742269 0.4155567 -0.6986393 0.0807458 0.7109030 0 2 10 255
0.0328952 1.5165389 -0.2580159 0.5481414 -0.3847245 -0.7426494 3 2 2 255
-0.0311567 1.5276695 -0.2419579 -0.1471111 -0.2117190 -0.9661953 48 38 27 255
0.0371217 1.5784528 -0.2887471 -0.0852389 -0.6763473 -0.7316343 82 113 48 255
-0.1564494 0.8346312 0.2848251 -0.9869547 -0.0822828 0.1383824 71 104 46 255
-0.0816456 0.8742269 0.4155567 -0.5810919 -0.2620707 0.7704875 0 3 10 255
-0.1087357 0.8976063 0.4125221 -0.9099975 -0.0578787 0.4105539 0 8 18 255
0.6925296 0.9847301 0.1684635 0.8677110 0.1992871 0.4553705 11 73 113 255
0.7448641 1.0673975 0.1181896 0.9247869 0.3514354 0.1458162 82 142 171 255
0.6825498 1.0887835 0.1181438 0.9759440 0.1318656 -0.1736221 0 54 92 255
0.1522282 1.4689018 -0.0809166 0.2001429 0.6026336 -0.7725125 0 47 81 255
0.2553078 1.5517343 -0.1545022 -0.5183334 0.7740042 -0.3636591 0 29 57 255
0.2885140 1.5261730 -0.1583703 -0.3102881 0.3026109 -0.9011925 0 35 65 255
0.5960151 0.6474731 -0.0039809 0.4791020 -0.3228991 -0.8162091 14 70 113 255
0.6679879 0.6439452 0.0909688 0.8754575 -0.4832047 0.0093626 57 121 151 255
0.4464997 0.3320269 -0.0998719 0.5694733 -0.1147261 -0.8139644 53 123 157 255
0.0375189 0.3624990 -0.0529387 -0.2664870 -0.3735280 -0.8885165 0 31 60 255
-0.0057939 0.1474150 0.0935333 0.1529724 -0.6384540 -0.7543049 0 47 81 255
-0.0482591 0.4272818 -0.0090744 -0.4008684 0.4375232 -0.8049086 0 32 60 255
-0.0581573 1.6583350 -0.3049710 -0.2377020 0.0341563 -0.9707374 0 8 19 255
-0.1188871 1.7570117 -0.3260882 -0.6993905 -0.4315079 -0.5697841 0 13 25 255
-0.0707186 1.7820076 -0.3748772 -0.2535012 -0.5530217 -0.7936651 0 59 92 255
0.4689862 0.8531153 -0.2230046 0.4536306 -0.1119443 -0.8841311 72 131 163 255
0.6176578 0.9079197 -0.0675089 0.6964362 -0.0661056 -0.7145675 16 85 128 255
0.5017217 0.7805878 -0.1653063 0.7202746 -0.2504295 -0.6469077 8 10 10 255
-0.0452892 0.6782204 0.0587118 -0.2607384 0.5870048 -0.7664469 84 141 158 255
0.0163170 0.7464099 0.0976312 -0.2362321 0.8356192 -0.4959184 81 142 170 255
0.0380541 0.4443216 0.0031984 0.2131365 0.3238677 -0.9217821 101 134 84 255
0.4260384 0.0186912 0.1779735 -0.0836577 -0.9951552 0.0516476 149 166 99 255
0.3335718 0.0740651 -0.0640700 -0.9723048 0.1068482 0.2078621 162 60 78 255
0.3315688 0.0210687 -0.1188347 -0.2015775 -0.9556534 -0.2146929 81 18 12 255
-0.1192833 0.6750048 0.0568721 -0.2621633 -0.8920842 -0.3680436 81 143 171 255
-0.1642653 0.7082383 0.0846984 -0.9929498 -0.1096440 -0.0450408 76 139 167 255
-0.1008703 0.7019805 0.0001562 -0.3044363 -0.8653637 -0.3980757 79 142 171 255
0.5864819 0.4395989 0.1410224 0.9089844 -0.3976678 0.1249303 78 140 169 255
0.7127987 0.5975594 0.2589872 0.9404453 -0.3243505 0.1017810 81 143 171 255
0.6362053 0.5912890 0.4416378 0.6343154 -0.3625751 0.6827762 0 0 0 255
0.5786012 0.1645436 0.3108404 0.4615720 0.0190772 0.8868976 120 145 78 255
0.5224758 0.1409504 0.3106563 -0.2293841 -0.2956554 0.9273462 126 150 78 255
0.6110021 0.1762366 0.2065904 0.7673371 -0.2077331 0.6066636 142 161 93 255
-0.0584797 1.3338595 -0.1110623 -0.0613595 -0.4831383 -0.8733914 80 142 170 255
0.0214251 1.3158184 -0.1704724 -0.2366058 0.3509732 -0.9059997 81 142 170 255
0.0117220 1.2400729 -0.1698859 -0.6872668 -0.0675365 -0.7232589 82 142 170 255
-0.0482591 0.4272818 -0.0090744 -0.4008684 0.4375232 -0.8049086 0 32 60 255
-0.1249911 0.2851068 0.1157997 -0.9908956 0.0787591 -0.1091919 0 34 66 255
-0.0773672 0.6273772 0.0531976 -0.5196043 0.3782601 -0.7661139 0 32 62 255
-0.2406079 1.2097514 0.1007144 -0.9857184 -0.0225961 0.1668794 0 52 87 255
-0.1087357 0.8976063 0.4125221 -0.9099975 -0.0578787 0.4105539 0 8 18 255
-0.1434814 1.2369124 0.1996543 -0.5600230 -0.5909773 0.5806205 0 35 67 255
-0.1539627 0.0749673 -0.0145504 -0.1211962 0.2478624 -0.9611846 0 49 82 255
-0.2363578 0.0327555 0.0278804 -0.6028181 -0.7211654 -0.3413660 0 53 87 255
-0.2640373 0.1191741 0.1097496 -0.9024215 0.4117402 0.1269071 0 52 85 255
-0.6483074 0.7927102 0.4979408 -0.3197952 -0.5651360 0.7604948 0 0 0 255
-0.5579230 0.8419943 0.5228202 0.1934216 -0.1596609 0.9680375 0 0 1 255
-0.7030970 0.8650986 0.5221851 -0.0689526 -0.0068234 0.9975967 0 0 0 255
-0.1980864 0.1439447 0.0242984 -0.3697185 0.7287132 -0.5764419 0 48 80 255
-0.1845371 0.1879940 0.1473653 -0.3989185 0.8859792 -0.2364424 0 46 79 255
-0.1125635 0.1823241 0.0945251 -0.3077869 0.3187925 -0.8964590 0 42 75 255
0.6110021 0.1762366 0.2065904 0.7673371 -0.2077331 0.6066636 142 161 93 255
0.6322979 0.1815582 0.1573246 0.9390805 -0.0601044 -0.3384012 142 162 94 255
0.5786012 0.1645436 0.3108404 0.4615720 0.0190772 0.8868976 120 145 78 255
-0.4859816 0.8305342 0.4676502 0.6204038 -0.2488059 0.7437707 0 3 8 255
-0.5253526 0.9500412 0.4955175 0.1869320 0.0928621 0.9779739 0 47 82 255
-0.5579230 0.8419943 0.5228202 0.1934216 -0.1596609 0.9680375 0 0 1 255
-0.0773672 0.6273772 0.0531976 -0.5196043 0.3782601 -0.7661139 0 32 62 255
-0.1249911 0.2851068 0.1157997 -0.9908956 0.0787591 -0.1091919 0 34 66 255
-0.0861601 0.6347318 0.0964811 -0.9445536 0.1285425 -0.3021511 0 31 63 255
-0.0452892 0.6782204 0.0587118 -0.2607384 0.5870048 -0.7664469 84 141 158 255
-0.0861601 0.6347318 0.0964811 -0.9144390 0.3412823 -0.2175492 103 122 61 255
-0.1051081 0.6591895 0.1206710 -0.9065939 0.4174225 -0.0620169 0 39 71 255
0.4552969 1.1973888 -0.2463048 0.4316401 0.4694259 -0.7702767 23 83 120 255
0.4091712 1.2264000 -0.1948988 0.6547084 0.5241588 -0.5446233 9 71 109 255
0.4919490 1.0554315 -0.2043250 0.8025993 0.2216104 -0.5538259 0 56 95 255
-0.3417875 1.2312871 0.3372819 -0.9144657 0.1666958 0.3687345 135 157 88 255
-0.3281246 1.3573201 0.2714546 -0.8073080 0.5216123 0.2759970 140 160 95 255
-0.2677032 1.3580297 0.0767610 -0.9518169 0.2000185 -0.2324588 144 76 40 255
-0.1135966 1.4885619 -0.1390088 -0.3613690 -0.8170988 -0.4491793 4 5 3 255
-0.1595861 1.4728786 -0.1348450 -0.8040378 -0.0907577 -0.5876104 68 61 59 255
-0.1309873 1.4837999 -0.1960337 -0.6588376 -0.6406498 -0.3943358 0 0 0 255
-0.7238942 0.7524674 0.4311168 0.1549225 -0.6018516 0.7834370 0 0 0 255
-0.6802002 0.7776529 0.4191453 -0.5413583 -0.5611482 0.6261340 0 0 0 255
-0.6766025 0.8314487 0.4824388 -0.7025391 -0.3313438 0.6298017 0 0 0 255
-0.1124879 0.7007109 0.1272352 -0.7339339 -0.5128069 0.4453876 73 136 165 255
-0.0483268 0.6764661 0.1606805 0.1852886 -0.9823121 0.0270373 82 142 170 255
-0.0388652 0.6803528 0.1855495 -0.1051826 0.0078426 0.9944220 81 142 170 255
-0.5579230 0.8419943 0.5228202 0.1934216 -0.1596609 0.9680375 0 0 1 255
-0.6034666 0.7310976 0.4449909 0.0502361 -0.7525981 0.6565610 0 0 0 255
-0.5213252 0.7419065 0.4282634 0.3553267 -0.6388972 0.6823147 0 31 59 255
-0.0452892 0.6782204 0.0587118 -0.3792255 0.5758144 -0.7243107 0 33 64 255
-0.0773672 0.6273772 0.0531976 -0.5196043 0.3782601 -0.7661139 0 32 62 255
-0.0861601 0.6347318 0.0964811 -0.9445536 0.1285425 -0.3021511 0 31 63 255
0.6362053 0.5912890 0.4416378 0.6343154 -0.3625751 0.6827762 0 0 0 255
0.4918071 0.2981310 0.2028062 0.5543621 0.3150167 0.7703552 0 11 24 255
0.5864819 0.4395989 0.1410224 0.9089844 -0.3976678 0.1249303 78 140 169 255
-0.0452892 0.6782204 0.0587118 -0.2607384 0.5870048 -0.7664469 84 141 158 255
-0.0712403 0.6874118 0.1897266 -0.4636709 0.8705435 0.1648134 81 142 170 255
0.0163170 0.7464099 0.0976312 -0.2362321 0.8356192 -0.4959184 81 142 170 255
0.6377312 0.0506228 0.2446506 0.5518031 -0.8330581 0.0390815 131 152 82 255
0.6323053 0.1093439 0.2245424 0.9528164 0.2499465 0.1722429 112 133 74 255
0.5137273 0.0907902 0.3145730 -0.0166453 0.0157786 0.9997370 112 135 76 255
0.0163170 0.7464099 0.0976312 -0.2362321 0.8356192 -0.4959184 81 142 170 255
-0.0712403 0.6874118 0.1897266 -0.4636709 0.8705435 0.1648134 81 142 170 255
-0.0388652 0.6803528 0.1855495 -0.1051826 0.0078426 0.9944220 81 142 170 255
-0.1051081 0.6591895 0.1206710 -0.9065939 0.4174225 -0.0620169 0 39 71 255
-0.0839144 0.6392286 0.2364776 -0.9811264 0.1626409 0.1045900 75 135 168 255
-0.0712403 0.6874118 0.1897266 -0.4636709 0.8705435 0.1648134 81 142 170 255
-0.4999048 0.7139865 0.3736951 0.0451791 -0.3855806 -0.9215674 0 32 63 255
-0.4577681 0.8133928 0.3628004 0.3235779 0.0140071 -0.9460979 0 32 64 255
-0.4439613 0.7449514 0.3741214 0.8661541 -0.4508910 -0.2155795 121 142 72 255
-0.5612241 0.7766901 0.3901699 -0.2033702 0.3355026 -0.9198252 0 31 63 255
-0.5090328 0.7996991 0.3731849 -0.3461614 0.0684647 -0.9356736 0 32 63 255
-0.5530483 0.7020783 0.3799703 -0.0012852 0.0308731 -0.9995224 0 31 63 255
-0.1116587 0.5737007 0.1489580 -0.9706418 0.2396369 0.0207013 69 100 54 255
-0.1051081 0.6591895 0.1206710 -0.9065939 0.4174225 -0.0620169 0 39 71 255
-0.0861601 0.6347318 0.0964811 -0.9144390 0.3412823 -0.2175492 103 122 61 255
-0.1507813 0.8165929 0.0659616 -0.9175459 -0.2384044 -0.3182341 0 2 7 255
-0.0343157 0.7419840 -0.1077569 -0.7180831 -0.3108530 -0.6226775 0 37 67 255
-0.1354300 0.7580078 0.0805538 -0.9550330 -0.1634020 -0.2474101 174 140 123 255
0.5968810 1.3459874 -0.1427958 0.5202761 0.4044626 -0.7521455 94 122 50 255
0.4870919 1.2274013 -0.2171643 -0.8590030 0.4977776 -0.1197138 98 125 60 255
0.5016512 1.2499493 -0.1400044 -0.7741943 -0.4950631 -0.3943802 72 131 163 255
-0.5530483 0.7020783 0.3799703 0.1923693 -0.8450177 0.4989381 0 9 19 255
-0.4999048 0.7139865 0.3736951 0.0451919 -0.3856199 -0.9215503 0 21 45 255
-0.4805080 0.7496083 0.4048564 0.5152326 -0.5647075 0.6447021 0 33 63 255
0.3776942 0.6194344 0.5480077 0.2291457 -0.3659852 0.9019684 0 39 75 255
0.6362053 0.5912890 0.4416378 0.6343154 -0.3625751 0.6827762 0 0 0 255
0.4129430 1.0085168 0.5134294 0.2764363 0.1972842 0.9405646 125 153 78 255
0.3209132 0.2440473 -0.0580914 -0.2326107 -0.6602413 -0.7141244 121 149 81 255
0.3858062 0.1480117 0.0184181 -0.8528752 -0.3356103 -0.3999622 95 127 60 255
0.2660033 0.2974648 -0.0779946 -0.5229295 -0.3083180 -0.7946600 132 156 86 255
-0.2406079 1.2097514 0.1007144 -0.9857184 -0.0225961 0.1668794 0 52 87 255
-0.1380349 1.1601115 -0.0537322 -0.8175699 -0.0313532 -0.5749751 0 52 88 255
-0.1511708 1.0358791 -0.0367301 -0.9501148 0.0091777 -0.3117652 0 53 87 255
-0.5253526 0.9500412 0.4955175 0.1869320 0.0928621 0.9779739 0 47 82 255
-0.1803004 1.0766928 0.4615524 0.4873954 -0.1145151 0.8656397 144 168 103 255
-0.3776098 1.1367425 0.4616725 -0.3635491 0.6111835 0.7030554 142 164 98 255
0.2660033 0.2974648 -0.0779946 -0.5229295 -0.3083180 -0.7946600 132 156 86 255
0.3042337 0.5846216 -0.0204298 -0.3227927 -0.0689643 -0.9439538 0 40 72 255
0.3853580 0.7144142 -0.0299284 -0.1469342 -0.2060093 -0.9674556 0 13 33 255
-0.0839144 0.6392286 0.2364776 -0.9811264 0.1626409 0.1045900 75 135 168 255
-0.1051081 0.6591895 0.1206710 -0.9065939 0.4174225 -0.0620169 0 39 71 255
-0.1116587 0.5737007 0.1489580 -0.9706418 0.2396369 0.0207013 69 100 54 255
-0.1410543 1.4155523 -0.1569922 -0.5952429 0.0484146 -0.8020859 93 12 18 255
-0.1015059 1.3436671 -0.1838791 -0.5725478 -0.6005731 -0.5581228 184 175 171 255
-0.1737944 1.4712134 -0.0813477 -0.9885466 -0.0840026 0.1253759 103 86 49 255
-0.4859816 0.8305342 0.4676502 0.6204038 -0.2488059 0.7437707 0 3 8 255
-0.5579230 0.8419943 0.5228202 0.1934216 -0.1596609 0.9680375 0 0 1 255
-0.5213252 0.7419065 0.4282634 0.3553267 -0.6388972 0.6823147 0 31 59 255
0.1347843 1.7173359 0.0368068 0.2990765 -0.6050956 0.7378432 0 51 86 255
0.2709192 1.7089313 -0.0593026 0.4932397 -0.8064976 0.3260004 0 50 85 255
0.1587497 1.7676077 0.0932090 0.1271235 -0.7666734 0.6293263 0 50 85 255
-0.0839144 0.6392286 0.2364776 -0.9811264 0.1626409 0.1045900 75 135 168 255
-0.1116587 0.5737007 0.1489580 -0.9706418 0.2396369 0.0207013 69 100 54 255
-0.0882529 0.5903871 0.2371156 -0.9486548 0.3159671 -0.0147863 76 136 168 255
-0.0839144 0.6392286 0.2364776 -0.9811264 0.1626409 0.1045900 75 135 168 255
-0.0882529 0.5903871 0.2371156 -0.9486548 0.3159671 -0.0147863 76 136 168 255
-0.0771626 0.6844388 0.4581840 -0.8304588 -0.1657137 0.5318620 0 37 64 255
0.7099658 0.8278196 0.0408332 0.9996956 0.0246498 -0.0010360 76 139 168 255
0.6787471 0.8729243 0.0530040 0.5392892 0.1743295 0.8238788 81 143 172 255
0.6679879 0.6439452 0.0909688 0.9892452 -0.1452408 0.0172926 80 135 167 255
-0.2677032 1.3580297 0.0767610 -0.5648538 0.1055847 -0.8184083 0 50 85 255
-0.1380349 1.1601115 -0.0537322 -0.8175699 -0.0313532 -0.5749751 0 52 88 255
-0.2406079 1.2097514 0.1007144 -0.9857184 -0.0225961 0.1668794 0 52 87 255
-0.6579949 0.9916387 0.4886539 -0.4928587 0.5755329 -0.6525735 0 0 0 255
-0.5253526 0.9500412 0.4955175 0.3009593 0.9158304 -0.2658539 0 0 0 255
-0.6167060 0.9612625 0.4307573 -0.3942713 0.3339124 -0.8561850 0 0 0 255
-0.2640373 0.1191741 0.1097496 -0.9000396 0.4189896 0.1199017 0 62 104 255
-0.0742487 0.1436560 0.4330471 -0.4910167 -0.6338835 0.5975736 0 25 50 255
-0.0745810 0.2000265 0.4103467 -0.5946736 0.4050803 0.6944588 75 138 171 255
-0.1378313 0.7462493 0.2378318 -0.7475314 -0.6540666 -0.1157310 73 136 167 255
-0.2041317 0.7813867 0.1547468 0.6680436 0.5380688 -0.5140034 77 141 170 255
-0.1624037 0.7845890 0.2105033 0.7329064 0.3748934 -0.5677176 77 140 170 255
-0.1065735 1.7073383 -0.2743084 -0.8956178 -0.3679888 -0.2499059 4 26 44 255
-0.1325999 1.7359607 -0.0831673 -0.9404458 -0.2358964 0.2447745 74 135 165 255
-0.1923987 1.8022560 -0.2492058 -0.8129606 -0.5689806 -0.1239199 0 13 25 255
-0.1417023 1.1392874 0.2407024 0.8510926 -0.1950344 -0.4874455 0 43 75 255
-0.2614199 1.2215434 0.1403320 0.6847957 -0.6125864 0.3947057 0 51 86 255
-0.1434814 1.2369124 0.1996543 -0.5600230 -0.5909773 0.5806205 0 35 67 255
-0.1203316 0.2427388 0.3194292 -0.8964346 0.1874973 0.4015591 78 139 172 255
-0.0799669 0.5071889 0.2886522 -0.7801142 -0.1208147 0.6138613 67 132 163 255
-0.1372272 0.4638256 0.1710660 -0.9763596 0.0904097 -0.1963360 75 138 169 255
-0.1056839 1.5391375 -0.2658217 -0.3163372 -0.2407065 -0.9176008 33 40 25 255
-0.1309873 1.4837999 -0.1960337 -0.6588376 -0.6406498 -0.3943358 0 0 0 255
-0.0888399 1.5754703 -0.2327635 -0.7431201 -0.0109241 -0.6690689 114 143 71 255
0.0093938 1.7057925 0.0590875 -0.2430767 -0.0065784 0.9699847 3 56 104 255
-0.0423323 1.5088125 0.1667993 -0.0190943 0.6912714 0.7223428 81 141 168 255
0.1331466 1.6620416 0.0295227 0.4985014 0.4180503 0.7594277 27 81 115 255
0.3858062 0.1480117 0.0184181 -0.8528752 -0.3356103 -0.3999622 95 127 60 255
0.3683490 0.1148405 0.1473949 -0.9003999 -0.4132615 0.1359961 110 137 64 255
0.1948196 0.3224573 -0.0105536 -0.9897329 -0.0687224 0.1253242 146 167 97 255
0.2885140 1.5261730 -0.1583703 -0.3547579 0.4349700 -0.8276157 65 34 14 255
0.1564883 1.3882752 -0.1209366 -0.1123549 0.4943610 -0.8619649 0 53 89 255
0.1978909 1.4785834 -0.0721743 -0.3295793 0.1249138 -0.9358280 0 61 87 255
-0.1054698 1.3387571 -0.0198615 -0.6214841 0.2297032 -0.7489954 0 51 87 255
-0.2677032 1.3580297 0.0767610 -0.5648538 0.1055847 -0.8184083 0 50 85 255
-0.2238733 1.4279216 0.0817716 -0.3684962 0.5249831 -0.7672048 0 0 1 255
-0.0175842 1.4234872 -0.1765530 -0.6400899 -0.0414270 -0.7671824 54 65 28 255
-0.1191212 1.4528530 -0.1202385 -0.1716806 0.4923612 -0.8532914 65 52 11 255
-0.1135966 1.4885619 -0.1390088 -0.3613690 -0.8170988 -0.4491793 4 5 3 255
0.4207038 0.6836018 -0.0838034 0.2291371 -0.9612468 0.1532993 83 144 174 255
0.4879922 0.6822575 -0.1754792 0.4079579 -0.6793813 -0.6099273 56 125 162 255
0.4845868 0.6902885 -0.1183207 0.0857189 -0.8486876 -0.5219018 78 140 171 255
-0.1624037 0.7845890 0.2105033 0.7329064 0.3748934 -0.5677176 77 140 170 255
-0.2041317 0.7813867 0.1547468 0.6680436 0.5380688 -0.5140034 77 141 170 255
-0.1564494 0.8346312 0.2848251 0.6947482 0.5821767 -0.4223686 79 142 171 255
0.0847203 0.0761582 0.3172910 0.1355598 -0.9552925 0.2627542 0 28 57 255
0.0854360 0.1933771 0.3865869 0.8363085 -0.0636696 0.5445496 0 33 63 255
0.0618128 0.1257580 0.4419057 0.3408236 -0.2486116 0.9066595 0 28 56 255
0.4918071 0.2981310 0.2028062 0.5543621 0.3150167 0.7703552 0 11 24 255
0.5786012 0.1645436 0.3108404 0.3295670 0.3185732 0.8887613 0 59 62 255
0.5864819 0.4395989 0.1410224 0.9089844 -0.3976678 0.1249303 78 140 169 255
0.5137273 0.0907902 0.3145730 -0.0166453 0.0157786 0.9997370 112 135 76 255
0.6323053 0.1093439 0.2245424 0.9528164 0.2499465 0.1722429 112 133 74 255
0.5224758 0.1409504 0.3106563 -0.2293841 -0.2956554 0.9273462 126 150 78 255
-0.0948216 1.2180969 -0.0638630 -0.5789249 0.3218088 -0.7491896 0 52 88 255
-0.0669833 1.1611723 -0.1352885 -0.5802859 0.2021350 -0.7889295 0 53 88 255
-0.1179725 1.2082177 -0.1034272 -0.6520201 0.4694124 -0.5954174 0 52 88 255
0.3854188 0.3096408 -0.1041052 -0.0778539 -0.3810094 -0.9212875 104 137 74 255
0.3209132 0.2440473 -0.0580914 -0.2326107 -0.6602413 -0.7141244 121 149 81 255
0.2660033 0.2974648 -0.0779946 -0.5229295 -0.3083180 -0.7946600 132 156 86 255
-0.5253526 0.9500412 0.4955175 0.1869320 0.0928621 0.9779739 0 47 82 255
-0.4356157 0.9288602 0.4411275 0.7309893 -0.6684750 0.1370980 131 34 37 255
-0.1803004 1.0766928 0.4615524 0.4873954 -0.1145151 0.8656397 144 168 103 255
0.3042337 0.5846216 -0.0204298 0.3032335 -0.8343050 -0.4604178 0 20 38 255
0.3819908 0.6763768 -0.1712992 0.7418908 -0.6447016 -0.1842763 70 135 170 255
0.3493942 0.6811700 -0.0795882 0.7751742 -0.6020433 0.1914390 80 142 172 255
0.6176578 0.9079197 -0.0675089 0.6264942 -0.0669709 -0.7765436 76 139 168 255
0.6479434 0.9305881 -0.1065266 0.6218907 0.2376809 -0.7461634 81 143 173 255
0.6613930 0.8011560 -0.0562308 0.5672390 -0.1909314 -0.8011150 0 21 41 255
-0.1015059 1.3436671 -0.1838791 -0.5725478 -0.6005731 -0.5581228 184 175 171 255
-0.1410543 1.4155523 -0.1569922 -0.5952429 0.0484146 -0.8020859 93 12 18 255
-0.0142068 1.3925465 -0.2025473 0.2043368 -0.3228315 -0.9241355 72 100 33 255
-0.0948216 1.2180969 -0.0638630 -0.5789249 0.3218088 -0.7491896 0 52 88 255
-0.2677032 1.3580297 0.0767610 -0.5648538 0.1055847 -0.8184083 0 50 85 255
-0.1054698 1.3387571 -0.0198615 -0.6214841 0.2297032 -0.7489954 0 51 87 255
-0.4805080 0.7496083 0.4048564 0.5152326 -0.5647075 0.6447021 0 33 63 255
-0.4439613 0.7449514 0.3741214 0.8661149 -0.4509845 -0.2155415 109 136 61 255
-0.4299794 0.8310041 0.4098995 0.9192721 -0.1122725 0.3772715 136 157 88 255
0.4360713 1.0149741 -0.2552760 0.4529335 -0.0912578 -0.8868615 60 121 156 255
0.4919490 1.0554315 -0.2043250 0.8025993 0.2216104 -0.5538259 0 56 95 255
0.4689862 0.8531153 -0.2230046 0.4536306 -0.1119443 -0.8841311 72 131 163 255
-0.0799669 0.5071889 0.2886522 -0.7801142 -0.1208147 0.6138613 67 132 163 255
-0.0188659 0.2670690 0.4296911 -0.0229974 0.3470705 0.9375571 82 143 174 255
0.0059065 0.4740950 0.2857158 0.1013640 -0.0232435 0.9945778 51 120 155 255
0.2237936 0.6425758 -0.1958172 0.1198952 -0.7740030 -0.6217269 182 136 112 255
0.1863962 0.6750304 -0.2194598 -0.1987149 -0.3998630 -0.8947748 2 9 16 255
0.2006179 0.7277580 -0.2379916 0.1034353 -0.3710697 -0.9228265 115 111 112 255
-0.5579230 0.8419943 0.5228202 0.1934216 -0.1596609 0.9680375 0 0 1 255
-0.5253526 0.9500412 0.4955175 0.1869320 0.0928621 0.9779739 0 47 82 255
-0.6579949 0.9916387 0.4886539 -0.0780763 0.1906882 0.9785407 0 13 27 255
-0.1587354 0.2132785 0.2102487 -0.8801282 0.4644628 0.0982275 0 64 105 255
-0.0745810 0.2000265 0.4103467 -0.5946736 0.4050803 0.6944588 75 138 171 255
-0.1203316 0.2427388 0.3194292 -0.8964346 0.1874973 0.4015591 78 139 172 255
0.0093938 1.7057925 0.0590875 -0.2430767 -0.0065784 0.9699847 3 56 104 255
0.1331466 1.6620416 0.0295227 0.4985014 0.4180503 0.7594277 27 81 115 255
0.1347843 1.7173359 0.0368068 0.2990765 -0.6050956 0.7378432 0 51 86 255
-0.4805080 0.7496083 0.4048564 0.5152326 -0.5647075 0.6447021 0 33 63 255
-0.4299794 0.8310041 0.4098995 0.9192721 -0.1122725 0.3772715 136 157 88 255
-0.4859816 0.8305342 0.4676502 0.6204038 -0.2488059 0.7437707 0 3 8 255
-0.1367494 1.4274393 -0.0147574 -0.8701427 -0.3128278 0.3807761 127 154 81 255
0.0117220 1.2400729 -0.1698859 -0.7840822 -0.0499636 -0.6186428 83 143 173 255
-0.1054698 1.3387571 -0.0198615 -0.7412773 0.0852207 -0.6657668 119 148 76 255
-0.1203316 0.2427388 0.3194292 -0.8964346 0.1874973 0.4015591 78 139 172 255
-0.0270211 0.2548062 0.3922288 -0.3270859 -0.0105262 0.9449360 6 37 64 255
-0.0188659 0.2670690 0.4296911 -0.0229974 0.3470705 0.9375571 82 143 174 255
-0.1587354 0.2132785 0.2102487 -0.8582565 0.4913354 0.1482747 0 47 79 255
-0.1125635 0.1823241 0.0945251 -0.3077869 0.3187925 -0.8964590 0 42 75 255
-0.1845371 0.1879940 0.1473653 -0.3989185 0.8859792 -0.2364424 0 46 79 255
0.3853580 0.7144142 -0.0299284 0.4140645 -0.6461053 0.6411695 83 144 175 255
0.4207038 0.6836018 -0.0838034 0.2291371 -0.9612468 0.1532993 83 144 174 255
0.4845868 0.6902885 -0.1183207 0.0857189 -0.8486876 -0.5219018 78 140 171 255
-0.1162351 1.6015922 0.0446928 -0.6583778 0.1385460 0.7398269 172 169 173 255
-0.0759772 1.5141278 0.0797508 -0.7887939 0.1317212 0.6003778 81 141 169 255
-0.0804342 1.6868152 0.0171974 -0.7599109 0.3354806 0.5567659 87 138 167 255
-0.1162351 1.6015922 0.0446928 -0.8846936 0.1548523 0.4397022 112 141 68 255
-0.0804342 1.6868152 0.0171974 -0.7627294 0.3778977 0.5248210 119 145 72 255
-0.1067122 1.6595662 0.0171993 -0.9386839 0.2397692 0.2477564 122 149 74 255
-0.0759772 1.5141278 0.0797508 -0.7887939 0.1317212 0.6003778 81 141 169 255
-0.0458852 1.5826046 0.1299045 -0.6576440 0.0104371 0.7532565 80 135 163 255
-0.0804342 1.6868152 0.0171974 -0.7599109 0.3354806 0.5567659 87 138 167 255
0.5960151 0.6474731 -0.0039809 0.4791020 -0.3228991 -0.8162091 14 70 113 255
0.6613930 0.8011560 -0.0562308 0.5672390 -0.1909314 -0.8011150 0 21 41 255
0.6686522 0.6291743 -0.0083754 0.7097808 -0.4397553 -0.5502967 72 133 163 255
-0.4439613 0.7449514 0.3741214 0.8661541 -0.4508910 -0.2155795 121 142 72 255
-0.4577681 0.8133928 0.3628004 0.3235779 0.0140071 -0.9460979 0 32 64 255
-0.4299794 0.8310041 0.4098995 0.9218055 -0.1232480 0.3675386 0 32 64 255
0.0093938 1.7057925 0.0590875 -0.2430767 -0.0065784 0.9699847 3 56 104 255
-0.0804342 1.6868152 0.0171974 -0.7599109 0.3354806 0.5567659 87 138 167 255
-0.0458852 1.5826046 0.1299045 -0.6576440 0.0104371 0.7532565 80 135 163 255
0.2553078 1.5517343 -0.1545022 -0.5183334 0.7740042 -0.3636591 0 29 57 255
0.1862637 1.5264745 0.0002477 -0.6512347 0.7213244 -0.2357637 0 45 77 255
0.3304805 1.6070307 -0.0388043 0.0041189 0.9994944 -0.0315252 0 5 10 255
0.6613930 0.8011560 -0.0562308 0.5672390 -0.1909314 -0.8011150 0 21 41 255
0.7099658 0.8278196 0.0408332 0.9996956 0.0246498 -0.0010360 76 139 168 255
0.6686522 0.6291743 -0.0083754 0.7097808 -0.4397553 -0.5502967 72 133 163 255
0.1685330 1.5806298 -0.1312678 0.8098494 -0.2321472 -0.5387499 0 59 93 255
0.1834615 1.6418139 -0.0859015 0.9706861 -0.2403096 0.0044356 0 52 85 255
0.1866916 1.5428356 -0.1059439 0.8499787 -0.2973581 -0.4348726 0 59 93 255
-0.2042853 1.4654241 0.0648191 -0.5126638 0.6303932 -0.5829066 135 159 91 255
-0.2238733 1.4279216 0.0817716 -0.3893473 0.5757116 -0.7190025 135 159 92 255
-0.1721512 1.5053372 0.1669767 -0.3239526 0.9457377 -0.0252000 126 72 24 255
0.0921384 0.1294988 0.2932584 0.9400592 -0.2330537 -0.2489471 0 32 62 255
0.0847203 0.0761582 0.3172910 0.1355598 -0.9552925 0.2627542 0 28 57 255
0.0074803 0.1023294 0.1737258 0.8765091 -0.1210191 -0.4659252 0 32 60 255
0.1640240 1.5596948 0.0869081 0.4265802 0.7912484 0.4381270 0 52 87 255
0.1331466 1.6620416 0.0295227 0.4985014 0.4180503 0.7594277 27 81 115 255
-0.0423323 1.5088125 0.1667993 -0.0190943 0.6912714 0.7223428 81 141 168 255
0.1842505 1.5370049 0.1422498 -0.0147946 0.9485842 0.3161790 0 50 85 255
0.4322275 1.5599069 0.0482910 0.3300488 0.7789812 0.5331566 112 87 79 255
0.3304805 1.6070307 -0.0388043 0.0041189 0.9994944 -0.0315252 0 5 10 255
0.6091779 0.8129625 -0.0490763 0.5289462 -0.2621865 -0.8071396 0 19 38 255
0.6613930 0.8011560 -0.0562308 0.5672390 -0.1909314 -0.8011150 0 21 41 255
0.5960151 0.6474731 -0.0039809 0.4791020 -0.3228991 -0.8162091 14 70 113 255
0.0886112 0.1563980 0.2583272 0.8444097 -0.4722988 -0.2527964 0 34 63 255
0.0074803 0.1023294 0.1737258 0.8765091 -0.1210191 -0.4659252 0 32 60 255
-0.0334798 0.1517680 0.1033790 0.7495103 0.2055087 -0.6292856 0 36 67 255
0.6091779 0.8129625 -0.0490763 0.5289462 -0.2621865 -0.8071396 0 19 38 255
0.6176578 0.9079197 -0.0675089 0.6264942 -0.0669709 -0.7765436 76 139 168 255
0.6613930 0.8011560 -0.0562308 0.5672390 -0.1909314 -0.8011150 0 21 41 255
0.6091779 0.8129625 -0.0490763 0.5712749 -0.2680452 -0.7757558 8 10 11 255
0.5017217 0.7805878 -0.1653063 0.7202746 -0.2504295 -0.6469077 8 10 10 255
0.6176578 0.9079197 -0.0675089 0.6964362 -0.0661056 -0.7145675 16 85 128 255
0.6176578 0.9079197 -0.0675089 0.6964362 -0.0661056 -0.7145675 16 85 128 255
0.4919490 1.0554315 -0.2043250 0.8025993 0.2216104 -0.5538259 0 56 95 255
0.6609205 0.9909500 0.0213621 0.7760352 0.3597166 -0.5180475 63 127 160 255
0.1108090 0.3630471 -0.0344298 0.7565617 -0.5605186 -0.3367985 0 15 31 255
0.1992427 0.4632373 0.1036699 0.8777755 -0.4027792 -0.2593819 0 11 23 255
0.1979851 0.4612031 0.1841705 0.9036767 -0.4264931 0.0383680 0 0 0 255
0.2023863 1.5324097 0.0294569 -0.1226781 0.9833184 -0.1342939 0 46 80 255
0.1640240 1.5596948 0.0869081 0.4265802 0.7912484 0.4381270 0 52 87 255
0.1842505 1.5370049 0.1422498 -0.0147946 0.9485842 0.3161790 0 50 85 255
0.5560676 0.4006736 0.0095584 0.9111965 -0.0779164 -0.4045368 81 142 170 255
0.6679879 0.6439452 0.0909688 0.9244139 -0.2106956 -0.3179093 81 142 170 255
0.7127987 0.5975594 0.2589872 0.9404453 -0.3243505 0.1017810 81 143 171 255
0.1331466 1.6620416 0.0295227 0.4985014 0.4180503 0.7594277 27 81 115 255
0.1834615 1.6418139 -0.0859015 0.9189889 -0.3918689 0.0435674 0 51 86 255
0.1347843 1.7173359 0.0368068 0.2990765 -0.6050956 0.7378432 0 51 86 255
0.7099658 0.8278196 0.0408332 0.9996956 0.0246498 -0.0010360 76 139 168 255
0.7130429 0.9111463 0.0280845 0.8532197 -0.1647951 -0.4948321 81 142 172 255
0.6787471 0.8729243 0.0530040 0.5392892 0.1743295 0.8238788 81 143 172 255
-0.0191122 1.4577297 -0.2259085 0.6982684 0.2596623 0.6670808 105 44 22 255
-0.0615107 1.4967031 -0.1966994 0.6982684 0.2596623 0.6670808 148 119 52 255
-0.1135966 1.4885619 -0.1390088 0.6982684 0.2596623 0.6670808 110 112 49 255
-0.6287123 0.7852677 0.4194753 -0.1464359 0.5593027 -0.8159271 0 13 32 255
-0.6159240 0.7309883 0.3609626 0.0977051 0.4006525 -0.9110057 0 30 59 255
-0.6728631 0.7428939 0.3599937 -0.4909407 0.2626120 -0.8306696 0 0 1 255
0.1199340 1.2155591 -0.2095845 -0.1225567 0.3012823 -0.9456261 0 7 14 255
0.1339678 1.2660943 -0.1867154 -0.2872671 -0.1562710 -0.9450169 25 96 134 255
0.1797155 1.2479404 -0.1993334 0.0134367 0.4854237 -0.8741758 73 135 165 255
0.2039856 0.4955972 0.0621936 -0.2861525 -0.4534441 -0.8441004 52 120 152 255
0.1158780 0.6263309 0.0400865 -0.7178365 -0.2936663 -0.6312455 70 134 164 255
0.1352605 0.5577435 -0.0592282 -0.7627155 -0.6438771 0.0607231 41 113 150 255
-0.4299794 0.8310041 0.4098995 0.9218055 -0.1232480 0.3675386 0 32 64 255
-0.4708949 0.9124836 0.3641555 -0.0291351 -0.2381047 -0.9708024 0 34 64 255
-0.4356157 0.9288602 0.4411275 0.5811974 -0.7819595 0.2252750 0 31 61 255
0.4700240 0.1776387 -0.0417731 0.1576017 0.7109137 -0.6853930 138 159 92 255
0.4068547 0.2048159 -0.0163376 -0.0430602 -0.4440988 -0.8949425 99 128 66 255
0.4885863 0.2405823 -0.0238678 0.3066200 -0.2349071 -0.9223898 113 139 99 255
-0.5530483 0.7020783 0.3799703 0.1923693 -0.8450177 0.4989381 0 9 19 255
-0.4805080 0.7496083 0.4048564 0.5152326 -0.5647075 0.6447021 0 33 63 255
-0.5213252 0.7419065 0.4282634 0.3553267 -0.6388972 0.6823147 0 31 59 255
0.4196032 0.2648127 -0.0682261 0.2144523 -0.5809597 -0.7851726 87 123 67 255
0.4885863 0.2405823 -0.0238678 0.3066200 -0.2349071 -0.9223898 113 139 99 255
0.4068547 0.2048159 -0.0163376 -0.0430602 -0.4440988 -0.8949425 99 128 66 255
0.1691138 1.1318290 0.5165126 -0.0545847 0.4451518 0.8937899 0 52 87 255
-0.1386625 1.3815697 0.3026206 0.8227610 0.1883424 0.5362757 78 140 169 255
0.0165929 0.9790196 0.5470989 -0.5145183 0.1789167 0.8386057 0 50 86 255
0.4885863 0.2405823 -0.0238678 0.3066200 -0.2349071 -0.9223898 113 139 99 255
0.5547863 0.2473564 0.0171630 0.7708725 -0.0782211 -0.6321687 72 100 27 255
0.4700240 0.1776387 -0.0417731 0.1576017 0.7109137 -0.6853930 138 159 92 255
-0.1805278 1.0557925 0.3202045 0.6191374 -0.7617804 -0.1906820 0 54 88 255
-0.0983216 1.1984472 0.3104713 0.9976240 0.0309837 0.0615324 0 50 83 255
-0.1803004 1.0766928 0.4615524 0.3194752 -0.0557882 0.9459510 0 51 87 255
0.4196032 0.2648127 -0.0682261 0.2144523 -0.5809597 -0.7851726 87 123 67 255
0.4464997 0.3320269 -0.0998719 0.5694733 -0.1147261 -0.8139644 53 123 157 255
0.5191737 0.2992267 -0.0448315 0.6660678 -0.2098328 -0.7157680 66 130 162 255
0.3975924 0.7536949 -0.2140563 0.2073622 -0.2689346 -0.9405717 10 10 11 255
0.2419242 0.8367233 -0.2726843 -0.0431296 -0.0964549 -0.9944025 77 140 169 255
0.4689862 0.8531153 -0.2230046 0.4536306 -0.1119443 -0.8841311 72 131 163 255
-0.0745810 0.2000265 0.4103467 -0.5946736 0.4050803 0.6944588 75 138 171 255
0.0854360 0.1933771 0.3865869 0.8363085 -0.0636696 0.5445496 0 33 63 255
-0.0270211 0.2548062 0.3922288 -0.3270859 -0.0105262 0.9449360 6 37 64 255
0.1685330 1.5806298 -0.1312678 0.8098494 -0.2321472 -0.5387499 0 59 93 255
0.1866916 1.5428356 -0.1059439 0.8499787 -0.2973581 -0.4348726 0 59 93 255
0.0328952 1.5165389 -0.2580159 0.5726656 -0.4047556 -0.7129004 0 12 23 255
0.0919963 1.6001983 -0.2714951 0.7259606 -0.1052235 -0.6796390 0 61 94 255
0.1834615 1.6418139 -0.0859015 0.9706861 -0.2403096 0.0044356 0 52 85 255
0.1685330 1.5806298 -0.1312678 0.8098494 -0.2321472 -0.5387499 0 59 93 255
0.1377805 0.5689512 0.5867040 -0.1212022 -0.3684641 0.9217073 110 137 69 255
0.0995413 0.3348472 0.2635553 -0.2923222 -0.9271179 -0.2345207 0 17 36 255
0.3776942 0.6194344 0.5480077 0.2291457 -0.3659852 0.9019684 0 39 75 255
0.4700240 0.1776387 -0.0417731 0.1576017 0.7109137 -0.6853930 138 159 92 255
0.5547863 0.2473564 0.0171630 0.7708725 -0.0782211 -0.6321687 72 100 27 255
0.5794140 0.1679725 0.0538042 0.8674570 0.2723269 -0.4163608 107 105 63 255
0.5824231 0.1137712 -0.0650380 0.8718342 0.4074816 -0.2717791 145 164 95 255
0.5794140 0.1679725 0.0538042 0.8674570 0.2723269 -0.4163608 107 105 63 255
0.6323053 0.1093439 0.2245424 0.9528164 0.2499465 0.1722429 112 133 74 255
-0.6034666 0.7310976 0.4449909 0.0502361 -0.7525981 0.6565610 0 0 0 255
-0.6142145 0.6989559 0.3716133 -0.2058819 -0.9780521 -0.0320436 0 1 4 255
-0.5530483 0.7020783 0.3799703 0.1923693 -0.8450177 0.4989381 0 9 19 255
0.5547863 0.2473564 0.0171630 0.7708725 -0.0782211 -0.6321687 72 100 27 255
0.5560676 0.4006736 0.0095584 0.9022444 -0.0245958 -0.4305231 131 148 88 255
0.6322979 0.1815582 0.1573246 0.9390805 -0.0601044 -0.3384012 142 162 94 255
0.0822941 0.7730097 0.1116588 -0.3941658 0.0947832 -0.9141387 80 142 171 255
-0.0483268 0.6764661 0.1606805 0.1852886 -0.9823121 0.0270373 82 142 170 255
0.0440696 0.7554116 0.1254003 0.5342939 -0.3714858 -0.7592946 82 143 171 255
0.3683490 0.1148405 0.1473949 -0.9003999 -0.4132615 0.1359961 110 137 64 255
0.4166778 0.1128872 0.2296932 -0.7117385 -0.2999816 0.6351687 106 129 52 255
0.3323680 0.4535471 0.2323282 -0.7326458 -0.0149848 0.6804451 0 28 56 255
-0.2406079 1.2097514 0.1007144 -0.9857184 -0.0225961 0.1668794 0 52 87 255
-0.1241094 0.8700517 -0.0491030 -0.9511865 -0.2384952 -0.1958681 0 59 71 255
-0.1564494 0.8346312 0.2848251 -0.9869547 -0.0822828 0.1383824 71 104 46 255
0.4196032 0.2648127 -0.0682261 0.2144523 -0.5809597 -0.7851726 87 123 67 255
0.5191737 0.2992267 -0.0448315 0.6660678 -0.2098328 -0.7157680 66 130 162 255
0.4885863 0.2405823 -0.0238678 0.3066200 -0.2349071 -0.9223898 113 139 99 255
-0.1900021 0.9019408 0.3199794 0.7065924 0.5721340 -0.4164012 79 141 170 255
-0.1564494 0.8346312 0.2848251 0.6947482 0.5821767 -0.4223686 79 142 171 255
-0.2041317 0.7813867 0.1547468 0.6680436 0.5380688 -0.5140034 77 141 170 255
-0.7448641 0.8033684 0.4516838 -0.5029253 0.3039492 -0.8091235 0 0 0 255
-0.6167060 0.9612625 0.4307573 -0.3942713 0.3339124 -0.8561850 0 0 0 255
-0.6802002 0.7776529 0.4191453 -0.2255777 0.2346918 -0.9455340 0 1 2 255
-0.6167060 0.9612625 0.4307573 -0.3942713 0.3339124 -0.8561850 0 0 0 255
-0.7448641 0.8033684 0.4516838 -0.5029253 0.3039492 -0.8091235 0 0 0 255
-0.6579949 0.9916387 0.4886539 -0.4928587 0.5755329 -0.6525735 0 0 0 255
0.2915593 0.4854935 0.0375850 -0.6218922 -0.7598552 -0.1893941 0 51 87 255
0.3323680 0.4535471 0.2323282 -0.2184309 -0.9349666 -0.2795089 0 52 87 255
0.3238677 0.4269781 0.3514640 -0.2022069 -0.9741318 0.1008938 0 51 87 255
-0.0983216 1.1984472 0.3104713 0.9976240 0.0309837 0.0615324 0 50 83 255
-0.1417023 1.1392874 0.2407024 0.5418535 -0.5255538 -0.6558871 0 8 13 255
-0.1386625 1.3815697 0.3026206 0.9948095 0.0156889 0.1005383 0 50 84 255
-0.1135966 1.4885619 -0.1390088 -0.3613690 -0.8170988 -0.4491793 4 5 3 255
-0.1309873 1.4837999 -0.1960337 -0.6588376 -0.6406498 -0.3943358 0 0 0 255
-0.0191122 1.4577297 -0.2259085 -0.3518980 -0.6514539 -0.6721427 2 1 2 255
-0.1600882 1.7875543 -0.0502598 -0.6891032 -0.6079305 0.3944071 0 0 0 255
0.0093938 1.7057925 0.0590875 -0.2430767 -0.0065784 0.9699847 3 56 104 255
-0.0408233 1.7958797 0.1095989 -0.2567987 -0.6528464 0.7126331 0 0 0 255
0.0093938 1.7057925 0.0590875 -0.2430767 -0.0065784 0.9699847 3 56 104 255
-0.1600882 1.7875543 -0.0502598 -0.6891032 -0.6079305 0.3944071 0 0 0 255
-0.1325999 1.7359607 -0.0831673 -0.9404491 -0.2358447 0.2448117 125 152 81 255
-0.1600882 1.7875543 -0.0502598 0.0977448 0.9949757 -0.0216591 0 0 0 255
-0.0408233 1.7958797 0.1095989 0.1270086 0.9811197 -0.1458528 0 0 0 255
0.1587497 1.7676077 0.0932090 0.2124114 0.9719639 -0.1008345 0 0 0 255
0.0440696 0.7554116 0.1254003 0.5342939 -0.3714858 -0.7592946 82 143 171 255
-0.1008703 0.7019805 0.0001562 -0.3044363 -0.8653637 -0.3980757 79 142 171 255
0.0822941 0.7730097 0.1116588 -0.3941658 0.0947832 -0.9141387 80 142 171 255
-0.2503139 1.2918457 0.3821561 -0.0800893 0.5664645 0.8201852 130 152 82 255
-0.1721512 1.5053372 0.1669767 -0.2812351 0.8192592 0.4997211 118 145 72 255
-0.3281246 1.3573201 0.2714546 -0.8073080 0.5216123 0.2759970 140 160 95 255
0.0163170 0.7464099 0.0976312 -0.2362321 0.8356192 -0.4959184 81 142 170 255
0.0822941 0.7730097 0.1116588 -0.3941658 0.0947832 -0.9141387 80 142 171 255
0.1158780 0.6263309 0.0400865 -0.7178365 -0.2936663 -0.6312455 70 134 164 255
-0.1587354 0.2132785 0.2102487 -0.8801282 0.4644628 0.0982275 0 64 105 255
-0.1203316 0.2427388 0.3194292 -0.8964346 0.1874973 0.4015591 78 139 172 255
-0.1249911 0.2851068 0.1157997 -0.9669197 -0.0182296 -0.2544286 72 134 166 255
-0.2918397 1.1165925 0.2685382 -0.3152766 -0.7818280 -0.5379086 140 160 90 255
-0.3404561 1.1771467 0.3328464 -0.9886107 0.0874396 0.1224873 131 156 86 255
-0.3478800 1.1659107 0.2728155 -0.9055800 -0.3465379 -0.2446153 136 156 90 255
-0.5579230 0.8419943 0.5228202 0.1934216 -0.1596609 0.9680375 0 0 1 255
-0.6579949 0.9916387 0.4886539 -0.0780763 0.1906882 0.9785407 0 13 27 255
-0.7030970 0.8650986 0.5221851 -0.0689526 -0.0068234 0.9975967 0 0 0 255
-0.1803004 1.0766928 0.4615524 0.4873954 -0.1145151 0.8656397 144 168 103 255
-0.0983216 1.1984472 0.3104713 0.9281678 -0.2783365 0.2470496 125 152 82 255
-0.1548964 1.2724218 0.3756721 0.6625628 0.2023154 0.7211651 132 158 86 255
0.4043401 0.3807738 0.2704847 -0.4611281 -0.6849329 0.5641168 0 51 87 255
0.3323680 0.4535471 0.2323282 -0.2184309 -0.9349666 -0.2795089 0 52 87 255
0.5786012 0.1645436 0.3108404 0.3295670 0.3185732 0.8887613 0 59 62 255
0.5786012 0.1645436 0.3108404 0.3295670 0.3185732 0.8887613 0 59 62 255
0.3323680 0.4535471 0.2323282 -0.2184309 -0.9349666 -0.2795089 0 52 87 255
0.5224758 0.1409504 0.3106563 -0.2545867 -0.0803737 0.9637042 0 59 62 255
-0.1923987 1.8022560 -0.2492058 -0.8129606 -0.5689806 -0.1239199 0 13 25 255
-0.1188871 1.7570117 -0.3260882 -0.6993905 -0.4315079 -0.5697841 0 13 25 255
-0.1065735 1.7073383 -0.2743084 -0.8956178 -0.3679888 -0.2499059 4 26 44 255
0.1587497 1.7676077 0.0932090 0.1271235 -0.7666734 0.6293263 0 50 85 255
-0.0408233 1.7958797 0.1095989 -0.2567987 -0.6528464 0.7126331 0 0 0 255
0.1347843 1.7173359 0.0368068 0.2990765 -0.6050956 0.7378432 0 51 86 255
-0.1386625 1.3815697 0.3026206 0.8227610 0.1883424 0.5362757 78 140 169 255
0.1599118 1.4405788 0.3216608 0.0941526 0.6578435 0.7472464 0 0 3 255
-0.1082844 1.4851826 0.2681425 -0.1950431 0.7745389 0.6017038 84 144 172 255
0.2885140 1.5261730 -0.1583703 -0.0269953 0.4721143 -0.8811239 91 122 50 255
0.4428211 1.5482495 -0.0588419 0.7138060 0.6992230 -0.0396005 124 150 81 255
0.4641136 1.5194514 -0.1656830 0.1825236 0.5529853 -0.8129529 71 98 27 255
-0.0649761 0.8586891 -0.1393311 -0.6802390 -0.3905579 -0.6202737 0 3 7 255
-0.1132296 0.9670272 -0.1557124 -0.6443102 -0.0997069 -0.7582366 79 140 169 255
-0.0069851 0.8854666 -0.1751244 -0.3936063 -0.1550617 -0.9061070 0 3 10 255
0.0546299 1.1963747 -0.1992009 -0.3685279 0.1105042 -0.9230254 82 142 170 255
0.0240482 1.0794757 -0.1953833 -0.4019333 0.1289635 -0.9065419 81 142 171 255
0.0062870 1.1831599 -0.1567118 -0.5884641 0.2140196 -0.7796830 81 142 170 255
0.0093938 1.7057925 0.0590875 -0.2430767 -0.0065784 0.9699847 3 56 104 255
0.1347843 1.7173359 0.0368068 0.2990765 -0.6050956 0.7378432 0 51 86 255
-0.0408233 1.7958797 0.1095989 -0.2567987 -0.6528464 0.7126331 0 0 0 255
-0.0804342 1.6868152 0.0171974 -0.7599109 0.3354806 0.5567659 87 138 167 255
0.0093938 1.7057925 0.0590875 -0.2430767 -0.0065784 0.9699847 3 56 104 255
-0.1325999 1.7359607 -0.0831673 -0.9404491 -0.2358447 0.2448117 125 152 81 255
-0.2042853 1.4654241 0.0648191 -0.5126638 0.6303932 -0.5829066 135 159 91 255
-0.1721512 1.5053372 0.1669767 -0.3239526 0.9457377 -0.0252000 126 72 24 255
-0.0458852 1.5826046 0.1299045 -0.7390356 0.6513096 0.1721108 134 56 32 255
0.1797155 1.2479404 -0.1993334 0.0134367 0.4854237 -0.8741758 73 135 165 255
0.2563213 1.1506035 -0.2469475 -0.1451568 0.3014939 -0.9423540 78 140 170 255
0.1199340 1.2155591 -0.2095845 -0.1225567 0.3012823 -0.9456261 0 7 14 255
0.4091712 1.2264000 -0.1948988 0.6487514 0.3485250 -0.6764998 81 142 171 255
0.1564883 1.3882752 -0.1209366 -0.1684893 0.1671136 -0.9714342 16 66 93 255
0.3688127 1.4190980 -0.1506274 -0.3351371 0.0923211 -0.9376354 19 71 99 255
-0.0423323 1.5088125 0.1667993 -0.0190943 0.6912714 0.7223428 81 141 168 255
-0.0458852 1.5826046 0.1299045 -0.6576440 0.0104371 0.7532565 80 135 163 255
-0.1721512 1.5053372 0.1669767 -0.6199065 0.7530326 0.2205857 83 142 169 255
0.1872767 1.0749977 -0.2569067 -0.1733197 0.1002178 -0.9797534 60 125 158 255
0.2563213 1.1506035 -0.2469475 -0.1451568 0.3014939 -0.9423540 78 140 170 255
0.3396462 0.9919400 -0.2645514 0.0960124 -0.0519511 -0.9940235 81 143 173 255
-0.6240107 0.8715515 0.4445951 0.0392590 0.0611930 -0.9973535 0 2 7 255
-0.6167060 0.9612625 0.4307573 -0.3942713 0.3339124 -0.8561850 0 0 0 255
-0.5943009 0.8459582 0.4267213 -0.4936456 0.0162802 -0.8695108 0 14 33 255
0.7127987 0.5975594 0.2589872 0.9404453 -0.3243505 0.1017810 81 143 171 255
0.6200556 0.9543437 0.3959243 0.7899610 0.1366247 0.5977418 179 141 111 255
0.6362053 0.5912890 0.4416378 0.6343154 -0.3625751 0.6827762 0 0 0 255
-0.1082844 1.4851826 0.2681425 -0.1950431 0.7745389 0.6017038 84 144 172 255
-0.0423323 1.5088125 0.1667993 -0.0190943 0.6912714 0.7223428 81 141 168 255
-0.1721512 1.5053372 0.1669767 -0.6199065 0.7530326 0.2205857 83 142 169 255
0.7245065 0.8926716 0.2071750 0.9717814 0.0786829 0.2223736 82 142 170 255
0.6925296 0.9847301 0.1684635 0.8677110 0.1992871 0.4553705 11 73 113 255
0.6200556 0.9543437 0.3959243 0.7899610 0.1366247 0.5977418 179 141 111 255
-0.1309873 1.4837999 -0.1960337 -0.6588376 -0.6406498 -0.3943358 0 0 0 255
-0.1595861 1.4728786 -0.1348450 -0.8040378 -0.0907577 -0.5876104 68 61 59 255
-0.0888399 1.5754703 -0.2327635 -0.7431201 -0.0109241 -0.6690689 114 143 71 255
-0.0102428 1.0692295 -0.1944935 -0.3614431 -0.0533066 -0.9308692 82 142 170 255
0.0225250 0.9946524 -0.2029459 -0.4706485 -0.0377416 -0.8815132 19 37 51 255
-0.0159265 1.0619197 -0.1788599 -0.4895295 0.2426221 -0.8375533 81 141 169 255
0.4260384 0.0186912 0.1779735 -0.0836577 -0.9951552 0.0516476 149 166 99 255
0.6377312 0.0506228 0.2446506 0.5518031 -0.8330581 0.0390815 131 152 82 255
0.5030442 0.0298207 0.3104579 -0.2166625 -0.7990189 0.5609157 149 166 99 255
0.1691138 1.1318290 0.5165126 -0.0545847 0.4451518 0.8937899 0 52 87 255
0.4369236 1.2414772 0.4220073 0.3709441 0.5668167 0.7356080 0 43 75 255
0.1599118 1.4405788 0.3216608 0.0941526 0.6578435 0.7472464 0 0 3 255
0.4043401 0.3807738 0.2704847 -0.4611281 -0.6849329 0.5641168 0 51 87 255
0.3238677 0.4269781 0.3514640 -0.2022069 -0.9741318 0.1008938 0 51 87 255
0.3323680 0.4535471 0.2323282 -0.2184309 -0.9349666 -0.2795089 0 52 87 255
0.4043401 0.3807738 0.2704847 -0.4611281 -0.6849329 0.5641168 0 51 87 255
0.4918071 0.2981310 0.2028062 0.5543621 0.3150167 0.7703552 0 11 24 255
0.3776942 0.6194344 0.5480077 0.2291457 -0.3659852 0.9019684 0 39 75 255
-0.0142068 1.3925465 -0.2025473 0.1306438 -0.5001071 -0.8560520 77 140 168 255
-0.0191122 1.4577297 -0.2259085 -0.3519171 -0.6514696 -0.6721174 75 138 166 255
0.0328952 1.5165389 -0.2580159 0.5726656 -0.4047556 -0.7129004 0 12 23 255
-0.6766025 0.8314487 0.4824388 -0.7025391 -0.3313438 0.6298017 0 0 0 255
-0.6802002 0.7776529 0.4191453 -0.5413583 -0.5611482 0.6261340 0 0 0 255
-0.6483074 0.7927102 0.4979408 -0.3197952 -0.5651360 0.7604948 0 0 0 255
0.6679879 0.6439452 0.0909688 0.8754575 -0.4832047 0.0093626 57 121 151 255
0.6686522 0.6291743 -0.0083754 0.7097808 -0.4397553 -0.5502967 72 133 163 255
0.7146097 0.6491488 0.0835874 0.8943485 -0.2405719 -0.3771814 83 144 173 255
0.6860822 0.7688112 0.0916107 0.9521038 -0.1911948 -0.2386269 81 142 170 255
0.6787471 0.8729243 0.0530040 0.2469034 -0.2827957 -0.9268577 82 143 171 255
0.7084635 0.7733293 0.0838640 0.8959950 -0.4028312 -0.1868689 82 142 170 255
-0.0159265 1.0619197 -0.1788599 -0.4895295 0.2426221 -0.8375533 81 141 169 255
-0.0069851 0.8854666 -0.1751244 -0.3936063 -0.1550617 -0.9061070 0 3 10 255
-0.0264941 0.9787100 -0.1994898 -0.1765123 -0.0193832 -0.9841076 80 141 170 255
0.6686522 0.6291743 -0.0083754 0.7097808 -0.4397553 -0.5502967 72 133 163 255
0.7099658 0.8278196 0.0408332 0.9996956 0.0246498 -0.0010360 76 139 168 255
0.7146097 0.6491488 0.0835874 0.8943485 -0.2405719 -0.3771814 83 144 173 255
0.2553078 1.5517343 -0.1545022 -0.5183334 0.7740042 -0.3636591 0 29 57 255
0.3304805 1.6070307 -0.0388043 0.0041189 0.9994944 -0.0315252 0 5 10 255
0.2885140 1.5261730 -0.1583703 -0.3102881 0.3026109 -0.9011925 0 35 65 255
-0.3951851 1.0558366 0.3126600 -0.4655388 0.1873623 -0.8649676 0 5 15 255
-0.2918397 1.1165925 0.2685382 -0.2520424 -0.5618146 -0.7879333 0 43 73 255
-0.4708949 0.9124836 0.3641555 -0.0291351 -0.2381047 -0.9708024 0 34 64 255
-0.1241094 0.8700517 -0.0491030 -0.9511865 -0.2384952 -0.1958681 0 59 71 255
-0.1511708 1.0358791 -0.0367301 -0.9501148 0.0091777 -0.3117652 0 53 87 255
-0.1802007 0.9797872 -0.0821545 -0.9551744 -0.0448471 -0.2926271 0 59 73 255
0.0879074 0.7684745 -0.2082760 -0.5108640 -0.1702437 -0.8426358 0 9 20 255
-0.0069851 0.8854666 -0.1751244 -0.3936063 -0.1550617 -0.9061070 0 3 10 255
0.0754710 0.9954859 -0.2281802 -0.3281760 -0.0196334 -0.9444126 0 8 19 255
0.0872356 0.9387566 0.5479228 -0.1231797 0.1415327 0.9822399 124 148 83 255
0.1691138 1.1318290 0.5165126 -0.0151336 0.4545852 0.8905748 89 119 49 255
0.0165929 0.9790196 0.5470989 -0.4159328 0.1327361 0.8996561 116 144 74 255
0.0117220 1.2400729 -0.1698859 -0.7840822 -0.0499636 -0.6186428 83 143 173 255
-0.1367494 1.4274393 -0.0147574 -0.8701427 -0.3128278 0.3807761 127 154 81 255
-0.0584797 1.3338595 -0.1110623 -0.5065730 -0.8532411 -0.1239498 86 143 171 255
0.1158780 0.6263309 0.0400865 -0.7178365 -0.2936663 -0.6312455 70 134 164 255
0.2039856 0.4955972 0.0621936 -0.2861525 -0.4534441 -0.8441004 52 120 152 255
0.0380541 0.4443216 0.0031984 0.2131365 0.3238677 -0.9217821 101 134 84 255
0.6860822 0.7688112 0.0916107 0.9521038 -0.1911948 -0.2386269 81 142 170 255
0.7245065 0.8926716 0.2071750 0.9717814 0.0786829 0.2223736 82 142 170 255
0.6679879 0.6439452 0.0909688 0.9244139 -0.2106956 -0.3179093 81 142 170 255
0.0326480 1.5192539 0.1952417 0.0452032 0.9202669 0.3886715 83 143 170 255
-0.1082844 1.4851826 0.2681425 -0.1950431 0.7745389 0.6017038 84 144 172 255
0.1599118 1.4405788 0.3216608 0.0941526 0.6578435 0.7472464 0 0 3 255
0.0080556 1.5850413 -0.3412392 -0.1448573 -0.9894379 0.0054020 77 108 46 255
0.0919963 1.6001983 -0.2714951 0.7259482 -0.1051938 -0.6796568 70 104 46 255
0.0371217 1.5784528 -0.2887471 -0.0852389 -0.6763473 -0.7316343 82 113 48 255
0.2885140 1.5261730 -0.1583703 -0.3102881 0.3026109 -0.9011925 0 35 65 255
0.3304805 1.6070307 -0.0388043 0.0041189 0.9994944 -0.0315252 0 5 10 255
0.4428211 1.5482495 -0.0588419 -0.0592721 0.9887830 -0.1370943 0 2 9 255
0.3718411 1.4209177 0.0848243 0.9771518 0.1661194 0.1325846 79 140 169 255
0.4464828 1.2800744 0.0268209 -0.3350424 -0.3979021 0.8540612 84 144 172 255
0.4322275 1.5599069 0.0482910 0.9435433 0.1845433 0.2750816 83 144 173 255
0.1862637 1.5264745 0.0002477 -0.6512347 0.7213244 -0.2357637 0 45 77 255
0.2023863 1.5324097 0.0294569 -0.1226781 0.9833184 -0.1342939 0 46 80 255
0.3304805 1.6070307 -0.0388043 0.0041189 0.9994944 -0.0315252 0 5 10 255
0.1199340 1.2155591 -0.2095845 -0.1225567 0.3012823 -0.9456261 0 7 14 255
0.0214251 1.3158184 -0.1704724 -0.2366058 0.3509732 -0.9059997 81 142 170 255
0.1339678 1.2660943 -0.1867154 -0.2872671 -0.1562710 -0.9450169 25 96 134 255
0.6860822 0.7688112 0.0916107 0.9521038 -0.1911948 -0.2386269 81 142 170 255
0.7084635 0.7733293 0.0838640 0.8959950 -0.4028312 -0.1868689 82 142 170 255
0.7245065 0.8926716 0.2071750 0.9717814 0.0786829 0.2223736 82 142 170 255
0.3042337 0.5846216 -0.0204298 -0.3227927 -0.0689643 -0.9439538 0 40 72 255
0.2915593 0.4854935 0.0375850 -0.8713921 0.4628141 0.1627237 0 44 77 255
0.2039856 0.4955972 0.0621936 0.1170994 -0.7323248 -0.6708115 0 52 88 255
0.7084635 0.7733293 0.0838640 0.8959950 -0.4028312 -0.1868689 82 142 170 255
0.7130429 0.9111463 0.0280845 0.8862031 -0.0503035 -0.4605580 82 143 171 255
0.7247657 0.9610956 0.0243242 0.9620144 0.0072551 -0.2729018 83 143 172 255
0.0767437 1.7275188 -0.3774579 0.0260158 -0.8159804 -0.5774938 0 61 95 255
0.2048868 1.6888159 -0.2307513 0.4140102 -0.8579152 -0.3042649 0 51 86 255
0.0704683 1.6717561 -0.2989495 0.2888486 -0.6731533 -0.6807579 0 62 95 255
0.7130429 0.9111463 0.0280845 0.8532197 -0.1647951 -0.4948321 81 142 172 255
0.6479434 0.9305881 -0.1065266 0.6218907 0.2376809 -0.7461634 81 143 173 255
0.7247657 0.9610956 0.0243242 0.9175901 0.1976076 -0.3449338 82 143 173 255
0.5017217 0.7805878 -0.1653063 0.7202746 -0.2504295 -0.6469077 8 10 10 255
0.4879922 0.6822575 -0.1754792 0.4079579 -0.6793813 -0.6099273 56 125 162 255
0.3975924 0.7536949 -0.2140563 0.2073622 -0.2689346 -0.9405717 10 10 11 255
0.4057370 1.4052221 -0.0957739 -0.0797688 0.9635907 0.2552059 213 199 201 255
0.6825498 1.0887835 0.1181438 0.7910923 0.5997520 -0.1202929 78 140 169 255
0.6609205 0.9909500 0.0213621 0.7089897 0.3818783 -0.5928763 78 140 169 255
0.7247657 0.9610956 0.0243242 0.9620144 0.0072551 -0.2729018 83 143 172 255
0.6825498 1.0887835 0.1181438 0.9759440 0.1318656 -0.1736221 0 54 92 255
0.7448641 1.0673975 0.1181896 0.9247869 0.3514354 0.1458162 82 142 171 255
0.1834615 1.6418139 -0.0859015 0.9706861 -0.2403096 0.0044356 0 52 85 255
0.2048868 1.6888159 -0.2307513 0.4140102 -0.8579152 -0.3042649 0 51 86 255
0.2709192 1.7089313 -0.0593026 0.4932832 -0.8064958 0.3259391 0 46 79 255
-0.2640373 0.1191741 0.1097496 -0.9024215 0.4117402 0.1269071 0 52 85 255
-0.1845371 0.1879940 0.1473653 -0.3989185 0.8859792 -0.2364424 0 46 79 255
-0.1980864 0.1439447 0.0242984 -0.3697185 0.7287132 -0.5764419 0 48 80 255
0.4124411 0.6827001 -0.2172062 -0.0304717 -0.7275769 -0.6853491 6 8 10 255
0.3819908 0.6763768 -0.1712992 0.7418908 -0.6447016 -0.1842763 70 135 170 255
0.3975924 0.7536949 -0.2140563 0.2073622 -0.2689346 -0.9405717 10 10 11 255
0.0048019 1.3239726 -0.1336434 -0.2059181 0.9465247 -0.2483719 80 142 170 255
0.0942706 1.3840074 -0.1334822 0.1972115 0.2393132 -0.9507033 0 53 87 255
0.0214251 1.3158184 -0.1704724 -0.2366058 0.3509732 -0.9059997 81 142 170 255
-0.1631848 1.6360672 -0.1866658 -0.8753949 -0.4833903 -0.0041819 0 2 4 255
-0.1756264 1.6334559 -0.2808611 -0.3455409 -0.9348201 0.0819329 84 117 51 255
-0.0305403 1.6001294 -0.2708933 -0.3850079 -0.8584730 -0.3388110 102 130 63 255
-0.1157471 1.0473768 -0.1004212 -0.7179294 0.2682030 -0.6423739 0 60 89 255
-0.0669833 1.1611723 -0.1352885 -0.5802859 0.2021350 -0.7889295 0 53 88 255
-0.0575997 1.0868741 -0.1411927 -0.5139206 0.1091589 -0.8508642 0 54 88 255
-0.2041317 0.7813867 0.1547468 -0.8631908 -0.3576353 -0.3563688 51 81 16 255
-0.1378313 0.7462493 0.2378318 -0.6735502 -0.6983801 -0.2420647 4 7 10 255
-0.1852962 0.7388432 0.2585475 -0.7670983 -0.6367618 -0.0780680 45 58 22 255
-0.0926176 0.6256364 0.3481786 0.2223704 -0.9700653 -0.0975952 29 98 136 255
-0.1852962 0.7388432 0.2585475 -0.7670983 -0.6367618 -0.0780680 45 58 22 255
-0.1378313 0.7462493 0.2378318 -0.6735502 -0.6983801 -0.2420647 4 7 10 255
-0.0102428 1.0692295 -0.1944935 -0.2625270 0.9072053 0.3287219 0 57 73 255
-0.0159265 1.0619197 -0.1788599 -0.4882674 0.2485745 -0.8365439 0 58 73 255
0.0240482 1.0794757 -0.1953833 -0.4022492 0.1293650 -0.9063445 0 59 89 255
0.2915593 0.4854935 0.0375850 -0.8713921 0.4628141 0.1627237 0 44 77 255
0.3042337 0.5846216 -0.0204298 -0.3227927 -0.0689643 -0.9439538 0 40 72 255
0.1948196 0.3224573 -0.0105536 -0.9897329 -0.0687224 0.1253242 146 167 97 255
-0.1054698 1.3387571 -0.0198615 -0.7412773 0.0852207 -0.6657668 119 148 76 255
-0.2238733 1.4279216 0.0817716 -0.3893473 0.5757116 -0.7190025 135 159 92 255
-0.0998291 1.4393334 0.0576532 -0.6568153 0.3466029 -0.6696717 88 114 34 255
0.0847203 0.0761582 0.3172910 0.1355598 -0.9552925 0.2627542 0 28 57 255
0.0618128 0.1257580 0.4419057 0.3408236 -0.2486116 0.9066595 0 28 56 255
-0.0742487 0.1436560 0.4330471 -0.4910167 -0.6338835 0.5975736 0 25 50 255
-0.2677032 1.3580297 0.0767610 -0.5648538 0.1055847 -0.8184083 0 50 85 255
-0.2406079 1.2097514 0.1007144 -0.9857184 -0.0225961 0.1668794 0 52 87 255
-0.3478800 1.1659107 0.2728155 -0.8491830 -0.1832315 -0.4952922 0 48 82 255
-0.2406079 1.2097514 0.1007144 -0.9857184 -0.0225961 0.1668794 0 52 87 255
-0.2614199 1.2215434 0.1403320 0.6847957 -0.6125864 0.3947057 0 51 86 255
-0.3478800 1.1659107 0.2728155 -0.8491830 -0.1832315 -0.4952922 0 48 82 255
0.4506043 0.9822477 -0.5399811 -0.8636057 0.4800845 0.1539606 80 108 40 255
0.4891101 0.9620100 -0.4895594 -0.8091835 0.4129912 0.4179240 95 122 54 255
0.5205942 1.0719959 -0.4831393 -0.9996147 -0.0160637 -0.0226339 117 147 72 255
0.1599118 1.4405788 0.3216608 0.0941526 0.6578435 0.7472464 0 0 3 255
-0.1386625 1.3815697 0.3026206 0.8227610 0.1883424 0.5362757 78 140 169 255
0.1691138 1.1318290 0.5165126 -0.0545847 0.4451518 0.8937899 0 52 87 255
0.1522282 1.4689018 -0.0809166 0.3580686 0.4131110 -0.8373327 59 69 13 255
0.1564883 1.3882752 -0.1209366 -0.1123549 0.4943610 -0.8619649 0 53 89 255
0.0942706 1.3840074 -0.1334822 0.1972115 0.2393132 -0.9507033 0 53 87 255
0.0886112 0.1563980 0.2583272 0.8444097 -0.4722988 -0.2527964 0 34 63 255
0.0854360 0.1933771 0.3865869 0.8363085 -0.0636696 0.5445496 0 33 63 255
0.0921384 0.1294988 0.2932584 0.9400592 -0.2330537 -0.2489471 0 32 62 255
0.3718411 1.4209177 0.0848243 0.9771518 0.1661194 0.1325846 79 140 169 255
0.4057370 1.4052221 -0.0957739 -0.0797688 0.9635907 0.2552059 213 199 201 255
0.3877791 1.4003741 -0.1134951 -0.9900604 0.0137432 0.1399693 70 133 166 255
-0.0305403 1.6001294 -0.2708933 -0.3850079 -0.8584730 -0.3388110 102 130 63 255
0.0080556 1.5850413 -0.3412392 -0.1448573 -0.9894379 0.0054020 77 108 46 255
0.0371217 1.5784528 -0.2887471 -0.0852389 -0.6763473 -0.7316343 82 113 48 255
0.7127987 0.5975594 0.2589872 0.9404453 -0.3243505 0.1017810 81 143 171 255
0.6679879 0.6439452 0.0909688 0.9244139 -0.2106956 -0.3179093 81 142 170 255
0.7245065 0.8926716 0.2071750 0.9717814 0.0786829 0.2223736 82 142 170 255
0.0919963 1.6001983 -0.2714951 0.7259606 -0.1052235 -0.6796390 0 61 94 255
0.0704683 1.6717561 -0.2989495 0.2888486 -0.6731533 -0.6807579 0 62 95 255
0.1834615 1.6418139 -0.0859015 0.9706861 -0.2403096 0.0044356 0 52 85 255
-0.2238733 1.4279216 0.0817716 -0.8199686 0.5352364 -0.2029127 139 162 95 255
-0.2677032 1.3580297 0.0767610 -0.9518169 0.2000185 -0.2324588 144 76 40 255
-0.3281246 1.3573201 0.2714546 -0.8073080 0.5216123 0.2759970 140 160 95 255
0.1709348 0.4885214 0.2577693 0.8787771 0.2954300 0.3747958 38 83 117 255
0.0818599 0.4656550 0.2667596 0.0771215 0.8052440 0.5879068 51 121 155 255
-0.0188659 0.2670690 0.4296911 -0.0229974 0.3470705 0.9375571 82 143 174 255
-0.3478800 1.1659107 0.2728155 -0.9055800 -0.3465379 -0.2446153 136 156 90 255
-0.3417875 1.2312871 0.3372819 -0.9144657 0.1666958 0.3687345 135 157 88 255
-0.2677032 1.3580297 0.0767610 -0.9518169 0.2000185 -0.2324588 144 76 40 255
-0.5530483 0.7020783 0.3799703 -0.0012852 0.0308731 -0.9995224 0 31 63 255
-0.6142145 0.6989559 0.3716133 -0.2058165 -0.9780661 -0.0320329 0 30 58 255
-0.6159240 0.7309883 0.3609626 0.0977051 0.4006525 -0.9110057 0 30 59 255
-0.3478800 1.1659107 0.2728155 -0.9024613 -0.3330466 -0.2732093 113 45 26 255
-0.2614199 1.2215434 0.1403320 -0.1109955 -0.5961206 -0.7951857 174 103 78 255
-0.2829291 1.1191031 0.2153137 -0.1899499 -0.7076645 -0.6805365 164 125 79 255
0.6825498 1.0887835 0.1181438 0.9759440 0.1318656 -0.1736221 0 54 92 255
0.6748074 1.0648093 0.3383844 0.8341106 0.2693709 0.4813510 16 20 16 255
0.6925296 0.9847301 0.1684635 0.8677110 0.1992871 0.4553705 11 73 113 255
0.6825498 1.0887835 0.1181438 0.7910923 0.5997520 -0.1202929 78 140 169 255
0.3718411 1.4209177 0.0848243 0.9771518 0.1661194 0.1325846 79 140 169 255
0.6748074 1.0648093 0.3383844 0.7010038 0.6072298 0.3739861 81 142 170 255
0.0886112 0.1563980 0.2583272 0.8444097 -0.4722988 -0.2527964 0 34 63 255
0.1979851 0.4612031 0.1841705 0.9312996 -0.3641506 -0.0086827 105 125 75 255
0.0854360 0.1933771 0.3865869 0.8363085 -0.0636696 0.5445496 0 33 63 255
0.4057370 1.4052221 -0.0957739 -0.0797688 0.9635907 0.2552059 213 199 201 255
0.3718411 1.4209177 0.0848243 0.9771518 0.1661194 0.1325846 79 140 169 255
0.6825498 1.0887835 0.1181438 0.7910923 0.5997520 -0.1202929 78 140 169 255
-0.0482591 0.4272818 -0.0090744 -0.4008684 0.4375232 -0.8049086 0 32 60 255
-0.0452892 0.6782204 0.0587118 -0.3792255 0.5758144 -0.7243107 0 33 64 255
0.0380541 0.4443216 0.0031984 -0.4692609 -0.8173807 -0.3341902 0 35 66 255
0.4091712 1.2264000 -0.1948988 0.6547084 0.5241588 -0.5446233 9 71 109 255
0.6609205 0.9909500 0.0213621 0.7760352 0.3597166 -0.5180475 63 127 160 255
0.4919490 1.0554315 -0.2043250 0.8025993 0.2216104 -0.5538259 0 56 95 255
0.3776942 0.6194344 0.5480077 0.2291457 -0.3659852 0.9019684 0 39 75 255
0.0995413 0.3348472 0.2635553 -0.2923222 -0.9271179 -0.2345207 0 17 36 255
0.3238677 0.4269781 0.3514640 -0.2022069 -0.9741318 0.1008938 0 51 87 255
0.1557080 0.7572634 -0.2482350 -0.3133105 -0.2287594 -0.9216864 0 9 20 255
0.0879074 0.7684745 -0.2082760 -0.5108640 -0.1702437 -0.8426358 0 9 20 255
0.2419242 0.8367233 -0.2726843 -0.0431296 -0.0964549 -0.9944025 77 140 169 255
0.0847203 0.0761582 0.3172910 0.1355598 -0.9552925 0.2627542 0 28 57 255
0.0921384 0.1294988 0.2932584 0.9400592 -0.2330537 -0.2489471 0 32 62 255
0.0854360 0.1933771 0.3865869 0.8363085 -0.0636696 0.5445496 0 33 63 255
0.0872356 0.9387566 0.5479228 -0.1231797 0.1415327 0.9822399 124 148 83 255
0.4129430 1.0085168 0.5134294 0.2764363 0.1972842 0.9405646 125 153 78 255
0.1691138 1.1318290 0.5165126 -0.0151336 0.4545852 0.8905748 89 119 49 255
0.6377312 0.0506228 0.2446506 0.5518031 -0.8330581 0.0390815 131 152 82 255
0.4260384 0.0186912 0.1779735 -0.0836577 -0.9951552 0.0516476 149 166 99 255
0.5594131 0.0489441 -0.1642916 0.2957668 -0.9169687 -0.2677508 137 158 87 255
-0.0649761 0.8586891 -0.1393311 -0.6802390 -0.3905579 -0.6202737 0 3 7 255
-0.1241094 0.8700517 -0.0491030 -0.9592413 -0.2111337 -0.1878263 0 3 7 255
-0.1132296 0.9670272 -0.1557124 -0.6443102 -0.0997069 -0.7582366 79 140 169 255
0.4057370 1.4052221 -0.0957739 -0.0797688 0.9635907 0.2552059 213 199 201 255
0.6609205 0.9909500 0.0213621 0.7089897 0.3818783 -0.5928763 78 140 169 255
0.4091712 1.2264000 -0.1948988 0.6487514 0.3485250 -0.6764998 81 142 171 255
-0.6167060 0.9612625 0.4307573 -0.3942713 0.3339124 -0.8561850 0 0 0 255
-0.4861046 1.0601572 0.4395988 -0.5406394 0.7346597 0.4098586 0 0 0 255
-0.5356365 1.0266323 0.3807628 -0.8002154 0.4914297 -0.3437325 0 5 14 255
-0.0888399 1.5754703 -0.2327635 -0.7431201 -0.0109241 -0.6690689 114 143 71 255
-0.1631848 1.6360672 -0.1866658 -0.8753949 -0.4833903 -0.0041819 0 2 4 255
-0.0305403 1.6001294 -0.2708933 -0.3850079 -0.8584730 -0.3388110 102 130 63 255
0.1872767 1.0749977 -0.2569067 -0.1733197 0.1002178 -0.9797534 60 125 158 255
0.2419242 0.8367233 -0.2726843 -0.0431296 -0.0964549 -0.9944025 77 140 169 255
0.0754710 0.9954859 -0.2281802 -0.3281760 -0.0196334 -0.9444126 0 8 19 255
-0.0159265 1.0619197 -0.1788599 -0.4895295 0.2426221 -0.8375533 81 141 169 255
0.0225250 0.9946524 -0.2029459 -0.4706485 -0.0377416 -0.8815132 19 37 51 255
-0.0069851 0.8854666 -0.1751244 -0.3936063 -0.1550617 -0.9061070 0 3 10 255
0.4641136 1.5194514 -0.1656830 0.1825236 0.5529853 -0.8129529 71 98 27 255
0.4428211 1.5482495 -0.0588419 0.7138060 0.6992230 -0.0396005 124 150 81 255
0.5859207 1.4119460 -0.1036894 0.8302894 0.5428150 0.1263787 122 152 75 255
-0.0575997 1.0868741 -0.1411927 -0.5139206 0.1091589 -0.8508642 0 54 88 255
0.0062870 1.1831599 -0.1567118 -0.5648999 0.1953537 -0.8017014 0 52 88 255
-0.0159265 1.0619197 -0.1788599 -0.4882674 0.2485745 -0.8365439 0 58 73 255
0.4164072 0.0814056 0.2029912 -0.9234740 -0.0201693 0.3831307 0 59 71 255
0.5030442 0.0298207 0.3104579 -0.2167175 -0.7990108 0.5609059 0 59 62 255
0.5137273 0.0907902 0.3145730 -0.0169748 0.0128972 0.9997728 0 59 62 255
-0.4577681 0.8133928 0.3628004 0.3235779 0.0140071 -0.9460979 0 32 64 255
-0.4999048 0.7139865 0.3736951 0.0451791 -0.3855806 -0.9215674 0 32 63 255
-0.5090328 0.7996991 0.3731849 -0.3461614 0.0684647 -0.9356736 0 32 63 255
-0.4708949 0.9124836 0.3641555 -0.0291351 -0.2381047 -0.9708024 0 34 64 255
-0.2918397 1.1165925 0.2685382 -0.2520424 -0.5618146 -0.7879333 0 43 73 255
-0.1805278 1.0557925 0.3202045 0.6191374 -0.7617804 -0.1906820 0 54 88 255
0.4360713 1.0149741 -0.2552760 0.4529335 -0.0912578 -0.8868615 60 121 156 255
0.4552969 1.1973888 -0.2463048 0.4316401 0.4694259 -0.7702767 23 83 120 255
0.4919490 1.0554315 -0.2043250 0.8025993 0.2216104 -0.5538259 0 56 95 255
0.4919490 1.0554315 -0.2043250 0.8025993 0.2216104 -0.5538259 0 56 95 255
0.6176578 0.9079197 -0.0675089 0.6964362 -0.0661056 -0.7145675 16 85 128 255
0.4689862 0.8531153 -0.2230046 0.4536306 -0.1119443 -0.8841311 72 131 163 255
-0.2042853 1.4654241 0.0648191 -0.5126638 0.6303932 -0.5829066 135 159 91 255
-0.0998291 1.4393334 0.0576532 -0.6568153 0.3466029 -0.6696717 88 114 34 255
-0.2238733 1.4279216 0.0817716 -0.3893473 0.5757116 -0.7190025 135 159 92 255
0.4360713 1.0149741 -0.2552760 0.4529335 -0.0912578 -0.8868615 60 121 156 255
0.3880864 1.1344812 -0.2835305 0.0827280 0.1366624 -0.9871573 57 120 156 255
0.4552969 1.1973888 -0.2463048 0.4316401 0.4694259 -0.7702767 23 83 120 255
-0.1507813 0.8165929 0.0659616 -0.9495117 -0.0986747 -0.2978100 14 22 13 255
-0.1564494 0.8346312 0.2848251 -0.9869547 -0.0822828 0.1383824 71 104 46 255
-0.1241094 0.8700517 -0.0491030 -0.9511865 -0.2384952 -0.1958681 0 59 71 255
0.4057370 1.4052221 -0.0957739 -0.0797688 0.9635907 0.2552059 213 199 201 255
0.4091712 1.2264000 -0.1948988 0.6487514 0.3485250 -0.6764998 81 142 171 255
0.3688127 1.4190980 -0.1506274 -0.3351371 0.0923211 -0.9376354 19 71 99 255
-0.2503139 1.2918457 0.3821561 -0.4073557 0.5341875 0.7407463 116 147 78 255
-0.1082844 1.4851826 0.2681425 -0.1950431 0.7745389 0.6017038 84 144 172 255
-0.1721512 1.5053372 0.1669767 -0.6199065 0.7530326 0.2205857 83 142 169 255
-0.2238733 1.4279216 0.0817716 -0.8199686 0.5352364 -0.2029127 139 162 95 255
-0.3281246 1.3573201 0.2714546 -0.8073080 0.5216123 0.2759970 140 160 95 255
-0.1721512 1.5053372 0.1669767 -0.2812351 0.8192592 0.4997211 118 145 72 255
-0.1125635 0.1823241 0.0945251 -0.3077869 0.3187925 -0.8964590 0 42 75 255
-0.1249911 0.2851068 0.1157997 -0.9908956 0.0787591 -0.1091919 0 34 66 255
-0.0482591 0.4272818 -0.0090744 -0.4008684 0.4375232 -0.8049086 0 32 60 255
0.2563213 1.1506035 -0.2469475 -0.1451568 0.3014939 -0.9423540 78 140 170 255
0.1797155 1.2479404 -0.1993334 0.0134367 0.4854237 -0.8741758 73 135 165 255
0.2925838 1.1902183 -0.2352545 -0.0241861 0.5144227 -0.8571956 79 141 170 255
0.4428211 1.5482495 -0.0588419 0.7138060 0.6992230 -0.0396005 124 150 81 255
0.4322275 1.5599069 0.0482910 0.9435433 0.1845433 0.2750816 83 144 173 255
0.5457674 1.3811452 0.0413883 0.4979654 0.2692421 0.8243417 27 111 145 255
0.4091712 1.2264000 -0.1948988 0.6547084 0.5241588 -0.5446233 9 71 109 255
0.2925838 1.1902183 -0.2352545 -0.0241861 0.5144227 -0.8571956 79 141 170 255
0.3700725 1.2518107 -0.2016995 0.1360416 0.6952600 -0.7057664 68 128 160 255
0.2925838 1.1902183 -0.2352545 -0.0241861 0.5144227 -0.8571956 79 141 170 255
0.4091712 1.2264000 -0.1948988 0.6547084 0.5241588 -0.5446233 9 71 109 255
0.4552969 1.1973888 -0.2463048 0.4316401 0.4694259 -0.7702767 23 83 120 255
0.1842505 1.5370049 0.1422498 -0.0147946 0.9485842 0.3161790 0 50 85 255
0.3304805 1.6070307 -0.0388043 0.0041189 0.9994944 -0.0315252 0 5 10 255
0.2023863 1.5324097 0.0294569 -0.1226781 0.9833184 -0.1342939 0 46 80 255
0.4360713 1.0149741 -0.2552760 0.4529335 -0.0912578 -0.8868615 60 121 156 255
0.3396462 0.9919400 -0.2645514 0.0960124 -0.0519511 -0.9940235 81 143 173 255
0.3880864 1.1344812 -0.2835305 0.0827280 0.1366624 -0.9871573 57 120 156 255
-0.2265588 0.8348453 0.2625616 -0.9660076 -0.1431987 0.2152290 89 115 49 255
-0.1900021 0.9019408 0.3199794 -0.8655360 0.3755144 0.3314157 44 5 10 255
-0.2041317 0.7813867 0.1547468 -0.8631908 -0.3576353 -0.3563688 51 81 16 255
0.4166778 0.1128872 0.2296932 -0.7003325 -0.3278360 0.6340805 1 59 62 255
0.5137273 0.0907902 0.3145730 -0.0169748 0.0128972 0.9997728 0 59 62 255
0.5224758 0.1409504 0.3106563 -0.2545867 -0.0803737 0.9637042 0 59 62 255
0.3880864 1.1344812 -0.2835305 0.0827280 0.1366624 -0.9871573 57 120 156 255
0.3002926 1.0866940 -0.2775719 -0.2285634 0.0151123 -0.9734118 81 142 172 255
0.2563213 1.1506035 -0.2469475 -0.1451568 0.3014939 -0.9423540 78 140 170 255
-0.3404561 1.1771467 0.3328464 -0.6271064 0.7721711 -0.1024176 0 48 81 255
-0.2918397 1.1165925 0.2685382 -0.2520424 -0.5618146 -0.7879333 0 43 73 255
-0.3951851 1.0558366 0.3126600 -0.4655388 0.1873623 -0.8649676 0 5 15 255
0.3688127 1.4190980 -0.1506274 -0.3351371 0.0923211 -0.9376354 19 71 99 255
0.5509547 1.3439633 -0.1839535 0.4618008 0.0653749 -0.8845711 77 138 173 255
0.4847857 1.2834684 -0.1897576 -0.2767188 -0.4213121 -0.8636683 61 122 156 255
0.4552969 1.1973888 -0.2463048 0.4316401 0.4694259 -0.7702767 23 83 120 255
0.2563213 1.1506035 -0.2469475 -0.1451568 0.3014939 -0.9423540 78 140 170 255
0.2925838 1.1902183 -0.2352545 -0.0241861 0.5144227 -0.8571956 79 141 170 255
0.4091712 1.2264000 -0.1948988 0.6547084 0.5241588 -0.5446233 9 71 109 255
0.3700725 1.2518107 -0.2016995 0.1360416 0.6952600 -0.7057664 68 128 160 255
0.1564883 1.3882752 -0.1209366 -0.1123549 0.4943610 -0.8619649 0 53 89 255
0.2885140 1.5261730 -0.1583703 -0.0958240 0.1723240 -0.9803684 83 116 53 255
0.3688127 1.4190980 -0.1506274 -0.3351371 0.0923211 -0.9376354 19 71 99 255
0.1564883 1.3882752 -0.1209366 -0.1684893 0.1671136 -0.9714342 16 66 93 255
0.2885140 1.5261730 -0.1583703 -0.0958240 0.1723240 -0.9803684 83 116 53 255
0.4641136 1.5194514 -0.1656830 0.1785490 0.4113683 -0.8938100 90 116 45 255
0.3688127 1.4190980 -0.1506274 -0.3351371 0.0923211 -0.9376354 19 71 99 255
0.2925838 1.1902183 -0.2352545 -0.0241861 0.5144227 -0.8571956 79 141 170 255
0.1797155 1.2479404 -0.1993334 0.0134367 0.4854237 -0.8741758 73 135 165 255
0.3700725 1.2518107 -0.2016995 0.1360416 0.6952600 -0.7057664 68 128 160 255
0.4260384 0.0186912 0.1779735 -0.0836577 -0.9951552 0.0516476 149 166 99 255
0.5030442 0.0298207 0.3104579 -0.2166625 -0.7990189 0.5609157 149 166 99 255
0.4164072 0.0814056 0.2029912 -0.9213440 -0.0359944 0.3870783 116 141 71 255
0.3853580 0.7144142 -0.0299284 -0.1469342 -0.2060093 -0.9674556 0 13 33 255
0.4845868 0.6902885 -0.1183207 0.3219679 -0.9222206 -0.2141160 0 6 17 255
0.5960151 0.6474731 -0.0039809 0.4791020 -0.3228991 -0.8162091 14 70 113 255
0.0125827 0.5913686 0.5464408 -0.5780973 -0.4108701 0.7049745 0 58 92 255
-0.0217952 0.8227141 0.5134418 -0.5817451 0.1465829 0.8000540 0 45 75 255
-0.0771626 0.6844388 0.4581840 -0.8304588 -0.1657137 0.5318620 0 37 64 255
-0.1703955 1.6756508 -0.1565411 -0.9339199 0.3506774 -0.0694187 74 137 166 255
-0.0581573 1.6583350 -0.3049710 -0.2377020 0.0341563 -0.9707374 0 8 19 255
-0.1756264 1.6334559 -0.2808611 -0.2824766 0.7247903 -0.6283996 80 141 169 255
0.4164072 0.0814056 0.2029912 -0.9234740 -0.0201693 0.3831307 0 59 71 255
0.5137273 0.0907902 0.3145730 -0.0169748 0.0128972 0.9997728 0 59 62 255
0.4166778 0.1128872 0.2296932 -0.7003325 -0.3278360 0.6340805 1 59 62 255
0.1522282 1.4689018 -0.0809166 0.3580686 0.4131110 -0.8373327 59 69 13 255
0.2885140 1.5261730 -0.1583703 -0.3547579 0.4349700 -0.8276157 65 34 14 255
0.1978909 1.4785834 -0.0721743 -0.3295793 0.1249138 -0.9358280 0 61 87 255
0.0942706 1.3840074 -0.1334822 0.4520681 -0.1595615 -0.8775958 0 49 86 255
0.0328952 1.5165389 -0.2580159 0.5726656 -0.4047556 -0.7129004 0 12 23 255
0.1522282 1.4689018 -0.0809166 0.6376125 -0.2629020 -0.7241083 0 49 85 255
-0.0745810 0.2000265 0.4103467 -0.5946736 0.4050803 0.6944588 75 138 171 255
0.0618128 0.1257580 0.4419057 0.3408236 -0.2486116 0.9066595 0 28 56 255
0.0854360 0.1933771 0.3865869 0.8363085 -0.0636696 0.5445496 0 33 63 255
0.0165929 0.9790196 0.5470989 -0.5907279 0.1243162 0.7972364 0 50 81 255
-0.1087357 0.8976063 0.4125221 -0.9099975 -0.0578787 0.4105539 0 8 18 255
-0.0816456 0.8742269 0.4155567 -0.5810919 -0.2620707 0.7704875 0 3 10 255
0.2419242 0.8367233 -0.2726843 -0.0431296 -0.0964549 -0.9944025 77 140 169 255
0.1872767 1.0749977 -0.2569067 -0.1733197 0.1002178 -0.9797534 60 125 158 255
0.3396462 0.9919400 -0.2645514 0.0960124 -0.0519511 -0.9940235 81 143 173 255
-0.0742487 0.1436560 0.4330471 -0.4910167 -0.6338835 0.5975736 0 25 50 255
-0.2556173 0.0696469 0.1762311 -0.2813632 -0.8900614 0.3586440 0 63 105 255
0.0847203 0.0761582 0.3172910 0.1355598 -0.9552925 0.2627542 0 28 57 255
0.1872767 1.0749977 -0.2569067 -0.1733197 0.1002178 -0.9797534 60 125 158 255
0.0240482 1.0794757 -0.1953833 -0.4019333 0.1289635 -0.9065419 81 142 171 255
0.0546299 1.1963747 -0.1992009 -0.3685279 0.1105042 -0.9230254 82 142 170 255
0.1797155 1.2479404 -0.1993334 0.0134367 0.4854237 -0.8741758 73 135 165 255
0.0942706 1.3840074 -0.1334822 0.1972115 0.2393132 -0.9507033 0 53 87 255
0.1564883 1.3882752 -0.1209366 -0.1123549 0.4943610 -0.8619649 0 53 89 255
-0.1000839 1.4604265 0.0334318 -0.6987892 -0.1327872 -0.7028947 70 91 7 255
-0.1046695 1.5171389 0.0504749 -0.3656069 0.7383596 -0.5667071 122 151 84 255
-0.0973202 1.4739088 0.0467584 0.3070361 0.9141717 -0.2646109 118 138 71 255
-0.2640373 0.1191741 0.1097496 -0.9000396 0.4189896 0.1199017 0 62 104 255
-0.2556173 0.0696469 0.1762311 -0.2813632 -0.8900614 0.3586440 0 63 105 255
-0.0742487 0.1436560 0.4330471 -0.4910167 -0.6338835 0.5975736 0 25 50 255
0.0818599 0.4656550 0.2667596 0.0771215 0.8052440 0.5879068 51 121 155 255
0.1709348 0.4885214 0.2577693 0.8787771 0.2954300 0.3747958 38 83 117 255
0.0997952 0.4089863 0.2035997 -0.2452358 0.6859443 -0.6850839 53 122 156 255
-0.1548964 1.2724218 0.3756721 0.6764885 0.2826431 0.6800561 85 125 66 255
-0.1082844 1.4851826 0.2681425 -0.1950431 0.7745389 0.6017038 84 144 172 255
-0.2503139 1.2918457 0.3821561 -0.4073557 0.5341875 0.7407463 116 147 78 255
0.1979851 0.4612031 0.1841705 0.9312996 -0.3641506 -0.0086827 105 125 75 255
0.1709348 0.4885214 0.2577693 0.8787771 0.2954300 0.3747958 38 83 117 255
0.0854360 0.1933771 0.3865869 0.8363085 -0.0636696 0.5445496 0 33 63 255
0.0995413 0.3348472 0.2635553 -0.2923222 -0.9271179 -0.2345207 0 17 36 255
0.0997952 0.4089863 0.2035997 -0.1387451 -0.6143825 -0.7767134 0 51 86 255
0.1709348 0.4885214 0.2577693 0.2336189 -0.8739504 -0.4261843 0 52 88 255
0.0942706 1.3840074 -0.1334822 0.1972115 0.2393132 -0.9507033 0 53 87 255
0.1797155 1.2479404 -0.1993334 0.0134367 0.4854237 -0.8741758 73 135 165 255
0.0214251 1.3158184 -0.1704724 -0.2366058 0.3509732 -0.9059997 81 142 170 255
0.2006179 0.7277580 -0.2379916 0.1034353 -0.3710697 -0.9228265 115 111 112 255
0.1557080 0.7572634 -0.2482350 -0.3133105 -0.2287594 -0.9216864 0 9 20 255
0.2419242 0.8367233 -0.2726843 -0.0431296 -0.0964549 -0.9944025 77 140 169 255
0.0165929 0.9790196 0.5470989 -0.5907279 0.1243162 0.7972364 0 50 81 255
-0.1434814 1.2369124 0.1996543 -0.5600230 -0.5909773 0.5806205 0 35 67 255
-0.1087357 0.8976063 0.4125221 -0.9099975 -0.0578787 0.4105539 0 8 18 255
0.3304805 1.6070307 -0.0388043 0.0041189 0.9994944 -0.0315252 0 5 10 255
0.4322275 1.5599069 0.0482910 0.3300488 0.7789812 0.5331566 112 87 79 255
0.4428211 1.5482495 -0.0588419 -0.0592721 0.9887830 -0.1370943 0 2 9 255
0.4166778 0.1128872 0.2296932 -0.7117385 -0.2999816 0.6351687 106 129 52 255
0.3683490 0.1148405 0.1473949 -0.9003999 -0.4132615 0.1359961 110 137 64 255
0.3858062 0.1480117 0.0184181 -0.8528752 -0.3356103 -0.3999622 95 127 60 255
-0.0159265 1.0619197 -0.1788599 -0.4882674 0.2485745 -0.8365439 0 58 73 255
-0.1132296 0.9670272 -0.1557124 -0.6531091 -0.0869286 -0.7522578 0 59 66 255
-0.1157471 1.0473768 -0.1004212 -0.7179294 0.2682030 -0.6423739 0 60 89 255
-0.1386625 1.3815697 0.3026206 0.8227610 0.1883424 0.5362757 78 140 169 255
-0.1548964 1.2724218 0.3756721 0.6764885 0.2826431 0.6800561 85 125 66 255
-0.0983216 1.1984472 0.3104713 0.9979994 0.0561990 0.0289623 55 118 154 255
0.1948196 0.3224573 -0.0105536 -0.9897329 -0.0687224 0.1253242 146 167 97 255
0.3042337 0.5846216 -0.0204298 -0.3227927 -0.0689643 -0.9439538 0 40 72 255
0.2660033 0.2974648 -0.0779946 -0.5229295 -0.3083180 -0.7946600 132 156 86 255
0.6609205 0.9909500 0.0213621 0.7796875 0.1651547 -0.6039960 81 144 174 255
0.6479434 0.9305881 -0.1065266 0.6218907 0.2376809 -0.7461634 81 143 173 255
0.6176578 0.9079197 -0.0675089 -0.7495395 0.6247491 -0.2188131 82 144 174 255
0.1979851 0.4612031 0.1841705 -0.1931289 -0.9764886 -0.0957657 0 52 88 255
0.3238677 0.4269781 0.3514640 -0.2022069 -0.9741318 0.1008938 0 51 87 255
0.1709348 0.4885214 0.2577693 0.2336189 -0.8739504 -0.4261843 0 52 88 255
-0.1511708 1.0358791 -0.0367301 -0.9501148 0.0091777 -0.3117652 0 53 87 255
-0.1241094 0.8700517 -0.0491030 -0.9511865 -0.2384952 -0.1958681 0 59 71 255
-0.2406079 1.2097514 0.1007144 -0.9857184 -0.0225961 0.1668794 0 52 87 255
-0.2614199 1.2215434 0.1403320 0.6847957 -0.6125864 0.3947057 0 51 86 255
-0.2406079 1.2097514 0.1007144 -0.9857184 -0.0225961 0.1668794 0 52 87 255
-0.1434814 1.2369124 0.1996543 -0.5600230 -0.5909773 0.5806205 0 35 67 255
0.1557080 0.7572634 -0.2482350 -0.3133105 -0.2287594 -0.9216864 0 9 20 255
0.2006179 0.7277580 -0.2379916 0.1034353 -0.3710697 -0.9228265 115 111 112 255
0.1100196 0.7241289 -0.2090523 -0.5467011 -0.3492097 -0.7610326 0 9 18 255
0.1709348 0.4885214 0.2577693 0.2336189 -0.8739504 -0.4261843 0 52 88 255
0.3238677 0.4269781 0.3514640 -0.2022069 -0.9741318 0.1008938 0 51 87 255
0.0995413 0.3348472 0.2635553 -0.2923222 -0.9271179 -0.2345207 0 17 36 255
0.0375189 0.3624990 -0.0529387 -0.2664870 -0.3735280 -0.8885165 0 31 60 255
-0.0482591 0.4272818 -0.0090744 -0.4008684 0.4375232 -0.8049086 0 32 60 255
0.0380541 0.4443216 0.0031984 -0.4692609 -0.8173807 -0.3341902 0 35 66 255
0.1862637 1.5264745 0.0002477 0.9960435 0.0455272 -0.0763193 0 39 70 255
0.1866916 1.5428356 -0.1059439 0.8499787 -0.2973581 -0.4348726 0 59 93 255
0.1834615 1.6418139 -0.0859015 0.9706861 -0.2403096 0.0044356 0 52 85 255
-0.2640373 0.1191741 0.1097496 -0.9024215 0.4117402 0.1269071 0 52 85 255
-0.2363578 0.0327555 0.0278804 -0.6028181 -0.7211654 -0.3413660 0 53 87 255
-0.2556173 0.0696469 0.1762311 -0.2813394 -0.8900414 0.3587123 0 56 89 255
3 0 1 2
3 3 4 5
3 6 7 8
3 9 10 11
3 12 13 14
3 15 16 17
3 18 19 20
3 21 22 23
3 24 25 26
3 27 28 29
3 30 31 32
3 33 34 35
3 36 37 38
3 39 40 41
3 42 43 44
3 45 46 47
3 48 49 50
3 51 52 53
3 54 55 56
3 57 58 59
3 60 61 62
3 63 64 65
3 66 67 68
3 69 70 71
3 72 73 74
3 75 76 77
3 78 79 80
3 81 82 83
3 84 85 86
3 87 88 89
3 90 91 92
3 93 94 95
3 96 97 98
3 99 100 101
3 102 103 104
3 105 106 107
3 108 109 110
3 111 112 113
3 114 115 116
3 117 118 119
3 120 121 122
3 123 124 125
3 126 127 128
3 129 130 131
3 132 133 134
3 135 136 137
3 138 139 140
3 141 142 143
3 144 145 146
3 147 148 149
3 150 151 152
3 153 154 155
3 156 157 158
3 159 160 161
3 162 163 164
3 165 166 167
3 168 169 170
3 171 172 173
3 174 175 176
3 177 178 179
3 180 181 182
3 183 184 185
3 186 187 188
3 189 190 191
3 192 193 194
3 195 196 197
3 198 199 200
3 201 202 203
3 204 205 206
3 207 208 209
3 210 211 212
3 213 214 215
3 216 217 218
3 219 220 221
3 222 223 224
3 225 226 227
3 228 229 230
3 231 232 233
3 234 235 236
3 237 238 239
3 240 241 242
3 243 244 245
3 246 247 248
3 249 250 251
3 252 253 254
3 255 256 257
3 258 259 260
3 261 262 263
3 264 265 266
3 267 268 269
3 270 271 272
3 273 274 275
3 276 277 278
3 279 280 281
3 282 283 284
3 285 286 287
3 288 289 290
3 291 292 293
3 294 295 296
3 297 298 299
3 300 301 302
3 303 304 305
3 306 307 308
3 309 310 311
3 312 313 314
3 315 316 317
3 318 319 320
3 321 322 323
3 324 325 326
3 327 328 329
3 330 331 332
3 333 334 335
3 336 337 338
3 339 340 341
3 342 343 344
3 345 346 347
3 348 349 350
3 351 352 353
3 354 355 356
3 357 358 359
3 360 361 362
3 363 364 365
3 366 367 368
3 369 370 371
3 372 373 374
3 375 376 377
3 378 379 380
3 381 382 383
3 384 385 386
3 387 388 389
3 390 391 392
3 393 394 395
3 396 397 398
3 399 400 401
3 402 403 404
3 405 406 407
3 408 409 410
3 411 412 413
3 414 415 416
3 417 418 419
3 420 421 422
3 423 424 425
3 426 427 428
3 429 430 431
3 432 433 434
3 435 436 437
3 438 439 440
3 441 442 443
3 444 445 446
3 447 448 449
3 450 451 452
3 453 454 455
3 456 457 458
3 459 460 461
3 462 463 464
3 465 466 467
3 468 469 470
3 471 472 473
3 474 475 476
3 477 478 479
3 480 481 482
3 483 484 485
3 486 487 488
3 489 490 491
3 492 493 494
3 495 496 497
3 498 499 500
3 501 502 503
3 504 505 506
3 507 508 509
3 510 511 512
3 513 514 515
3 516 517 518
3 519 520 521
3 522 523 524
3 525 526 527
3 528 529 530
3 531 532 533
3 534 535 536
3 537 538 539
3 540 541 542
3 543 544 545
3 546 547 548
3 549 550 551
3 552 553 554
3 555 556 557
3 558 559 560
3 561 562 563
3 564 565 566
3 567 568 569
3 570 571 572
3 573 574 575
3 576 577 578
3 579 580 581
3 582 583 584
3 585 586 587
3 588 589 590
3 591 592 593
3 594 595 596
3 597 598 599
3 600 601 602
3 603 604 605
3 606 607 608
3 609 610 611
3 612 613 614
3 615 616 617
3 618 619 620
3 621 622 623
3 624 625 626
3 627 628 629
3 630 631 632
3 633 634 635
3 636 637 638
3 639 640 641
3 642 643 644
3 645 646 647
3 648 649 650
3 651 652 653
3 654 655 656
3 657 658 659
3 660 661 662
3 663 664 665
3 666 667 668
3 669 670 671
3 672 673 674
3 675 676 677
3 678 679 680
3 681 682 683
3 684 685 686
3 687 688 689
3 690 691 692
3 693 694 695
3 696 697 698
3 699 700 701
3 702 703 704
3 705 706 707
3 708 709 710
3 711 712 713
3 714 715 716
3 717 718 719
3 720 721 722
3 723 724 725
3 726 727 728
3 729 730 731
3 732 733 734
3 735 736 737
3 738 739 740
3 741 742 743
3 744 745 746
3 747 748 749
3 750 751 752
3 753 754 755
3 756 757 758
3 759 760 761
3 762 763 764
3 765 766 767
3 768 769 770
3 771 772 773
3 774 775 776
3 777 778 779
3 780 781 782
3 783 784 785
3 786 787 788
3 789 790 791
3 792 793 794
3 795 796 797
3 798 799 800
3 801 802 803
3 804 805 806
3 807 808 809
3 810 811 812
3 813 814 815
3 816 817 818
3 819 820 821
3 822 823 824
3 825 826 827
3 828 829 830
3 831 832 833
3 834 835 836
3 837 838 839
3 840 841 842
3 843 844 845
3 846 847 848
3 849 850 851
3 852 853 854
3 855 856 857
3 858 859 860
3 861 862 863
3 864 865 866
3 867 868 869
3 870 871 872
3 873 874 875
3 876 877 878
3 879 880 881
3 882 883 884
3 885 886 887
3 888 889 890
3 891 892 893
3 894 895 896
3 897 898 899
3 900 901 902
3 903 904 905
3 906 907 908
3 909 910 911
3 912 913 914
3 915 916 917
3 918 919 920
3 921 922 923
3 924 925 926
3 927 928 929
3 930 931 932
3 933 934 935
3 936 937 938
3 939 940 941
3 942 943 944
3 945 946 947
3 948 949 950
3 951 952 953
3 954 955 956
3 957 958 959
3 960 961 962
3 963 964 965
3 966 967 968
3 969 970 971
3 972 973 974
3 975 976 977
3 978 979 980
3 981 982 983
3 984 985 986
3 987 988 989
3 990 991 992
3 993 994 995
3 996 997 998
3 999 1000 1001
3 1002 1003 1004
3 1005 1006 1007
3 1008 1009 1010
3 1011 1012 1013
3 1014 1015 1016
3 1017 1018 1019
3 1020 1021 1022
3 1023 1024 1025
3 1026 1027 1028
3 1029 1030 1031
3 1032 1033 1034
3 1035 1036 1037
3 1038 1039 1040
3 1041 1042 1043
3 1044 1045 1046
3 1047 1048 1049
3 1050 1051 1052
3 1053 1054 1055
3 1056 1057 1058
3 1059 1060 1061
3 1062 1063 1064
3 1065 1066 1067
3 1068 1069 1070
3 1071 1072 1073
3 1074 1075 1076
3 1077 1078 1079
3 1080 1081 1082
3 1083 1084 1085
3 1086 1087 1088
3 1089 1090 1091
3 1092 1093 1094
3 1095 1096 1097
3 1098 1099 1100
3 1101 1102 1103
3 1104 1105 1106
3 1107 1108 1109
3 1110 1111 1112
3 1113 1114 1115
3 1116 1117 1118
3 1119 1120 1121
3 1122 1123 1124
3 1125 1126 1127
3 1128 1129 1130
3 1131 1132 1133
3 1134 1135 1136
3 1137 1138 1139
3 1140 1141 1142
3 1143 1144 1145
3 1146 1147 1148
3 1149 1150 1151
3 1152 1153 1154
3 1155 1156 1157
3 1158 1159 1160
3 1161 1162 1163
3 1164 1165 1166
3 1167 1168 1169
3 1170 1171 1172
3 1173 1174 1175
3 1176 1177 1178
3 1179 1180 1181
3 1182 1183 1184
3 1185 1186 1187
3 1188 1189 1190
3 1191 1192 1193
3 1194 1195 1196
3 1197 1198 1199
3 1200 1201 1202
3 1203 1204 1205
3 1206 1207 1208
3 1209 1210 1211
3 1212 1213 1214
3 1215 1216 1217
3 1218 1219 1220
3 1221 1222 1223
3 1224 1225 1226
3 1227 1228 1229
3 1230 1231 1232
3 1233 1234 1235
3 1236 1237 1238
3 1239 1240 1241
3 1242 1243 1244
3 1245 1246 1247
3 1248 1249 1250
3 1251 1252 1253
3 1254 1255 1256
3 1257 1258 1259
3 1260 1261 1262
3 1263 1264 1265
3 1266 1267 1268
3 1269 1270 1271
3 1272 1273 1274
3 1275 1276 1277
3 1278 1279 1280
3 1281 1282 1283
3 1284 1285 1286
3 1287 1288 1289
3 1290 1291 1292
3 1293 1294 1295
3 1296 1297 1298
3 1299 1300 1301
3 1302 1303 1304
3 1305 1306 1307
3 1308 1309 1310
3 1311 1312 1313
3 1314 1315 1316
3 1317 1318 1319
3 1320 1321 1322
3 1323 1324 1325
3 1326 1327 1328
3 1329 1330 1331
3 1332 1333 1334
3 1335 1336 1337
3 1338 1339 1340
3 1341 1342 1343
3 1344 1345 1346
3 1347 1348 1349
3 1350 1351 1352
3 1353 1354 1355
3 1356 1357 1358
3 1359 1360 1361
3 1362 1363 1364
3 1365 1366 1367
3 1368 1369 1370
3 1371 1372 1373
3 1374 1375 1376
3 1377 1378 1379
3 1380 1381 1382
3 1383 1384 1385
3 1386 1387 1388
3 1389 1390 1391
3 1392 1393 1394
3 1395 1396 1397
3 1398 1399 1400
3 1401 1402 1403
3 1404 1405 1406
3 1407 1408 1409
3 1410 1411 1412
3 1413 1414 1415
3 1416 1417 1418
3 1419 1420 1421
3 1422 1423 1424
3 1425 1426 1427
3 1428 1429 1430
3 1431 1432 1433
3 1434 1435 1436
3 1437 1438 1439
3 1440 1441 1442
3 1443 1444 1445
3 1446 1447 1448
3 1449 1450 1451
3 1452 1453 1454
3 1455 1456 1457
3 1458 1459 1460
3 1461 1462 1463
3 1464 1465 1466
3 1467 1468 1469
3 1470 1471 1472
3 1473 1474 1475
3 1476 1477 1478
3 1479 1480 1481
3 1482 1483 1484
3 1485 1486 1487
3 1488 1489 1490
3 1491 1492 1493
3 1494 1495 1496
3 1497 1498 1499
3 1500 1501 1502
3 1503 1504 1505
3 1506 1507 1508
3 1509 1510 1511
3 1512 1513 1514
3 1515 1516 1517
3 1518 1519 1520
3 1521 1522 1523
3 1524 1525 1526
3 1527 1528 1529
3 1530 1531 1532
3 1533 1534 1535
3 1536 1537 1538
3 1539 1540 1541
3 1542 1543 1544
3 1545 1546 1547
3 1548 1549 1550
3 1551 1552 1553
3 1554 1555 1556
3 1557 1558 1559
3 1560 1561 1562
3 1563 1564 1565
3 1566 1567 1568
3 1569 1570 1571
3 1572 1573 1574
3 1575 1576 1577
3 1578 1579 1580
3 1581 1582 1583
3 1584 1585 1586
3 1587 1588 1589
3 1590 1591 1592
3 1593 1594 1595
3 1596 1597 1598
3 1599 1600 1601
3 1602 1603 1604
3 1605 1606 1607
3 1608 1609 1610
3 1611 1612 1613
3 1614 1615 1616
3 1617 1618 1619
3 1620 1621 1622
3 1623 1624 1625
3 1626 1627 1628
3 1629 1630 1631
3 1632 1633 1634
3 1635 1636 1637
3 1638 1639 1640
3 1641 1642 1643
3 1644 1645 1646
3 1647 1648 1649
3 1650 1651 1652
3 1653 1654 1655
3 1656 1657 1658
3 1659 1660 1661
3 1662 1663 1664
3 1665 1666 1667
3 1668 1669 1670
3 1671 1672 1673
3 1674 1675 1676
3 1677 1678 1679
3 1680 1681 1682
3 1683 1684 1685
3 1686 1687 1688
3 1689 1690 1691
3 1692 1693 1694
3 1695 1696 1697
3 1698 1699 1700
3 1701 1702 1703
3 1704 1705 1706
3 1707 1708 1709
3 1710 1711 1712
3 1713 1714 1715
3 1716 1717 1718
3 1719 1720 1721
3 1722 1723 1724
3 1725 1726 1727
3 1728 1729 1730
3 1731 1732 1733
3 1734 1735 1736
3 1737 1738 1739
3 1740 1741 1742
3 1743 1744 1745
3 1746 1747 1748
3 1749 1750 1751
3 1752 1753 1754
3 1755 1756 1757
3 1758 1759 1760
3 1761 1762 1763
3 1764 1765 1766
3 1767 1768 1769
3 1770 1771 1772
3 1773 1774 1775
3 1776 1777 1778
3 1779 1780 1781
3 1782 1783 1784
3 1785 1786 1787
3 1788 1789 1790
3 1791 1792 1793
3 1794 1795 1796
3 1797 1798 1799
3 1800 1801 1802
3 1803 1804 1805
3 1806 1807 1808
3 1809 1810 1811
3 1812 1813 1814
3 1815 1816 1817
3 1818 1819 1820
3 1821 1822 1823
3 1824 1825 1826
3 1827 1828 1829
3 1830 1831 1832
3 1833 1834 1835
3 1836 1837 1838
3 1839 1840 1841
3 1842 1843 1844
3 1845 1846 1847
3 1848 1849 1850
3 1851 1852 1853
3 1854 1855 1856
3 1857 1858 1859
3 1860 1861 1862
3 1863 1864 1865
3 1866 1867 1868
3 1869 1870 1871
3 1872 1873 1874
3 1875 1876 1877
3 1878 1879 1880
3 1881 1882 1883
3 1884 1885 1886
3 1887 1888 1889
3 1890 1891 1892
3 1893 1894 1895
3 1896 1897 1898
3 1899 1900 1901
3 1902 1903 1904
3 1905 1906 1907
3 1908 1909 1910
3 1911 1912 1913
3 1914 1915 1916
3 1917 1918 1919
3 1920 1921 1922
3 1923 1924 1925
3 1926 1927 1928
3 1929 1930 1931
3 1932 1933 1934
3 1935 1936 1937
3 1938 1939 1940
3 1941 1942 1943
3 1944 1945 1946
3 1947 1948 1949
3 1950 1951 1952
3 1953 1954 1955
3 1956 1957 1958
3 1959 1960 1961
3 1962 1963 1964
3 1965 1966 1967
3 1968 1969 1970
3 1971 1972 1973
3 1974 1975 1976
3 1977 1978 1979
3 1980 1981 1982
3 1983 1984 1985
3 1986 1987 1988
3 1989 1990 1991
3 1992 1993 1994
3 1995 1996 1997
3 1998 1999 2000
3 2001 2002 2003
3 2004 2005 2006
3 2007 2008 2009
3 2010 2011 2012
3 2013 2014 2015
3 2016 2017 2018
3 2019 2020 2021
3 2022 2023 2024
3 2025 2026 2027
3 2028 2029 2030
3 2031 2032 2033
3 2034 2035 2036
3 2037 2038 2039
3 2040 2041 2042
3 2043 2044 2045
3 2046 2047 2048
3 2049 2050 2051
3 2052 2053 2054
3 2055 2056 2057
3 2058 2059 2060
3 2061 2062 2063
3 2064 2065 2066
3 2067 2068 2069
3 2070 2071 2072
3 2073 2074 2075
3 2076 2077 2078
3 2079 2080 2081
3 2082 2083 2084
3 2085 2086 2087
3 2088 2089 2090
3 2091 2092 2093
3 2094 2095 2096
3 2097 2098 2099
3 2100 2101 2102
3 2103 2104 2105
3 2106 2107 2108
3 2109 2110 2111
3 2112 2113 2114
3 2115 2116 2117
3 2118 2119 2120
3 2121 2122 2123
3 2124 2125 2126
3 2127 2128 2129
3 2130 2131 2132
3 2133 2134 2135
3 2136 2137 2138
3 2139 2140 2141
3 2142 2143 2144
3 2145 2146 2147
3 2148 2149 2150
3 2151 2152 2153
3 2154 2155 2156
3 2157 2158 2159
3 2160 2161 2162
3 2163 2164 2165
3 2166 2167 2168
3 2169 2170 2171
3 2172 2173 2174
3 2175 2176 2177
3 2178 2179 2180
3 2181 2182 2183
3 2184 2185 2186
3 2187 2188 2189
3 2190 2191 2192
3 2193 2194 2195
3 2196 2197 2198
3 2199 2200 2201
3 2202 2203 2204
3 2205 2206 2207
3 2208 2209 2210
3 2211 2212 2213
3 2214 2215 2216
3 2217 2218 2219
3 2220 2221 2222
3 2223 2224 2225
3 2226 2227 2228
3 2229 2230 2231
3 2232 2233 2234
3 2235 2236 2237
3 2238 2239 2240
3 2241 2242 2243
3 2244 2245 2246
3 2247 2248 2249
3 2250 2251 2252
3 2253 2254 2255
3 2256 2257 2258
3 2259 2260 2261
3 2262 2263 2264
3 2265 2266 2267
3 2268 2269 2270
3 2271 2272 2273
3 2274 2275 2276
3 2277 2278 2279
3 2280 2281 2282
3 2283 2284 2285
3 2286 2287 2288
3 2289 2290 2291
3 2292 2293 2294
3 2295 2296 2297
3 2298 2299 2300
3 2301 2302 2303
3 2304 2305 2306
3 2307 2308 2309
3 2310 2311 2312
3 2313 2314 2315
3 2316 2317 2318
3 2319 2320 2321
3 2322 2323 2324
3 2325 2326 2327
3 2328 2329 2330
3 2331 2332 2333
3 2334 2335 2336
3 2337 2338 2339
3 2340 2341 2342
3 2343 2344 2345
3 2346 2347 2348
3 2349 2350 2351
3 2352 2353 2354
3 2355 2356 2357
3 2358 2359 2360
3 2361 2362 2363
3 2364 2365 2366
3 2367 2368 2369
3 2370 2371 2372
3 2373 2374 2375
3 2376 2377 2378
3 2379 2380 2381
3 2382 2383 2384
3 2385 2386 2387
3 2388 2389 2390
3 2391 2392 2393
3 2394 2395 2396
3 2397 2398 2399
