ply
format ascii 1.0
comment Created for BetterNecromancy boss visual overlay; world Z remapped to Colony Y
element vertex 2400
property float x
property float y
property float z
property float nx
property float ny
property float nz
property uchar red
property uchar green
property uchar blue
property uchar alpha
element face 800
property list uchar uint vertex_indices
end_header
-0.1881794 0.8108586 -0.3374233 0.5753798 -0.6733180 -0.4643068 162 149 124 255
-0.2630182 0.7919562 -0.2840271 -0.1813420 -0.8191559 -0.5441496 142 167 172 255
-0.2179736 0.8229469 -0.3363523 0.1227563 -0.9918400 -0.0344123 130 154 158 255
0.0462621 1.8899362 -0.0577126 0.1814131 0.9422819 0.2814142 50 46 46 255
0.0665583 1.8235219 0.0317621 0.4509795 0.5237671 0.7226932 40 47 62 255
0.1962016 1.8461899 -0.1456842 0.7536461 0.5247111 0.3958483 197 172 127 255
0.2024485 0.7554838 0.1594400 -0.5171509 0.7187978 0.4646336 129 158 163 255
0.2312458 0.7557543 0.1910677 -0.7647438 0.3860478 0.5158818 127 158 164 255
0.2583408 0.8148329 0.1646490 -0.9819579 -0.1038760 -0.1580135 144 174 175 255
0.1712795 1.2356189 0.2938738 -0.6226176 -0.1916289 0.7587000 142 169 168 255
0.1689648 1.2248461 0.2511673 -0.7719147 -0.3061733 -0.5571406 137 163 164 255
0.2382600 0.9937928 0.1814365 -0.9028059 0.1478876 -0.4038203 127 158 158 255
0.2072497 0.0268495 0.2644653 0.7065952 0.4170053 0.5716903 200 165 110 255
0.1883590 0.0107196 0.2694740 0.0373610 -0.9944959 0.0978882 199 165 112 255
0.2128574 0.0067787 0.2296247 0.5415781 -0.8406397 0.0042452 200 165 110 255
0.0962246 0.9620040 -0.0267296 0.6456890 -0.2859139 -0.7080528 31 39 55 255
0.0507689 0.9691072 -0.0845404 0.6198957 0.0505214 -0.7830561 128 157 157 255
0.1236129 0.9590277 -0.0222225 0.7130978 0.4186974 -0.5623025 70 88 98 255
0.1499557 1.3513197 0.1529827 0.1162532 -0.5907812 -0.7984126 143 170 171 255
0.1546351 1.4258726 0.1018324 0.7627929 -0.3992174 -0.5086967 143 169 171 255
0.2024562 1.3995391 0.1810951 0.9419432 0.2180708 -0.2553201 135 162 163 255
0.1537011 1.7279900 -0.2349052 0.7207295 0.4057184 -0.5620867 204 163 108 255
0.1797177 1.7849084 -0.1848688 0.6845980 0.2926637 -0.6675878 203 170 119 255
0.1736313 1.7086855 -0.1987438 0.7847828 0.1919060 -0.5893116 204 161 104 255
-0.2817957 0.8196034 -0.3010778 -0.8493971 0.2824499 -0.4458101 204 161 103 255
-0.2661228 0.8179252 -0.2632580 0.1563187 0.9228092 0.3521186 200 159 100 255
-0.2403731 0.8476128 -0.3363762 0.1589217 0.6746008 0.7208728 204 164 107 255
-0.0599231 1.5121532 -0.1160450 -0.5663034 -0.8110567 -0.1465862 127 160 157 255
-0.0355212 1.5131551 -0.1087990 0.5966274 -0.7003117 0.3919169 130 161 159 255
-0.0529863 1.5261676 -0.0554104 0.0254051 -0.9768785 0.2122805 143 171 172 255
0.0982361 1.8778827 -0.1898947 0.1618225 0.9162796 -0.3663946 66 76 81 255
0.0567825 1.8994728 -0.2034674 -0.2047302 0.9499534 -0.2359535 50 46 46 255
-0.0298879 1.8573122 -0.0182629 -0.1876043 0.9000339 0.3933747 36 45 63 255
0.1815065 0.7817710 0.2066278 -0.3995227 -0.3663305 0.8403473 42 54 71 255
0.2189719 0.7646179 0.2169609 0.3498167 -0.8739602 0.3373750 51 63 82 255
0.2528368 0.8210089 0.2342539 0.5523834 -0.3529727 0.7551708 143 170 170 255
0.1797177 1.7849084 -0.1848688 0.6845980 0.2926637 -0.6675878 203 170 119 255
0.1154539 1.8016023 -0.2329493 0.4275336 0.3332062 -0.8403503 201 167 112 255
0.1703328 1.8278426 -0.1726847 0.5821036 0.2289116 -0.7802275 198 172 127 255
0.1334731 1.0242517 0.1214352 0.9772730 0.2019455 0.0644617 40 25 15 255
0.1053880 1.0722235 0.1325760 0.7220160 0.0845356 0.6866925 42 29 19 255
0.0678968 1.0721025 0.1694040 0.2277492 0.4621819 0.8570403 50 36 23 255
0.0807453 0.8330802 0.2610645 0.1254096 -0.0795968 0.9889069 31 19 10 255
0.1075770 0.9237172 0.2337723 0.5579615 0.2386554 0.7948098 29 15 8 255
0.0450056 0.9620117 0.2567692 0.2216582 0.3419374 0.9132066 34 20 13 255
0.1703328 1.8278426 -0.1726847 0.5821036 0.2289116 -0.7802275 198 172 127 255
0.1369999 1.8849399 -0.1996737 0.3493287 0.9368746 0.0153444 198 173 126 255
0.1962016 1.8461899 -0.1456842 0.7536461 0.5247111 0.3958483 197 172 127 255
-0.1389593 0.4007864 -0.0902920 -0.6761780 0.5345454 0.5069956 24 18 17 255
-0.1556858 0.3908706 -0.1705952 -0.6699742 0.1992739 -0.7151395 30 40 60 255
-0.2309802 0.1586309 -0.0701780 -0.6513111 0.2937586 0.6996425 126 151 152 255
-0.0100480 1.5200716 -0.1299820 -0.2739307 -0.1044913 -0.9560563 135 163 167 255
0.0379828 1.4608661 -0.1297483 0.2788343 -0.1013982 -0.9549712 131 160 162 255
-0.0310319 1.4767617 -0.1342468 0.0629452 0.6266516 -0.7767532 135 164 166 255
0.1883590 0.0107196 0.2694740 0.0373610 -0.9944959 0.0978882 199 165 112 255
0.1756620 0.0122903 0.2037668 0.0051740 -0.9978982 0.0645934 200 165 111 255
0.2128574 0.0067787 0.2296247 0.5415781 -0.8406397 0.0042452 200 165 110 255
-0.1309932 0.0071002 -0.2993031 0.9935626 0.0942981 0.0627786 97 124 126 255
-0.1926994 0.1091017 -0.1398277 0.9772511 -0.1679203 0.1295505 84 38 32 255
-0.2024743 0.0750069 -0.0774956 0.7883677 -0.2277753 0.5714847 110 60 30 255
0.0331599 0.9149341 -0.0616026 0.4432033 -0.4588495 -0.7700831 38 48 65 255
0.1168333 0.9338873 -0.0089254 0.7235030 -0.5714911 -0.3872226 40 50 69 255
0.0988646 0.9220272 -0.0005512 0.8176307 -0.3417068 -0.4633752 38 48 65 255
-0.2027819 0.7732584 -0.0230341 -0.9776323 -0.2024430 -0.0570270 126 158 158 255
-0.1763154 0.7139001 -0.1017904 -0.9027950 -0.0727924 -0.4238663 148 174 174 255
-0.1759683 0.6960769 -0.0248070 -0.8485613 -0.4318294 0.3057239 144 171 170 255
-0.0931012 1.0580378 0.1113701 -0.5970790 0.6259788 0.5016443 112 133 140 255
-0.0245700 1.0833513 0.1397820 -0.5516793 0.5012608 0.6666240 100 106 107 255
-0.1380127 1.0577144 0.0342131 -0.7556219 0.5630991 0.3345964 11 2 1 255
-0.1100727 0.6064410 -0.0026388 -0.2930138 -0.8961954 0.3331318 147 175 174 255
-0.1604872 0.6406874 -0.0406456 -0.8566788 -0.4642930 0.2247964 144 172 172 255
-0.1600551 0.6532273 -0.1253014 -0.6830447 -0.5774218 -0.4472516 147 177 176 255
0.0710773 1.4493078 0.1755219 -0.7513561 0.4344462 0.4967097 140 169 170 255
0.0860929 1.3673904 0.1751719 -0.8124128 -0.5057736 -0.2901353 143 170 171 255
0.0863752 1.3960242 0.2099218 -0.7801258 -0.0144369 0.6254559 138 166 166 255
0.2884964 0.8246246 0.2177677 0.7900151 -0.3082227 0.5299764 144 172 171 255
0.2528368 0.8210089 0.2342539 0.5523834 -0.3529727 0.7551708 143 170 170 255
0.2189719 0.7646179 0.2169609 0.3498167 -0.8739602 0.3373750 51 63 82 255
-0.1556858 0.3908706 -0.1705952 -0.6699742 0.1992739 -0.7151395 30 40 60 255
-0.1389593 0.4007864 -0.0902920 -0.6761780 0.5345454 0.5069956 24 18 17 255
-0.0588834 0.5020687 -0.1880922 -0.7051483 0.0535568 -0.7070342 126 160 160 255
0.1896279 0.7711480 0.1824703 0.2994151 -0.8580806 -0.4171909 45 57 74 255
0.2189719 0.7646179 0.2169609 0.3498167 -0.8739602 0.3373750 51 63 82 255
0.1815065 0.7817710 0.2066278 -0.3995227 -0.3663305 0.8403473 42 54 71 255
0.1296477 1.5899144 -0.2609940 0.1479723 -0.1557383 -0.9766523 202 156 95 255
0.1719070 1.5869451 -0.2140942 0.9023250 -0.1904878 -0.3866832 203 155 95 255
0.1416201 1.5292455 -0.2220325 0.4308431 -0.8745252 -0.2226653 202 156 96 255
-0.1810130 0.1523045 -0.0730648 0.7762961 -0.4803670 0.4081814 132 155 156 255
-0.1926994 0.1091017 -0.1398277 0.9772511 -0.1679203 0.1295505 84 38 32 255
-0.0257220 0.3805389 -0.2095680 0.5528704 -0.5559710 -0.6206695 141 169 170 255
0.1815065 0.7817710 0.2066278 -0.3855258 0.8532851 -0.3511046 128 152 153 255
0.2528368 0.8210089 0.2342539 -0.2404492 0.8557845 -0.4580579 101 138 130 255
0.2492927 0.8092043 0.1988659 -0.9954417 -0.0850030 -0.0432448 116 138 137 255
-0.0952494 1.8229709 -0.0608168 -0.9272952 0.3104119 0.2092080 32 42 58 255
-0.0582133 1.8731845 -0.0837765 -0.6980702 0.6336370 -0.3334699 25 35 51 255
-0.0988385 1.7159048 -0.1491604 -0.9157668 0.1002193 -0.3890081 34 43 61 255
-0.2643757 0.7973161 -0.2961550 -0.0134813 -0.9945387 -0.1034947 140 165 167 255
-0.2817957 0.8196034 -0.3010778 -0.8493996 0.2824461 -0.4458078 129 153 156 255
-0.2205107 0.8299180 -0.3698082 -0.5059987 -0.6226056 -0.5969318 190 138 82 255
0.0045586 1.5915513 -0.0649137 -0.6670976 0.4124070 0.6204041 36 23 14 255
-0.0642491 1.5024164 -0.0933228 -0.6211492 0.6988289 0.3546998 63 62 54 255
0.0719822 1.5159936 0.0152283 0.1039872 0.7138647 0.6925200 112 147 144 255
0.2312458 0.7557543 0.1910677 -0.7647438 0.3860478 0.5158818 127 158 164 255
0.2884964 0.8246246 0.2177677 0.7900701 -0.3082225 0.5298945 136 165 167 255
0.2492927 0.8092043 0.1988659 -0.9954485 -0.0850494 -0.0429982 143 174 175 255
0.1689648 1.2248461 0.2511673 -0.7719147 -0.3061733 -0.5571406 137 163 164 255
0.2114376 1.3021930 0.2216225 0.6707213 -0.2123371 -0.7106658 119 144 144 255
0.2188931 1.2416179 0.2221098 -0.2215288 0.1017300 -0.9698330 128 153 155 255
-0.0355212 1.5131551 -0.1087990 0.5966274 -0.7003117 0.3919169 130 161 159 255
-0.0190633 1.5581368 -0.1091146 0.8223239 -0.5204592 0.2300126 138 166 165 255
-0.0529863 1.5261676 -0.0554104 0.0254051 -0.9768785 0.2122805 143 171 172 255
0.2884964 0.8246246 0.2177677 0.7900151 -0.3082227 0.5299764 144 172 171 255
0.2189719 0.7646179 0.2169609 0.3498167 -0.8739602 0.3373750 51 63 82 255
0.2492927 0.8092043 0.1988659 0.5263351 -0.6017156 -0.6007578 126 156 156 255
-0.1600551 0.6532273 -0.1253014 -0.6830447 -0.5774218 -0.4472516 147 177 176 255
-0.1604872 0.6406874 -0.0406456 -0.8566788 -0.4642930 0.2247964 144 172 172 255
-0.1763154 0.7139001 -0.1017904 -0.9027950 -0.0727924 -0.4238663 148 174 174 255
0.2451666 0.7762962 0.1663036 0.5657641 -0.5730129 0.5929310 35 45 59 255
0.2657536 0.7804889 0.1344490 0.7738413 -0.6022431 -0.1961452 138 166 165 255
0.2999813 0.8233568 0.1637573 0.9155251 -0.3295407 -0.2306874 137 166 164 255
0.1896279 0.7711480 0.1824703 0.2994151 -0.8580806 -0.4171909 45 57 74 255
0.2492927 0.8092043 0.1988659 -0.9954523 -0.0849324 -0.0431412 49 61 79 255
0.2189719 0.7646179 0.2169609 0.3498167 -0.8739602 0.3373750 51 63 82 255
-0.1304803 0.9071250 -0.3393736 0.8170733 -0.5530332 -0.1629277 196 145 85 255
-0.1881794 0.8108586 -0.3374233 0.5753798 -0.6733180 -0.4643068 162 149 124 255
-0.1476005 0.9349904 -0.3960752 -0.1007359 -0.1515165 -0.9833083 191 139 80 255
-0.3002996 0.8545598 -0.2787380 0.1061242 0.9192973 0.3789855 201 165 110 255
-0.2758269 0.8512352 -0.2775269 0.4625571 0.7987459 0.3847674 201 165 111 255
-0.2644935 0.8811271 -0.3532076 0.2354211 0.8648723 0.4433653 202 165 109 255
0.1986057 1.6890751 -0.1643047 0.9104300 -0.0562617 -0.4098192 198 156 97 255
0.2213588 1.6893214 -0.1249132 0.9605526 -0.0403606 0.2751537 57 49 49 255
0.1980117 1.6173896 -0.1758471 0.7351738 -0.1664198 -0.6571330 40 50 67 255
-0.1654229 0.7711164 -0.1135130 -0.7455873 0.1805223 -0.6414914 109 146 146 255
-0.2027819 0.7732584 -0.0230341 -0.9776323 -0.2024430 -0.0570270 126 158 158 255
-0.1843870 0.8870351 -0.0600672 -0.7640899 0.0923055 -0.6384717 24 32 51 255
-0.0069184 0.8985235 -0.0719023 0.5087025 -0.1613761 -0.8456829 20 28 42 255
-0.0445003 0.9345192 -0.0971470 0.0421367 -0.1223655 -0.9915903 24 33 49 255
0.0331599 0.9149341 -0.0616026 0.4432033 -0.4588495 -0.7700831 38 48 65 255
-0.2003408 0.8403271 -0.3190403 -0.2645149 0.1512270 0.9524508 198 150 92 255
-0.1425237 0.9352466 -0.3063164 -0.1031161 0.4393992 0.8923538 203 159 101 255
-0.2666813 0.9020588 -0.3561649 -0.4563794 0.3286196 0.8268779 203 157 99 255
-0.1858941 1.3652575 -0.2446451 -0.5243447 0.3627599 -0.7703688 107 141 140 255
-0.2201601 1.3560541 -0.1811342 -0.9951897 0.0893820 0.0401058 116 142 144 255
-0.1980183 1.4348362 -0.1559544 -0.7411509 0.6343850 -0.2196615 114 148 147 255
-0.1604872 0.6406874 -0.0406456 -0.8566788 -0.4642930 0.2247964 144 172 172 255
-0.1100727 0.6064410 -0.0026388 -0.2930138 -0.8961954 0.3331318 147 175 174 255
-0.1040288 0.6799722 0.0512581 -0.1672872 -0.5156355 0.8403184 78 24 25 255
0.2243803 0.7953156 0.2470369 -0.0243137 -0.9057462 0.4231226 132 162 162 255
0.2000976 0.8104357 0.2164621 0.0076840 -0.5540512 -0.8324472 131 161 162 255
0.2528368 0.8210089 0.2342539 0.5523834 -0.3529727 0.7551708 143 170 170 255
0.1472517 1.4805940 0.0790634 0.6644907 0.7153658 -0.2161106 126 146 146 255
0.2366502 1.2572985 -0.0668545 0.9183843 0.2299650 -0.3220038 128 157 158 255
0.1098103 1.4771493 -0.0242424 0.8333089 0.5052953 -0.2242162 129 150 150 255
-0.0251176 0.8049784 0.2346048 -0.4440698 -0.3320419 0.8321960 58 56 56 255
-0.0524314 0.9427455 0.2573242 -0.3209722 0.0449860 0.9460196 32 20 12 255
-0.0847040 0.8745092 0.2239981 -0.7050945 -0.1626562 0.6902062 27 20 16 255
0.2213588 1.6893214 -0.1249132 0.9605526 -0.0403606 0.2751537 57 49 49 255
0.1581736 1.6993155 -0.0050564 0.7635821 0.0982986 0.6381847 50 62 82 255
0.1318273 1.5717855 -0.0030289 0.7811290 -0.2197144 0.5844340 50 62 80 255
0.1791174 0.7780612 0.1899433 0.8557928 0.1158278 0.5041850 50 33 22 255
0.1479297 0.7773673 0.2249832 0.7736659 0.0784146 0.6287226 59 38 24 255
0.0960938 0.7557138 0.2576723 0.1175459 -0.0771065 0.9900694 35 22 13 255
0.0860929 1.3673904 0.1751719 -0.8124128 -0.5057736 -0.2901353 143 170 171 255
0.1098400 1.4114046 0.1146431 -0.4323432 -0.6585692 -0.6159268 144 170 172 255
0.1499557 1.3513197 0.1529827 0.1162532 -0.5907812 -0.7984126 143 170 171 255
0.2197124 0.7394528 0.1498260 -0.8070464 0.3423960 0.4810833 110 128 129 255
0.2451666 0.7762962 0.1663036 -0.8676637 0.4506397 -0.2099608 132 163 166 255
0.2172444 0.7560948 0.1338406 -0.6470520 0.7576877 0.0850462 114 134 137 255
-0.0445003 0.9345192 -0.0971470 0.0421367 -0.1223655 -0.9915903 24 33 49 255
-0.1582786 0.9763471 -0.0709276 -0.5552736 0.1404482 -0.8197229 128 157 157 255
-0.1096628 1.0018386 -0.0932474 -0.1554346 0.0701585 -0.9853517 124 155 154 255
-0.2943535 0.9030216 -0.3480558 -0.9813628 -0.1653732 -0.0978713 201 156 98 255
-0.2795318 0.8789803 -0.3700514 -0.4832543 0.1864952 -0.8553858 199 152 94 255
-0.2798733 0.8812756 -0.2985964 -0.6336089 -0.7556667 0.1658544 199 153 97 255
0.2312458 0.7557543 0.1910677 0.6154774 -0.7781187 -0.1253750 38 47 63 255
0.2999813 0.8233568 0.1637573 0.9155251 -0.3295407 -0.2306874 137 166 164 255
0.2884964 0.8246246 0.2177677 0.7900151 -0.3082227 0.5299764 144 172 171 255
0.1902660 1.5393359 -0.1257429 0.8747607 -0.3908859 0.2863595 41 46 56 255
0.1318273 1.5717855 -0.0030289 0.7811290 -0.2197144 0.5844340 50 62 80 255
0.0891867 1.5374912 0.0160179 0.3965366 -0.7098025 0.5821847 55 69 88 255
0.1896279 0.7711480 0.1824703 -0.3762059 0.7949041 -0.4760217 118 143 144 255
0.1815065 0.7817710 0.2066278 -0.3855258 0.8532851 -0.3511046 128 152 153 255
0.2492927 0.8092043 0.1988659 -0.9954417 -0.0850030 -0.0432448 116 138 137 255
-0.1998554 0.8237540 -0.2616653 0.4114895 -0.8974869 -0.1587249 153 141 114 255
-0.1358777 0.8585073 -0.2923164 0.8799017 -0.3964626 0.2618977 117 139 142 255
-0.1939823 0.8453525 -0.2423058 0.6642461 -0.2293426 0.7114627 188 140 85 255
-0.0982270 1.0252248 -0.0933666 -0.3342237 -0.1160125 -0.9353265 128 162 162 255
0.0119198 0.9872143 -0.0847168 0.2721220 -0.2460323 -0.9302783 126 160 162 255
-0.1096628 1.0018386 -0.0932474 -0.1554346 0.0701585 -0.9853517 124 155 154 255
-0.0245700 1.0833513 0.1397820 -0.5516793 0.5012608 0.6666240 100 106 107 255
0.0678968 1.0721025 0.1694040 0.2277492 0.4621819 0.8570403 50 36 23 255
0.0332304 1.1714209 0.1225195 -0.4469468 0.1983373 0.8722963 133 152 159 255
0.0119198 0.9872143 -0.0847168 0.2721220 -0.2460323 -0.9302783 126 160 162 255
-0.0982270 1.0252248 -0.0933666 -0.3342237 -0.1160125 -0.9353265 128 162 162 255
-0.0257443 1.0871932 -0.1276588 -0.1299220 -0.4184385 -0.8989046 138 170 169 255
-0.0257443 1.0871932 -0.1276588 -0.1299220 -0.4184385 -0.8989046 138 170 169 255
-0.0982270 1.0252248 -0.0933666 -0.3342237 -0.1160125 -0.9353265 128 162 162 255
-0.1079907 1.1410462 -0.0869780 -0.7813726 -0.1583330 -0.6036451 146 177 177 255
-0.2837588 0.8279613 -0.3136044 -0.8677183 -0.0536630 -0.4941510 130 157 155 255
-0.2644935 0.8811271 -0.3532076 -0.8197023 -0.4184105 -0.3911788 195 148 92 255
-0.2418244 0.8551001 -0.3814774 -0.0581510 -0.4578495 -0.8871259 179 128 73 255
-0.1582786 0.9763471 -0.0709276 -0.5552736 0.1404482 -0.8197229 128 157 157 255
-0.1843870 0.8870351 -0.0600672 -0.7640899 0.0923055 -0.6384717 24 32 51 255
-0.2067389 0.9283421 -0.0123892 -0.9396502 0.1623351 -0.3011723 124 154 152 255
0.2267839 0.8012084 0.0990915 -0.2470204 -0.0028841 -0.9690061 97 117 115 255
0.1976075 0.8183305 0.1064777 -0.5566101 0.3203321 -0.7665329 122 156 160 255
0.2478856 0.8746219 0.0934916 -0.5847754 0.3076717 -0.7505836 130 158 160 255
-0.2418244 0.8551001 -0.3814774 -0.0581510 -0.4578495 -0.8871259 179 128 73 255
-0.2795318 0.8789803 -0.3700514 -0.4832543 0.1864952 -0.8553858 199 152 94 255
-0.1476005 0.9349904 -0.3960752 -0.1007359 -0.1515165 -0.9833083 191 139 80 255
-0.1012045 0.6961569 -0.1870718 -0.4910673 -0.0773207 -0.8676834 47 54 75 255
-0.0174603 0.7303294 -0.1931906 0.1378731 0.2606871 -0.9555277 52 64 87 255
-0.0490422 0.6971333 -0.1913023 -0.2891052 0.0128514 -0.9572111 51 62 83 255
0.2451666 0.7762962 0.1663036 -0.8677080 0.4505347 -0.2100038 132 163 166 255
0.2583408 0.8148329 0.1646490 -0.9819579 -0.1038760 -0.1580135 144 174 175 255
0.2711388 0.8392777 0.1319485 0.2688128 -0.2551025 -0.9287963 142 174 173 255
0.0620113 0.4741161 -0.1720219 0.9170127 -0.3939483 0.0623870 119 150 151 255
0.0318518 0.6431946 -0.0425463 0.8343322 -0.2602221 0.4859778 143 174 174 255
0.0022796 0.4436386 -0.1085052 0.4994986 -0.2838337 0.8184983 112 145 146 255
0.2478856 0.8746219 0.0934916 0.8805604 -0.1242038 -0.4573695 143 172 170 255
0.2493579 0.9327420 0.1337872 -0.1777278 0.4017463 -0.8983389 150 178 177 255
0.2858722 0.9171369 0.1541910 0.7793396 0.0605850 -0.6236660 150 177 177 255
0.2900377 1.0076847 0.1409311 0.3553875 0.2053397 -0.9118856 139 168 169 255
0.2188931 1.2416179 0.2221098 -0.1509106 0.1457935 -0.9777373 140 167 168 255
0.2744612 1.2080229 0.2392550 0.9723852 0.2308000 -0.0346170 138 166 166 255
0.2024485 0.7554838 0.1594400 0.3664288 -0.6463479 -0.6693014 40 50 65 255
0.2312458 0.7557543 0.1910677 0.6154948 -0.7781226 -0.1252652 38 47 63 255
0.1849405 0.7497502 0.1836433 0.1473761 -0.9810481 -0.1257970 41 50 66 255
0.0976881 1.5099066 -0.1263704 0.8838156 -0.2307041 -0.4069957 95 114 111 255
0.1098103 1.4771493 -0.0242424 0.8664797 0.4747074 -0.1544854 118 143 148 255
0.1070818 1.4425114 -0.0789175 0.7687513 0.1306341 -0.6260639 118 144 147 255
0.2451666 0.7762962 0.1663036 0.5658544 -0.5730274 0.5928308 35 45 59 255
0.2197124 0.7394528 0.1498260 0.6469606 -0.7577627 -0.0850751 31 41 54 255
0.2657536 0.7804889 0.1344490 0.7738105 -0.6022787 -0.1961572 138 166 165 255
0.0428078 0.3276080 0.1891422 -0.8520913 -0.1823673 -0.4905940 64 76 80 255
0.0613499 0.3949039 0.2424793 -0.5756393 0.5220458 0.6293708 199 154 96 255
0.0861426 0.4568483 0.1240540 -0.9834431 0.0702467 0.1670480 51 40 39 255
0.0047378 0.6590440 0.1891289 -0.8340794 -0.4900291 0.2533439 78 85 88 255
-0.0128364 0.7177068 0.2067671 -0.7777223 -0.3670797 0.5102946 70 74 77 255
0.0155703 0.6666370 0.0443478 -0.7832917 -0.3275726 -0.5283467 39 49 64 255
-0.2205107 0.8299180 -0.3698082 -0.5059987 -0.6226056 -0.5969318 190 138 82 255
-0.2403731 0.8476128 -0.3363762 -0.1577393 -0.9627236 -0.2197307 109 88 73 255
-0.2418244 0.8551001 -0.3814774 -0.0581510 -0.4578495 -0.8871259 179 128 73 255
0.2999813 0.8233568 0.1637573 0.9155251 -0.3295407 -0.2306874 137 166 164 255
0.2024485 0.7554838 0.1594400 0.3665456 -0.6463999 -0.6691872 40 50 65 255
0.2583408 0.8148329 0.1646490 -0.9819518 -0.1039408 -0.1580097 110 134 138 255
-0.0508086 1.3152018 -0.1809235 -0.7449104 -0.1962926 -0.6376346 129 155 155 255
-0.1634825 1.4146241 -0.0795135 -0.9240980 0.1261103 0.3607480 126 156 155 255
-0.1006333 1.4179837 -0.1571922 -0.4262069 -0.7054350 -0.5663117 142 167 172 255
0.2024485 0.7554838 0.1594400 0.3665456 -0.6463999 -0.6691872 40 50 65 255
0.2999813 0.8233568 0.1637573 0.9155251 -0.3295407 -0.2306874 137 166 164 255
0.2312458 0.7557543 0.1910677 0.6154774 -0.7781187 -0.1253750 38 47 63 255
0.0567349 1.7023069 0.0645027 0.2658546 0.0000894 0.9640131 42 54 72 255
-0.0206260 1.6801518 0.0531168 -0.4158734 -0.2760529 0.8665127 49 62 84 255
0.0814764 1.5759137 0.0246019 0.1907471 -0.1012521 0.9764032 58 70 94 255
0.2332751 0.9169157 0.2258034 -0.7000761 0.1461630 0.6989491 138 170 170 255
0.2373354 0.8361954 0.2420855 -0.9622912 0.2461394 -0.1158056 146 175 175 255
0.2508785 0.8296341 0.2604752 0.4016842 0.1595740 0.9017682 140 170 171 255
-0.2309802 0.1586309 -0.0701780 -0.6513111 0.2937586 0.6996425 126 151 152 255
-0.0879588 0.3606670 -0.0605011 0.0835309 0.1109319 0.9903114 86 38 36 255
-0.1389593 0.4007864 -0.0902920 -0.6761780 0.5345454 0.5069956 24 18 17 255
0.1809741 0.3691712 0.2173634 0.9687200 -0.2234378 0.1079689 200 149 88 255
0.1983728 0.4772417 0.0451212 0.8199849 -0.2729782 -0.5030982 67 77 79 255
0.1957319 0.4808119 0.1436663 0.8578988 0.0121574 0.5136749 200 154 96 255
0.2999813 0.8233568 0.1637573 0.9155251 -0.3295407 -0.2306874 137 166 164 255
0.2583408 0.8148329 0.1646490 -0.9819518 -0.1039408 -0.1580097 110 134 138 255
0.2451666 0.7762962 0.1663036 0.5657641 -0.5730129 0.5929310 35 45 59 255
0.1478878 0.3938242 0.2605896 0.2699893 0.4679738 0.8414905 201 150 89 255
0.1360316 0.4870113 0.1527939 -0.3079838 0.2187297 0.9259067 199 156 99 255
0.0613499 0.3949039 0.2424793 -0.5756393 0.5220458 0.6293708 199 154 96 255
-0.1665133 0.0283780 -0.3220911 0.4345495 0.8610110 -0.2642477 97 145 134 255
-0.1678036 0.0519236 -0.2474928 0.1646149 0.9157729 -0.3664179 125 152 152 255
-0.1309932 0.0071002 -0.2993031 0.9928470 0.1001918 0.0649346 97 145 134 255
0.1296477 1.5899144 -0.2609940 0.1479723 -0.1557383 -0.9766523 202 156 95 255
0.1042326 1.6150956 -0.2400179 0.3387661 0.7658763 -0.5465080 202 155 95 255
0.1490429 1.6118593 -0.2367706 0.3935583 0.8728259 -0.2885947 202 155 95 255
0.0782197 0.8448924 0.0125732 0.8100190 -0.4738779 -0.3454112 32 40 56 255
0.0574222 0.8352285 -0.0121660 0.5867931 -0.4403379 -0.6795412 36 46 63 255
0.0988646 0.9220272 -0.0005512 0.8176307 -0.3417068 -0.4633752 38 48 65 255
-0.2179736 0.8229469 -0.3363523 0.1227563 -0.9918400 -0.0344123 130 154 158 255
-0.2205107 0.8299180 -0.3698082 -0.5059987 -0.6226056 -0.5969318 190 138 82 255
-0.1881794 0.8108586 -0.3374233 0.5753798 -0.6733180 -0.4643068 162 149 124 255
-0.1027295 1.6942628 -0.0318108 -0.9051890 -0.1666190 0.3909871 49 61 83 255
-0.0375182 1.7959059 0.0398655 -0.4937981 0.2778634 0.8239875 55 68 89 255
-0.0952494 1.8229709 -0.0608168 -0.9272952 0.3104119 0.2092080 32 42 58 255
0.0097988 1.0441910 0.2068415 -0.0194049 0.6077463 0.7938942 39 25 15 255
0.0450056 0.9620117 0.2567692 0.2216582 0.3419374 0.9132066 34 20 13 255
0.1141787 1.0124148 0.1797142 0.5717649 0.4916611 0.6567757 38 25 16 255
-0.0100480 1.5200716 -0.1299820 0.5564637 -0.0824514 0.8267708 127 155 154 255
-0.0177578 1.5398082 -0.1173916 0.6825868 -0.2310416 0.6933218 134 163 162 255
-0.0355212 1.5131551 -0.1087990 0.5485268 -0.5785301 0.6036733 130 161 159 255
0.0976881 1.5099066 -0.1263704 0.8838156 -0.2307041 -0.4069957 95 114 111 255
0.0677102 1.5230730 -0.1603851 -0.2696023 -0.6930316 -0.6685970 130 162 163 255
0.1416201 1.5292455 -0.2220325 0.4984142 -0.8374200 -0.2243014 203 157 97 255
0.1236129 0.9590277 -0.0222225 0.7130978 0.4186974 -0.5623025 70 88 98 255
0.0544774 0.9829155 -0.0560303 0.5608041 0.5329466 -0.6336141 126 157 156 255
0.1129685 0.9820655 0.0043936 0.9502524 0.0467064 -0.3079593 132 160 162 255
0.0782197 0.8448924 0.0125732 0.8100190 -0.4738779 -0.3454112 32 40 56 255
0.0988646 0.9220272 -0.0005512 0.8176307 -0.3417068 -0.4633752 38 48 65 255
0.1020709 0.8651528 0.0513020 0.7851577 -0.2219456 -0.5781587 34 15 4 255
0.1360316 0.4870113 0.1527939 -0.3079838 0.2187297 0.9259067 199 156 99 255
0.0176271 0.6317037 0.1411333 -0.8573001 -0.4584673 0.2341888 64 74 83 255
0.0861426 0.4568483 0.1240540 -0.9834431 0.0702467 0.1670480 51 40 39 255
-0.0385039 0.4832148 -0.1235189 -0.7267268 -0.0431026 0.6855728 123 155 153 255
-0.1190953 0.6264721 -0.0458164 -0.6598582 -0.6305581 0.4086363 149 179 177 255
-0.1372038 0.6588280 -0.1240339 -0.8361706 -0.4186088 -0.3543802 147 178 177 255
0.3002996 0.9431847 0.1858215 0.8908966 -0.0177716 0.4538582 141 172 173 255
0.2508785 0.8296341 0.2604752 0.4016842 0.1595740 0.9017682 140 170 171 255
0.2528368 0.8210089 0.2342539 0.5523834 -0.3529727 0.7551708 143 170 170 255
0.0960938 0.7557138 0.2576723 0.1175459 -0.0771065 0.9900694 35 22 13 255
0.0807453 0.8330802 0.2610645 0.1254096 -0.0795968 0.9889069 31 19 10 255
-0.0251176 0.8049784 0.2346048 -0.4440698 -0.3320419 0.8321960 58 56 56 255
0.1368521 0.8883220 0.0738420 0.8360134 0.2573897 -0.4845949 36 23 14 255
0.1020709 0.8651528 0.0513020 0.4198042 0.1402821 -0.8967081 39 25 14 255
0.1184551 0.9148896 0.0582991 0.9095739 -0.0047400 -0.4155153 42 27 17 255
0.1849405 0.7497502 0.1836433 -0.1473282 0.9811011 0.1254387 191 138 86 255
0.2312458 0.7557543 0.1910677 -0.1473282 0.9811011 0.1254387 152 87 41 255
0.2024484 0.7554736 0.1594410 -0.5171430 0.7188168 0.4646132 139 164 166 255
0.2226076 1.2338659 0.3139057 0.4353316 0.0281321 0.8998305 142 170 169 255
0.1712795 1.2356189 0.2938738 -0.6226176 -0.1916289 0.7587000 142 169 168 255
0.2695741 0.9966217 0.2065115 -0.3256430 -0.3087290 0.8936683 128 159 159 255
-0.1372038 0.6588280 -0.1240339 -0.8361706 -0.4186088 -0.3543802 147 178 177 255
-0.0588834 0.5020687 -0.1880922 -0.7051483 0.0535568 -0.7070342 126 160 160 255
-0.0385039 0.4832148 -0.1235189 -0.7267268 -0.0431026 0.6855728 123 155 153 255
-0.1404640 1.3284144 -0.1429367 0.4787495 -0.3325212 0.8125446 122 140 141 255
-0.1982270 1.3581234 -0.1304970 -0.4964595 -0.1785032 0.8495085 117 139 140 255
-0.2086772 1.2361365 -0.1899691 -0.6652647 -0.3853832 0.6394550 194 142 82 255
0.2900377 1.0076847 0.1409311 0.3553875 0.2053397 -0.9118856 139 168 169 255
0.2744612 1.2080229 0.2392550 0.9723852 0.2308000 -0.0346170 138 166 166 255
0.3002996 0.9431847 0.1858215 0.8908966 -0.0177716 0.4538582 141 172 173 255
-0.2798733 0.8812756 -0.2985964 0.7626367 0.2445646 0.5988100 199 153 93 255
-0.2660027 0.8905738 -0.3200598 0.8346511 0.5507747 -0.0022264 202 156 96 255
-0.2808979 0.9061766 -0.3074617 0.7492635 0.6585333 0.0702720 201 155 96 255
0.1260452 0.9950287 0.0453644 0.9609925 0.1581795 -0.2268759 124 151 151 255
0.1066568 0.9948427 -0.0172329 0.8681383 -0.2338981 -0.4377527 130 161 160 255
0.1230081 1.0410083 0.0918646 0.9698665 -0.2366540 0.0579104 130 159 160 255
-0.2027747 0.9579148 -0.3571444 -0.5694624 0.8136418 -0.1170448 204 158 99 255
-0.2795318 0.8789803 -0.3700514 -0.4832543 0.1864952 -0.8553858 199 152 94 255
-0.2666813 0.9020588 -0.3561649 -0.4563794 0.3286196 0.8268779 203 157 99 255
0.3002996 0.9431847 0.1858215 0.8908966 -0.0177716 0.4538582 141 172 173 255
0.2884964 0.8246246 0.2177677 0.7900151 -0.3082227 0.5299764 144 172 171 255
0.2999813 0.8233568 0.1637573 0.9155251 -0.3295407 -0.2306874 137 166 164 255
0.0403824 1.5370529 0.0204067 -0.1329869 -0.9910266 0.0134479 54 67 89 255
-0.0275435 1.5747792 0.0129194 -0.5835842 -0.2852036 0.7603213 144 177 175 255
-0.0529863 1.5261676 -0.0554104 0.0133941 -0.9754064 0.2200070 142 173 171 255
0.1075770 0.9237172 0.2337723 0.5579615 0.2386554 0.7948098 29 15 8 255
0.1479297 0.7773673 0.2249832 0.7736659 0.0784146 0.6287226 59 38 24 255
0.1456308 0.9180309 0.1933451 0.8735764 0.2382939 0.4243587 29 16 8 255
0.1042326 1.6150956 -0.2400179 0.3387661 0.7658763 -0.5465080 202 155 95 255
0.1075584 1.6426785 -0.2524614 0.4766795 -0.8069063 -0.3488251 202 154 94 255
0.0824035 1.6215558 -0.1788483 0.6689249 0.7297056 -0.1416654 200 154 94 255
0.1720977 1.6389347 -0.1663160 -0.2304656 0.1481837 -0.9617314 49 44 41 255
0.1980117 1.6173896 -0.1758471 0.7351738 -0.1664198 -0.6571330 40 50 67 255
0.1612054 1.5583474 -0.1717253 0.6560928 -0.6886932 -0.3086161 44 54 71 255
0.1168333 0.9338873 -0.0089254 0.7235030 -0.5714911 -0.3872226 40 50 69 255
0.1129685 0.9820655 0.0043936 0.9502524 0.0467064 -0.3079593 132 160 162 255
0.0988646 0.9220272 -0.0005512 0.8176307 -0.3417068 -0.4633752 38 48 65 255
0.0840327 0.1511319 0.3473186 0.4226792 0.2017506 0.8835378 181 132 74 255
0.1478878 0.3938242 0.2605896 0.2699893 0.4679738 0.8414905 201 150 89 255
0.0613499 0.3949039 0.2424793 -0.5756393 0.5220458 0.6293708 199 154 96 255
-0.2027819 0.7732584 -0.0230341 -0.9776323 -0.2024430 -0.0570270 126 158 158 255
-0.1632099 0.7752384 0.0874834 -0.7667333 -0.4219253 0.4838378 112 144 145 255
-0.2240419 0.9097315 0.0667458 -0.9627090 -0.0951061 0.2532710 119 149 149 255
0.2373354 0.8361954 0.2420855 -0.9622912 0.2461394 -0.1158056 146 175 175 255
0.2000976 0.8104357 0.2164621 -0.1797827 0.8120970 -0.5551366 134 163 165 255
0.1957174 0.8245182 0.2384815 -0.2585631 0.9585291 -0.1198635 136 164 165 255
0.2072497 0.0268495 0.2644653 0.7065952 0.4170053 0.5716903 200 165 110 255
0.1138663 0.0846545 0.3071747 0.7338613 0.6013411 0.3159690 172 144 95 255
0.0631563 0.0237307 0.3960752 0.4425480 -0.0076962 0.8967118 189 163 119 255
0.2508785 0.8296341 0.2604752 0.4016842 0.1595740 0.9017682 140 170 171 255
0.2243803 0.7953156 0.2470369 -0.0243137 -0.9057462 0.4231226 132 162 162 255
0.2528368 0.8210089 0.2342539 0.5523834 -0.3529727 0.7551708 143 170 170 255
-0.2837588 0.8279613 -0.3136044 0.3563366 -0.9089645 0.2163510 27 10 7 255
-0.2758269 0.8512352 -0.2775269 0.3422832 -0.8220406 0.4550732 49 26 25 255
-0.3002996 0.8545598 -0.2787380 -0.1387527 -0.8180103 0.5582175 32 5 3 255
-0.0257220 0.3805389 -0.2095680 0.5386298 -0.5154574 -0.6664696 35 45 60 255
0.0271677 0.4532584 -0.2360821 0.0014690 -0.1363606 -0.9906583 51 61 79 255
0.0620113 0.4741161 -0.1720219 0.9904261 -0.1340631 -0.0329130 56 66 82 255
0.2492927 0.8092043 0.1988659 -0.9954485 -0.0850494 -0.0429982 143 174 175 255
0.2528368 0.8210089 0.2342539 0.5523041 -0.3529108 0.7552577 141 172 172 255
0.2373354 0.8361954 0.2420855 -0.9622912 0.2461394 -0.1158056 146 175 175 255
0.2382600 0.9937928 0.1814365 -0.9028059 0.1478876 -0.4038203 127 158 158 255
0.2900377 1.0076847 0.1409311 0.2639572 0.2237498 -0.9382231 124 157 158 255
0.2493579 0.9327420 0.1337872 -0.1718999 0.4339380 -0.8843914 129 160 161 255
0.2528368 0.8210089 0.2342539 -0.2404525 0.8557439 -0.4581318 202 165 109 255
0.2000976 0.8104357 0.2164621 0.0077154 -0.5539790 -0.8324949 196 159 103 255
0.2373354 0.8361954 0.2420855 -0.9623261 0.2460155 -0.1157793 199 162 107 255
0.0392036 1.5121985 -0.2361383 -0.4887332 -0.4366772 -0.7552834 191 136 75 255
-0.0599231 1.5121532 -0.1160450 -0.5663034 -0.8110567 -0.1465862 127 160 157 255
-0.0718223 1.5497725 -0.1532860 -0.8155478 -0.2760142 -0.5086236 125 156 155 255
-0.2643757 0.7973161 -0.2961550 -0.0134813 -0.9945387 -0.1034947 140 165 167 255
-0.2938998 0.8183078 -0.2609510 -0.4501848 -0.8806588 0.1475591 140 165 168 255
-0.2817957 0.8196034 -0.3010778 -0.8493996 0.2824461 -0.4458078 129 153 156 255
0.2000976 0.8104357 0.2164621 0.0076840 -0.5540512 -0.8324472 131 161 162 255
0.2243803 0.7953156 0.2470369 -0.0243137 -0.9057462 0.4231226 132 162 162 255
0.1957174 0.8245182 0.2384815 -0.5510983 -0.3145256 0.7728934 131 160 162 255
0.0379828 1.4608661 -0.1297483 0.2788343 -0.1013982 -0.9549712 131 160 162 255
0.0976881 1.5099066 -0.1263704 0.8838156 -0.2307041 -0.4069957 95 114 111 255
0.1070818 1.4425114 -0.0789175 0.7687513 0.1306341 -0.6260639 118 144 147 255
0.2243803 0.7953156 0.2470369 -0.0243137 -0.9057462 0.4231226 132 162 162 255
0.2508785 0.8296341 0.2604752 0.4016842 0.1595740 0.9017682 140 170 171 255
0.1957174 0.8245182 0.2384815 -0.5510983 -0.3145256 0.7728934 131 160 162 255
0.1296477 1.5899144 -0.2609940 0.1479723 -0.1557383 -0.9766523 202 156 95 255
0.1416201 1.5292455 -0.2220325 0.4308431 -0.8745252 -0.2226653 202 156 96 255
0.0740318 1.5381757 -0.2118921 0.4449943 -0.8334523 -0.3276237 202 155 97 255
0.2332751 0.9169157 0.2258034 -0.7000761 0.1461630 0.6989491 138 170 170 255
0.2382600 0.9937928 0.1814365 -0.9028059 0.1478876 -0.4038203 127 158 158 255
0.2101772 0.9094246 0.1392097 -0.9960843 0.0005644 -0.0884078 127 157 158 255
0.0824035 1.6215558 -0.1788483 0.6689249 0.7297056 -0.1416654 200 154 94 255
0.0914106 1.6422560 -0.1897039 0.4430790 -0.8637059 -0.2401941 200 154 94 255
0.1228414 1.6266396 -0.1665916 -0.2346285 -0.6749051 -0.6996088 201 157 99 255
0.0740318 1.5381757 -0.2118921 0.4449943 -0.8334523 -0.3276237 202 155 97 255
0.0810948 1.6005132 -0.2431364 0.3354674 -0.0519538 -0.9406181 203 155 96 255
0.1296477 1.5899144 -0.2609940 0.1479723 -0.1557383 -0.9766523 202 156 95 255
0.0914106 1.6422560 -0.1897039 0.4430790 -0.8637059 -0.2401941 200 154 94 255
0.1345124 1.6622245 -0.2289877 -0.0421999 -0.9868618 -0.1559579 201 154 93 255
0.1228414 1.6266396 -0.1665916 -0.2346285 -0.6749051 -0.6996088 201 157 99 255
0.0674480 1.6204208 -0.2786598 -0.1620109 -0.1815037 -0.9699530 91 108 111 255
0.0087186 1.8105499 -0.2548723 -0.5856878 0.3937540 -0.7084685 72 76 78 255
0.0520200 1.7182202 -0.2558422 0.2403169 0.0761621 -0.9677020 71 75 77 255
0.2858722 0.9171369 0.1541910 0.7793396 0.0605850 -0.6236660 150 177 177 255
0.2999813 0.8233568 0.1637573 0.9155251 -0.3295407 -0.2306874 137 166 164 255
0.2711388 0.8392777 0.1319485 0.2688426 -0.2551103 -0.9287854 145 172 171 255
0.2508785 0.8296341 0.2604752 0.4016842 0.1595740 0.9017682 140 170 171 255
0.2373354 0.8361954 0.2420855 -0.9622912 0.2461394 -0.1158056 146 175 175 255
0.1957174 0.8245182 0.2384815 -0.2585631 0.9585291 -0.1198635 136 164 165 255
-0.1472288 0.9883946 -0.3574057 -0.5493426 0.8344079 -0.0445692 203 158 98 255
-0.1476005 0.9349904 -0.3960752 -0.1007359 -0.1515165 -0.9833083 191 139 80 255
-0.2027747 0.9579148 -0.3571444 -0.5694624 0.8136418 -0.1170448 204 158 99 255
0.1957319 0.4808119 0.1436663 0.8578988 0.0121574 0.5136749 200 154 96 255
0.2038394 0.6883404 0.1386919 0.9584782 -0.1089358 0.2635385 30 19 10 255
0.1009366 0.6609125 0.2189932 0.3470827 -0.3167100 0.8827391 72 85 88 255
0.1472517 1.4805940 0.0790634 0.6644907 0.7153658 -0.2161106 126 146 146 255
0.1098103 1.4771493 -0.0242424 0.8333089 0.5052953 -0.2242162 129 150 150 255
0.0719822 1.5159936 0.0152283 0.1040310 0.6567962 0.7468577 136 158 161 255
0.0533090 0.6510906 0.1953497 -0.4255044 -0.5398411 0.7263042 74 85 87 255
0.1009366 0.6609125 0.2189932 0.3470827 -0.3167100 0.8827391 72 85 88 255
0.0718718 0.6596009 0.2413292 -0.2669903 -0.4384786 0.8581682 75 87 88 255
0.2492927 0.8092043 0.1988659 -0.9954485 -0.0850494 -0.0429982 143 174 175 255
0.2373354 0.8361954 0.2420855 -0.9622912 0.2461394 -0.1158056 146 175 175 255
0.2332751 0.9169157 0.2258034 -0.7000761 0.1461630 0.6989491 138 170 170 255
0.0574222 0.8352285 -0.0121660 0.5867931 -0.4403379 -0.6795412 36 46 63 255
0.0331599 0.9149341 -0.0616026 0.4432033 -0.4588495 -0.7700831 38 48 65 255
0.0988646 0.9220272 -0.0005512 0.8176307 -0.3417068 -0.4633752 38 48 65 255
-0.2067389 0.9283421 -0.0123892 -0.9396502 0.1623351 -0.3011723 124 154 152 255
-0.2240419 0.9097315 0.0667458 -0.9627090 -0.0951061 0.2532710 119 149 149 255
-0.2047214 0.9458568 0.0648146 -0.8536942 0.4798079 0.2024616 119 150 149 255
0.2858722 0.9171369 0.1541910 0.7793396 0.0605850 -0.6236660 150 177 177 255
0.3002996 0.9431847 0.1858215 0.8908966 -0.0177716 0.4538582 141 172 173 255
0.2999813 0.8233568 0.1637573 0.9155251 -0.3295407 -0.2306874 137 166 164 255
0.0782197 0.8448924 0.0125732 0.8100190 -0.4738779 -0.3454112 32 40 56 255
0.0484772 0.8083536 0.0321846 0.3072732 -0.4255593 -0.8511654 37 47 65 255
0.0574222 0.8352285 -0.0121660 0.5867931 -0.4403379 -0.6795412 36 46 63 255
-0.1525690 1.2669584 -0.2395573 0.6862745 0.2189826 -0.6935949 187 134 77 255
-0.2158845 1.2204253 -0.2567167 -0.8369140 0.0760328 -0.5420278 196 147 86 255
-0.1858941 1.3652575 -0.2446451 -0.5243447 0.3627599 -0.7703688 107 141 140 255
0.0204112 0.1149757 0.3135204 -0.9011276 -0.0999938 -0.4218651 197 158 105 255
0.0834957 0.1423954 0.2681751 -0.2476489 -0.5002622 -0.8297035 119 147 154 255
0.0613276 0.1054317 0.2788649 -0.6211967 0.0618765 -0.7812079 105 141 152 255
-0.2660027 0.8905738 -0.3200598 0.8347365 0.5506452 -0.0022130 200 154 96 255
-0.2798733 0.8812756 -0.2985964 -0.6336089 -0.7556667 0.1658544 199 153 97 255
-0.2644935 0.8811271 -0.3532076 -0.8197023 -0.4184105 -0.3911788 195 148 92 255
-0.1759683 0.6960769 -0.0248070 -0.8485613 -0.4318294 0.3057239 144 171 170 255
-0.1040288 0.6799722 0.0512581 -0.1672872 -0.5156355 0.8403184 78 24 25 255
-0.1632099 0.7752384 0.0874834 -0.7667333 -0.4219253 0.4838378 112 144 145 255
0.2382600 0.9937928 0.1814365 -0.9028059 0.1478876 -0.4038203 127 158 158 255
0.2188931 1.2416179 0.2221098 -0.2215288 0.1017300 -0.9698330 128 153 155 255
0.2900377 1.0076847 0.1409311 0.2639572 0.2237498 -0.9382231 124 157 158 255
0.2024562 1.3995391 0.1810951 0.9364215 0.1356091 -0.3236124 127 154 150 255
0.1292222 1.4687291 0.1932001 0.3696754 0.7963316 0.4787444 114 118 103 255
0.1902034 1.4021604 0.2108994 0.6882367 0.5053671 0.5205136 125 152 150 255
-0.0508086 1.3152018 -0.1809235 -0.7449104 -0.1962926 -0.6376346 129 155 155 255
-0.1006333 1.4179837 -0.1571922 -0.4262069 -0.7054350 -0.5663117 142 167 172 255
-0.0655000 1.4223996 -0.1884127 0.0023901 0.0398871 -0.9992014 138 166 169 255
0.1960989 0.8053829 0.1371899 0.9470752 0.3175718 -0.0468708 43 26 16 255
0.1791174 0.7780612 0.1899433 0.8557928 0.1158278 0.5041850 50 33 22 255
0.1996438 0.7801349 0.0891247 0.9553705 0.2401088 -0.1720907 46 30 18 255
0.2451666 0.7762962 0.1663036 -0.8677080 0.4505347 -0.2100038 132 163 166 255
0.2711388 0.8392777 0.1319485 0.2688128 -0.2551025 -0.9287963 142 174 173 255
0.2657536 0.7804889 0.1344490 -0.7625008 0.4842587 -0.4290526 139 171 173 255
0.2657536 0.7804889 0.1344490 0.7738413 -0.6022431 -0.1961452 138 166 165 255
0.2711388 0.8392777 0.1319485 0.2688426 -0.2551103 -0.9287854 145 172 171 255
0.2999813 0.8233568 0.1637573 0.9155251 -0.3295407 -0.2306874 137 166 164 255
0.2451666 0.7762962 0.1663036 -0.8676637 0.4506397 -0.2099608 132 163 166 255
0.2657536 0.7804889 0.1344490 -0.7624969 0.4842606 -0.4290572 139 171 173 255
0.2172444 0.7560948 0.1338406 -0.6470520 0.7576877 0.0850462 114 134 137 255
0.2267839 0.8012084 0.0990915 0.5567013 -0.3203231 0.7664703 199 166 112 255
0.2478856 0.8746219 0.0934916 0.8804963 -0.1242874 -0.4574701 200 166 111 255
0.2252885 0.8737766 0.1305084 0.8379469 -0.2021804 0.5069202 201 166 111 255
-0.2240419 0.9097315 0.0667458 -0.9627090 -0.0951061 0.2532710 119 149 149 255
-0.1768438 0.9420796 0.1268444 -0.7523409 0.2403196 0.6133756 75 115 112 255
-0.2047214 0.9458568 0.0648146 -0.8536942 0.4798079 0.2024616 119 150 149 255
0.0982361 1.8778827 -0.1898947 0.1617604 0.9162751 -0.3664336 199 166 112 255
0.1369999 1.8849399 -0.1996737 -0.1299586 -0.4847239 -0.8649587 199 166 113 255
0.1703328 1.8278426 -0.1726847 0.5821036 0.2289116 -0.7802275 198 172 127 255
0.1083768 0.4268301 0.0767698 -0.6651450 -0.3720976 -0.6473991 39 44 55 255
0.0428078 0.3276080 0.1891422 -0.8520913 -0.1823673 -0.4905940 64 76 80 255
0.0861426 0.4568483 0.1240540 -0.9834431 0.0702467 0.1670480 51 40 39 255
-0.2795318 0.8789803 -0.3700514 -0.4832543 0.1864952 -0.8553858 199 152 94 255
-0.2943535 0.9030216 -0.3480558 -0.9813628 -0.1653732 -0.0978713 201 156 98 255
-0.2666813 0.9020588 -0.3561649 -0.4563794 0.3286196 0.8268779 203 157 99 255
-0.1705733 0.8123723 0.1214523 -0.6460972 -0.2997040 0.7019514 111 143 145 255
-0.1768438 0.9420796 0.1268444 -0.7523409 0.2403196 0.6133756 75 115 112 255
-0.2240419 0.9097315 0.0667458 -0.9627090 -0.0951061 0.2532710 119 149 149 255
0.0209295 1.2371695 -0.2280111 -0.3606506 -0.1049317 -0.9267796 66 23 26 255
-0.0008416 1.4508644 -0.1578665 0.3874611 0.4099148 -0.8257384 140 171 170 255
0.0788336 1.2309724 -0.2283678 0.5672132 0.0882003 -0.8188344 76 48 49 255
0.0176271 0.6317037 0.1411333 -0.8573001 -0.4584673 0.2341888 64 74 83 255
0.1083768 0.4268301 0.0767698 -0.6651450 -0.3720976 -0.6473991 39 44 55 255
0.0861426 0.4568483 0.1240540 -0.9834431 0.0702467 0.1670480 51 40 39 255
-0.2730111 0.0363578 -0.2523823 -0.9683402 0.1549037 -0.1957604 33 43 61 255
-0.2514614 0.0156888 -0.2518539 -0.2574040 -0.9660548 -0.0219427 122 152 156 255
-0.2998526 0.0365224 -0.0769911 -0.9989504 0.0451496 0.0077297 130 153 152 255
0.2252885 0.8737766 0.1305084 -0.8687843 -0.4345853 -0.2373803 136 167 165 255
0.2478856 0.8746219 0.0934916 0.8805604 -0.1242038 -0.4573695 143 172 170 255
0.2711388 0.8392777 0.1319485 0.2688426 -0.2551103 -0.9287854 145 172 171 255
-0.1472288 0.9883946 -0.3574057 -0.6750506 -0.4354634 0.5955486 199 151 92 255
-0.1044545 0.9585288 -0.3469648 0.1120074 -0.4481552 0.8869110 192 142 84 255
-0.1648681 1.1233289 -0.2320070 0.3514779 -0.4330209 0.8300338 134 161 164 255
0.0797183 1.8318955 -0.2270727 0.6171460 0.1658104 -0.7691800 72 76 78 255
0.0858741 1.8492008 -0.2464209 0.3104321 0.3646878 -0.8778581 72 76 78 255
0.0982361 1.8778827 -0.1898947 0.1618225 0.9162796 -0.3663946 66 76 81 255
-0.2808979 0.9061766 -0.3074617 -0.9484567 0.0709368 0.3088656 202 156 98 255
-0.2943535 0.9030216 -0.3480558 -0.9813628 -0.1653732 -0.0978713 201 156 98 255
-0.2798733 0.8812756 -0.2985964 -0.6336089 -0.7556667 0.1658544 199 153 97 255
-0.0597439 0.3089793 -0.0926514 0.7938523 -0.5335427 0.2917714 99 40 39 255
-0.0257220 0.3805389 -0.2095680 0.5528704 -0.5559710 -0.6206695 141 169 170 255
0.0620113 0.4741161 -0.1720219 0.9170127 -0.3939483 0.0623870 119 150 151 255
0.0723153 1.4453642 0.1411705 -0.8220881 -0.5505594 -0.1451049 140 166 167 255
0.1467695 1.4297059 0.0424423 0.7554638 -0.4735833 0.4527619 143 169 171 255
0.1098400 1.4114046 0.1146431 -0.4323432 -0.6585692 -0.6159268 144 170 172 255
-0.2644935 0.8811271 -0.3532076 -0.8197023 -0.4184105 -0.3911788 195 148 92 255
-0.2798733 0.8812756 -0.2985964 -0.6336089 -0.7556667 0.1658544 199 153 97 255
-0.2795318 0.8789803 -0.3700514 -0.4832543 0.1864952 -0.8553858 199 152 94 255
0.1416201 1.5292455 -0.2220325 0.4984142 -0.8374200 -0.2243014 203 157 97 255
0.1015368 1.5587933 -0.0656672 0.9264162 -0.2270938 0.3003024 124 151 155 255
0.0976881 1.5099066 -0.1263704 0.8838156 -0.2307041 -0.4069957 95 114 111 255
0.1075584 1.6426785 -0.2524614 0.4766795 -0.8069063 -0.3488251 202 154 94 255
0.0914106 1.6422560 -0.1897039 0.4430790 -0.8637059 -0.2401941 200 154 94 255
0.0824035 1.6215558 -0.1788483 0.6689249 0.7297056 -0.1416654 200 154 94 255
0.1368521 0.8883220 0.0738420 0.8360134 0.2573897 -0.4845949 36 23 14 255
0.1491722 0.9156088 0.1292267 0.9511048 0.2330684 -0.2026788 39 24 15 255
0.1557068 0.8886355 0.1107950 0.8969604 0.4113418 -0.1620494 34 21 12 255
0.1712795 1.2356189 0.2938738 -0.6226176 -0.1916289 0.7587000 142 169 168 255
0.1335430 1.4131417 0.2319765 -0.2161917 0.4036806 0.8889898 141 167 167 255
0.0863752 1.3960242 0.2099218 -0.7801258 -0.0144369 0.6254559 138 166 166 255
-0.1206173 1.3219025 -0.1903534 0.9596006 -0.2523787 -0.1243854 119 139 142 255
-0.1344820 1.2509394 -0.1914186 0.7047439 -0.4487006 0.5495487 113 133 135 255
-0.1525690 1.2669584 -0.2395573 0.4283991 0.0139887 -0.9034814 111 143 141 255
0.1116133 1.4219220 -0.1129074 0.6292319 0.4207456 -0.6534833 123 149 148 255
0.0788336 1.2309724 -0.2283678 0.5672132 0.0882003 -0.8188344 76 48 49 255
-0.0008416 1.4508644 -0.1578665 0.3874611 0.4099148 -0.8257384 140 171 170 255
0.1053880 1.0722235 0.1325760 0.7220160 0.0845356 0.6866925 42 29 19 255
0.1064728 1.1924288 0.1075640 0.4431091 0.1115360 0.8895022 134 157 162 255
0.0678968 1.0721025 0.1694040 0.2277492 0.4621819 0.8570403 50 36 23 255
0.2101772 0.9094246 0.1392097 -0.9960843 0.0005644 -0.0884078 127 157 158 255
0.2583408 0.8148329 0.1646490 -0.9819579 -0.1038760 -0.1580135 144 174 175 255
0.2492927 0.8092043 0.1988659 -0.9954485 -0.0850494 -0.0429982 143 174 175 255
0.2226076 1.2338659 0.3139057 0.4353316 0.0281321 0.8998305 142 170 169 255
0.2695741 0.9966217 0.2065115 -0.3256430 -0.3087290 0.8936683 128 159 159 255
0.3002996 0.9431847 0.1858215 0.8908966 -0.0177716 0.4538582 141 172 173 255
0.1083768 0.4268301 0.0767698 -0.4139924 -0.3236250 -0.8508098 202 154 93 255
0.0746425 0.6482843 0.0365314 -0.2468373 -0.4001966 -0.8825611 38 24 13 255
0.1355452 0.6667338 0.0213528 -0.0163606 -0.1384080 -0.9902402 41 26 14 255
-0.2477638 0.0443271 -0.2923250 -0.1459549 0.9091198 -0.3901259 116 141 144 255
-0.2730111 0.0363578 -0.2523823 -0.9683402 0.1549037 -0.1957604 33 43 61 255
-0.2413388 0.1000843 -0.1536531 -0.4608074 0.7729812 -0.4360697 122 147 148 255
0.2101772 0.9094246 0.1392097 -0.9960843 0.0005644 -0.0884078 127 157 158 255
0.2492927 0.8092043 0.1988659 -0.9954485 -0.0850494 -0.0429982 143 174 175 255
0.2332751 0.9169157 0.2258034 -0.7000761 0.1461630 0.6989491 138 170 170 255
-0.1040288 0.6799722 0.0512581 -0.1672872 -0.5156355 0.8403184 78 24 25 255
-0.0025341 0.6503962 0.0163851 0.4506035 -0.3987393 0.7987261 150 177 177 255
0.0207176 0.7072146 0.0153217 0.7707431 -0.1663935 0.6150353 137 162 163 255
0.2478856 0.8746219 0.0934916 0.8805604 -0.1242038 -0.4573695 143 172 170 255
0.2858722 0.9171369 0.1541910 0.7793396 0.0605850 -0.6236660 150 177 177 255
0.2711388 0.8392777 0.1319485 0.2688426 -0.2551103 -0.9287854 145 172 171 255
0.2583408 0.8148329 0.1646490 -0.9819579 -0.1038760 -0.1580135 144 174 175 255
0.2101772 0.9094246 0.1392097 -0.9960843 0.0005644 -0.0884078 127 157 158 255
0.2252885 0.8737766 0.1305084 -0.8687745 -0.4346048 -0.2373802 126 154 151 255
0.2252885 0.8737766 0.1305084 -0.8687745 -0.4346048 -0.2373802 126 154 151 255
0.2711388 0.8392777 0.1319485 0.2688128 -0.2551025 -0.9287963 142 174 173 255
0.2583408 0.8148329 0.1646490 -0.9819579 -0.1038760 -0.1580135 144 174 175 255
-0.0849809 1.5611183 -0.0793371 -0.9551899 -0.2763395 0.1060589 147 174 174 255
-0.0529863 1.5261676 -0.0554104 0.0254051 -0.9768785 0.2122805 143 171 172 255
-0.0700579 1.5668432 -0.0385523 -0.8467309 0.2760521 0.4547989 138 168 169 255
-0.0385039 0.4832148 -0.1235189 -0.7267268 -0.0431026 0.6855728 123 155 153 255
-0.0268535 0.6164078 -0.0056753 0.0583372 -0.6685944 0.7413356 148 176 176 255
-0.1190953 0.6264721 -0.0458164 -0.6598582 -0.6305581 0.4086363 149 179 177 255
0.1083768 0.4268301 0.0767698 -0.4139924 -0.3236250 -0.8508098 202 154 93 255
0.0245594 0.6399313 0.0681019 -0.7181021 -0.3981618 -0.5707859 38 23 13 255
0.0746425 0.6482843 0.0365314 -0.2468373 -0.4001966 -0.8825611 38 24 13 255
0.0155703 0.6666370 0.0443478 -0.7422838 -0.2801642 -0.6087059 45 27 15 255
0.1132246 0.6578299 -0.0005350 -0.1356775 -0.5402074 -0.8305224 40 25 13 255
0.0245594 0.6399313 0.0681019 -0.7181021 -0.3981618 -0.5707859 38 23 13 255
0.1132246 0.6578299 -0.0005350 -0.1356775 -0.5402074 -0.8305224 40 25 13 255
0.0746425 0.6482843 0.0365314 -0.2468373 -0.4001966 -0.8825611 38 24 13 255
0.0245594 0.6399313 0.0681019 -0.7181021 -0.3981618 -0.5707859 38 23 13 255
0.0022796 0.4436386 -0.1085052 0.4994986 -0.2838337 0.8184983 112 145 146 255
-0.0268535 0.6164078 -0.0056753 0.0583372 -0.6685944 0.7413356 148 176 176 255
-0.0385039 0.4832148 -0.1235189 -0.7267268 -0.0431026 0.6855728 123 155 153 255
-0.1632099 0.7752384 0.0874834 -0.7667333 -0.4219253 0.4838378 112 144 145 255
-0.0957537 0.7755629 0.1081858 0.1752950 -0.4808531 0.8590995 114 140 136 255
-0.1705733 0.8123723 0.1214523 -0.6460972 -0.2997040 0.7019514 111 143 145 255
0.2267839 0.8012084 0.0990915 0.5566976 -0.3203174 0.7664754 198 169 122 255
0.2252885 0.8737766 0.1305084 -0.8687881 -0.4345888 -0.2373601 197 171 127 255
0.1976075 0.8183305 0.1064777 -0.0008417 -0.3973093 0.9176844 198 172 127 255
-0.0989177 1.4004300 -0.1922541 0.7398669 -0.3254566 -0.5887913 140 166 167 255
-0.1040313 1.4553060 -0.2009659 0.4080672 0.3843031 -0.8281258 142 171 171 255
-0.0655000 1.4223996 -0.1884127 0.0023901 0.0398871 -0.9992014 138 166 169 255
0.0653642 0.6984478 -0.1638422 0.8625856 -0.0089006 -0.5058329 57 69 89 255
0.0483381 0.6758489 -0.0391312 0.9520430 0.0118996 0.3057327 48 59 78 255
0.0493237 0.6693803 -0.1168184 0.9971197 -0.0619580 -0.0437435 49 59 79 255
0.2213588 1.6893214 -0.1249132 0.9605526 -0.0403606 0.2751537 57 49 49 255
0.1953542 1.7692159 -0.1571922 0.8996033 0.1341387 -0.4155967 203 167 112 255
0.1962016 1.8461899 -0.1456842 0.7536461 0.5247111 0.3958483 197 172 127 255
0.2478856 0.8746219 0.0934916 -0.5847754 0.3076717 -0.7505836 130 158 160 255
0.1976075 0.8183305 0.1064777 -0.5566101 0.3203321 -0.7665329 122 156 160 255
0.2252885 0.8737766 0.1305084 -0.8688146 -0.4345722 -0.2372935 126 154 151 255
0.0424655 0.7146551 0.0226259 -0.3242710 0.0614674 -0.9439651 38 24 14 255
0.0155703 0.6666370 0.0443478 -0.7422838 -0.2801642 -0.6087059 45 27 15 255
0.0042405 0.6982296 0.0527983 -0.8853679 -0.2495001 -0.3922670 46 29 16 255
0.1778296 1.1680373 -0.0646324 0.8509381 -0.4561136 -0.2605089 142 174 173 255
0.0788336 1.2309724 -0.2283678 0.5672132 0.0882003 -0.8188344 76 48 49 255
0.2366502 1.2572985 -0.0668545 0.9183843 0.2299650 -0.3220038 128 157 158 255
-0.2943535 0.9030216 -0.3480558 0.6136576 0.7889906 0.0303044 201 156 98 255
-0.2644935 0.8811271 -0.3532076 0.2353521 0.8649095 0.4433293 203 157 98 255
-0.2666813 0.9020588 -0.3561649 -0.4563794 0.3286196 0.8268779 203 157 99 255
-0.1525690 1.2669584 -0.2395573 0.4283991 0.0139887 -0.9034814 111 143 141 255
-0.1408185 1.3493672 -0.2399664 0.6372123 -0.0450618 -0.7693697 123 149 148 255
-0.1206173 1.3219025 -0.1903534 0.9596006 -0.2523787 -0.1243854 119 139 142 255
-0.0100178 1.5196853 -0.1298561 -0.6565717 0.2081493 -0.7249742 36 22 12 255
-0.0356652 1.5124318 -0.1087112 -0.6687967 0.2209429 -0.7098558 34 22 11 255
-0.0177439 1.5396387 -0.1171312 -0.6772562 0.2298369 -0.6989272 34 21 12 255
0.2382600 0.9937928 0.1814365 -0.9028059 0.1478876 -0.4038203 127 158 158 255
0.1689648 1.2248461 0.2511673 -0.7719147 -0.3061733 -0.5571406 137 163 164 255
0.2188931 1.2416179 0.2221098 -0.2215288 0.1017300 -0.9698330 128 153 155 255
0.0484772 0.8083536 0.0321846 0.3072732 -0.4255593 -0.8511654 37 47 65 255
0.0261762 0.8071748 -0.0004492 0.9851484 -0.1714959 -0.0084762 38 48 65 255
0.0574222 0.8352285 -0.0121660 0.5867931 -0.4403379 -0.6795412 36 46 63 255
0.1682172 1.6877138 -0.2595091 0.4885721 -0.1472039 -0.8600164 202 156 96 255
0.1442769 1.7147005 -0.2629251 0.0470363 0.5396264 -0.8405898 202 157 98 255
0.1866773 1.7145230 -0.2447786 0.5450902 0.3132047 -0.7776756 202 158 100 255
-0.0008416 1.4508644 -0.1578665 0.3874611 0.4099148 -0.8257384 140 171 170 255
0.0209295 1.2371695 -0.2280111 -0.3606506 -0.1049317 -0.9267796 66 23 26 255
-0.0655000 1.4223996 -0.1884127 0.0023901 0.0398871 -0.9992014 138 166 169 255
0.1957319 0.4808119 0.1436663 0.8578988 0.0121574 0.5136749 200 154 96 255
0.1983728 0.4772417 0.0451212 0.8199849 -0.2729782 -0.5030982 67 77 79 255
0.2038394 0.6883404 0.1386919 0.9584782 -0.1089358 0.2635385 30 19 10 255
0.0653642 0.6984478 -0.1638422 0.8625856 -0.0089006 -0.5058329 57 69 89 255
0.0454076 0.7701938 -0.1407223 0.9125720 0.3698134 -0.1745007 46 56 75 255
0.0483381 0.6758489 -0.0391312 0.9520430 0.0118996 0.3057327 48 59 78 255
0.3002996 0.9431847 0.1858215 0.8908966 -0.0177716 0.4538582 141 172 173 255
0.2528368 0.8210089 0.2342539 0.5523834 -0.3529727 0.7551708 143 170 170 255
0.2884964 0.8246246 0.2177677 0.7900151 -0.3082227 0.5299764 144 172 171 255
-0.2003408 0.8403271 -0.3190403 -0.2645658 0.1512630 0.9524308 168 153 124 255
-0.2368662 0.7831022 -0.2700815 0.7063904 -0.0263351 0.7073326 143 166 172 255
-0.1881794 0.8108586 -0.3374233 0.5753798 -0.6733180 -0.4643068 162 149 124 255
0.0860929 1.3673904 0.1751719 -0.8124128 -0.5057736 -0.2901353 143 170 171 255
0.1499557 1.3513197 0.1529827 0.1162532 -0.5907812 -0.7984126 143 170 171 255
0.1689648 1.2248461 0.2511673 -0.7719147 -0.3061733 -0.5571406 137 163 164 255
-0.1040313 1.4553060 -0.2009659 0.5264528 0.6546276 -0.5425036 197 150 93 255
-0.0310319 1.4767617 -0.1342468 0.0629452 0.6266516 -0.7767532 135 164 166 255
-0.0008416 1.4508644 -0.1578665 0.3532089 0.4593746 -0.8149959 132 161 163 255
0.0318518 0.6431946 -0.0425463 0.8250597 -0.2306413 0.5158305 136 104 62 255
0.0493237 0.6693803 -0.1168184 0.9971197 -0.0619580 -0.0437435 49 59 79 255
0.0483381 0.6758489 -0.0391312 0.9520430 0.0118996 0.3057327 48 59 78 255
0.1270792 0.9500780 0.0423985 0.9789176 -0.1230081 -0.1630620 49 41 35 255
0.0988646 0.9220272 -0.0005512 0.8176307 -0.3417068 -0.4633752 38 48 65 255
0.1129685 0.9820655 0.0043936 0.9502524 0.0467064 -0.3079593 132 160 162 255
-0.0005545 1.0721230 0.1701231 -0.3278362 0.7380872 0.5897040 40 26 19 255
-0.0245700 1.0833513 0.1397820 -0.5516793 0.5012608 0.6666240 100 106 107 255
-0.0901863 0.9658917 0.2022657 -0.5980988 0.4739038 0.6462916 28 20 14 255
0.1042326 1.6150956 -0.2400179 0.3387661 0.7658763 -0.5465080 202 155 95 255
0.1500809 1.6077741 -0.2007351 -0.0212953 0.8948566 -0.4458458 201 154 93 255
0.1333449 1.5943188 -0.2295456 0.5971236 0.5356750 -0.5970725 201 155 94 255
0.2188931 1.2416179 0.2221098 -0.1509106 0.1457935 -0.9777373 140 167 168 255
0.2456774 1.2691037 0.2552958 0.9134194 0.3922131 0.1087832 140 166 168 255
0.2744612 1.2080229 0.2392550 0.9723852 0.2308000 -0.0346170 138 166 166 255
0.2493579 0.9327420 0.1337872 -0.1777278 0.4017463 -0.8983389 150 178 177 255
0.2900377 1.0076847 0.1409311 0.3553875 0.2053397 -0.9118856 139 168 169 255
0.2858722 0.9171369 0.1541910 0.7793396 0.0605850 -0.6236660 150 177 177 255
0.0082955 0.8077719 -0.1411295 0.4315191 0.6060497 -0.6682028 51 64 85 255
0.0454076 0.7701938 -0.1407223 0.9125720 0.3698134 -0.1745007 46 56 75 255
-0.0356118 0.7867361 -0.1723337 0.1071343 0.4572648 -0.8828539 56 69 91 255
0.0261013 0.6927895 -0.1697483 0.7356015 0.1801195 -0.6530294 55 65 86 255
0.0653642 0.6984478 -0.1638422 0.8625856 -0.0089006 -0.5058329 57 69 89 255
0.0493237 0.6693803 -0.1168184 0.9971197 -0.0619580 -0.0437435 49 59 79 255
-0.2205107 0.8299180 -0.3698082 -0.5059987 -0.6226056 -0.5969318 190 138 82 255
-0.2179736 0.8229469 -0.3363523 0.1227563 -0.9918400 -0.0344123 130 154 158 255
-0.2643757 0.7973161 -0.2961550 -0.0134813 -0.9945387 -0.1034947 140 165 167 255
0.2366502 1.2572985 -0.0668545 0.9183843 0.2299650 -0.3220038 128 157 158 255
0.0788336 1.2309724 -0.2283678 0.5672132 0.0882003 -0.8188344 76 48 49 255
0.1116133 1.4219220 -0.1129074 0.6292319 0.4207456 -0.6534833 123 149 148 255
0.2252885 0.8737766 0.1305084 -0.8687745 -0.4346048 -0.2373802 126 154 151 255
0.2101772 0.9094246 0.1392097 -0.9960843 0.0005644 -0.0884078 127 157 158 255
0.2478856 0.8746219 0.0934916 -0.5848255 0.3075384 -0.7505993 130 158 160 255
0.0694922 0.0218112 0.2603312 -0.6522620 -0.6513657 -0.3876556 195 170 124 255
0.1883590 0.0107196 0.2694740 0.0373610 -0.9944959 0.0978882 199 165 112 255
0.0050873 0.0143045 0.3744431 -0.7475590 -0.6634986 -0.0304214 196 171 127 255
0.1015368 1.5587933 -0.0656672 -0.7134886 -0.4469929 -0.5395657 29 39 53 255
0.0403824 1.5370529 0.0204067 -0.1329869 -0.9910266 0.0134479 54 67 89 255
0.0623636 1.5803778 -0.0349989 -0.2747039 -0.6965165 -0.6628745 46 59 81 255
0.2101772 0.9094246 0.1392097 -0.9960843 0.0005644 -0.0884078 127 157 158 255
0.2493579 0.9327420 0.1337872 -0.1718999 0.4339380 -0.8843914 129 160 161 255
0.2478856 0.8746219 0.0934916 -0.5848255 0.3075384 -0.7505993 130 158 160 255
-0.2003408 0.8403271 -0.3190403 -0.2645658 0.1512630 0.9524308 168 153 124 255
-0.2179736 0.8229469 -0.3363523 -0.6228505 0.7815477 -0.0352195 190 135 77 255
-0.2455714 0.8041980 -0.2643442 -0.4270042 0.8235828 0.3733349 143 167 172 255
0.0245594 0.6399313 0.0681019 -0.7644204 -0.3993900 -0.5061116 40 51 68 255
0.1083768 0.4268301 0.0767698 -0.6651450 -0.3720976 -0.6473991 39 44 55 255
0.0176271 0.6317037 0.1411333 -0.8573001 -0.4584673 0.2341888 64 74 83 255
0.0834957 0.1423954 0.2681751 -0.2983547 -0.4694170 -0.8310428 189 140 85 255
0.1513948 0.3661769 0.1046972 0.3202379 -0.5554425 -0.7674186 204 155 93 255
0.0948883 0.1179901 0.3141747 0.9737487 -0.0347056 -0.2249643 23 3 1 255
0.2101772 0.9094246 0.1392097 -0.9960843 0.0005644 -0.0884078 127 157 158 255
0.2382600 0.9937928 0.1814365 -0.9028059 0.1478876 -0.4038203 127 158 158 255
0.2493579 0.9327420 0.1337872 -0.1718999 0.4339380 -0.8843914 129 160 161 255
0.0050873 0.0143045 0.3744431 -0.7475590 -0.6634986 -0.0304214 196 171 127 255
0.0204112 0.1149757 0.3135204 -0.9011276 -0.0999938 -0.4218651 197 158 105 255
0.0613276 0.1054317 0.2788649 -0.6211967 0.0618765 -0.7812079 105 141 152 255
0.0077090 0.8416032 -0.0665865 0.8857151 0.4181590 -0.2016229 39 50 69 255
-0.0221081 0.8827455 -0.0884399 0.4742547 0.5014350 -0.7236334 33 43 60 255
-0.0069184 0.8985235 -0.0719023 0.5087025 -0.1613761 -0.8456829 20 28 42 255
0.2332751 0.9169157 0.2258034 -0.7000761 0.1461630 0.6989491 138 170 170 255
0.2695741 0.9966217 0.2065115 -0.3256430 -0.3087290 0.8936683 128 159 159 255
0.2382600 0.9937928 0.1814365 -0.9028059 0.1478876 -0.4038203 127 158 158 255
0.1236129 0.9590277 -0.0222225 0.7130978 0.4186974 -0.5623025 70 88 98 255
0.1168333 0.9338873 -0.0089254 0.7235030 -0.5714911 -0.3872226 40 50 69 255
0.0962246 0.9620040 -0.0267296 0.6456890 -0.2859139 -0.7080528 31 39 55 255
0.0077090 0.8416032 -0.0665865 0.8857151 0.4181590 -0.2016229 39 50 69 255
0.0454076 0.7701938 -0.1407223 0.9125720 0.3698134 -0.1745007 46 56 75 255
0.0082955 0.8077719 -0.1411295 0.4315191 0.6060497 -0.6682028 51 64 85 255
0.1075584 1.6426785 -0.2524614 0.4766795 -0.8069063 -0.3488251 202 154 94 255
0.1345124 1.6622245 -0.2289877 -0.0421999 -0.9868618 -0.1559579 201 154 93 255
0.0914106 1.6422560 -0.1897039 0.4430790 -0.8637059 -0.2401941 200 154 94 255
-0.1040313 1.4553060 -0.2009659 -0.2421404 0.5207731 -0.8186350 49 35 22 255
-0.0642491 1.5024164 -0.0933228 -0.6211492 0.6988289 0.3546998 63 62 54 255
-0.0310319 1.4767617 -0.1342468 0.0699686 0.7613168 -0.6445939 33 20 10 255
0.1243847 0.0526684 0.1953735 -0.0893470 0.8377022 -0.5387693 198 166 114 255
0.1940069 0.0259096 0.1624699 0.5317556 0.7350851 -0.4205780 201 164 109 255
0.1576294 0.0163041 0.1285706 -0.1737075 0.7008806 -0.6918035 200 164 109 255
-0.2504300 0.1424510 -0.1215887 -0.8277169 0.2945640 -0.4776157 124 151 151 255
-0.2309802 0.1586309 -0.0701780 -0.6513111 0.2937586 0.6996425 126 151 152 255
-0.1556858 0.3908706 -0.1705952 -0.6699742 0.1992739 -0.7151395 30 40 60 255
-0.0174603 0.7303294 -0.1931906 0.1378731 0.2606871 -0.9555277 52 64 87 255
0.0653642 0.6984478 -0.1638422 0.8625856 -0.0089006 -0.5058329 57 69 89 255
-0.0490422 0.6971333 -0.1913023 -0.2891052 0.0128514 -0.9572111 51 62 83 255
0.2026266 0.7179836 0.1742754 0.9148408 0.0625011 0.3989486 39 24 15 255
0.1791174 0.7780612 0.1899433 0.8557928 0.1158278 0.5041850 50 33 22 255
0.0960938 0.7557138 0.2576723 0.1175459 -0.0771065 0.9900694 35 22 13 255
0.0344954 0.1554967 0.3472595 -0.7562010 0.2932904 0.5849280 191 144 87 255
0.0840327 0.1511319 0.3473186 0.4226792 0.2017506 0.8835378 181 132 74 255
0.0613499 0.3949039 0.2424793 -0.5756393 0.5220458 0.6293708 199 154 96 255
0.1443158 0.6757850 0.2370558 0.5621603 -0.4018286 0.7228483 30 20 11 255
0.0960938 0.7557138 0.2576723 0.1175459 -0.0771065 0.9900694 35 22 13 255
0.0718718 0.6596009 0.2413292 -0.2669903 -0.4384786 0.8581682 75 87 88 255
0.0077090 0.8416032 -0.0665865 0.8857151 0.4181590 -0.2016229 39 50 69 255
-0.0069184 0.8985235 -0.0719023 0.5087025 -0.1613761 -0.8456829 20 28 42 255
0.0261762 0.8071748 -0.0004492 0.9851484 -0.1714959 -0.0084762 38 48 65 255
-0.1092541 1.4816687 -0.1259089 -0.3159682 0.9484057 0.0262799 122 141 143 255
-0.0642491 1.5024164 -0.0933228 -0.6211492 0.6988289 0.3546998 63 62 54 255
-0.1040313 1.4553060 -0.2009659 -0.2421404 0.5207731 -0.8186350 49 35 22 255
0.0653481 1.6540428 -0.2376785 0.2351891 -0.1227220 -0.9641708 204 156 97 255
0.0520200 1.7182202 -0.2558422 0.2520331 0.0829634 -0.9641558 204 159 101 255
0.1288440 1.6765257 -0.2711296 -0.0278547 -0.0214154 -0.9993825 202 155 94 255
0.1902034 1.4021604 0.2108994 0.6882367 0.5053671 0.5205136 125 152 150 255
0.2456774 1.2691037 0.2552958 0.9134194 0.3922131 0.1087832 140 166 168 255
0.2114376 1.3021930 0.2216225 0.3699676 -0.1960810 -0.9081168 135 164 164 255
-0.0927776 0.9905955 -0.3898287 0.4479419 0.2281039 -0.8644748 201 157 103 255
-0.1554436 1.1922319 -0.2991047 0.1806785 0.5192184 -0.8353248 201 153 93 255
-0.1075181 1.1629256 -0.2796431 0.9728760 0.1793799 0.1460656 203 154 94 255
0.1292222 1.4687291 0.1932001 0.3696754 0.7963316 0.4787444 114 118 103 255
0.1335430 1.4131417 0.2319765 -0.2161917 0.4036806 0.8889898 141 167 167 255
0.1902034 1.4021604 0.2108994 0.6882367 0.5053671 0.5205136 125 152 150 255
0.1946786 0.0040506 0.1659613 0.2637502 -0.9476881 -0.1797862 201 164 109 255
0.2128574 0.0067787 0.2296247 0.5415781 -0.8406397 0.0042452 200 165 110 255
0.1756620 0.0122903 0.2037668 0.0051740 -0.9978982 0.0645934 200 165 111 255
0.0574222 0.8352285 -0.0121660 0.5867931 -0.4403379 -0.6795412 36 46 63 255
-0.0069184 0.8985235 -0.0719023 0.5087025 -0.1613761 -0.8456829 20 28 42 255
0.0331599 0.9149341 -0.0616026 0.4432033 -0.4588495 -0.7700831 38 48 65 255
0.1040706 1.0468206 -0.0650206 0.6515976 -0.4949770 -0.5748202 131 165 164 255
0.1066568 0.9948427 -0.0172329 0.8681383 -0.2338981 -0.4377527 130 161 160 255
0.0119198 0.9872143 -0.0847168 0.2721220 -0.2460323 -0.9302783 126 160 162 255
-0.1190953 0.6264721 -0.0458164 -0.6598582 -0.6305581 0.4086363 149 179 177 255
-0.0268535 0.6164078 -0.0056753 0.0583372 -0.6685944 0.7413356 148 176 176 255
-0.1100727 0.6064410 -0.0026388 -0.2930138 -0.8961954 0.3331318 147 175 174 255
-0.1067907 0.8408171 0.1648827 -0.5464616 -0.5225997 0.6544228 54 57 54 255
-0.0251176 0.8049784 0.2346048 -0.4440698 -0.3320419 0.8321960 58 56 56 255
-0.0847040 0.8745092 0.2239981 -0.7050945 -0.1626562 0.6902062 27 20 16 255
0.1070818 1.4425114 -0.0789175 0.7687513 0.1306341 -0.6260639 118 144 147 255
-0.0008416 1.4508644 -0.1578665 0.3532089 0.4593746 -0.8149959 132 161 163 255
0.0379828 1.4608661 -0.1297483 0.2788343 -0.1013982 -0.9549712 131 160 162 255
-0.0551904 0.7897957 0.1537104 -0.8978712 -0.4401523 -0.0096524 29 16 8 255
-0.1067907 0.8408171 0.1648827 -0.5464616 -0.5225997 0.6544228 54 57 54 255
-0.0157965 0.7784769 0.0673246 -0.7383417 -0.1867328 -0.6480604 28 37 51 255
-0.1344820 1.2509394 -0.1914186 0.7047439 -0.4487006 0.5495487 113 133 135 255
-0.1384081 1.1920408 -0.2311087 0.9011250 -0.0345586 0.4321800 119 137 138 255
-0.1525690 1.2669584 -0.2395573 0.4283991 0.0139887 -0.9034814 111 143 141 255
0.0195147 0.9681811 -0.0903034 0.1411971 0.0052016 -0.9899679 128 158 158 255
0.0119198 0.9872143 -0.0847168 0.2721220 -0.2460323 -0.9302783 126 160 162 255
0.0544774 0.9829155 -0.0560303 0.5608041 0.5329466 -0.6336141 126 157 156 255
-0.0268535 0.6164078 -0.0056753 0.0583372 -0.6685944 0.7413356 148 176 176 255
0.0022796 0.4436386 -0.1085052 0.4994986 -0.2838337 0.8184983 112 145 146 255
0.0318518 0.6431946 -0.0425463 0.8343322 -0.2602221 0.4859778 143 174 174 255
0.2114376 1.3021930 0.2216225 0.6707213 -0.2123371 -0.7106658 119 144 144 255
0.1499557 1.3513197 0.1529827 0.1162532 -0.5907812 -0.7984126 143 170 171 255
0.2024562 1.3995391 0.1810951 0.9419432 0.2180708 -0.2553201 135 162 163 255
0.1415510 0.6936028 -0.0035572 -0.0021844 0.0014786 -0.9999964 53 35 23 255
0.1552554 0.7543606 0.0143251 0.1799742 0.2286738 -0.9567223 51 34 21 255
0.1948832 0.7140176 0.0432615 0.9361345 0.0180615 -0.3511782 40 25 14 255
0.2152229 0.0264060 0.2081699 0.4672672 0.8695506 -0.1598226 199 163 109 255
0.2128574 0.0067787 0.2296247 0.5415781 -0.8406397 0.0042452 200 165 110 255
0.1940069 0.0259096 0.1624699 0.5317556 0.7350851 -0.4205780 201 164 109 255
0.1490429 1.6118593 -0.2367706 0.3935583 0.8728259 -0.2885947 202 155 95 255
0.1333449 1.5943188 -0.2295456 -0.4340338 0.6467540 0.6271553 203 155 94 255
0.1500809 1.6077741 -0.2007351 0.0248530 0.8906935 -0.4539245 203 155 94 255
0.2744612 1.2080229 0.2392550 0.9723852 0.2308000 -0.0346170 138 166 166 255
0.2226076 1.2338659 0.3139057 0.4353316 0.0281321 0.8998305 142 170 169 255
0.3002996 0.9431847 0.1858215 0.8908966 -0.0177716 0.4538582 141 172 173 255
0.1552554 0.7543606 0.0143251 0.1799742 0.2286738 -0.9567223 51 34 21 255
0.0484772 0.8083536 0.0321846 0.0058724 0.0361919 -0.9993276 40 27 17 255
0.1550637 0.7924382 0.0349398 0.5017875 0.4122032 -0.7604590 42 27 16 255
0.1612054 1.5583474 -0.1717253 0.6377342 -0.6963370 -0.3292563 202 156 96 255
0.1015368 1.5587933 -0.0656672 0.9264162 -0.2270938 0.3003024 124 151 155 255
0.1416201 1.5292455 -0.2220325 0.4984142 -0.8374200 -0.2243014 203 157 97 255
-0.1040288 0.6799722 0.0512581 -0.1672872 -0.5156355 0.8403184 78 24 25 255
-0.1759683 0.6960769 -0.0248070 -0.8485613 -0.4318294 0.3057239 144 171 170 255
-0.1604872 0.6406874 -0.0406456 -0.8566788 -0.4642930 0.2247964 144 172 172 255
0.1368521 0.8883220 0.0738420 0.8360134 0.2573897 -0.4845949 36 23 14 255
0.1960989 0.8053829 0.1371899 0.9470752 0.3175718 -0.0468708 43 26 16 255
0.1550637 0.7924382 0.0349398 0.5017875 0.4122032 -0.7604590 42 27 16 255
0.1612054 1.5583474 -0.1717253 0.6560928 -0.6886932 -0.3086161 44 54 71 255
0.1715207 1.5239461 -0.1468630 -0.1037555 -0.9266685 -0.3612758 33 43 57 255
0.1015368 1.5587933 -0.0656672 -0.7853034 -0.2474947 -0.5674900 29 39 53 255
0.1334731 1.0242517 0.1214352 0.9772730 0.2019455 0.0644617 40 25 15 255
0.1141787 1.0124148 0.1797142 0.5717649 0.4916611 0.6567757 38 25 16 255
0.1456308 0.9180309 0.1933451 0.8735764 0.2382939 0.4243587 29 16 8 255
-0.0275435 1.5747792 0.0129194 -0.5835842 -0.2852036 0.7603213 144 177 175 255
0.0403824 1.5370529 0.0204067 -0.1329869 -0.9910266 0.0134479 54 67 89 255
0.0033987 1.5741505 0.0283794 -0.1391913 0.1344227 0.9810995 49 62 76 255
-0.1980183 1.4348362 -0.1559544 -0.7411509 0.6343850 -0.2196615 114 148 147 255
-0.2201601 1.3560541 -0.1811342 -0.9951897 0.0893820 0.0401058 116 142 144 255
-0.1982270 1.3581234 -0.1304970 -0.4964595 -0.1785032 0.8495085 117 139 140 255
0.1345124 1.6622245 -0.2289877 -0.0421999 -0.9868618 -0.1559579 201 154 93 255
0.1717486 1.6405154 -0.2072992 0.6748281 -0.6434113 -0.3614261 201 156 97 255
0.1228414 1.6266396 -0.1665916 -0.2346285 -0.6749051 -0.6996088 201 157 99 255
0.1288440 1.6765257 -0.2711296 -0.0278547 -0.0214154 -0.9993825 202 155 94 255
0.1442769 1.7147005 -0.2629251 0.0470363 0.5396264 -0.8405898 202 157 98 255
0.1682172 1.6877138 -0.2595091 0.4885721 -0.1472039 -0.8600164 202 156 96 255
-0.0700579 1.5668432 -0.0385523 -0.8467309 0.2760521 0.4547989 138 168 169 255
-0.0275435 1.5747792 0.0129194 -0.5835842 -0.2852036 0.7603213 144 177 175 255
-0.0215201 1.6014237 0.0005093 -0.7107765 -0.0725226 0.6996693 141 174 173 255
-0.1600551 0.6532273 -0.1253014 -0.6830447 -0.5774218 -0.4472516 147 177 176 255
-0.1190953 0.6264721 -0.0458164 -0.6598582 -0.6305581 0.4086363 149 179 177 255
-0.1100727 0.6064410 -0.0026388 -0.2930138 -0.8961954 0.3331318 147 175 174 255
-0.1759683 0.6960769 -0.0248070 -0.8485613 -0.4318294 0.3057239 144 171 170 255
-0.1763154 0.7139001 -0.1017904 -0.9027950 -0.0727924 -0.4238663 148 174 174 255
-0.1604872 0.6406874 -0.0406456 -0.8566788 -0.4642930 0.2247964 144 172 172 255
0.1983728 0.4772417 0.0451212 0.8199849 -0.2729782 -0.5030982 67 77 79 255
0.1807016 0.6797273 0.0386858 0.8574693 -0.0684919 -0.5099561 41 26 14 255
0.2038394 0.6883404 0.1386919 0.9584782 -0.1089358 0.2635385 30 19 10 255
0.0403824 1.5370529 0.0204067 -0.1329869 -0.9910266 0.0134479 54 67 89 255
0.1715207 1.5239461 -0.1468630 -0.1037555 -0.9266685 -0.3612758 33 43 57 255
0.0891867 1.5374912 0.0160179 0.3965366 -0.7098025 0.5821847 55 69 88 255
0.0332304 1.1714209 0.1225195 -0.4469468 0.1983373 0.8722963 133 152 159 255
-0.1088840 1.1653280 -0.0107403 -0.7990283 0.1331313 0.5863700 2 0 1 255
-0.0245700 1.0833513 0.1397820 -0.5516793 0.5012608 0.6666240 100 106 107 255
0.1479297 0.7773673 0.2249832 0.7736659 0.0784146 0.6287226 59 38 24 255
0.0807453 0.8330802 0.2610645 0.1254096 -0.0795968 0.9889069 31 19 10 255
0.0960938 0.7557138 0.2576723 0.1175459 -0.0771065 0.9900694 35 22 13 255
-0.1590456 1.4196223 -0.1115484 -0.2174433 -0.8442440 0.4898678 128 151 151 255
-0.1634825 1.4146241 -0.0795135 -0.8497784 0.4328806 0.3008174 127 150 149 255
-0.1980183 1.4348362 -0.1559544 -0.7411509 0.6343850 -0.2196615 114 148 147 255
-0.0847040 0.8745092 0.2239981 -0.7050945 -0.1626562 0.6902062 27 20 16 255
-0.0901863 0.9658917 0.2022657 -0.5980988 0.4739038 0.6462916 28 20 14 255
-0.1768438 0.9420796 0.1268444 -0.7445133 0.2408713 0.6226403 113 145 142 255
0.0271677 0.4532584 -0.2360821 0.0014690 -0.1363606 -0.9906583 51 61 79 255
-0.1556858 0.3908706 -0.1705952 -0.6699742 0.1992739 -0.7151395 30 40 60 255
-0.0588834 0.5020687 -0.1880922 -0.7051483 0.0535568 -0.7070342 126 160 160 255
-0.1634825 1.4146241 -0.0795135 -0.8497784 0.4328806 0.3008174 127 150 149 255
-0.1498098 1.4574419 -0.0911627 -0.6694290 0.6997228 0.2495051 132 151 151 255
-0.1980183 1.4348362 -0.1559544 -0.7411509 0.6343850 -0.2196615 114 148 147 255
-0.0355212 1.5131551 -0.1087990 -0.7184414 0.5102467 -0.4727477 34 22 11 255
-0.0642491 1.5024164 -0.0933228 -0.6211492 0.6988289 0.3546998 63 62 54 255
0.0045586 1.5915513 -0.0649137 -0.6670976 0.4124070 0.6204041 36 23 14 255
0.0207176 0.7072146 0.0153217 0.7707431 -0.1663935 0.6150353 137 162 163 255
-0.0025341 0.6503962 0.0163851 0.4506035 -0.3987393 0.7987261 150 177 177 255
0.0483381 0.6758489 -0.0391312 0.9705508 -0.0034164 0.2408726 152 177 177 255
0.0424655 0.7146551 0.0226259 -0.3242710 0.0614674 -0.9439651 38 24 14 255
0.1552554 0.7543606 0.0143251 0.1799742 0.2286738 -0.9567223 51 34 21 255
0.1415510 0.6936028 -0.0035572 -0.0021844 0.0014786 -0.9999964 53 35 23 255
0.0403824 1.5370529 0.0204067 -0.1329869 -0.9910266 0.0134479 54 67 89 255
0.0045586 1.5915513 -0.0649137 0.5342119 -0.7051220 -0.4662837 78 109 114 255
0.0623636 1.5803778 -0.0349989 -0.2747039 -0.6965165 -0.6628745 46 59 81 255
-0.1982270 1.3581234 -0.1304970 -0.4964595 -0.1785032 0.8495085 117 139 140 255
-0.1590456 1.4196223 -0.1115484 -0.2174433 -0.8442440 0.4898678 128 151 151 255
-0.1980183 1.4348362 -0.1559544 -0.7411509 0.6343850 -0.2196615 114 148 147 255
0.1168333 0.9338873 -0.0089254 0.7235030 -0.5714911 -0.3872226 40 50 69 255
0.0331599 0.9149341 -0.0616026 0.4432033 -0.4588495 -0.7700831 38 48 65 255
0.0459023 0.9216139 -0.0761271 0.5646505 -0.3522055 -0.7464054 42 54 73 255
-0.2457772 0.0235670 -0.3024015 -0.5038668 -0.7099226 -0.4920654 118 140 141 255
-0.2730111 0.0363578 -0.2523823 -0.9683402 0.1549037 -0.1957604 33 43 61 255
-0.2477638 0.0443271 -0.2923250 -0.1459549 0.9091198 -0.3901259 116 141 144 255
0.1953542 1.7692159 -0.1571922 0.8996033 0.1341387 -0.4155967 203 167 112 255
0.1703328 1.8278426 -0.1726847 0.5821036 0.2289116 -0.7802275 198 172 127 255
0.1962016 1.8461899 -0.1456842 0.7536461 0.5247111 0.3958483 197 172 127 255
0.2382600 0.9937928 0.1814365 -0.9028059 0.1478876 -0.4038203 127 158 158 255
0.2695741 0.9966217 0.2065115 -0.3256430 -0.3087290 0.8936683 128 159 159 255
0.1712795 1.2356189 0.2938738 -0.6226176 -0.1916289 0.7587000 142 169 168 255
0.0119198 0.9872143 -0.0847168 0.2721220 -0.2460323 -0.9302783 126 160 162 255
-0.0257443 1.0871932 -0.1276588 -0.1299220 -0.4184385 -0.8989046 138 170 169 255
0.1040706 1.0468206 -0.0650206 0.6515976 -0.4949770 -0.5748202 131 165 164 255
0.0098402 1.5513929 -0.1477928 0.7017426 -0.0411731 0.7112398 201 156 96 255
-0.0100480 1.5200716 -0.1299820 0.7346272 -0.1751810 0.6554650 201 156 96 255
0.0740318 1.5381757 -0.2118921 0.4449943 -0.8334523 -0.3276237 202 155 97 255
-0.1206173 1.3219025 -0.1903534 0.9596006 -0.2523787 -0.1243854 119 139 142 255
-0.1408185 1.3493672 -0.2399664 0.6372123 -0.0450618 -0.7693697 123 149 148 255
-0.0989177 1.4004300 -0.1922541 0.8621359 -0.2217558 -0.4555723 126 148 149 255
-0.1982270 1.3581234 -0.1304970 -0.4964595 -0.1785032 0.8495085 117 139 140 255
-0.1404640 1.3284144 -0.1429367 0.4787495 -0.3325212 0.8125446 122 140 141 255
-0.1590456 1.4196223 -0.1115484 -0.2174433 -0.8442440 0.4898678 128 151 151 255
0.0740318 1.5381757 -0.2118921 0.4697243 -0.7162892 -0.5160319 130 164 167 255
0.1416201 1.5292455 -0.2220325 0.4984142 -0.8374200 -0.2243014 203 157 97 255
0.0677102 1.5230730 -0.1603851 -0.2696023 -0.6930316 -0.6685970 130 162 163 255
0.0155703 0.6666370 0.0443478 -0.7422838 -0.2801642 -0.6087059 45 27 15 255
0.1415510 0.6936028 -0.0035572 -0.0021844 0.0014786 -0.9999964 53 35 23 255
0.1132246 0.6578299 -0.0005350 -0.1356775 -0.5402074 -0.8305224 40 25 13 255
-0.1088840 1.1653280 -0.0107403 -0.7990283 0.1331313 0.5863700 2 0 1 255
0.0332304 1.1714209 0.1225195 -0.4469468 0.1983373 0.8722963 133 152 159 255
0.0469869 1.4195936 0.1349888 -0.3547778 0.1254366 0.9264979 109 127 135 255
0.2332751 0.9169157 0.2258034 -0.7000761 0.1461630 0.6989491 138 170 170 255
0.2508785 0.8296341 0.2604752 0.4016842 0.1595740 0.9017682 140 170 171 255
0.3002996 0.9431847 0.1858215 0.8908966 -0.0177716 0.4538582 141 172 173 255
0.1334731 1.0242517 0.1214352 0.9772730 0.2019455 0.0644617 40 25 15 255
0.0678968 1.0721025 0.1694040 0.2277492 0.4621819 0.8570403 50 36 23 255
0.1141787 1.0124148 0.1797142 0.5717649 0.4916611 0.6567757 38 25 16 255
-0.1096628 1.0018386 -0.0932474 -0.1554346 0.0701585 -0.9853517 124 155 154 255
-0.1582786 0.9763471 -0.0709276 -0.5552736 0.1404482 -0.8197229 128 157 157 255
-0.1429737 1.0318672 -0.0571852 -0.8952470 0.2900097 -0.3382706 124 159 159 255
-0.0989177 1.4004300 -0.1922541 0.8621359 -0.2217558 -0.4555723 126 148 149 255
-0.1408185 1.3493672 -0.2399664 0.6372123 -0.0450618 -0.7693697 123 149 148 255
-0.1040313 1.4553060 -0.2009659 0.0624830 0.0237939 -0.9977624 126 151 152 255
0.1138663 0.0846545 0.3071747 0.7338613 0.6013411 0.3159690 172 144 95 255
0.2072497 0.0268495 0.2644653 0.7065952 0.4170053 0.5716903 200 165 110 255
0.2152229 0.0264060 0.2081699 0.4672672 0.8695506 -0.1598226 199 163 109 255
-0.1632099 0.7752384 0.0874834 -0.7667333 -0.4219253 0.4838378 112 144 145 255
-0.1040288 0.6799722 0.0512581 -0.1672872 -0.5156355 0.8403184 78 24 25 255
-0.0957537 0.7755629 0.1081858 0.1752950 -0.4808531 0.8590995 114 140 136 255
-0.1858941 1.3652575 -0.2446451 -0.5243447 0.3627599 -0.7703688 107 141 140 255
-0.1040313 1.4553060 -0.2009659 -0.2421404 0.5207731 -0.8186350 49 35 22 255
-0.1408185 1.3493672 -0.2399664 0.6691133 -0.0697588 -0.7398791 104 142 137 255
0.0516091 1.4962465 -0.2073011 0.2839194 -0.9340711 0.2165666 194 137 75 255
-0.0100480 1.5200716 -0.1299820 0.5286742 -0.5534971 0.6435406 127 155 154 255
-0.0355212 1.5131551 -0.1087990 0.5966274 -0.7003117 0.3919169 130 161 159 255
-0.2179736 0.8229469 -0.3363523 0.1227563 -0.9918400 -0.0344123 130 154 158 255
-0.2661228 0.8179252 -0.2632580 0.5148209 -0.7139508 0.4745880 143 167 173 255
-0.2643757 0.7973161 -0.2961550 -0.0134813 -0.9945387 -0.1034947 140 165 167 255
-0.1858941 1.3652575 -0.2446451 -0.5243447 0.3627599 -0.7703688 107 141 140 255
-0.1092541 1.4816687 -0.1259089 -0.3159682 0.9484057 0.0262799 122 141 143 255
-0.1040313 1.4553060 -0.2009659 -0.2421404 0.5207731 -0.8186350 49 35 22 255
0.2456774 1.2691037 0.2552958 0.9134194 0.3922131 0.1087832 140 166 168 255
0.2226076 1.2338659 0.3139057 0.4353316 0.0281321 0.8998305 142 170 169 255
0.2744612 1.2080229 0.2392550 0.9723852 0.2308000 -0.0346170 138 166 166 255
0.0631563 0.0237307 0.3960752 0.4425480 -0.0076962 0.8967118 189 163 119 255
0.0840327 0.1511319 0.3473186 0.4226792 0.2017506 0.8835378 181 132 74 255
0.0344954 0.1554967 0.3472595 -0.7562010 0.2932904 0.5849280 191 144 87 255
-0.1092541 1.4816687 -0.1259089 -0.3159682 0.9484057 0.0262799 122 141 143 255
-0.1498098 1.4574419 -0.0911627 -0.6694290 0.6997228 0.2495051 132 151 151 255
0.0372990 1.5130250 0.0319433 -0.4450490 0.8191816 0.3617637 118 146 145 255
0.1612054 1.5583474 -0.1717253 0.6377342 -0.6963370 -0.3292563 202 156 96 255
0.1719070 1.5869451 -0.2140942 0.8792949 -0.0960767 -0.4664865 201 156 96 255
0.1717486 1.6405154 -0.2072992 0.6695252 -0.6518267 -0.3561711 201 156 96 255
-0.0982270 1.0252248 -0.0933666 -0.3342237 -0.1160125 -0.9353265 128 162 162 255
-0.1429737 1.0318672 -0.0571852 -0.8952470 0.2900097 -0.3382706 124 159 159 255
-0.1079907 1.1410462 -0.0869780 -0.7813726 -0.1583330 -0.6036451 146 177 177 255
0.1064728 1.1924288 0.1075640 0.4431091 0.1115360 0.8895022 134 157 162 255
0.1896951 1.2715164 0.0436344 0.8216749 -0.0322237 0.5690449 93 104 107 255
0.0469869 1.4195936 0.1349888 -0.3547778 0.1254366 0.9264979 109 127 135 255
0.2188931 1.2416179 0.2221098 -0.1509106 0.1457935 -0.9777373 140 167 168 255
0.2114376 1.3021930 0.2216225 0.3699676 -0.1960810 -0.9081168 135 164 164 255
0.2456774 1.2691037 0.2552958 0.9134194 0.3922131 0.1087832 140 166 168 255
0.1288440 1.6765257 -0.2711296 -0.0278547 -0.0214154 -0.9993825 202 155 94 255
0.1682172 1.6877138 -0.2595091 0.4885721 -0.1472039 -0.8600164 202 156 96 255
0.1876095 1.6669999 -0.2301435 0.9405113 -0.0801668 -0.3301691 203 157 97 255
0.0459023 0.9216139 -0.0761271 0.5646505 -0.3522055 -0.7464054 42 54 73 255
0.0507689 0.9691072 -0.0845404 0.6198957 0.0505214 -0.7830561 128 157 157 255
0.0962246 0.9620040 -0.0267296 0.6456890 -0.2859139 -0.7080528 31 39 55 255
-0.1380127 1.0577144 0.0342131 -0.7640917 0.5240565 0.3762029 139 170 168 255
-0.2047214 0.9458568 0.0648146 -0.8536942 0.4798079 0.2024616 119 150 149 255
-0.1768438 0.9420796 0.1268444 -0.7523409 0.2403196 0.6133756 75 115 112 255
0.1960989 0.8053829 0.1371899 0.9470752 0.3175718 -0.0468708 43 26 16 255
0.1456308 0.9180309 0.1933451 0.8735764 0.2382939 0.4243587 29 16 8 255
0.1479297 0.7773673 0.2249832 0.7736659 0.0784146 0.6287226 59 38 24 255
0.0567825 1.8994728 -0.2034674 -0.2047302 0.9499534 -0.2359535 50 46 46 255
0.0087186 1.8105499 -0.2548723 -0.5856878 0.3937540 -0.7084685 72 76 78 255
-0.0582133 1.8731845 -0.0837765 -0.6980702 0.6336370 -0.3334699 25 35 51 255
-0.1429737 1.0318672 -0.0571852 -0.8952470 0.2900097 -0.3382706 124 159 159 255
-0.1088840 1.1653280 -0.0107403 -0.7982911 0.1265582 0.5888245 150 180 179 255
-0.1079907 1.1410462 -0.0869780 -0.7813726 -0.1583330 -0.6036451 146 177 177 255
-0.0655000 1.4223996 -0.1884127 0.0023901 0.0398871 -0.9992014 138 166 169 255
-0.1040313 1.4553060 -0.2009659 0.4080672 0.3843031 -0.8281258 142 171 171 255
-0.0008416 1.4508644 -0.1578665 0.3874611 0.4099148 -0.8257384 140 171 170 255
0.1472517 1.4805940 0.0790634 0.8674972 0.4927391 0.0682402 107 45 43 255
0.0372990 1.5130250 0.0319433 -0.3944051 0.7679946 0.5046076 187 141 87 255
0.1292222 1.4687291 0.1932001 0.3696754 0.7963316 0.4787444 114 118 103 255
-0.1634825 1.4146241 -0.0795135 -0.8497784 0.4328806 0.3008174 127 150 149 255
0.0372990 1.5130250 0.0319433 -0.4450490 0.8191816 0.3617637 118 146 145 255
-0.1498098 1.4574419 -0.0911627 -0.6694290 0.6997228 0.2495051 132 151 151 255
0.1946786 0.0040506 0.1659613 0.2637502 -0.9476881 -0.1797862 201 164 109 255
0.1756620 0.0122903 0.2037668 0.0051740 -0.9978982 0.0645934 200 165 111 255
0.1319030 0.0023034 0.1669579 -0.0197472 -0.9979530 0.0608273 115 139 137 255
0.0982361 1.8778827 -0.1898947 0.1617604 0.9162751 -0.3664336 199 166 112 255
0.1703328 1.8278426 -0.1726847 0.5821036 0.2289116 -0.7802275 198 172 127 255
0.1154539 1.8016023 -0.2329493 0.4275336 0.3332062 -0.8403503 201 167 112 255
0.1360316 0.4870113 0.1527939 -0.3079838 0.2187297 0.9259067 199 156 99 255
0.1957319 0.4808119 0.1436663 0.8578988 0.0121574 0.5136749 200 154 96 255
0.1009366 0.6609125 0.2189932 0.3470827 -0.3167100 0.8827391 72 85 88 255
-0.2018692 1.1533125 -0.2240887 -0.5543955 -0.5522866 0.6225955 137 154 151 255
-0.1344820 1.2509394 -0.1914186 0.7047439 -0.4487006 0.5495487 113 133 135 255
-0.1404640 1.3284144 -0.1429367 0.4787495 -0.3325212 0.8125446 122 140 141 255
-0.0700579 1.5668432 -0.0385523 -0.8467309 0.2760521 0.4547989 138 168 169 255
-0.0785519 1.5980267 -0.1003466 -0.9938049 -0.1107528 0.0092540 138 168 167 255
-0.0849809 1.5611183 -0.0793371 -0.9551899 -0.2763395 0.1060589 147 174 174 255
-0.1088840 1.1653280 -0.0107403 -0.7982911 0.1265582 0.5888245 150 180 179 255
-0.1429737 1.0318672 -0.0571852 -0.8952470 0.2900097 -0.3382706 124 159 159 255
-0.1380127 1.0577144 0.0342131 -0.7640917 0.5240565 0.3762029 139 170 168 255
-0.1206173 1.3219025 -0.1903534 0.9596006 -0.2523787 -0.1243854 119 139 142 255
-0.0989177 1.4004300 -0.1922541 0.8621359 -0.2217558 -0.4555723 126 148 149 255
-0.1006333 1.4179837 -0.1571922 0.5339108 -0.7589053 0.3728298 128 149 149 255
0.0459023 0.9216139 -0.0761271 0.5646505 -0.3522055 -0.7464054 42 54 73 255
0.0962246 0.9620040 -0.0267296 0.6456890 -0.2859139 -0.7080528 31 39 55 255
0.1168333 0.9338873 -0.0089254 0.7235030 -0.5714911 -0.3872226 40 50 69 255
0.1064728 1.1924288 0.1075640 0.4431091 0.1115360 0.8895022 134 157 162 255
0.0332304 1.1714209 0.1225195 -0.4469468 0.1983373 0.8722963 133 152 159 255
0.0678968 1.0721025 0.1694040 0.2277492 0.4621819 0.8570403 50 36 23 255
-0.1206173 1.3219025 -0.1903534 0.9596006 -0.2523787 -0.1243854 119 139 142 255
-0.1006333 1.4179837 -0.1571922 0.5339108 -0.7589053 0.3728298 128 149 149 255
-0.1404640 1.3284144 -0.1429367 0.4787495 -0.3325212 0.8125446 122 140 141 255
0.1689648 1.2248461 0.2511673 -0.7719147 -0.3061733 -0.5571406 137 163 164 255
0.1499557 1.3513197 0.1529827 0.1162532 -0.5907812 -0.7984126 143 170 171 255
0.2114376 1.3021930 0.2216225 0.6707213 -0.2123371 -0.7106658 119 144 144 255
0.2024562 1.3995391 0.1810951 0.9364215 0.1356091 -0.3236124 127 154 150 255
0.1902034 1.4021604 0.2108994 0.6882367 0.5053671 0.5205136 125 152 150 255
0.2114376 1.3021930 0.2216225 0.3699676 -0.1960810 -0.9081168 135 164 164 255
-0.1389593 0.4007864 -0.0902920 -0.6761780 0.5345454 0.5069956 24 18 17 255
-0.0385039 0.4832148 -0.1235189 -0.7267268 -0.0431026 0.6855728 123 155 153 255
-0.0588834 0.5020687 -0.1880922 -0.7051483 0.0535568 -0.7070342 126 160 160 255
-0.0901863 0.9658917 0.2022657 -0.5980988 0.4739038 0.6462916 28 20 14 255
-0.0931012 1.0580378 0.1113701 -0.5970790 0.6259788 0.5016443 112 133 140 255
-0.1768438 0.9420796 0.1268444 -0.7445133 0.2408713 0.6226403 113 145 142 255
0.0372990 1.5130250 0.0319433 -0.3944051 0.7679946 0.5046076 187 141 87 255
0.0734404 1.4754958 0.1221848 -0.3444896 0.7125879 0.6111836 178 124 66 255
0.1292222 1.4687291 0.1932001 0.3696754 0.7963316 0.4787444 114 118 103 255
0.0723153 1.4453642 0.1411705 -0.8220881 -0.5505594 -0.1451049 140 166 167 255
0.0710773 1.4493078 0.1755219 -0.7513561 0.4344462 0.4967097 140 169 170 255
0.0734404 1.4754958 0.1221848 -0.3444896 0.7125879 0.6111836 178 124 66 255
-0.0157965 0.7784769 0.0673246 -0.7383417 -0.1867328 -0.6480604 28 37 51 255
0.0042405 0.6982296 0.0527983 -0.9047552 -0.2875214 -0.3142441 35 45 59 255
-0.0551904 0.7897957 0.1537104 -0.8978712 -0.4401523 -0.0096524 29 16 8 255
0.0860929 1.3673904 0.1751719 -0.8124128 -0.5057736 -0.2901353 143 170 171 255
0.1689648 1.2248461 0.2511673 -0.7719147 -0.3061733 -0.5571406 137 163 164 255
0.1712795 1.2356189 0.2938738 -0.6226176 -0.1916289 0.7587000 142 169 168 255
-0.3002996 0.8545598 -0.2787380 -0.9019424 0.0051687 -0.4318254 135 161 157 255
-0.2644935 0.8811271 -0.3532076 -0.8197023 -0.4184105 -0.3911788 195 148 92 255
-0.2837588 0.8279613 -0.3136044 -0.8677183 -0.0536630 -0.4941510 130 157 155 255
-0.0785519 1.5980267 -0.1003466 -0.9938049 -0.1107528 0.0092540 138 168 167 255
-0.0215201 1.6014237 0.0005093 -0.7107765 -0.0725226 0.6996693 141 174 173 255
-0.1027295 1.6942628 -0.0318108 -0.9051890 -0.1666190 0.3909871 49 61 83 255
-0.0177439 1.5396387 -0.1171312 -0.6772562 0.2298369 -0.6989272 34 21 12 255
-0.0356652 1.5124318 -0.1087112 -0.6687967 0.2209429 -0.7098558 34 22 11 255
-0.0190633 1.5581368 -0.1091146 -0.9364534 0.3506330 0.0105633 31 19 9 255
0.0678968 1.0721025 0.1694040 0.2277492 0.4621819 0.8570403 50 36 23 255
-0.0245700 1.0833513 0.1397820 -0.5516793 0.5012608 0.6666240 100 106 107 255
-0.0005545 1.0721230 0.1701231 -0.3278362 0.7380872 0.5897040 40 26 19 255
0.0863752 1.3960242 0.2099218 -0.7801258 -0.0144369 0.6254559 138 166 166 255
0.1335430 1.4131417 0.2319765 -0.2161917 0.4036806 0.8889898 141 167 167 255
0.0710773 1.4493078 0.1755219 -0.7513561 0.4344462 0.4967097 140 169 170 255
-0.1404640 1.3284144 -0.1429367 0.4787495 -0.3325212 0.8125446 122 140 141 255
-0.1344820 1.2509394 -0.1914186 0.7047439 -0.4487006 0.5495487 113 133 135 255
-0.1206173 1.3219025 -0.1903534 0.9596006 -0.2523787 -0.1243854 119 139 142 255
0.0469869 1.4195936 0.1349888 -0.3547778 0.1254366 0.9264979 109 127 135 255
0.0332304 1.1714209 0.1225195 -0.4469468 0.1983373 0.8722963 133 152 159 255
0.1064728 1.1924288 0.1075640 0.4431091 0.1115360 0.8895022 134 157 162 255
-0.0215201 1.6014237 0.0005093 -0.7107765 -0.0725226 0.6996693 141 174 173 255
-0.0206260 1.6801518 0.0531168 -0.4158734 -0.2760529 0.8665127 49 62 84 255
-0.1027295 1.6942628 -0.0318108 -0.9051890 -0.1666190 0.3909871 49 61 83 255
-0.2457772 0.0235670 -0.3024015 -0.5038668 -0.7099226 -0.4920654 118 140 141 255
-0.1927797 0.0112661 -0.3009195 -0.1943014 -0.9270546 -0.3206505 125 152 154 255
-0.2730111 0.0363578 -0.2523823 -0.9683402 0.1549037 -0.1957604 33 43 61 255
0.0318518 0.6431946 -0.0425463 0.8343322 -0.2602221 0.4859778 143 174 174 255
-0.0025341 0.6503962 0.0163851 0.4506035 -0.3987393 0.7987261 150 177 177 255
-0.0268535 0.6164078 -0.0056753 0.0583372 -0.6685944 0.7413356 148 176 176 255
0.1940069 0.0259096 0.1624699 0.5317556 0.7350851 -0.4205780 201 164 109 255
0.2128574 0.0067787 0.2296247 0.5415781 -0.8406397 0.0042452 200 165 110 255
0.1946786 0.0040506 0.1659613 0.2637502 -0.9476881 -0.1797862 201 164 109 255
-0.1730291 1.0347383 -0.0059605 -0.8609602 0.4845031 -0.1549323 127 161 161 255
-0.2067389 0.9283421 -0.0123892 -0.9396502 0.1623351 -0.3011723 124 154 152 255
-0.2047214 0.9458568 0.0648146 -0.8536942 0.4798079 0.2024616 119 150 149 255
-0.0215201 1.6014237 0.0005093 -0.7107765 -0.0725226 0.6996693 141 174 173 255
0.0814764 1.5759137 0.0246019 0.1907471 -0.1012521 0.9764032 58 70 94 255
-0.0206260 1.6801518 0.0531168 -0.4158734 -0.2760529 0.8665127 49 62 84 255
-0.0524314 0.9427455 0.2573242 -0.3209722 0.0449860 0.9460196 32 20 12 255
0.0807453 0.8330802 0.2610645 0.1254096 -0.0795968 0.9889069 31 19 10 255
0.0450056 0.9620117 0.2567692 0.2216582 0.3419374 0.9132066 34 20 13 255
0.1292222 1.4687291 0.1932001 0.3696754 0.7963316 0.4787444 114 118 103 255
0.0734404 1.4754958 0.1221848 -0.3444896 0.7125879 0.6111836 178 124 66 255
0.0710773 1.4493078 0.1755219 -0.7513561 0.4344462 0.4967097 140 169 170 255
0.1499557 1.3513197 0.1529827 0.1162532 -0.5907812 -0.7984126 143 170 171 255
0.1098400 1.4114046 0.1146431 -0.4323432 -0.6585692 -0.6159268 144 170 172 255
0.1546351 1.4258726 0.1018324 0.7627929 -0.3992174 -0.5086967 143 169 171 255
0.0948883 0.1179901 0.3141747 0.9737487 -0.0347056 -0.2249643 23 3 1 255
0.1138663 0.0846545 0.3071747 0.7338613 0.6013411 0.3159690 172 144 95 255
0.1243847 0.0526684 0.1953735 -0.0893470 0.8377022 -0.5387693 198 166 114 255
-0.0529863 1.5261676 -0.0554104 0.0133941 -0.9754064 0.2200070 142 173 171 255
-0.0545240 1.5719752 -0.0107946 -0.5854858 -0.5773131 0.5691361 145 176 174 255
-0.0700579 1.5668432 -0.0385523 -0.8942109 0.1506034 0.4215513 143 173 171 255
0.0372990 1.5130250 0.0319433 -0.4450490 0.8191816 0.3617637 118 146 145 255
0.1472517 1.4805940 0.0790634 0.6698220 0.7117145 -0.2116626 89 132 115 255
0.0719822 1.5159936 0.0152283 0.1039872 0.7138647 0.6925200 112 147 144 255
0.1809741 0.3691712 0.2173634 0.9687200 -0.2234378 0.1079689 200 149 88 255
0.1478878 0.3938242 0.2605896 0.2699893 0.4679738 0.8414905 201 150 89 255
0.0840327 0.1511319 0.3473186 0.4226792 0.2017506 0.8835378 181 132 74 255
-0.0025341 0.6503962 0.0163851 0.4506035 -0.3987393 0.7987261 150 177 177 255
0.0318518 0.6431946 -0.0425463 0.8343322 -0.2602221 0.4859778 143 174 174 255
0.0483381 0.6758489 -0.0391312 0.9705508 -0.0034164 0.2408726 152 177 177 255
-0.1634825 1.4146241 -0.0795135 -0.9038221 -0.0228749 0.4272963 130 156 158 255
0.0734404 1.4754958 0.1221848 -0.3444896 0.7125879 0.6111836 178 124 66 255
0.0372990 1.5130250 0.0319433 -0.3944051 0.7679946 0.5046076 187 141 87 255
0.0734404 1.4754958 0.1221848 -0.6510975 0.5939263 0.4725713 108 126 134 255
0.0469869 1.4195936 0.1349888 -0.3547778 0.1254366 0.9264979 109 127 135 255
0.0723153 1.4453642 0.1411705 -0.1521908 -0.7772769 0.6104741 118 138 140 255
0.1717486 1.6405154 -0.2072992 0.6748281 -0.6434113 -0.3614261 201 156 97 255
0.1986057 1.6890751 -0.1643047 0.9104049 -0.0563141 -0.4098678 176 150 109 255
0.1720977 1.6389347 -0.1663160 0.9612737 -0.2749541 -0.0187962 200 158 99 255
0.1478878 0.3938242 0.2605896 0.2699893 0.4679738 0.8414905 201 150 89 255
0.1809741 0.3691712 0.2173634 0.9687200 -0.2234378 0.1079689 200 149 88 255
0.1957319 0.4808119 0.1436663 0.8578988 0.0121574 0.5136749 200 154 96 255
0.1983728 0.4772417 0.0451212 0.8199849 -0.2729782 -0.5030982 67 77 79 255
0.1513948 0.3661769 0.1046972 0.3202379 -0.5554425 -0.7674186 204 155 93 255
0.1355452 0.6667338 0.0213528 -0.0163606 -0.1384080 -0.9902402 41 26 14 255
-0.1858941 1.3652575 -0.2446451 -0.5243447 0.3627599 -0.7703688 107 141 140 255
-0.1408185 1.3493672 -0.2399664 0.6691133 -0.0697588 -0.7398791 104 142 137 255
-0.1525690 1.2669584 -0.2395573 0.6862745 0.2189826 -0.6935949 187 134 77 255
0.0155703 0.6666370 0.0443478 -0.7832917 -0.3275726 -0.5283467 39 49 64 255
0.0176271 0.6317037 0.1411333 -0.8573001 -0.4584673 0.2341888 64 74 83 255
0.0047378 0.6590440 0.1891289 -0.8340794 -0.4900291 0.2533439 78 85 88 255
0.1712795 1.2356189 0.2938738 -0.6226176 -0.1916289 0.7587000 142 169 168 255
0.2226076 1.2338659 0.3139057 0.4353316 0.0281321 0.8998305 142 170 169 255
0.1335430 1.4131417 0.2319765 -0.2161917 0.4036806 0.8889898 141 167 167 255
0.1083768 0.4268301 0.0767698 -0.4139924 -0.3236250 -0.8508098 202 154 93 255
0.1513948 0.3661769 0.1046972 0.3202379 -0.5554425 -0.7674186 204 155 93 255
0.0428078 0.3276080 0.1891422 -0.8436106 -0.1832027 -0.5047352 203 152 93 255
0.2312458 0.7557543 0.1910677 -0.7647438 0.3860478 0.5158818 127 158 164 255
0.2492927 0.8092043 0.1988659 -0.9954485 -0.0850494 -0.0429982 143 174 175 255
0.2583408 0.8148329 0.1646490 -0.9819579 -0.1038760 -0.1580135 144 174 175 255
0.0860929 1.3673904 0.1751719 -0.8124128 -0.5057736 -0.2901353 143 170 171 255
0.1712795 1.2356189 0.2938738 -0.6226176 -0.1916289 0.7587000 142 169 168 255
0.0863752 1.3960242 0.2099218 -0.7801258 -0.0144369 0.6254559 138 166 166 255
0.0176271 0.6317037 0.1411333 -0.8573001 -0.4584673 0.2341888 64 74 83 255
0.0155703 0.6666370 0.0443478 -0.7832917 -0.3275726 -0.5283467 39 49 64 255
0.0245594 0.6399313 0.0681019 -0.7644204 -0.3993900 -0.5061116 40 51 68 255
-0.0582133 1.8731845 -0.0837765 -0.6980702 0.6336370 -0.3334699 25 35 51 255
-0.0298879 1.8573122 -0.0182629 -0.1876043 0.9000339 0.3933747 36 45 63 255
0.0567825 1.8994728 -0.2034674 -0.2047302 0.9499534 -0.2359535 50 46 46 255
0.1335430 1.4131417 0.2319765 -0.2161917 0.4036806 0.8889898 141 167 167 255
0.2226076 1.2338659 0.3139057 0.4353316 0.0281321 0.8998305 142 170 169 255
0.1902034 1.4021604 0.2108994 0.6882367 0.5053671 0.5205136 125 152 150 255
-0.2666813 0.9020588 -0.3561649 -0.4563794 0.3286196 0.8268779 203 157 99 255
-0.2403731 0.8476128 -0.3363762 0.1588230 0.6746152 0.7208812 197 153 94 255
-0.2003408 0.8403271 -0.3190403 -0.2645149 0.1512270 0.9524508 198 150 92 255
0.0674480 1.6204208 -0.2786598 -0.1576855 -0.2087497 -0.9651730 204 157 99 255
0.0653481 1.6540428 -0.2376785 0.2351891 -0.1227220 -0.9641708 204 156 97 255
0.0810948 1.6005132 -0.2431364 0.3354674 -0.0519538 -0.9406181 203 155 96 255
0.0710773 1.4493078 0.1755219 -0.7513561 0.4344462 0.4967097 140 169 170 255
0.1335430 1.4131417 0.2319765 -0.2161917 0.4036806 0.8889898 141 167 167 255
0.1292222 1.4687291 0.1932001 0.3696754 0.7963316 0.4787444 114 118 103 255
-0.2998526 0.0365224 -0.0769911 -0.9989504 0.0451496 0.0077297 130 153 152 255
-0.2413388 0.1000843 -0.1536531 -0.4608074 0.7729812 -0.4360697 122 147 148 255
-0.2730111 0.0363578 -0.2523823 -0.9683402 0.1549037 -0.1957604 33 43 61 255
-0.1012045 0.6961569 -0.1870718 -0.4910673 -0.0773207 -0.8676834 47 54 75 255
-0.0490422 0.6971333 -0.1913023 -0.2891052 0.0128514 -0.9572111 51 62 83 255
-0.1372038 0.6588280 -0.1240339 -0.8361706 -0.4186088 -0.3543802 147 178 177 255
-0.2018692 1.1533125 -0.2240887 -0.5543955 -0.5522866 0.6225955 137 154 151 255
-0.1404640 1.3284144 -0.1429367 0.4787495 -0.3325212 0.8125446 122 140 141 255
-0.2086772 1.2361365 -0.1899691 -0.6652647 -0.3853832 0.6394550 194 142 82 255
-0.1858941 1.3652575 -0.2446451 -0.5243447 0.3627599 -0.7703688 107 141 140 255
-0.2158845 1.2204253 -0.2567167 -0.8369140 0.0760328 -0.5420278 196 147 86 255
-0.2201601 1.3560541 -0.1811342 -0.9951897 0.0893820 0.0401058 116 142 144 255
0.0209295 1.2371695 -0.2280111 -0.3606506 -0.1049317 -0.9267796 66 23 26 255
-0.0508086 1.3152018 -0.1809235 -0.7449104 -0.1962926 -0.6376346 129 155 155 255
-0.0655000 1.4223996 -0.1884127 0.0023901 0.0398871 -0.9992014 138 166 169 255
0.1996438 0.7801349 0.0891247 0.9553705 0.2401088 -0.1720907 46 30 18 255
0.1552554 0.7543606 0.0143251 0.1799742 0.2286738 -0.9567223 51 34 21 255
0.1550637 0.7924382 0.0349398 0.5017875 0.4122032 -0.7604590 42 27 16 255
0.1319030 0.0023034 0.1669579 -0.8123970 0.1897923 -0.5513530 200 163 108 255
0.0694922 0.0218112 0.2603312 -0.6557140 -0.6432353 -0.3953322 190 166 123 255
0.1243847 0.0526684 0.1953735 -0.0893470 0.8377022 -0.5387693 198 166 114 255
-0.2368662 0.7831022 -0.2700815 -0.0772243 -0.9008783 -0.4271472 142 167 172 255
-0.2630182 0.7919562 -0.2840271 -0.1813420 -0.8191559 -0.5441496 142 167 172 255
-0.1881794 0.8108586 -0.3374233 0.5753798 -0.6733180 -0.4643068 162 149 124 255
0.0674480 1.6204208 -0.2786598 -0.1576855 -0.2087497 -0.9651730 204 157 99 255
0.0520200 1.7182202 -0.2558422 0.2520331 0.0829634 -0.9641558 204 159 101 255
0.0653481 1.6540428 -0.2376785 0.2351891 -0.1227220 -0.9641708 204 156 97 255
0.0718718 0.6596009 0.2413292 -0.2669903 -0.4384786 0.8581682 75 87 88 255
0.0960938 0.7557138 0.2576723 0.1175459 -0.0771065 0.9900694 35 22 13 255
-0.0128364 0.7177068 0.2067671 -0.7777223 -0.3670797 0.5102946 70 74 77 255
-0.1939823 0.8453525 -0.2423058 -0.8592243 0.4506770 -0.2421235 109 127 135 255
-0.1541076 0.9014862 -0.2793293 -0.4888054 0.5661987 0.6636930 201 158 104 255
-0.1998554 0.8237540 -0.2616653 -0.8623829 0.4590261 -0.2135197 72 75 77 255
0.1550637 0.7924382 0.0349398 0.5017875 0.4122032 -0.7604590 42 27 16 255
0.1960989 0.8053829 0.1371899 0.9470752 0.3175718 -0.0468708 43 26 16 255
0.1996438 0.7801349 0.0891247 0.9553705 0.2401088 -0.1720907 46 30 18 255
0.1442769 1.7147005 -0.2629251 0.0470363 0.5396264 -0.8405898 202 157 98 255
0.1537011 1.7279900 -0.2349052 0.7207507 0.4056908 -0.5620795 204 163 106 255
0.1866773 1.7145230 -0.2447786 0.5450902 0.3132047 -0.7776756 202 158 100 255
0.0891867 1.5374912 0.0160179 0.3965366 -0.7098025 0.5821847 55 69 88 255
0.0814764 1.5759137 0.0246019 0.1907471 -0.1012521 0.9764032 58 70 94 255
0.0403824 1.5370529 0.0204067 -0.1329869 -0.9910266 0.0134479 54 67 89 255
0.0498213 1.7822167 -0.2493696 0.2404557 0.1697856 -0.9556955 72 76 78 255
0.1011301 1.7555152 -0.2656403 0.0665243 -0.3345920 -0.9400121 66 70 71 255
0.0520200 1.7182202 -0.2558422 0.2403169 0.0761621 -0.9677020 71 75 77 255
0.0261762 0.8071748 -0.0004492 0.9851484 -0.1714959 -0.0084762 38 48 65 255
0.0484772 0.8083536 0.0321846 0.3072732 -0.4255593 -0.8511654 37 47 65 255
-0.0157965 0.7784769 0.0673246 0.5011369 -0.4950809 0.7097582 34 42 59 255
-0.1006333 1.4179837 -0.1571922 0.5339108 -0.7589053 0.3728298 128 149 149 255
-0.0989177 1.4004300 -0.1922541 0.8621359 -0.2217558 -0.4555723 126 148 149 255
-0.0655000 1.4223996 -0.1884127 0.1547954 -0.6815073 -0.7152525 124 145 146 255
0.1960989 0.8053829 0.1371899 0.9470752 0.3175718 -0.0468708 43 26 16 255
0.1368521 0.8883220 0.0738420 0.8360134 0.2573897 -0.4845949 36 23 14 255
0.1557068 0.8886355 0.1107950 0.8969604 0.4113418 -0.1620494 34 21 12 255
-0.0251176 0.8049784 0.2346048 -0.4440698 -0.3320419 0.8321960 58 56 56 255
0.0807453 0.8330802 0.2610645 0.1254096 -0.0795968 0.9889069 31 19 10 255
-0.0524314 0.9427455 0.2573242 -0.3209722 0.0449860 0.9460196 32 20 12 255
-0.0508086 1.3152018 -0.1809235 -0.7449104 -0.1962926 -0.6376346 129 155 155 255
-0.1079907 1.1410462 -0.0869780 -0.7813726 -0.1583330 -0.6036451 146 177 177 255
-0.1634825 1.4146241 -0.0795135 -0.9240980 0.1261103 0.3607480 126 156 155 255
0.0424655 0.7146551 0.0226259 -0.3242710 0.0614674 -0.9439651 38 24 14 255
0.0484772 0.8083536 0.0321846 0.0058724 0.0361919 -0.9993276 40 27 17 255
0.1552554 0.7543606 0.0143251 0.1799742 0.2286738 -0.9567223 51 34 21 255
-0.0718223 1.5497725 -0.1532860 -0.8155478 -0.2760142 -0.5086236 125 156 155 255
-0.0599231 1.5121532 -0.1160450 -0.5663034 -0.8110567 -0.1465862 127 160 157 255
-0.0849809 1.5611183 -0.0793371 -0.9551899 -0.2763395 0.1060589 147 174 174 255
0.1996438 0.7801349 0.0891247 0.9553705 0.2401088 -0.1720907 46 30 18 255
0.1948832 0.7140176 0.0432615 0.9361345 0.0180615 -0.3511782 40 25 14 255
0.1552554 0.7543606 0.0143251 0.1799742 0.2286738 -0.9567223 51 34 21 255
-0.0251176 0.8049784 0.2346048 -0.4440698 -0.3320419 0.8321960 58 56 56 255
-0.1067907 0.8408171 0.1648827 -0.5464616 -0.5225997 0.6544228 54 57 54 255
-0.0551904 0.7897957 0.1537104 -0.8978712 -0.4401523 -0.0096524 29 16 8 255
0.2657536 0.7804889 0.1344490 0.7738105 -0.6022787 -0.1961572 138 166 165 255
0.2197124 0.7394528 0.1498260 0.6469606 -0.7577627 -0.0850751 31 41 54 255
0.2172444 0.7560948 0.1338406 0.3253971 -0.6295151 -0.7055689 30 40 53 255
0.2026266 0.7179836 0.1742754 0.9148408 0.0625011 0.3989486 39 24 15 255
0.2038394 0.6883404 0.1386919 0.9584782 -0.1089358 0.2635385 30 19 10 255
0.1948832 0.7140176 0.0432615 0.9361345 0.0180615 -0.3511782 40 25 14 255
0.1467695 1.4297059 0.0424423 0.0515463 -0.6110987 0.7898743 108 126 125 255
0.2366502 1.2572985 -0.0668545 0.9183843 0.2299650 -0.3220038 128 157 158 255
0.1472517 1.4805940 0.0790634 0.6644907 0.7153658 -0.2161106 126 146 146 255
0.0428078 0.3276080 0.1891422 -0.8520913 -0.1823673 -0.4905940 64 76 80 255
0.0834957 0.1423954 0.2681751 -0.2476489 -0.5002622 -0.8297035 119 147 154 255
0.0204112 0.1149757 0.3135204 -0.9011276 -0.0999938 -0.4218651 197 158 105 255
-0.1705733 0.8123723 0.1214523 -0.6460972 -0.2997040 0.7019514 111 143 145 255
-0.2240419 0.9097315 0.0667458 -0.9627090 -0.0951061 0.2532710 119 149 149 255
-0.1632099 0.7752384 0.0874834 -0.7667333 -0.4219253 0.4838378 112 144 145 255
0.0613276 0.1054317 0.2788649 -0.7274858 0.2106389 -0.6529897 128 85 39 255
0.0834957 0.1423954 0.2681751 -0.2983547 -0.4694170 -0.8310428 189 140 85 255
0.0948883 0.1179901 0.3141747 0.9737487 -0.0347056 -0.2249643 23 3 1 255
-0.0251176 0.8049784 0.2346048 -0.4440698 -0.3320419 0.8321960 58 56 56 255
-0.0551904 0.7897957 0.1537104 -0.8978712 -0.4401523 -0.0096524 29 16 8 255
-0.0128364 0.7177068 0.2067671 -0.7777223 -0.3670797 0.5102946 70 74 77 255
0.0045586 1.5915513 -0.0649137 -0.6670976 0.4124070 0.6204041 36 23 14 255
0.0719822 1.5159936 0.0152283 0.1039872 0.7138647 0.6925200 112 147 144 255
0.0623636 1.5803778 -0.0349989 0.2590779 0.6125102 0.7467998 57 54 50 255
-0.1067907 0.8408171 0.1648827 -0.5464616 -0.5225997 0.6544228 54 57 54 255
-0.0847040 0.8745092 0.2239981 -0.7050945 -0.1626562 0.6902062 27 20 16 255
-0.1768438 0.9420796 0.1268444 -0.7445133 0.2408713 0.6226403 113 145 142 255
-0.2086772 1.2361365 -0.1899691 -0.6652647 -0.3853832 0.6394550 194 142 82 255
-0.2201601 1.3560541 -0.1811342 -0.9951897 0.0893820 0.0401058 116 142 144 255
-0.2158845 1.2204253 -0.2567167 -0.8369140 0.0760328 -0.5420278 196 147 86 255
-0.0931012 1.0580378 0.1113701 -0.5970790 0.6259788 0.5016443 112 133 140 255
-0.0901863 0.9658917 0.2022657 -0.5980988 0.4739038 0.6462916 28 20 14 255
-0.0245700 1.0833513 0.1397820 -0.5516793 0.5012608 0.6666240 100 106 107 255
-0.1088840 1.1653280 -0.0107403 -0.7990283 0.1331313 0.5863700 2 0 1 255
0.0469869 1.4195936 0.1349888 -0.3547778 0.1254366 0.9264979 109 127 135 255
-0.1634825 1.4146241 -0.0795135 -0.9119411 0.1206919 0.3921696 33 22 12 255
-0.1759683 0.6960769 -0.0248070 -0.8485613 -0.4318294 0.3057239 144 171 170 255
-0.1632099 0.7752384 0.0874834 -0.7667333 -0.4219253 0.4838378 112 144 145 255
-0.2027819 0.7732584 -0.0230341 -0.9776323 -0.2024430 -0.0570270 126 158 158 255
0.0948883 0.1179901 0.3141747 0.9737487 -0.0347056 -0.2249643 23 3 1 255
0.1809741 0.3691712 0.2173634 0.9687200 -0.2234378 0.1079689 200 149 88 255
0.0840327 0.1511319 0.3473186 0.4226792 0.2017506 0.8835378 181 132 74 255
0.0567349 1.7023069 0.0645027 0.2658546 0.0000894 0.9640131 42 54 72 255
0.0665583 1.8235219 0.0317621 0.4509795 0.5237671 0.7226932 40 47 62 255
-0.0375182 1.7959059 0.0398655 -0.4937981 0.2778634 0.8239875 55 68 89 255
0.1319030 0.0023034 0.1669579 -0.8123970 0.1897923 -0.5513530 200 163 108 255
0.1243847 0.0526684 0.1953735 -0.0893470 0.8377022 -0.5387693 198 166 114 255
0.1576294 0.0163041 0.1285706 -0.1737075 0.7008806 -0.6918035 200 164 109 255
0.1319030 0.0023034 0.1669579 -0.0197472 -0.9979530 0.0608273 115 139 137 255
0.1756620 0.0122903 0.2037668 0.0051740 -0.9978982 0.0645934 200 165 111 255
0.1883590 0.0107196 0.2694740 0.0373610 -0.9944959 0.0978882 199 165 112 255
0.1296477 1.5899144 -0.2609940 0.1479723 -0.1557383 -0.9766523 202 156 95 255
0.0810948 1.6005132 -0.2431364 0.3354674 -0.0519538 -0.9406181 203 155 96 255
0.1042326 1.6150956 -0.2400179 0.3387661 0.7658763 -0.5465080 202 155 95 255
-0.0257220 0.3805389 -0.2095680 0.5386298 -0.5154574 -0.6664696 35 45 60 255
-0.1556858 0.3908706 -0.1705952 -0.6699742 0.1992739 -0.7151395 30 40 60 255
0.0271677 0.4532584 -0.2360821 0.0014690 -0.1363606 -0.9906583 51 61 79 255
0.1066568 0.9948427 -0.0172329 0.8681383 -0.2338981 -0.4377527 130 161 160 255
0.1260452 0.9950287 0.0453644 0.9609925 0.1581795 -0.2268759 124 151 151 255
0.1129685 0.9820655 0.0043936 0.9502524 0.0467064 -0.3079593 132 160 162 255
0.0082955 0.8077719 -0.1411295 0.4315191 0.6060497 -0.6682028 51 64 85 255
-0.0583577 0.8568301 -0.1257362 0.0184925 0.5663313 -0.8239703 49 63 84 255
-0.0221081 0.8827455 -0.0884399 0.4742547 0.5014350 -0.7236334 33 43 60 255
0.0516091 1.4962465 -0.2073011 0.2839194 -0.9340711 0.2165666 194 137 75 255
-0.0599231 1.5121532 -0.1160450 -0.5663034 -0.8110567 -0.1465862 127 160 157 255
0.0392036 1.5121985 -0.2361383 -0.4887332 -0.4366772 -0.7552834 191 136 75 255
0.2152229 0.0264060 0.2081699 0.4672672 0.8695506 -0.1598226 199 163 109 255
0.2072497 0.0268495 0.2644653 0.7065952 0.4170053 0.5716903 200 165 110 255
0.2128574 0.0067787 0.2296247 0.5415781 -0.8406397 0.0042452 200 165 110 255
0.1243847 0.0526684 0.1953735 -0.0893470 0.8377022 -0.5387693 198 166 114 255
0.0694922 0.0218112 0.2603312 -0.6557140 -0.6432353 -0.3953322 190 166 123 255
0.0613276 0.1054317 0.2788649 -0.7274858 0.2106389 -0.6529897 128 85 39 255
-0.0128364 0.7177068 0.2067671 -0.7777223 -0.3670797 0.5102946 70 74 77 255
-0.0551904 0.7897957 0.1537104 -0.8978712 -0.4401523 -0.0096524 29 16 8 255
0.0042405 0.6982296 0.0527983 -0.9047552 -0.2875214 -0.3142441 35 45 59 255
0.0042405 0.6982296 0.0527983 -0.9047552 -0.2875214 -0.3142441 35 45 59 255
0.0155703 0.6666370 0.0443478 -0.7832917 -0.3275726 -0.5283467 39 49 64 255
-0.0128364 0.7177068 0.2067671 -0.7777223 -0.3670797 0.5102946 70 74 77 255
-0.0298879 1.8573122 -0.0182629 -0.1876043 0.9000339 0.3933747 36 45 63 255
0.0665583 1.8235219 0.0317621 0.4509795 0.5237671 0.7226932 40 47 62 255
0.0462621 1.8899362 -0.0577126 0.1814131 0.9422819 0.2814142 50 46 46 255
0.0042405 0.6982296 0.0527983 -0.8853679 -0.2495001 -0.3922670 46 29 16 255
-0.0157965 0.7784769 0.0673246 -0.7127768 -0.1104454 -0.6926405 41 26 14 255
0.0424655 0.7146551 0.0226259 -0.3242710 0.0614674 -0.9439651 38 24 14 255
-0.0257220 0.3805389 -0.2095680 0.5386298 -0.5154574 -0.6664696 35 45 60 255
-0.1926994 0.1091017 -0.1398277 -0.3348447 0.1446824 -0.9310994 115 143 141 255
-0.1556858 0.3908706 -0.1705952 -0.6699742 0.1992739 -0.7151395 30 40 60 255
0.2152229 0.0264060 0.2081699 0.4672672 0.8695506 -0.1598226 199 163 109 255
0.1940069 0.0259096 0.1624699 0.5317556 0.7350851 -0.4205780 201 164 109 255
0.1243847 0.0526684 0.1953735 -0.0893470 0.8377022 -0.5387693 198 166 114 255
0.1009366 0.6609125 0.2189932 0.3470827 -0.3167100 0.8827391 72 85 88 255
0.2038394 0.6883404 0.1386919 0.9584782 -0.1089358 0.2635385 30 19 10 255
0.1443158 0.6757850 0.2370558 0.5621603 -0.4018286 0.7228483 30 20 11 255
0.0710773 1.4493078 0.1755219 -0.7513561 0.4344462 0.4967097 140 169 170 255
0.0723153 1.4453642 0.1411705 -0.8220881 -0.5505594 -0.1451049 140 166 167 255
0.0860929 1.3673904 0.1751719 -0.8124128 -0.5057736 -0.2901353 143 170 171 255
0.1243847 0.0526684 0.1953735 -0.0893470 0.8377022 -0.5387693 198 166 114 255
0.1138663 0.0846545 0.3071747 0.7338613 0.6013411 0.3159690 172 144 95 255
0.2152229 0.0264060 0.2081699 0.4672672 0.8695506 -0.1598226 199 163 109 255
0.1953542 1.7692159 -0.1571922 0.8996033 0.1341387 -0.4155967 203 167 112 255
0.2213588 1.6893214 -0.1249132 0.9605526 -0.0403606 0.2751537 57 49 49 255
0.1986057 1.6890751 -0.1643047 0.9104300 -0.0562617 -0.4098192 198 156 97 255
-0.0025341 0.6503962 0.0163851 0.4506035 -0.3987393 0.7987261 150 177 177 255
-0.1040288 0.6799722 0.0512581 -0.1672872 -0.5156355 0.8403184 78 24 25 255
-0.0268535 0.6164078 -0.0056753 0.0583372 -0.6685944 0.7413356 148 176 176 255
0.0788336 1.2309724 -0.2283678 0.5672132 0.0882003 -0.8188344 76 48 49 255
0.0573836 1.1517021 -0.1749516 0.3725402 -0.5418777 -0.7533807 148 176 175 255
0.0209295 1.2371695 -0.2280111 -0.3606506 -0.1049317 -0.9267796 66 23 26 255
0.0176271 0.6317037 0.1411333 -0.8573001 -0.4584673 0.2341888 64 74 83 255
0.0533090 0.6510906 0.1953497 -0.4255044 -0.5398411 0.7263042 74 85 87 255
0.0718718 0.6596009 0.2413292 -0.2669903 -0.4384786 0.8581682 75 87 88 255
0.1257095 1.7400382 -0.2289925 0.2078943 0.3160581 -0.9256822 184 133 77 255
0.0520200 1.7182202 -0.2558422 0.2403169 0.0761621 -0.9677020 71 75 77 255
0.1011301 1.7555152 -0.2656403 0.0665243 -0.3345920 -0.9400121 66 70 71 255
0.0613276 0.1054317 0.2788649 -0.7274858 0.2106389 -0.6529897 128 85 39 255
0.0948883 0.1179901 0.3141747 0.9737487 -0.0347056 -0.2249643 23 3 1 255
0.1243847 0.0526684 0.1953735 -0.0893470 0.8377022 -0.5387693 198 166 114 255
-0.0901863 0.9658917 0.2022657 -0.5980988 0.4739038 0.6462916 28 20 14 255
-0.0131058 0.9772255 0.2437010 -0.2945877 0.5680113 0.7684928 36 23 14 255
0.0097988 1.0441910 0.2068415 -0.0194049 0.6077463 0.7938942 39 25 15 255
0.0788336 1.2309724 -0.2283678 0.5672132 0.0882003 -0.8188344 76 48 49 255
0.1778296 1.1680373 -0.0646324 0.8509381 -0.4561136 -0.2605089 142 174 173 255
0.0573836 1.1517021 -0.1749516 0.3725402 -0.5418777 -0.7533807 148 176 175 255
0.0723153 1.4453642 0.1411705 -0.1521908 -0.7772769 0.6104741 118 138 140 255
0.0469869 1.4195936 0.1349888 -0.3547778 0.1254366 0.9264979 109 127 135 255
0.1467695 1.4297059 0.0424423 0.8600770 0.0191688 0.5098042 108 161 152 255
0.2072497 0.0268495 0.2644653 0.7065952 0.4170053 0.5716903 200 165 110 255
0.0631563 0.0237307 0.3960752 0.4425480 -0.0076962 0.8967118 189 163 119 255
0.1883590 0.0107196 0.2694740 0.0373610 -0.9944959 0.0978882 199 165 112 255
0.0261762 0.8071748 -0.0004492 0.9851484 -0.1714959 -0.0084762 38 48 65 255
-0.0156633 0.7784277 0.0671711 0.8422692 0.0388269 0.5376570 46 60 79 255
0.0207176 0.7072146 0.0153217 0.7804375 -0.1696005 0.6017916 53 65 87 255
-0.2047214 0.9458568 0.0648146 -0.8536942 0.4798079 0.2024616 119 150 149 255
-0.1380127 1.0577144 0.0342131 -0.7640917 0.5240565 0.3762029 139 170 168 255
-0.1730291 1.0347383 -0.0059605 -0.8609602 0.4845031 -0.1549323 127 161 161 255
0.0428078 0.3276080 0.1891422 -0.8520913 -0.1823673 -0.4905940 64 76 80 255
0.0204112 0.1149757 0.3135204 -0.9011276 -0.0999938 -0.4218651 197 158 105 255
0.0344954 0.1554967 0.3472595 -0.7562010 0.2932904 0.5849280 191 144 87 255
-0.1429737 1.0318672 -0.0571852 -0.8952470 0.2900097 -0.3382706 124 159 159 255
-0.1730291 1.0347383 -0.0059605 -0.8609602 0.4845031 -0.1549323 127 161 161 255
-0.1380127 1.0577144 0.0342131 -0.7640917 0.5240565 0.3762029 139 170 168 255
0.0450056 0.9620117 0.2567692 0.2216582 0.3419374 0.9132066 34 20 13 255
0.0097988 1.0441910 0.2068415 -0.0194049 0.6077463 0.7938942 39 25 15 255
-0.0131058 0.9772255 0.2437010 -0.2945877 0.5680113 0.7684928 36 23 14 255
-0.2644935 0.8811271 -0.3532076 0.2353521 0.8649095 0.4433293 203 157 98 255
-0.2943535 0.9030216 -0.3480558 0.6136576 0.7889906 0.0303044 201 156 98 255
-0.2660027 0.8905738 -0.3200598 0.8346511 0.5507747 -0.0022264 202 156 96 255
0.0620113 0.4741161 -0.1720219 0.9904261 -0.1340631 -0.0329130 56 66 82 255
0.0493237 0.6693803 -0.1168184 0.9971197 -0.0619580 -0.0437435 49 59 79 255
0.0318518 0.6431946 -0.0425463 0.8250597 -0.2306413 0.5158305 136 104 62 255
-0.0356118 0.7867361 -0.1723337 0.1071343 0.4572648 -0.8828539 56 69 91 255
-0.0916664 0.8007341 -0.1559343 -0.2797943 0.4640878 -0.8404390 48 61 82 255
0.0082955 0.8077719 -0.1411295 0.4315191 0.6060497 -0.6682028 51 64 85 255
-0.1100727 0.6064410 -0.0026388 -0.2930138 -0.8961954 0.3331318 147 175 174 255
-0.0268535 0.6164078 -0.0056753 0.0583372 -0.6685944 0.7413356 148 176 176 255
-0.1040288 0.6799722 0.0512581 -0.1672872 -0.5156355 0.8403184 78 24 25 255
-0.1554436 1.1922319 -0.2991047 0.1806785 0.5192184 -0.8353248 201 153 93 255
-0.1525690 1.2669584 -0.2395573 0.6862745 0.2189826 -0.6935949 187 134 77 255
-0.1384081 1.1920408 -0.2311087 0.8958989 0.0368226 0.4427292 200 150 89 255
-0.2455714 0.8041980 -0.2643442 -0.4270042 0.8235828 0.3733349 143 167 172 255
-0.2630182 0.7919562 -0.2840271 -0.7068408 0.6768499 0.2055487 142 167 172 255
-0.2368662 0.7831022 -0.2700815 0.7063904 -0.0263351 0.7073326 143 166 172 255
0.1260452 0.9950287 0.0453644 0.9637734 0.1538688 -0.2178650 45 29 19 255
0.1334731 1.0242517 0.1214352 0.9772730 0.2019455 0.0644617 40 25 15 255
0.1270792 0.9500780 0.0423985 0.9693171 -0.1744626 -0.1731687 41 26 14 255
-0.0988385 1.7159048 -0.1491604 -0.9157668 0.1002193 -0.3890081 34 43 61 255
-0.1027295 1.6942628 -0.0318108 -0.9051890 -0.1666190 0.3909871 49 61 83 255
-0.0952494 1.8229709 -0.0608168 -0.9272952 0.3104119 0.2092080 32 42 58 255
-0.1927797 0.0112661 -0.3009195 -0.1943014 -0.9270546 -0.3206505 125 152 154 255
-0.1309932 0.0071002 -0.2993031 0.9935626 0.0942981 0.0627786 97 124 126 255
-0.1576809 0.0000000 -0.2545300 0.2837425 -0.9382895 0.1977448 130 157 159 255
-0.2067389 0.9283421 -0.0123892 -0.9396502 0.1623351 -0.3011723 124 154 152 255
-0.1843870 0.8870351 -0.0600672 -0.7640899 0.0923055 -0.6384717 24 32 51 255
-0.2027819 0.7732584 -0.0230341 -0.9776323 -0.2024430 -0.0570270 126 158 158 255
-0.0931012 1.0580378 0.1113701 -0.5970790 0.6259788 0.5016443 112 133 140 255
-0.1380127 1.0577144 0.0342131 -0.7556219 0.5630991 0.3345964 11 2 1 255
-0.1768438 0.9420796 0.1268444 -0.7445133 0.2408713 0.6226403 113 145 142 255
-0.1858941 1.3652575 -0.2446451 -0.5243447 0.3627599 -0.7703688 107 141 140 255
-0.1980183 1.4348362 -0.1559544 -0.7411509 0.6343850 -0.2196615 114 148 147 255
-0.1092541 1.4816687 -0.1259089 -0.3159682 0.9484057 0.0262799 122 141 143 255
-0.0008416 1.4508644 -0.1578665 0.3874611 0.4099148 -0.8257384 140 171 170 255
0.1070818 1.4425114 -0.0789175 0.7460591 0.1964582 -0.6362391 101 86 85 255
0.1116133 1.4219220 -0.1129074 0.6292319 0.4207456 -0.6534833 123 149 148 255
-0.0957537 0.7755629 0.1081858 0.1752950 -0.4808531 0.8590995 114 140 136 255
-0.1040288 0.6799722 0.0512581 -0.1672872 -0.5156355 0.8403184 78 24 25 255
0.0207176 0.7072146 0.0153217 0.7707431 -0.1663935 0.6150353 137 162 163 255
0.1559308 1.6434553 -0.2463169 0.2661051 -0.8308073 -0.4888224 202 154 93 255
0.1288440 1.6765257 -0.2711296 -0.0278547 -0.0214154 -0.9993825 202 155 94 255
0.1876095 1.6669999 -0.2301435 0.9405113 -0.0801668 -0.3301691 203 157 97 255
0.1876095 1.6669999 -0.2301435 0.9404932 -0.0801911 -0.3302150 204 159 100 255
0.1537011 1.7279900 -0.2349052 0.7207295 0.4057184 -0.5620867 204 163 108 255
0.1736313 1.7086855 -0.1987438 0.7847828 0.1919060 -0.5893116 204 161 104 255
0.1230081 1.0410083 0.0918646 0.9806400 -0.1875606 0.0562698 42 26 15 255
0.1053880 1.0722235 0.1325760 0.7220160 0.0845356 0.6866925 42 29 19 255
0.1334731 1.0242517 0.1214352 0.9772730 0.2019455 0.0644617 40 25 15 255
-0.0206260 1.6801518 0.0531168 -0.4158734 -0.2760529 0.8665127 49 62 84 255
0.0567349 1.7023069 0.0645027 0.2658546 0.0000894 0.9640131 42 54 72 255
-0.0375182 1.7959059 0.0398655 -0.4937981 0.2778634 0.8239875 55 68 89 255
-0.0215201 1.6014237 0.0005093 -0.7107765 -0.0725226 0.6996693 141 174 173 255
0.0033987 1.5741505 0.0283794 -0.1391913 0.1344227 0.9810995 49 62 76 255
0.0814764 1.5759137 0.0246019 0.1907471 -0.1012521 0.9764032 58 70 94 255
0.0613276 0.1054317 0.2788649 -0.6211967 0.0618765 -0.7812079 105 141 152 255
0.0694922 0.0218112 0.2603312 -0.6522620 -0.6513657 -0.3876556 195 170 124 255
0.0050873 0.0143045 0.3744431 -0.7475590 -0.6634986 -0.0304214 196 171 127 255
-0.0529863 1.5261676 -0.0554104 0.0254051 -0.9768785 0.2122805 143 171 172 255
-0.0849809 1.5611183 -0.0793371 -0.9551899 -0.2763395 0.1060589 147 174 174 255
-0.0599231 1.5121532 -0.1160450 -0.5663034 -0.8110567 -0.1465862 127 160 157 255
0.0372990 1.5130250 0.0319433 -0.4450490 0.8191816 0.3617637 118 146 145 255
0.0719822 1.5159936 0.0152283 0.1039872 0.7138647 0.6925200 112 147 144 255
-0.0642491 1.5024164 -0.0933228 -0.6211492 0.6988289 0.3546998 63 62 54 255
0.2026266 0.7179836 0.1742754 0.9148408 0.0625011 0.3989486 39 24 15 255
0.1443158 0.6757850 0.2370558 0.5621603 -0.4018286 0.7228483 30 20 11 255
0.2038394 0.6883404 0.1386919 0.9584782 -0.1089358 0.2635385 30 19 10 255
-0.1600551 0.6532273 -0.1253014 -0.6830447 -0.5774218 -0.4472516 147 177 176 255
-0.1372038 0.6588280 -0.1240339 -0.8361706 -0.4186088 -0.3543802 147 178 177 255
-0.1190953 0.6264721 -0.0458164 -0.6598582 -0.6305581 0.4086363 149 179 177 255
-0.0524314 0.9427455 0.2573242 -0.3209722 0.0449860 0.9460196 32 20 12 255
-0.0901863 0.9658917 0.2022657 -0.5980988 0.4739038 0.6462916 28 20 14 255
-0.0847040 0.8745092 0.2239981 -0.7050945 -0.1626562 0.6902062 27 20 16 255
-0.0901863 0.9658917 0.2022657 -0.5980988 0.4739038 0.6462916 28 20 14 255
-0.0524314 0.9427455 0.2573242 -0.3209722 0.0449860 0.9460196 32 20 12 255
-0.0131058 0.9772255 0.2437010 -0.2945877 0.5680113 0.7684928 36 23 14 255
-0.2018692 1.1533125 -0.2240887 -0.5543955 -0.5522866 0.6225955 137 154 151 255
-0.1648681 1.1233289 -0.2320070 0.3514779 -0.4330209 0.8300338 134 161 164 255
-0.1384081 1.1920408 -0.2311087 0.9011250 -0.0345586 0.4321800 119 137 138 255
0.1581736 1.6993155 -0.0050564 0.7635821 0.0982986 0.6381847 50 62 82 255
0.1962016 1.8461899 -0.1456842 0.7536461 0.5247111 0.3958483 197 172 127 255
0.0665583 1.8235219 0.0317621 0.4509795 0.5237671 0.7226932 40 47 62 255
0.0050873 0.0143045 0.3744431 -0.7475590 -0.6634986 -0.0304214 196 171 127 255
0.0631563 0.0237307 0.3960752 0.4425480 -0.0076962 0.8967118 189 163 119 255
0.0344954 0.1554967 0.3472595 -0.7562010 0.2932904 0.5849280 191 144 87 255
0.1472517 1.4805940 0.0790634 0.8894816 0.3647016 0.2753457 134 161 162 255
0.1546351 1.4258726 0.1018324 0.7627929 -0.3992174 -0.5086967 143 169 171 255
0.1467695 1.4297059 0.0424423 0.7554638 -0.4735833 0.4527619 143 169 171 255
0.0403824 1.5370529 0.0204067 -0.1329869 -0.9910266 0.0134479 54 67 89 255
-0.0529863 1.5261676 -0.0554104 0.0133941 -0.9754064 0.2200070 142 173 171 255
0.0045586 1.5915513 -0.0649137 0.5342119 -0.7051220 -0.4662837 78 109 114 255
0.0814764 1.5759137 0.0246019 0.1907471 -0.1012521 0.9764032 58 70 94 255
0.0891867 1.5374912 0.0160179 0.3965366 -0.7098025 0.5821847 55 69 88 255
0.1318273 1.5717855 -0.0030289 0.7811290 -0.2197144 0.5844340 50 62 80 255
-0.0957537 0.7755629 0.1081858 0.1752950 -0.4808531 0.8590995 114 140 136 255
-0.0157965 0.7784769 0.0673246 0.5125330 -0.7075480 0.4865036 130 162 158 255
-0.1067907 0.8408171 0.1648827 -0.5935656 -0.5266188 0.6085659 32 41 58 255
-0.1067907 0.8408171 0.1648827 -0.5935656 -0.5266188 0.6085659 32 41 58 255
-0.1705733 0.8123723 0.1214523 -0.6460972 -0.2997040 0.7019514 111 143 145 255
-0.0957537 0.7755629 0.1081858 0.1752950 -0.4808531 0.8590995 114 140 136 255
0.1098103 1.4771493 -0.0242424 0.8664797 0.4747074 -0.1544854 118 143 148 255
0.1015368 1.5587933 -0.0656672 0.9264162 -0.2270938 0.3003024 124 151 155 255
0.0719822 1.5159936 0.0152283 0.0427046 0.7593145 0.6493212 120 154 152 255
-0.1705733 0.8123723 0.1214523 -0.6460972 -0.2997040 0.7019514 111 143 145 255
-0.1067907 0.8408171 0.1648827 -0.5935656 -0.5266188 0.6085659 32 41 58 255
-0.1768438 0.9420796 0.1268444 -0.7523409 0.2403196 0.6133756 75 115 112 255
0.2858722 0.9171369 0.1541910 0.7793396 0.0605850 -0.6236660 150 177 177 255
0.2900377 1.0076847 0.1409311 0.3553875 0.2053397 -0.9118856 139 168 169 255
0.3002996 0.9431847 0.1858215 0.8908966 -0.0177716 0.4538582 141 172 173 255
0.1132246 0.6578299 -0.0005350 -0.1356775 -0.5402074 -0.8305224 40 25 13 255
0.1355452 0.6667338 0.0213528 -0.0163606 -0.1384080 -0.9902402 41 26 14 255
0.0746425 0.6482843 0.0365314 -0.2468373 -0.4001966 -0.8825611 38 24 13 255
-0.0982270 1.0252248 -0.0933666 -0.3342237 -0.1160125 -0.9353265 128 162 162 255
-0.1096628 1.0018386 -0.0932474 -0.1554346 0.0701585 -0.9853517 124 155 154 255
-0.1429737 1.0318672 -0.0571852 -0.8952470 0.2900097 -0.3382706 124 159 159 255
0.0567349 1.7023069 0.0645027 0.2658546 0.0000894 0.9640131 42 54 72 255
0.0814764 1.5759137 0.0246019 0.1907471 -0.1012521 0.9764032 58 70 94 255
0.1581736 1.6993155 -0.0050564 0.7635821 0.0982986 0.6381847 50 62 82 255
0.0574222 0.8352285 -0.0121660 0.5867931 -0.4403379 -0.6795412 36 46 63 255
0.0261762 0.8071748 -0.0004492 0.9851484 -0.1714959 -0.0084762 38 48 65 255
-0.0069184 0.8985235 -0.0719023 0.5087025 -0.1613761 -0.8456829 20 28 42 255
-0.0797767 0.9680223 -0.3656654 0.9058156 -0.1646255 0.3903801 105 124 135 255
-0.1075181 1.1629256 -0.2796431 0.9742943 0.1715363 0.1460339 119 137 138 255
-0.1648681 1.1233289 -0.2320070 0.3514779 -0.4330209 0.8300338 134 161 164 255
-0.0190633 1.5581368 -0.1091146 0.8153321 -0.5438891 0.1985402 131 168 166 255
0.0045586 1.5915513 -0.0649137 0.5342119 -0.7051220 -0.4662837 78 109 114 255
-0.0529863 1.5261676 -0.0554104 0.0133941 -0.9754064 0.2200070 142 173 171 255
0.0948883 0.1179901 0.3141747 0.9737487 -0.0347056 -0.2249643 23 3 1 255
0.1513948 0.3661769 0.1046972 0.3202379 -0.5554425 -0.7674186 204 155 93 255
0.1809741 0.3691712 0.2173634 0.9687200 -0.2234378 0.1079689 200 149 88 255
-0.0177578 1.5398082 -0.1173916 0.6825868 -0.2310416 0.6933218 134 163 162 255
-0.0189185 1.5584174 -0.1092796 0.6982563 -0.2490333 0.6711339 138 166 165 255
-0.0355212 1.5131551 -0.1087990 0.5485268 -0.5785301 0.6036733 130 161 159 255
-0.0310319 1.4767617 -0.1342468 0.0629452 0.6266516 -0.7767532 135 164 166 255
0.0379828 1.4608661 -0.1297483 0.2788343 -0.1013982 -0.9549712 131 160 162 255
-0.0008416 1.4508644 -0.1578665 0.3532089 0.4593746 -0.8149959 132 161 163 255
0.0631563 0.0237307 0.3960752 0.4425480 -0.0076962 0.8967118 189 163 119 255
0.1138663 0.0846545 0.3071747 0.7338613 0.6013411 0.3159690 172 144 95 255
0.0840327 0.1511319 0.3473186 0.4226792 0.2017506 0.8835378 181 132 74 255
0.0484772 0.8083536 0.0321846 0.3072732 -0.4255593 -0.8511654 37 47 65 255
0.0782197 0.8448924 0.0125732 0.8100190 -0.4738779 -0.3454112 32 40 56 255
0.1020709 0.8651528 0.0513020 0.7851577 -0.2219456 -0.5781587 34 15 4 255
-0.1554436 1.1922319 -0.2991047 0.1806785 0.5192184 -0.8353248 201 153 93 255
-0.2158845 1.2204253 -0.2567167 -0.8369140 0.0760328 -0.5420278 196 147 86 255
-0.1525690 1.2669584 -0.2395573 0.6862745 0.2189826 -0.6935949 187 134 77 255
-0.1554436 1.1922319 -0.2991047 0.1806785 0.5192184 -0.8353248 201 153 93 255
-0.1384081 1.1920408 -0.2311087 0.8958989 0.0368226 0.4427292 200 150 89 255
-0.1075181 1.1629256 -0.2796431 0.9728760 0.1793799 0.1460656 203 154 94 255
-0.1384081 1.1920408 -0.2311087 0.9011250 -0.0345586 0.4321800 119 137 138 255
-0.1344820 1.2509394 -0.1914186 0.7047439 -0.4487006 0.5495487 113 133 135 255
-0.2018692 1.1533125 -0.2240887 -0.5543955 -0.5522866 0.6225955 137 154 151 255
0.0834957 0.1423954 0.2681751 -0.2983547 -0.4694170 -0.8310428 189 140 85 255
0.0428078 0.3276080 0.1891422 -0.8436106 -0.1832027 -0.5047352 203 152 93 255
0.1513948 0.3661769 0.1046972 0.3202379 -0.5554425 -0.7674186 204 155 93 255
-0.2817957 0.8196034 -0.3010778 -0.8493996 0.2824461 -0.4458078 129 153 156 255
-0.2403731 0.8476128 -0.3363762 -0.1577393 -0.9627236 -0.2197307 109 88 73 255
-0.2205107 0.8299180 -0.3698082 -0.5059987 -0.6226056 -0.5969318 190 138 82 255
-0.1678036 0.0519236 -0.2474928 0.1646149 0.9157729 -0.3664179 125 152 152 255
-0.1665133 0.0283780 -0.3220911 0.4345495 0.8610110 -0.2642477 97 145 134 255
-0.2022766 0.0355930 -0.3236990 0.0204679 0.9381942 -0.3455036 98 143 133 255
0.0045586 1.5915513 -0.0649137 -0.6670976 0.4124070 0.6204041 36 23 14 255
-0.0190633 1.5581368 -0.1091146 -0.9355952 0.3522877 0.0235602 31 19 9 255
-0.0355212 1.5131551 -0.1087990 -0.7184414 0.5102467 -0.4727477 34 22 11 255
0.0204112 0.1149757 0.3135204 -0.9011276 -0.0999938 -0.4218651 197 158 105 255
0.0050873 0.0143045 0.3744431 -0.7475590 -0.6634986 -0.0304214 196 171 127 255
0.0344954 0.1554967 0.3472595 -0.7562010 0.2932904 0.5849280 191 144 87 255
0.0379828 1.4608661 -0.1297483 0.2788343 -0.1013982 -0.9549712 131 160 162 255
0.0677102 1.5230730 -0.1603851 -0.2696023 -0.6930316 -0.6685970 130 162 163 255
0.0976881 1.5099066 -0.1263704 0.8838156 -0.2307041 -0.4069957 95 114 111 255
0.0379828 1.4608661 -0.1297483 0.2788343 -0.1013982 -0.9549712 131 160 162 255
-0.0100480 1.5200716 -0.1299820 -0.2739307 -0.1044913 -0.9560563 135 163 167 255
0.0677102 1.5230730 -0.1603851 -0.2696023 -0.6930316 -0.6685970 130 162 163 255
-0.0355212 1.5131551 -0.1087990 -0.7184414 0.5102467 -0.4727477 34 22 11 255
-0.0100480 1.5200716 -0.1299820 -0.1685958 -0.0536769 -0.9842227 36 22 12 255
-0.0310319 1.4767617 -0.1342468 0.0699686 0.7613168 -0.6445939 33 20 10 255
0.1075584 1.6426785 -0.2524614 0.4766795 -0.8069063 -0.3488251 202 154 94 255
0.0653481 1.6540428 -0.2376785 0.2351891 -0.1227220 -0.9641708 204 156 97 255
0.1288440 1.6765257 -0.2711296 -0.0278547 -0.0214154 -0.9993825 202 155 94 255
0.0392036 1.5121985 -0.2361383 -0.5321980 -0.4099412 -0.7407519 201 156 96 255
0.0740318 1.5381757 -0.2118921 0.4449943 -0.8334523 -0.3276237 202 155 97 255
0.0516091 1.4962465 -0.2073011 0.3924439 -0.8673433 0.3061102 201 156 96 255
-0.1810130 0.1523045 -0.0730648 0.7762961 -0.4803670 0.4081814 132 155 156 255
-0.0879588 0.3606670 -0.0605011 0.0835309 0.1109319 0.9903114 86 38 36 255
-0.2309802 0.1586309 -0.0701780 -0.6513111 0.2937586 0.6996425 126 151 152 255
0.1479297 0.7773673 0.2249832 0.7736659 0.0784146 0.6287226 59 38 24 255
0.1075770 0.9237172 0.2337723 0.5579615 0.2386554 0.7948098 29 15 8 255
0.0807453 0.8330802 0.2610645 0.1254096 -0.0795968 0.9889069 31 19 10 255
0.1042326 1.6150956 -0.2400179 0.3387661 0.7658763 -0.5465080 202 155 95 255
0.0653481 1.6540428 -0.2376785 0.2351891 -0.1227220 -0.9641708 204 156 97 255
0.1075584 1.6426785 -0.2524614 0.4766795 -0.8069063 -0.3488251 202 154 94 255
0.1042326 1.6150956 -0.2400179 0.3387661 0.7658763 -0.5465080 202 155 95 255
0.0810948 1.6005132 -0.2431364 0.3354674 -0.0519538 -0.9406181 203 155 96 255
0.0653481 1.6540428 -0.2376785 0.2351891 -0.1227220 -0.9641708 204 156 97 255
0.1984885 1.7443976 -0.1977530 0.8497020 0.0550252 -0.5243840 204 165 111 255
0.1953542 1.7692159 -0.1571922 0.8996033 0.1341387 -0.4155967 203 167 112 255
0.1986057 1.6890751 -0.1643047 0.9104300 -0.0562617 -0.4098192 198 156 97 255
0.0740318 1.5381757 -0.2118921 0.4697243 -0.7162892 -0.5160319 130 164 167 255
0.0677102 1.5230730 -0.1603851 -0.2696023 -0.6930316 -0.6685970 130 162 163 255
0.0098402 1.5513929 -0.1477928 -0.4781260 -0.7063932 -0.5219233 134 163 165 255
0.1334731 1.0242517 0.1214352 0.9772730 0.2019455 0.0644617 40 25 15 255
0.1456308 0.9180309 0.1933451 0.8735764 0.2382939 0.4243587 29 16 8 255
0.1491722 0.9156088 0.1292267 0.9511048 0.2330684 -0.2026788 39 24 15 255
0.0469869 1.4195936 0.1349888 -0.3547778 0.1254366 0.9264979 109 127 135 255
0.0734404 1.4754958 0.1221848 -0.6510975 0.5939263 0.4725713 108 126 134 255
-0.1634825 1.4146241 -0.0795135 -0.9119411 0.1206919 0.3921696 33 22 12 255
0.1042326 1.6150956 -0.2400179 0.3387661 0.7658763 -0.5465080 202 155 95 255
0.1333449 1.5943188 -0.2295456 -0.4340338 0.6467540 0.6271553 203 155 94 255
0.1490429 1.6118593 -0.2367706 0.3935583 0.8728259 -0.2885947 202 155 95 255
0.1318273 1.5717855 -0.0030289 0.7811290 -0.2197144 0.5844340 50 62 80 255
0.1581736 1.6993155 -0.0050564 0.7635821 0.0982986 0.6381847 50 62 82 255
0.0814764 1.5759137 0.0246019 0.1907471 -0.1012521 0.9764032 58 70 94 255
0.1717486 1.6405154 -0.2072992 0.6748281 -0.6434113 -0.3614261 201 156 97 255
0.1345124 1.6622245 -0.2289877 -0.0421999 -0.9868618 -0.1559579 201 154 93 255
0.1559308 1.6434553 -0.2463169 0.2661051 -0.8308073 -0.4888224 202 154 93 255
0.1075584 1.6426785 -0.2524614 0.4766795 -0.8069063 -0.3488251 202 154 94 255
0.1559308 1.6434553 -0.2463169 0.2661051 -0.8308073 -0.4888224 202 154 93 255
0.1345124 1.6622245 -0.2289877 -0.0421999 -0.9868618 -0.1559579 201 154 93 255
0.1042326 1.6150956 -0.2400179 0.3387661 0.7658763 -0.5465080 202 155 95 255
0.0824035 1.6215558 -0.1788483 0.6689249 0.7297056 -0.1416654 200 154 94 255
0.1500809 1.6077741 -0.2007351 -0.0212953 0.8948566 -0.4458458 201 154 93 255
0.1116133 1.4219220 -0.1129074 0.6292319 0.4207456 -0.6534833 123 149 148 255
0.1070818 1.4425114 -0.0789175 0.7460591 0.1964582 -0.6362391 101 86 85 255
0.1098103 1.4771493 -0.0242424 0.8333089 0.5052953 -0.2242162 129 150 150 255
0.1559308 1.6434553 -0.2463169 0.2661051 -0.8308073 -0.4888224 202 154 93 255
0.1075584 1.6426785 -0.2524614 0.4766795 -0.8069063 -0.3488251 202 154 94 255
0.1288440 1.6765257 -0.2711296 -0.0278547 -0.0214154 -0.9993825 202 155 94 255
-0.2018692 1.1533125 -0.2240887 -0.5543955 -0.5522866 0.6225955 137 154 151 255
-0.2086772 1.2361365 -0.1899691 -0.6652647 -0.3853832 0.6394550 194 142 82 255
-0.2158845 1.2204253 -0.2567167 -0.8369140 0.0760328 -0.5420278 196 147 86 255
0.0544774 0.9829155 -0.0560303 0.5608041 0.5329466 -0.6336141 126 157 156 255
0.1066568 0.9948427 -0.0172329 0.8681383 -0.2338981 -0.4377527 130 161 160 255
0.1129685 0.9820655 0.0043936 0.9502524 0.0467064 -0.3079593 132 160 162 255
-0.2027819 0.7732584 -0.0230341 -0.9776323 -0.2024430 -0.0570270 126 158 158 255
-0.2240419 0.9097315 0.0667458 -0.9627090 -0.0951061 0.2532710 119 149 149 255
-0.2067389 0.9283421 -0.0123892 -0.9396502 0.1623351 -0.3011723 124 154 152 255
0.1442769 1.7147005 -0.2629251 0.0470363 0.5396264 -0.8405898 202 157 98 255
0.1257095 1.7400382 -0.2289925 0.2078004 0.3161015 -0.9256883 204 162 106 255
0.1537011 1.7279900 -0.2349052 0.7207507 0.4056908 -0.5620795 204 163 106 255
0.1288440 1.6765257 -0.2711296 -0.0278547 -0.0214154 -0.9993825 202 155 94 255
0.0520200 1.7182202 -0.2558422 0.2520331 0.0829634 -0.9641558 204 159 101 255
0.1257095 1.7400382 -0.2289925 0.2078004 0.3161015 -0.9256883 204 162 106 255
0.1948832 0.7140176 0.0432615 0.9361345 0.0180615 -0.3511782 40 25 14 255
0.1807016 0.6797273 0.0386858 0.8574693 -0.0684919 -0.5099561 41 26 14 255
0.1415510 0.6936028 -0.0035572 -0.0021844 0.0014786 -0.9999964 53 35 23 255
0.1154539 1.8016023 -0.2329493 0.4275336 0.3332062 -0.8403503 201 167 112 255
0.1797177 1.7849084 -0.1848688 0.6845980 0.2926637 -0.6675878 203 170 119 255
0.1537011 1.7279900 -0.2349052 0.7207295 0.4057184 -0.5620867 204 163 108 255
0.1288440 1.6765257 -0.2711296 -0.0278547 -0.0214154 -0.9993825 202 155 94 255
0.1257095 1.7400382 -0.2289925 0.2078004 0.3161015 -0.9256883 204 162 106 255
0.1442769 1.7147005 -0.2629251 0.0470363 0.5396264 -0.8405898 202 157 98 255
0.1478878 0.3938242 0.2605896 0.2699893 0.4679738 0.8414905 201 150 89 255
0.1957319 0.4808119 0.1436663 0.8578988 0.0121574 0.5136749 200 154 96 255
0.1360316 0.4870113 0.1527939 -0.3079838 0.2187297 0.9259067 199 156 99 255
-0.0128364 0.7177068 0.2067671 -0.7777223 -0.3670797 0.5102946 70 74 77 255
0.0960938 0.7557138 0.2576723 0.1175459 -0.0771065 0.9900694 35 22 13 255
-0.0251176 0.8049784 0.2346048 -0.4440698 -0.3320419 0.8321960 58 56 56 255
0.1456308 0.9180309 0.1933451 0.8735764 0.2382939 0.4243587 29 16 8 255
0.1141787 1.0124148 0.1797142 0.5717649 0.4916611 0.6567757 38 25 16 255
0.1075770 0.9237172 0.2337723 0.5579615 0.2386554 0.7948098 29 15 8 255
0.0891867 1.5374912 0.0160179 0.3965366 -0.7098025 0.5821847 55 69 88 255
0.1715207 1.5239461 -0.1468630 -0.1037555 -0.9266685 -0.3612758 33 43 57 255
0.1902660 1.5393359 -0.1257429 0.8747607 -0.3908859 0.2863595 41 46 56 255
-0.2758269 0.8512352 -0.2775269 0.4627528 0.7986388 0.3847544 116 138 138 255
-0.2403731 0.8476128 -0.3363762 0.1587417 0.6745747 0.7209369 123 146 145 255
-0.2644935 0.8811271 -0.3532076 0.6627958 0.6572153 0.3588449 124 149 150 255
0.0665583 1.8235219 0.0317621 0.4509795 0.5237671 0.7226932 40 47 62 255
0.0567349 1.7023069 0.0645027 0.2658546 0.0000894 0.9640131 42 54 72 255
0.1581736 1.6993155 -0.0050564 0.7635821 0.0982986 0.6381847 50 62 82 255
0.1116133 1.4219220 -0.1129074 0.6292319 0.4207456 -0.6534833 123 149 148 255
0.1098103 1.4771493 -0.0242424 0.8333089 0.5052953 -0.2242162 129 150 150 255
0.2366502 1.2572985 -0.0668545 0.9183843 0.2299650 -0.3220038 128 157 158 255
-0.2018692 1.1533125 -0.2240887 -0.5543955 -0.5522866 0.6225955 137 154 151 255
-0.1472288 0.9883946 -0.3574057 -0.6750506 -0.4354634 0.5955486 199 151 92 255
-0.1648681 1.1233289 -0.2320070 0.3514779 -0.4330209 0.8300338 134 161 164 255
0.0428078 0.3276080 0.1891422 -0.8520913 -0.1823673 -0.4905940 64 76 80 255
0.0344954 0.1554967 0.3472595 -0.7562010 0.2932904 0.5849280 191 144 87 255
0.0613499 0.3949039 0.2424793 -0.5756393 0.5220458 0.6293708 199 154 96 255
0.1456308 0.9180309 0.1933451 0.8735764 0.2382939 0.4243587 29 16 8 255
0.1557068 0.8886355 0.1107950 0.8969604 0.4113418 -0.1620494 34 21 12 255
0.1491722 0.9156088 0.1292267 0.9511048 0.2330684 -0.2026788 39 24 15 255
0.0484772 0.8083536 0.0321846 0.0058724 0.0361919 -0.9993276 40 27 17 255
0.0424655 0.7146551 0.0226259 -0.3242710 0.0614674 -0.9439651 38 24 14 255
-0.0157965 0.7784769 0.0673246 -0.7127768 -0.1104454 -0.6926405 41 26 14 255
0.0544774 0.9829155 -0.0560303 0.5608041 0.5329466 -0.6336141 126 157 156 255
0.1236129 0.9590277 -0.0222225 0.7130978 0.4186974 -0.5623025 70 88 98 255
0.0507689 0.9691072 -0.0845404 0.6198957 0.0505214 -0.7830561 128 157 157 255
0.1472517 1.4805940 0.0790634 0.8674972 0.4927391 0.0682402 107 45 43 255
0.1292222 1.4687291 0.1932001 0.3696754 0.7963316 0.4787444 114 118 103 255
0.2024562 1.3995391 0.1810951 0.9364215 0.1356091 -0.3236124 127 154 150 255
0.0450056 0.9620117 0.2567692 0.2216582 0.3419374 0.9132066 34 20 13 255
-0.0131058 0.9772255 0.2437010 -0.2945877 0.5680113 0.7684928 36 23 14 255
-0.0524314 0.9427455 0.2573242 -0.3209722 0.0449860 0.9460196 32 20 12 255
0.0119198 0.9872143 -0.0847168 0.2721220 -0.2460323 -0.9302783 126 160 162 255
0.0195147 0.9681811 -0.0903034 0.1411971 0.0052016 -0.9899679 128 158 158 255
-0.1096628 1.0018386 -0.0932474 -0.1554346 0.0701585 -0.9853517 124 155 154 255
0.0082955 0.8077719 -0.1411295 0.4315191 0.6060497 -0.6682028 51 64 85 255
-0.0221081 0.8827455 -0.0884399 0.4742547 0.5014350 -0.7236334 33 43 60 255
0.0077090 0.8416032 -0.0665865 0.8857151 0.4181590 -0.2016229 39 50 69 255
-0.0464107 1.5883650 -0.1808624 -0.7152334 -0.2270769 -0.6609669 75 85 86 255
-0.0253339 1.7046130 -0.2517843 -0.6421509 -0.0821411 -0.7621647 27 36 52 255
0.0674480 1.6204208 -0.2786598 -0.1620109 -0.1815037 -0.9699530 91 108 111 255
-0.2418244 0.8551001 -0.3814774 -0.0581510 -0.4578495 -0.8871259 179 128 73 255
-0.2403731 0.8476128 -0.3363762 -0.1577393 -0.9627236 -0.2197307 109 88 73 255
-0.2837588 0.8279613 -0.3136044 0.3563366 -0.9089645 0.2163510 27 10 7 255
0.0454076 0.7701938 -0.1407223 0.9125720 0.3698134 -0.1745007 46 56 75 255
0.0207176 0.7072146 0.0153217 0.7804375 -0.1696005 0.6017916 53 65 87 255
0.0483381 0.6758489 -0.0391312 0.9520430 0.0118996 0.3057327 48 59 78 255
-0.1498098 1.4574419 -0.0911627 -0.6694290 0.6997228 0.2495051 132 151 151 255
-0.1092541 1.4816687 -0.1259089 -0.3159682 0.9484057 0.0262799 122 141 143 255
-0.1980183 1.4348362 -0.1559544 -0.7411509 0.6343850 -0.2196615 114 148 147 255
-0.0174603 0.7303294 -0.1931906 0.1378731 0.2606871 -0.9555277 52 64 87 255
0.0454076 0.7701938 -0.1407223 0.9125720 0.3698134 -0.1745007 46 56 75 255
0.0653642 0.6984478 -0.1638422 0.8625856 -0.0089006 -0.5058329 57 69 89 255
0.1513948 0.3661769 0.1046972 0.3202379 -0.5554425 -0.7674186 204 155 93 255
0.1083768 0.4268301 0.0767698 -0.4139924 -0.3236250 -0.8508098 202 154 93 255
0.1355452 0.6667338 0.0213528 -0.0163606 -0.1384080 -0.9902402 41 26 14 255
-0.2003408 0.8403271 -0.3190403 -0.2645658 0.1512630 0.9524308 168 153 124 255
-0.2455714 0.8041980 -0.2643442 -0.4270042 0.8235828 0.3733349 143 167 172 255
-0.2368662 0.7831022 -0.2700815 0.7063904 -0.0263351 0.7073326 143 166 172 255
0.1355452 0.6667338 0.0213528 -0.0163606 -0.1384080 -0.9902402 41 26 14 255
0.1807016 0.6797273 0.0386858 0.8574693 -0.0684919 -0.5099561 41 26 14 255
0.1983728 0.4772417 0.0451212 0.8199849 -0.2729782 -0.5030982 67 77 79 255
-0.0916664 0.8007341 -0.1559343 -0.2797943 0.4640878 -0.8404390 48 61 82 255
-0.0356118 0.7867361 -0.1723337 0.1071343 0.4572648 -0.8828539 56 69 91 255
-0.1101481 0.7589041 -0.1654005 -0.4673159 0.2325861 -0.8529475 50 62 85 255
0.2332751 0.9169157 0.2258034 -0.7000761 0.1461630 0.6989491 138 170 170 255
0.3002996 0.9431847 0.1858215 0.8908966 -0.0177716 0.4538582 141 172 173 255
0.2695741 0.9966217 0.2065115 -0.3256430 -0.3087290 0.8936683 128 159 159 255
0.1896951 1.2715164 0.0436344 0.8216749 -0.0322237 0.5690449 93 104 107 255
0.1467695 1.4297059 0.0424423 0.8600770 0.0191688 0.5098042 108 161 152 255
0.0469869 1.4195936 0.1349888 -0.3547778 0.1254366 0.9264979 109 127 135 255
0.1778296 1.1680373 -0.0646324 0.8509381 -0.4561136 -0.2605089 142 174 173 255
0.1230081 1.0410083 0.0918646 0.9698665 -0.2366540 0.0579104 130 159 160 255
0.1040706 1.0468206 -0.0650206 0.6515976 -0.4949770 -0.5748202 131 165 164 255
-0.1425237 0.9352466 -0.3063164 -0.1031161 0.4393992 0.8923538 203 159 101 255
-0.1044545 0.9585288 -0.3469648 0.1052078 0.5825532 0.8059548 180 156 112 255
-0.1472288 0.9883946 -0.3574057 -0.5493426 0.8344079 -0.0445692 203 158 98 255
-0.0356118 0.7867361 -0.1723337 0.1071343 0.4572648 -0.8828539 56 69 91 255
-0.0174603 0.7303294 -0.1931906 0.1378731 0.2606871 -0.9555277 52 64 87 255
-0.1101481 0.7589041 -0.1654005 -0.4673159 0.2325861 -0.8529475 50 62 85 255
-0.2758269 0.8512352 -0.2775269 0.3422832 -0.8220406 0.4550732 49 26 25 255
-0.2837588 0.8279613 -0.3136044 0.3563366 -0.9089645 0.2163510 27 10 7 255
-0.2403731 0.8476128 -0.3363762 -0.1577393 -0.9627236 -0.2197307 109 88 73 255
-0.0597439 0.3089793 -0.0926514 0.7938523 -0.5335427 0.2917714 99 40 39 255
0.0022796 0.4436386 -0.1085052 0.4994986 -0.2838337 0.8184983 112 145 146 255
-0.0879588 0.3606670 -0.0605011 0.0835309 0.1109319 0.9903114 86 38 36 255
-0.0005545 1.0721230 0.1701231 -0.3278362 0.7380872 0.5897040 40 26 19 255
-0.0901863 0.9658917 0.2022657 -0.5980988 0.4739038 0.6462916 28 20 14 255
0.0097988 1.0441910 0.2068415 -0.0194049 0.6077463 0.7938942 39 25 15 255
0.0392036 1.5121985 -0.2361383 -0.4887332 -0.4366772 -0.7552834 191 136 75 255
-0.0464107 1.5883650 -0.1808624 -0.7152334 -0.2270769 -0.6609669 75 85 86 255
0.0674480 1.6204208 -0.2786598 -0.1620109 -0.1815037 -0.9699530 91 108 111 255
0.0098402 1.5513929 -0.1477928 -0.4781260 -0.7063932 -0.5219233 134 163 165 255
0.0677102 1.5230730 -0.1603851 -0.2696023 -0.6930316 -0.6685970 130 162 163 255
-0.0100480 1.5200716 -0.1299820 -0.2739307 -0.1044913 -0.9560563 135 163 167 255
0.1318273 1.5717855 -0.0030289 0.7811290 -0.2197144 0.5844340 50 62 80 255
0.1902660 1.5393359 -0.1257429 0.8747607 -0.3908859 0.2863595 41 46 56 255
0.2213588 1.6893214 -0.1249132 0.9605526 -0.0403606 0.2751537 57 49 49 255
-0.2695202 0.0252974 -0.0416479 0.0046305 -0.7494020 0.6620991 133 155 156 255
-0.1997578 0.0164150 -0.1558247 0.3047822 -0.9213617 0.2412476 109 140 141 255
-0.2024743 0.0750069 -0.0774956 0.7883677 -0.2277753 0.5714847 110 60 30 255
-0.1075181 1.1629256 -0.2796431 0.9728760 0.1793799 0.1460656 203 154 94 255
-0.0797767 0.9680223 -0.3656654 0.7493281 -0.2104497 0.6278681 197 151 95 255
-0.0927776 0.9905955 -0.3898287 0.4479419 0.2281039 -0.8644748 201 157 103 255
-0.1998554 0.8237540 -0.2616653 -0.8623829 0.4590261 -0.2135197 72 75 77 255
-0.1541076 0.9014862 -0.2793293 -0.4888054 0.5661987 0.6636930 201 158 104 255
-0.1631363 0.8715636 -0.3105478 0.2390980 -0.9675331 -0.0819233 158 153 126 255
-0.0253339 1.7046130 -0.2517843 -0.6421509 -0.0821411 -0.7621647 27 36 52 255
-0.0988385 1.7159048 -0.1491604 -0.9157668 0.1002193 -0.3890081 34 43 61 255
0.0087186 1.8105499 -0.2548723 -0.5856878 0.3937540 -0.7084685 72 76 78 255
0.1053880 1.0722235 0.1325760 0.7220160 0.0845356 0.6866925 42 29 19 255
0.1896951 1.2715164 0.0436344 0.8216749 -0.0322237 0.5690449 93 104 107 255
0.1064728 1.1924288 0.1075640 0.4431091 0.1115360 0.8895022 134 157 162 255
0.0982361 1.8778827 -0.1898947 0.1617604 0.9162751 -0.3664336 199 166 112 255
0.1154539 1.8016023 -0.2329493 0.4275336 0.3332062 -0.8403503 201 167 112 255
0.0797183 1.8318955 -0.2270727 0.6172051 0.1658381 -0.7691265 200 166 111 255
-0.2514614 0.0156888 -0.2518539 -0.2574040 -0.9660548 -0.0219427 122 152 156 255
-0.1576809 0.0000000 -0.2545300 0.2837425 -0.9382895 0.1977448 130 157 159 255
-0.1997578 0.0164150 -0.1558247 0.3047822 -0.9213617 0.2412476 109 140 141 255
-0.1997578 0.0164150 -0.1558247 0.3047822 -0.9213617 0.2412476 109 140 141 255
-0.1576809 0.0000000 -0.2545300 0.2837425 -0.9382895 0.1977448 130 157 159 255
-0.2024743 0.0750069 -0.0774956 0.7883677 -0.2277753 0.5714847 110 60 30 255
-0.0253339 1.7046130 -0.2517843 -0.6421509 -0.0821411 -0.7621647 27 36 52 255
-0.0464107 1.5883650 -0.1808624 -0.7152334 -0.2270769 -0.6609669 75 85 86 255
-0.0988385 1.7159048 -0.1491604 -0.9157668 0.1002193 -0.3890081 34 43 61 255
0.0403824 1.5370529 0.0204067 -0.1329869 -0.9910266 0.0134479 54 67 89 255
0.1015368 1.5587933 -0.0656672 -0.7853034 -0.2474947 -0.5674900 29 39 53 255
0.1715207 1.5239461 -0.1468630 -0.1037555 -0.9266685 -0.3612758 33 43 57 255
-0.0275435 1.5747792 0.0129194 -0.5835842 -0.2852036 0.7603213 144 177 175 255
0.0033987 1.5741505 0.0283794 -0.1391913 0.1344227 0.9810995 49 62 76 255
-0.0215201 1.6014237 0.0005093 -0.7107765 -0.0725226 0.6996693 141 174 173 255
-0.1927797 0.0112661 -0.3009195 -0.1943014 -0.9270546 -0.3206505 125 152 154 255
-0.1665133 0.0283780 -0.3220911 -0.0636223 -0.7360931 -0.6738836 118 145 147 255
-0.1309932 0.0071002 -0.2993031 0.9935626 0.0942981 0.0627786 97 124 126 255
-0.2477638 0.0443271 -0.2923250 -0.1459549 0.9091198 -0.3901259 116 141 144 255
-0.1678036 0.0519236 -0.2474928 0.1646149 0.9157729 -0.3664179 125 152 152 255
-0.2022766 0.0355930 -0.3236990 0.0204679 0.9381942 -0.3455036 98 143 133 255
0.1015329 1.5587875 -0.0656137 0.6881855 0.5063757 0.5196003 124 151 155 255
0.0622565 1.5804858 -0.0347395 0.1625130 0.5922030 0.7892308 125 160 162 255
0.0719822 1.5159936 0.0152283 -0.0024725 0.8158417 0.5782701 120 154 152 255
0.0948883 0.1179901 0.3141747 0.9737487 -0.0347056 -0.2249643 23 3 1 255
0.0840327 0.1511319 0.3473186 0.4226792 0.2017506 0.8835378 181 132 74 255
0.1138663 0.0846545 0.3071747 0.7338613 0.6013411 0.3159690 172 144 95 255
-0.0356118 0.7867361 -0.1723337 0.1071343 0.4572648 -0.8828539 56 69 91 255
0.0454076 0.7701938 -0.1407223 0.9125720 0.3698134 -0.1745007 46 56 75 255
-0.0174603 0.7303294 -0.1931906 0.1378731 0.2606871 -0.9555277 52 64 87 255
-0.1088840 1.1653280 -0.0107403 -0.7982911 0.1265582 0.5888245 150 180 179 255
-0.1634825 1.4146241 -0.0795135 -0.9240980 0.1261103 0.3607480 126 156 155 255
-0.1079907 1.1410462 -0.0869780 -0.7813726 -0.1583330 -0.6036451 146 177 177 255
0.0516091 1.4962465 -0.2073011 0.2839194 -0.9340711 0.2165666 194 137 75 255
-0.0355212 1.5131551 -0.1087990 0.5966274 -0.7003117 0.3919169 130 161 159 255
-0.0599231 1.5121532 -0.1160450 -0.5663034 -0.8110567 -0.1465862 127 160 157 255
-0.2943535 0.9030216 -0.3480558 0.6136576 0.7889906 0.0303044 201 156 98 255
-0.2808979 0.9061766 -0.3074617 0.7492635 0.6585333 0.0702720 201 155 96 255
-0.2660027 0.8905738 -0.3200598 0.8346511 0.5507747 -0.0022264 202 156 96 255
0.0047378 0.6590440 0.1891289 -0.8340794 -0.4900291 0.2533439 78 85 88 255
0.0718718 0.6596009 0.2413292 -0.2669903 -0.4384786 0.8581682 75 87 88 255
-0.0128364 0.7177068 0.2067671 -0.7777223 -0.3670797 0.5102946 70 74 77 255
0.1719070 1.5869451 -0.2140942 0.9023250 -0.1904878 -0.3866832 203 155 95 255
0.1490429 1.6118593 -0.2367706 0.3935583 0.8728259 -0.2885947 202 155 95 255
0.1500809 1.6077741 -0.2007351 0.0248530 0.8906935 -0.4539245 203 155 94 255
0.0861426 0.4568483 0.1240540 -0.9834431 0.0702467 0.1670480 51 40 39 255
0.0613499 0.3949039 0.2424793 -0.5756393 0.5220458 0.6293708 199 154 96 255
0.1360316 0.4870113 0.1527939 -0.3079838 0.2187297 0.9259067 199 156 99 255
-0.1631363 0.8715636 -0.3105478 0.2390105 -0.9675559 -0.0819119 117 147 149 255
-0.1304803 0.9071250 -0.3393736 0.8374771 -0.5022255 -0.2154101 114 144 148 255
-0.1358777 0.8585073 -0.2923164 0.8799017 -0.3964626 0.2618977 117 139 142 255
0.2024562 1.3995391 0.1810951 0.9419432 0.2180708 -0.2553201 135 162 163 255
0.1546351 1.4258726 0.1018324 0.7627929 -0.3992174 -0.5086967 143 169 171 255
0.1472517 1.4805940 0.0790634 0.8894816 0.3647016 0.2753457 134 161 162 255
0.0077090 0.8416032 -0.0665865 0.8857151 0.4181590 -0.2016229 39 50 69 255
0.0261762 0.8071748 -0.0004492 0.9851484 -0.1714959 -0.0084762 38 48 65 255
0.0454076 0.7701938 -0.1407223 0.9125720 0.3698134 -0.1745007 46 56 75 255
-0.1304803 0.9071250 -0.3393736 0.8936616 -0.4279033 -0.1351579 188 163 121 255
-0.1476005 0.9349904 -0.3960752 -0.1207272 0.1389277 -0.9829160 188 159 116 255
-0.0797767 0.9680223 -0.3656654 0.7493281 -0.2104497 0.6278681 197 151 95 255
0.0271677 0.4532584 -0.2360821 0.0014690 -0.1363606 -0.9906583 51 61 79 255
0.0261013 0.6927895 -0.1697483 0.7356015 0.1801195 -0.6530294 55 65 86 255
0.0620113 0.4741161 -0.1720219 0.9904261 -0.1340631 -0.0329130 56 66 82 255
0.0533090 0.6510906 0.1953497 -0.4255044 -0.5398411 0.7263042 74 85 87 255
0.1360316 0.4870113 0.1527939 -0.3079838 0.2187297 0.9259067 199 156 99 255
0.1009366 0.6609125 0.2189932 0.3470827 -0.3167100 0.8827391 72 85 88 255
-0.0879588 0.3606670 -0.0605011 0.0835309 0.1109319 0.9903114 86 38 36 255
-0.1810130 0.1523045 -0.0730648 0.7762961 -0.4803670 0.4081814 132 155 156 255
-0.0597439 0.3089793 -0.0926514 0.7938523 -0.5335427 0.2917714 99 40 39 255
-0.1631363 0.8715636 -0.3105478 0.2390980 -0.9675331 -0.0819233 158 153 126 255
-0.1541076 0.9014862 -0.2793293 -0.4888054 0.5661987 0.6636930 201 158 104 255
-0.2003408 0.8403271 -0.3190403 -0.2645149 0.1512270 0.9524508 198 150 92 255
-0.0766392 0.8841642 -0.1063442 -0.0335032 0.6565921 -0.7535014 30 41 58 255
-0.1418017 0.8624047 -0.0939016 -0.4068329 0.3431231 -0.8466130 32 43 63 255
-0.1016714 0.8892043 -0.0965548 -0.2070990 0.2513897 -0.9454699 25 36 53 255
0.0176271 0.6317037 0.1411333 -0.8573001 -0.4584673 0.2341888 64 74 83 255
0.1360316 0.4870113 0.1527939 -0.3079838 0.2187297 0.9259067 199 156 99 255
0.0533090 0.6510906 0.1953497 -0.4255044 -0.5398411 0.7263042 74 85 87 255
0.0176271 0.6317037 0.1411333 -0.8573001 -0.4584673 0.2341888 64 74 83 255
0.0718718 0.6596009 0.2413292 -0.2669903 -0.4384786 0.8581682 75 87 88 255
0.0047378 0.6590440 0.1891289 -0.8340794 -0.4900291 0.2533439 78 85 88 255
-0.1541076 0.9014862 -0.2793293 -0.4888054 0.5661987 0.6636930 201 158 104 255
-0.1425237 0.9352466 -0.3063164 -0.1031161 0.4393992 0.8923538 203 159 101 255
-0.2003408 0.8403271 -0.3190403 -0.2645149 0.1512270 0.9524508 198 150 92 255
0.0261013 0.6927895 -0.1697483 0.7356015 0.1801195 -0.6530294 55 65 86 255
0.0493237 0.6693803 -0.1168184 0.9971197 -0.0619580 -0.0437435 49 59 79 255
0.0620113 0.4741161 -0.1720219 0.9904261 -0.1340631 -0.0329130 56 66 82 255
0.1020709 0.8651528 0.0513020 0.7851577 -0.2219456 -0.5781587 34 15 4 255
0.0988646 0.9220272 -0.0005512 0.8176307 -0.3417068 -0.4633752 38 48 65 255
0.1184551 0.9148896 0.0582991 0.9735903 -0.1034864 -0.2035005 164 145 99 255
0.0694922 0.0218112 0.2603312 -0.6522620 -0.6513657 -0.3876556 195 170 124 255
0.1319030 0.0023034 0.1669579 -0.0197472 -0.9979530 0.0608273 115 139 137 255
0.1883590 0.0107196 0.2694740 0.0373610 -0.9944959 0.0978882 199 165 112 255
-0.1997578 0.0164150 -0.1558247 0.3047822 -0.9213617 0.2412476 109 140 141 255
-0.2695202 0.0252974 -0.0416479 0.0046305 -0.7494020 0.6620991 133 155 156 255
-0.2514614 0.0156888 -0.2518539 -0.2574040 -0.9660548 -0.0219427 122 152 156 255
-0.2795318 0.8789803 -0.3700514 -0.4832543 0.1864952 -0.8553858 199 152 94 255
-0.2027747 0.9579148 -0.3571444 -0.5694624 0.8136418 -0.1170448 204 158 99 255
-0.1476005 0.9349904 -0.3960752 -0.1007359 -0.1515165 -0.9833083 191 139 80 255
-0.2024743 0.0750069 -0.0774956 0.7883677 -0.2277753 0.5714847 110 60 30 255
-0.1926994 0.1091017 -0.1398277 0.9772511 -0.1679203 0.1295505 84 38 32 255
-0.1810130 0.1523045 -0.0730648 0.7762961 -0.4803670 0.4081814 132 155 156 255
0.1355452 0.6667338 0.0213528 -0.0163606 -0.1384080 -0.9902402 41 26 14 255
0.1132246 0.6578299 -0.0005350 -0.1356775 -0.5402074 -0.8305224 40 25 13 255
0.1807016 0.6797273 0.0386858 0.8574693 -0.0684919 -0.5099561 41 26 14 255
0.1132246 0.6578299 -0.0005350 -0.1356775 -0.5402074 -0.8305224 40 25 13 255
0.1415510 0.6936028 -0.0035572 -0.0021844 0.0014786 -0.9999964 53 35 23 255
0.1807016 0.6797273 0.0386858 0.8574693 -0.0684919 -0.5099561 41 26 14 255
0.1368521 0.8883220 0.0738420 0.8360134 0.2573897 -0.4845949 36 23 14 255
0.1184551 0.9148896 0.0582991 0.9095739 -0.0047400 -0.4155153 42 27 17 255
0.1491722 0.9156088 0.1292267 0.9511048 0.2330684 -0.2026788 39 24 15 255
-0.1476005 0.9349904 -0.3960752 -0.1207272 0.1389277 -0.9829160 188 159 116 255
-0.0927776 0.9905955 -0.3898287 0.4479419 0.2281039 -0.8644748 201 157 103 255
-0.0797767 0.9680223 -0.3656654 0.7493281 -0.2104497 0.6278681 197 151 95 255
-0.1998554 0.8237540 -0.2616653 0.4114895 -0.8974869 -0.1587249 153 141 114 255
-0.1631363 0.8715636 -0.3105478 0.2390105 -0.9675559 -0.0819119 117 147 149 255
-0.1358777 0.8585073 -0.2923164 0.8799017 -0.3964626 0.2618977 117 139 142 255
-0.0597439 0.3089793 -0.0926514 0.7938523 -0.5335427 0.2917714 99 40 39 255
-0.1810130 0.1523045 -0.0730648 0.7762961 -0.4803670 0.4081814 132 155 156 255
-0.0257220 0.3805389 -0.2095680 0.5528704 -0.5559710 -0.6206695 141 169 170 255
0.0498213 1.7822167 -0.2493696 0.2404931 0.1698365 -0.9556771 203 165 110 255
0.0797183 1.8318955 -0.2270727 0.6172051 0.1658381 -0.7691265 200 166 111 255
0.1154539 1.8016023 -0.2329493 0.4275336 0.3332062 -0.8403503 201 167 112 255
0.0261013 0.6927895 -0.1697483 0.7356015 0.1801195 -0.6530294 55 65 86 255
0.0271677 0.4532584 -0.2360821 0.0014690 -0.1363606 -0.9906583 51 61 79 255
-0.0490422 0.6971333 -0.1913023 -0.2891052 0.0128514 -0.9572111 51 62 83 255
0.1098103 1.4771493 -0.0242424 0.8664797 0.4747074 -0.1544854 118 143 148 255
0.0976881 1.5099066 -0.1263704 0.8838156 -0.2307041 -0.4069957 95 114 111 255
0.1015368 1.5587933 -0.0656672 0.9264162 -0.2270938 0.3003024 124 151 155 255
-0.1576809 0.0000000 -0.2545300 0.2837425 -0.9382895 0.1977448 130 157 159 255
-0.1309932 0.0071002 -0.2993031 0.9935626 0.0942981 0.0627786 97 124 126 255
-0.2024743 0.0750069 -0.0774956 0.7883677 -0.2277753 0.5714847 110 60 30 255
-0.1016714 0.8892043 -0.0965548 -0.2070990 0.2513897 -0.9454699 25 36 53 255
-0.0445003 0.9345192 -0.0971470 0.0421367 -0.1223655 -0.9915903 24 33 49 255
-0.0069184 0.8985235 -0.0719023 0.5087025 -0.1613761 -0.8456829 20 28 42 255
0.0271677 0.4532584 -0.2360821 0.0014690 -0.1363606 -0.9906583 51 61 79 255
-0.0588834 0.5020687 -0.1880922 -0.7051483 0.0535568 -0.7070342 126 160 160 255
-0.0490422 0.6971333 -0.1913023 -0.2891052 0.0128514 -0.9572111 51 62 83 255
-0.1425237 0.9352466 -0.3063164 -0.1031161 0.4393992 0.8923538 203 159 101 255
-0.1304803 0.9071250 -0.3393736 0.8374771 -0.5022255 -0.2154101 114 144 148 255
-0.0797767 0.9680223 -0.3656654 0.8206601 -0.3328330 0.4644773 109 140 144 255
0.1513948 0.3661769 0.1046972 0.3202379 -0.5554425 -0.7674186 204 155 93 255
0.1983728 0.4772417 0.0451212 0.8199849 -0.2729782 -0.5030982 67 77 79 255
0.1809741 0.3691712 0.2173634 0.9687200 -0.2234378 0.1079689 200 149 88 255
-0.1425237 0.9352466 -0.3063164 -0.1031161 0.4393992 0.8923538 203 159 101 255
-0.0797767 0.9680223 -0.3656654 0.8206601 -0.3328330 0.4644773 109 140 144 255
-0.1044545 0.9585288 -0.3469648 0.1052078 0.5825532 0.8059548 180 156 112 255
-0.1389593 0.4007864 -0.0902920 -0.6761780 0.5345454 0.5069956 24 18 17 255
-0.0879588 0.3606670 -0.0605011 0.0835309 0.1109319 0.9903114 86 38 36 255
-0.0385039 0.4832148 -0.1235189 -0.7267268 -0.0431026 0.6855728 123 155 153 255
0.2038394 0.6883404 0.1386919 0.9584782 -0.1089358 0.2635385 30 19 10 255
0.1807016 0.6797273 0.0386858 0.8574693 -0.0684919 -0.5099561 41 26 14 255
0.1948832 0.7140176 0.0432615 0.9361345 0.0180615 -0.3511782 40 25 14 255
0.1986057 1.6890751 -0.1643047 0.9104049 -0.0563141 -0.4098678 176 150 109 255
0.1717486 1.6405154 -0.2072992 0.6748281 -0.6434113 -0.3614261 201 156 97 255
0.1876095 1.6669999 -0.2301435 0.9405113 -0.0801668 -0.3301691 203 157 97 255
0.0462621 1.8899362 -0.0577126 0.1814131 0.9422819 0.2814142 50 46 46 255
0.1962016 1.8461899 -0.1456842 0.7536461 0.5247111 0.3958483 197 172 127 255
0.1369999 1.8849399 -0.1996737 0.3493287 0.9368746 0.0153444 198 173 126 255
-0.1012045 0.6961569 -0.1870718 -0.4910673 -0.0773207 -0.8676834 47 54 75 255
-0.1101481 0.7589041 -0.1654005 -0.4673159 0.2325861 -0.8529475 50 62 85 255
-0.0174603 0.7303294 -0.1931906 0.1378731 0.2606871 -0.9555277 52 64 87 255
0.0082955 0.8077719 -0.1411295 0.4315191 0.6060497 -0.6682028 51 64 85 255
-0.0916664 0.8007341 -0.1559343 -0.2797943 0.4640878 -0.8404390 48 61 82 255
-0.0583577 0.8568301 -0.1257362 0.0184925 0.5663313 -0.8239703 49 63 84 255
-0.0916664 0.8007341 -0.1559343 -0.2797943 0.4640878 -0.8404390 48 61 82 255
-0.1418017 0.8624047 -0.0939016 -0.4068329 0.3431231 -0.8466130 32 43 63 255
-0.0583577 0.8568301 -0.1257362 0.0184925 0.5663313 -0.8239703 49 63 84 255
-0.1881794 0.8108586 -0.3374233 0.5753798 -0.6733180 -0.4643068 162 149 124 255
-0.1304803 0.9071250 -0.3393736 0.8170733 -0.5530332 -0.1629277 196 145 85 255
-0.1631363 0.8715636 -0.3105478 0.2390098 -0.9675530 -0.0819478 196 140 81 255
-0.0766392 0.8841642 -0.1063442 -0.0335032 0.6565921 -0.7535014 30 41 58 255
-0.0583577 0.8568301 -0.1257362 0.0184925 0.5663313 -0.8239703 49 63 84 255
-0.1418017 0.8624047 -0.0939016 -0.4068329 0.3431231 -0.8466130 32 43 63 255
-0.1429737 1.0318672 -0.0571852 -0.8952470 0.2900097 -0.3382706 124 159 159 255
-0.1582786 0.9763471 -0.0709276 -0.5552736 0.1404482 -0.8197229 128 157 157 255
-0.1730291 1.0347383 -0.0059605 -0.8609602 0.4845031 -0.1549323 127 161 161 255
0.1550637 0.7924382 0.0349398 0.5017875 0.4122032 -0.7604590 42 27 16 255
0.1020709 0.8651528 0.0513020 0.4198042 0.1402821 -0.8967081 39 25 14 255
0.1368521 0.8883220 0.0738420 0.8360134 0.2573897 -0.4845949 36 23 14 255
-0.1843870 0.8870351 -0.0600672 -0.7640899 0.0923055 -0.6384717 24 32 51 255
-0.1016714 0.8892043 -0.0965548 -0.2070990 0.2513897 -0.9454699 25 36 53 255
-0.1418017 0.8624047 -0.0939016 -0.4068329 0.3431231 -0.8466130 32 43 63 255
0.0665583 1.8235219 0.0317621 0.4509795 0.5237671 0.7226932 40 47 62 255
-0.0298879 1.8573122 -0.0182629 -0.1876043 0.9000339 0.3933747 36 45 63 255
-0.0375182 1.7959059 0.0398655 -0.4937981 0.2778634 0.8239875 55 68 89 255
-0.0257443 1.0871932 -0.1276588 -0.1299220 -0.4184385 -0.8989046 138 170 169 255
-0.1079907 1.1410462 -0.0869780 -0.7813726 -0.1583330 -0.6036451 146 177 177 255
0.0209295 1.2371695 -0.2280111 -0.3606506 -0.1049317 -0.9267796 66 23 26 255
0.0462621 1.8899362 -0.0577126 0.1814131 0.9422819 0.2814142 50 46 46 255
0.1369999 1.8849399 -0.1996737 0.3493287 0.9368746 0.0153444 198 173 126 255
0.0982361 1.8778827 -0.1898947 0.1618225 0.9162796 -0.3663946 66 76 81 255
0.1550637 0.7924382 0.0349398 0.5017875 0.4122032 -0.7604590 42 27 16 255
0.0484772 0.8083536 0.0321846 0.0058724 0.0361919 -0.9993276 40 27 17 255
0.1020709 0.8651528 0.0513020 0.4198042 0.1402821 -0.8967081 39 25 14 255
0.0209295 1.2371695 -0.2280111 -0.3606506 -0.1049317 -0.9267796 66 23 26 255
-0.1079907 1.1410462 -0.0869780 -0.7813726 -0.1583330 -0.6036451 146 177 177 255
-0.0508086 1.3152018 -0.1809235 -0.7449104 -0.1962926 -0.6376346 129 155 155 255
-0.1590456 1.4196223 -0.1115484 -0.2174433 -0.8442440 0.4898678 128 151 151 255
-0.1006333 1.4179837 -0.1571922 0.5339108 -0.7589053 0.3728298 128 149 149 255
-0.1634825 1.4146241 -0.0795135 -0.8497784 0.4328806 0.3008174 127 150 149 255
-0.1600551 0.6532273 -0.1253014 -0.6830447 -0.5774218 -0.4472516 147 177 176 255
-0.1763154 0.7139001 -0.1017904 -0.9027950 -0.0727924 -0.4238663 148 174 174 255
-0.1012045 0.6961569 -0.1870718 -0.4910673 -0.0773207 -0.8676834 47 54 75 255
-0.1101481 0.7589041 -0.1654005 -0.4673159 0.2325861 -0.8529475 50 62 85 255
-0.1012045 0.6961569 -0.1870718 -0.4910673 -0.0773207 -0.8676834 47 54 75 255
-0.1763154 0.7139001 -0.1017904 -0.9027950 -0.0727924 -0.4238663 148 174 174 255
0.1416201 1.5292455 -0.2220325 0.4984142 -0.8374200 -0.2243014 203 157 97 255
0.1719070 1.5869451 -0.2140942 0.8792949 -0.0960767 -0.4664865 201 156 96 255
0.1612054 1.5583474 -0.1717253 0.6377342 -0.6963370 -0.3292563 202 156 96 255
-0.1101481 0.7589041 -0.1654005 -0.4673159 0.2325861 -0.8529475 50 62 85 255
-0.1654229 0.7711164 -0.1135130 -0.7455873 0.1805223 -0.6414914 109 146 146 255
-0.0916664 0.8007341 -0.1559343 -0.2797943 0.4640878 -0.8404390 48 61 82 255
-0.0916664 0.8007341 -0.1559343 -0.2797943 0.4640878 -0.8404390 48 61 82 255
-0.1654229 0.7711164 -0.1135130 -0.7455873 0.1805223 -0.6414914 109 146 146 255
-0.1418017 0.8624047 -0.0939016 -0.4068329 0.3431231 -0.8466130 32 43 63 255
0.1066568 0.9948427 -0.0172329 0.8681383 -0.2338981 -0.4377527 130 161 160 255
0.1040706 1.0468206 -0.0650206 0.6515976 -0.4949770 -0.5748202 131 165 164 255
0.1230081 1.0410083 0.0918646 0.9698665 -0.2366540 0.0579104 130 159 160 255
0.1011301 1.7555152 -0.2656403 0.4741961 0.8788158 0.0531112 205 163 107 255
0.0498213 1.7822167 -0.2493696 0.2404931 0.1698365 -0.9556771 203 165 110 255
0.1257095 1.7400382 -0.2289925 0.2077881 0.3160399 -0.9257122 204 166 110 255
-0.1418017 0.8624047 -0.0939016 -0.4068329 0.3431231 -0.8466130 32 43 63 255
-0.1654229 0.7711164 -0.1135130 -0.7455873 0.1805223 -0.6414914 109 146 146 255
-0.1843870 0.8870351 -0.0600672 -0.7640899 0.0923055 -0.6384717 24 32 51 255
-0.1425237 0.9352466 -0.3063164 -0.1031161 0.4393992 0.8923538 203 159 101 255
-0.1472288 0.9883946 -0.3574057 -0.5493426 0.8344079 -0.0445692 203 158 98 255
-0.2027747 0.9579148 -0.3571444 -0.5694624 0.8136418 -0.1170448 204 158 99 255
-0.2514614 0.0156888 -0.2518539 -0.2574040 -0.9660548 -0.0219427 122 152 156 255
-0.1927797 0.0112661 -0.3009195 -0.1943014 -0.9270546 -0.3206505 125 152 154 255
-0.1576809 0.0000000 -0.2545300 0.2837425 -0.9382895 0.1977448 130 157 159 255
0.1040706 1.0468206 -0.0650206 0.6515976 -0.4949770 -0.5748202 131 165 164 255
0.0573836 1.1517021 -0.1749516 0.3725402 -0.5418777 -0.7533807 148 176 175 255
0.1778296 1.1680373 -0.0646324 0.8509381 -0.4561136 -0.2605089 142 174 173 255
0.0459023 0.9216139 -0.0761271 0.5646505 -0.3522055 -0.7464054 42 54 73 255
0.0331599 0.9149341 -0.0616026 0.4432033 -0.4588495 -0.7700831 38 48 65 255
0.0195147 0.9681811 -0.0903034 0.1411971 0.0052016 -0.9899679 128 158 158 255
0.0459023 0.9216139 -0.0761271 0.5646505 -0.3522055 -0.7464054 42 54 73 255
0.0195147 0.9681811 -0.0903034 0.1411971 0.0052016 -0.9899679 128 158 158 255
0.0507689 0.9691072 -0.0845404 0.6198957 0.0505214 -0.7830561 128 157 157 255
0.0087186 1.8105499 -0.2548723 -0.5856878 0.3937540 -0.7084685 72 76 78 255
0.0858741 1.8492008 -0.2464209 0.3104321 0.3646878 -0.8778581 72 76 78 255
0.0498213 1.7822167 -0.2493696 0.2404557 0.1697856 -0.9556955 72 76 78 255
0.0858741 1.8492008 -0.2464209 0.3104321 0.3646878 -0.8778581 72 76 78 255
0.0087186 1.8105499 -0.2548723 -0.5856878 0.3937540 -0.7084685 72 76 78 255
0.0567825 1.8994728 -0.2034674 -0.2047302 0.9499534 -0.2359535 50 46 46 255
-0.1982270 1.3581234 -0.1304970 -0.4964595 -0.1785032 0.8495085 117 139 140 255
-0.2201601 1.3560541 -0.1811342 -0.9951897 0.0893820 0.0401058 116 142 144 255
-0.2086772 1.2361365 -0.1899691 -0.6652647 -0.3853832 0.6394550 194 142 82 255
0.1319030 0.0023034 0.1669579 -0.0197472 -0.9979530 0.0608273 115 139 137 255
0.1576294 0.0163041 0.1285706 0.0210265 -0.9437105 -0.3301035 125 158 163 255
0.1946786 0.0040506 0.1659613 0.2637502 -0.9476881 -0.1797862 201 164 109 255
0.0516091 1.4962465 -0.2073011 0.3924439 -0.8673433 0.3061102 201 156 96 255
0.0740318 1.5381757 -0.2118921 0.4449943 -0.8334523 -0.3276237 202 155 97 255
-0.0100480 1.5200716 -0.1299820 0.7346272 -0.1751810 0.6554650 201 156 96 255
0.1154539 1.8016023 -0.2329493 0.4275336 0.3332062 -0.8403503 201 167 112 255
0.1257095 1.7400382 -0.2289925 0.2077881 0.3160399 -0.9257122 204 166 110 255
0.0498213 1.7822167 -0.2493696 0.2404931 0.1698365 -0.9556771 203 165 110 255
0.1236129 0.9590277 -0.0222225 0.7130978 0.4186974 -0.5623025 70 88 98 255
0.1129685 0.9820655 0.0043936 0.9502524 0.0467064 -0.3079593 132 160 162 255
0.1168333 0.9338873 -0.0089254 0.7235030 -0.5714911 -0.3872226 40 50 69 255
0.1946786 0.0040506 0.1659613 0.2637502 -0.9476881 -0.1797862 201 164 109 255
0.1576294 0.0163041 0.1285706 -0.1737075 0.7008806 -0.6918035 200 164 109 255
0.1940069 0.0259096 0.1624699 0.5317556 0.7350851 -0.4205780 201 164 109 255
0.1537011 1.7279900 -0.2349052 0.7207295 0.4057184 -0.5620867 204 163 108 255
0.1257095 1.7400382 -0.2289925 0.2077881 0.3160399 -0.9257122 204 166 110 255
0.1154539 1.8016023 -0.2329493 0.4275336 0.3332062 -0.8403503 201 167 112 255
0.1009366 0.6609125 0.2189932 0.3470827 -0.3167100 0.8827391 72 85 88 255
0.1443158 0.6757850 0.2370558 0.5621603 -0.4018286 0.7228483 30 20 11 255
0.0718718 0.6596009 0.2413292 -0.2669903 -0.4384786 0.8581682 75 87 88 255
0.0050873 0.0143045 0.3744431 -0.7475590 -0.6634986 -0.0304214 196 171 127 255
0.1883590 0.0107196 0.2694740 0.0373610 -0.9944959 0.0978882 199 165 112 255
0.0631563 0.0237307 0.3960752 0.4425480 -0.0076962 0.8967118 189 163 119 255
0.1415510 0.6936028 -0.0035572 -0.0021844 0.0014786 -0.9999964 53 35 23 255
0.0155703 0.6666370 0.0443478 -0.7422838 -0.2801642 -0.6087059 45 27 15 255
0.0424655 0.7146551 0.0226259 -0.3242710 0.0614674 -0.9439651 38 24 14 255
-0.1554436 1.1922319 -0.2991047 0.1806785 0.5192184 -0.8353248 201 153 93 255
-0.1476005 0.9349904 -0.3960752 -0.1207272 0.1389277 -0.9829160 188 159 116 255
-0.2158845 1.2204253 -0.2567167 -0.8369140 0.0760328 -0.5420278 196 147 86 255
-0.1554436 1.1922319 -0.2991047 0.1806785 0.5192184 -0.8353248 201 153 93 255
-0.0927776 0.9905955 -0.3898287 0.4479419 0.2281039 -0.8644748 201 157 103 255
-0.1476005 0.9349904 -0.3960752 -0.1207272 0.1389277 -0.9829160 188 159 116 255
0.0988646 0.9220272 -0.0005512 0.8176307 -0.3417068 -0.4633752 38 48 65 255
0.1270792 0.9500780 0.0423985 0.9789176 -0.1230081 -0.1630620 49 41 35 255
0.1184551 0.9148896 0.0582991 0.9735903 -0.1034864 -0.2035005 164 145 99 255
0.0087186 1.8105499 -0.2548723 -0.5856878 0.3937540 -0.7084685 72 76 78 255
0.0674480 1.6204208 -0.2786598 -0.1620109 -0.1815037 -0.9699530 91 108 111 255
-0.0253339 1.7046130 -0.2517843 -0.6421509 -0.0821411 -0.7621647 27 36 52 255
-0.2504300 0.1424510 -0.1215887 -0.8277169 0.2945640 -0.4776157 124 151 151 255
-0.1926994 0.1091017 -0.1398277 -0.3348447 0.1446824 -0.9310994 115 143 141 255
-0.2413388 0.1000843 -0.1536531 -0.4608074 0.7729812 -0.4360697 122 147 148 255
0.1980117 1.6173896 -0.1758471 0.7351738 -0.1664198 -0.6571330 40 50 67 255
0.1902660 1.5393359 -0.1257429 0.8747607 -0.3908859 0.2863595 41 46 56 255
0.1715207 1.5239461 -0.1468630 -0.1037555 -0.9266685 -0.3612758 33 43 57 255
0.0520200 1.7182202 -0.2558422 0.2403169 0.0761621 -0.9677020 71 75 77 255
0.0087186 1.8105499 -0.2548723 -0.5856878 0.3937540 -0.7084685 72 76 78 255
0.0498213 1.7822167 -0.2493696 0.2404557 0.1697856 -0.9556955 72 76 78 255
-0.1665133 0.0283780 -0.3220911 -0.0636223 -0.7360931 -0.6738836 118 145 147 255
-0.1927797 0.0112661 -0.3009195 -0.1943014 -0.9270546 -0.3206505 125 152 154 255
-0.2022766 0.0355930 -0.3236990 -0.1305334 -0.7043266 -0.6977715 102 125 129 255
-0.1631363 0.8715636 -0.3105478 0.2390098 -0.9675530 -0.0819478 196 140 81 255
-0.2003408 0.8403271 -0.3190403 -0.2645658 0.1512630 0.9524308 168 153 124 255
-0.1881794 0.8108586 -0.3374233 0.5753798 -0.6733180 -0.4643068 162 149 124 255
-0.2403731 0.8476128 -0.3363762 0.1588230 0.6746152 0.7208812 197 153 94 255
-0.2666813 0.9020588 -0.3561649 -0.4563794 0.3286196 0.8268779 203 157 99 255
-0.2644935 0.8811271 -0.3532076 0.2353521 0.8649095 0.4433293 203 157 98 255
-0.1926994 0.1091017 -0.1398277 -0.3348447 0.1446824 -0.9310994 115 143 141 255
-0.1678036 0.0519236 -0.2474928 0.1646149 0.9157729 -0.3664179 125 152 152 255
-0.2413388 0.1000843 -0.1536531 -0.4608074 0.7729812 -0.4360697 122 147 148 255
0.0620113 0.4741161 -0.1720219 0.9170127 -0.3939483 0.0623870 119 150 151 255
0.0022796 0.4436386 -0.1085052 0.4994986 -0.2838337 0.8184983 112 145 146 255
-0.0597439 0.3089793 -0.0926514 0.7938523 -0.5335427 0.2917714 99 40 39 255
-0.1016714 0.8892043 -0.0965548 -0.2070990 0.2513897 -0.9454699 25 36 53 255
-0.1843870 0.8870351 -0.0600672 -0.7640899 0.0923055 -0.6384717 24 32 51 255
-0.1582786 0.9763471 -0.0709276 -0.5552736 0.1404482 -0.8197229 128 157 157 255
-0.2998526 0.0365224 -0.0769911 -0.9989504 0.0451496 0.0077297 130 153 152 255
-0.2504300 0.1424510 -0.1215887 -0.8277169 0.2945640 -0.4776157 124 151 151 255
-0.2413388 0.1000843 -0.1536531 -0.4608074 0.7729812 -0.4360697 122 147 148 255
0.0507689 0.9691072 -0.0845404 0.6198957 0.0505214 -0.7830561 128 157 157 255
0.0195147 0.9681811 -0.0903034 0.1411971 0.0052016 -0.9899679 128 158 158 255
0.0544774 0.9829155 -0.0560303 0.5608041 0.5329466 -0.6336141 126 157 156 255
0.0982361 1.8778827 -0.1898947 0.1618225 0.9162796 -0.3663946 66 76 81 255
0.0858741 1.8492008 -0.2464209 0.3104321 0.3646878 -0.8778581 72 76 78 255
0.0567825 1.8994728 -0.2034674 -0.2047302 0.9499534 -0.2359535 50 46 46 255
0.1896951 1.2715164 0.0436344 0.8216749 -0.0322237 0.5690449 93 104 107 255
0.1053880 1.0722235 0.1325760 0.7220160 0.0845356 0.6866925 42 29 19 255
0.1230081 1.0410083 0.0918646 0.9806400 -0.1875606 0.0562698 42 26 15 255
-0.1678036 0.0519236 -0.2474928 0.1646149 0.9157729 -0.3664179 125 152 152 255
-0.2477638 0.0443271 -0.2923250 -0.1459549 0.9091198 -0.3901259 116 141 144 255
-0.2413388 0.1000843 -0.1536531 -0.4608074 0.7729812 -0.4360697 122 147 148 255
0.1984885 1.7443976 -0.1977530 0.8497020 0.0550252 -0.5243840 204 165 111 255
0.1736313 1.7086855 -0.1987438 0.7847828 0.1919060 -0.5893116 204 161 104 255
0.1797177 1.7849084 -0.1848688 0.6845980 0.2926637 -0.6675878 203 170 119 255
-0.2730111 0.0363578 -0.2523823 -0.9683402 0.1549037 -0.1957604 33 43 61 255
-0.1927797 0.0112661 -0.3009195 -0.1943014 -0.9270546 -0.3206505 125 152 154 255
-0.2514614 0.0156888 -0.2518539 -0.2574040 -0.9660548 -0.0219427 122 152 156 255
-0.0221081 0.8827455 -0.0884399 0.4742547 0.5014350 -0.7236334 33 43 60 255
-0.0766392 0.8841642 -0.1063442 -0.0335032 0.6565921 -0.7535014 30 41 58 255
-0.0069184 0.8985235 -0.0719023 0.5087025 -0.1613761 -0.8456829 20 28 42 255
0.1500809 1.6077741 -0.2007351 -0.0213185 0.8948354 -0.4458870 200 156 100 255
0.1228414 1.6266396 -0.1665916 -0.2346285 -0.6749051 -0.6996088 201 157 99 255
0.1717486 1.6405154 -0.2072992 0.6748281 -0.6434113 -0.3614261 201 156 97 255
-0.2457772 0.0235670 -0.3024015 -0.5038668 -0.7099226 -0.4920654 118 140 141 255
-0.2022766 0.0355930 -0.3236990 -0.1305334 -0.7043266 -0.6977715 102 125 129 255
-0.1927797 0.0112661 -0.3009195 -0.1943014 -0.9270546 -0.3206505 125 152 154 255
-0.2022766 0.0355930 -0.3236990 0.0204679 0.9381942 -0.3455036 98 143 133 255
-0.2457772 0.0235670 -0.3024015 -0.5038668 -0.7099226 -0.4920654 118 140 141 255
-0.2477638 0.0443271 -0.2923250 -0.1459549 0.9091198 -0.3901259 116 141 144 255
0.0653642 0.6984478 -0.1638422 0.8625856 -0.0089006 -0.5058329 57 69 89 255
0.0261013 0.6927895 -0.1697483 0.7356015 0.1801195 -0.6530294 55 65 86 255
-0.0490422 0.6971333 -0.1913023 -0.2891052 0.0128514 -0.9572111 51 62 83 255
0.1791174 0.7780612 0.1899433 0.8557928 0.1158278 0.5041850 50 33 22 255
0.1960989 0.8053829 0.1371899 0.9470752 0.3175718 -0.0468708 43 26 16 255
0.1479297 0.7773673 0.2249832 0.7736659 0.0784146 0.6287226 59 38 24 255
0.0207176 0.7072146 0.0153217 0.7707431 -0.1663935 0.6150353 137 162 163 255
-0.0157965 0.7784769 0.0673246 0.5125330 -0.7075480 0.4865036 130 162 158 255
-0.0957537 0.7755629 0.1081858 0.1752950 -0.4808531 0.8590995 114 140 136 255
0.1996438 0.7801349 0.0891247 0.9553705 0.2401088 -0.1720907 46 30 18 255
0.1791174 0.7780612 0.1899433 0.8557928 0.1158278 0.5041850 50 33 22 255
0.2026266 0.7179836 0.1742754 0.9148408 0.0625011 0.3989486 39 24 15 255
0.1960989 0.8053829 0.1371899 0.9470752 0.3175718 -0.0468708 43 26 16 255
0.1557068 0.8886355 0.1107950 0.8969604 0.4113418 -0.1620494 34 21 12 255
0.1456308 0.9180309 0.1933451 0.8735764 0.2382939 0.4243587 29 16 8 255
0.1270792 0.9500780 0.0423985 0.9789176 -0.1230081 -0.1630620 49 41 35 255
0.1129685 0.9820655 0.0043936 0.9502524 0.0467064 -0.3079593 132 160 162 255
0.1260452 0.9950287 0.0453644 0.9609925 0.1581795 -0.2268759 124 151 151 255
0.1948832 0.7140176 0.0432615 0.9361345 0.0180615 -0.3511782 40 25 14 255
0.1996438 0.7801349 0.0891247 0.9553705 0.2401088 -0.1720907 46 30 18 255
0.2026266 0.7179836 0.1742754 0.9148408 0.0625011 0.3989486 39 24 15 255
-0.1012045 0.6961569 -0.1870718 -0.4910673 -0.0773207 -0.8676834 47 54 75 255
-0.1372038 0.6588280 -0.1240339 -0.8361706 -0.4186088 -0.3543802 147 178 177 255
-0.1600551 0.6532273 -0.1253014 -0.6830447 -0.5774218 -0.4472516 147 177 176 255
0.0982361 1.8778827 -0.1898947 0.1618225 0.9162796 -0.3663946 66 76 81 255
-0.0298879 1.8573122 -0.0182629 -0.1876043 0.9000339 0.3933747 36 45 63 255
0.0462621 1.8899362 -0.0577126 0.1814131 0.9422819 0.2814142 50 46 46 255
-0.1926994 0.1091017 -0.1398277 -0.3348447 0.1446824 -0.9310994 115 143 141 255
-0.2504300 0.1424510 -0.1215887 -0.8277169 0.2945640 -0.4776157 124 151 151 255
-0.1556858 0.3908706 -0.1705952 -0.6699742 0.1992739 -0.7151395 30 40 60 255
-0.2158845 1.2204253 -0.2567167 -0.8369140 0.0760328 -0.5420278 196 147 86 255
-0.1476005 0.9349904 -0.3960752 -0.1207272 0.1389277 -0.9829160 188 159 116 255
-0.1472288 0.9883946 -0.3574057 -0.6750506 -0.4354634 0.5955486 199 151 92 255
-0.0005545 1.0721230 0.1701231 -0.3278362 0.7380872 0.5897040 40 26 19 255
0.0097988 1.0441910 0.2068415 -0.0194049 0.6077463 0.7938942 39 25 15 255
0.0678968 1.0721025 0.1694040 0.2277492 0.4621819 0.8570403 50 36 23 255
0.1717486 1.6405154 -0.2072992 0.6695252 -0.6518267 -0.3561711 201 156 96 255
0.1720977 1.6389347 -0.1663160 0.9589785 -0.2834773 0.0009188 201 156 96 255
0.1612054 1.5583474 -0.1717253 0.6377342 -0.6963370 -0.3292563 202 156 96 255
-0.1939823 0.8453525 -0.2423058 0.6642461 -0.2293426 0.7114627 188 140 85 255
-0.1358777 0.8585073 -0.2923164 0.8799017 -0.3964626 0.2618977 117 139 142 255
-0.1541076 0.9014862 -0.2793293 -0.4888054 0.5661987 0.6636930 201 158 104 255
0.0740318 1.5381757 -0.2118921 0.4449943 -0.8334523 -0.3276237 202 155 97 255
0.0392036 1.5121985 -0.2361383 -0.5321980 -0.4099412 -0.7407519 201 156 96 255
0.0674480 1.6204208 -0.2786598 -0.1576855 -0.2087497 -0.9651730 204 157 99 255
0.1902034 1.4021604 0.2108994 0.6882367 0.5053671 0.5205136 125 152 150 255
0.2226076 1.2338659 0.3139057 0.4353316 0.0281321 0.8998305 142 170 169 255
0.2456774 1.2691037 0.2552958 0.9134194 0.3922131 0.1087832 140 166 168 255
-0.0490422 0.6971333 -0.1913023 -0.2891052 0.0128514 -0.9572111 51 62 83 255
-0.0588834 0.5020687 -0.1880922 -0.7051483 0.0535568 -0.7070342 126 160 160 255
-0.1372038 0.6588280 -0.1240339 -0.8361706 -0.4186088 -0.3543802 147 178 177 255
0.1075770 0.9237172 0.2337723 0.5579615 0.2386554 0.7948098 29 15 8 255
0.1141787 1.0124148 0.1797142 0.5717649 0.4916611 0.6567757 38 25 16 255
0.0450056 0.9620117 0.2567692 0.2216582 0.3419374 0.9132066 34 20 13 255
-0.0718223 1.5497725 -0.1532860 -0.8155478 -0.2760142 -0.5086236 125 156 155 255
-0.0464107 1.5883650 -0.1808624 -0.7152334 -0.2270769 -0.6609669 75 85 86 255
0.0392036 1.5121985 -0.2361383 -0.4887332 -0.4366772 -0.7552834 191 136 75 255
-0.1101481 0.7589041 -0.1654005 -0.4673159 0.2325861 -0.8529475 50 62 85 255
-0.1763154 0.7139001 -0.1017904 -0.9027950 -0.0727924 -0.4238663 148 174 174 255
-0.1654229 0.7711164 -0.1135130 -0.7455873 0.1805223 -0.6414914 109 146 146 255
0.0097988 1.0441910 0.2068415 -0.0194049 0.6077463 0.7938942 39 25 15 255
0.1141787 1.0124148 0.1797142 0.5717649 0.4916611 0.6567757 38 25 16 255
0.0678968 1.0721025 0.1694040 0.2277492 0.4621819 0.8570403 50 36 23 255
-0.1763154 0.7139001 -0.1017904 -0.9027950 -0.0727924 -0.4238663 148 174 174 255
-0.2027819 0.7732584 -0.0230341 -0.9776323 -0.2024430 -0.0570270 126 158 158 255
-0.1654229 0.7711164 -0.1135130 -0.7455873 0.1805223 -0.6414914 109 146 146 255
-0.2998526 0.0365224 -0.0769911 -0.9989504 0.0451496 0.0077297 130 153 152 255
-0.2695202 0.0252974 -0.0416479 0.0046305 -0.7494020 0.6620991 133 155 156 255
-0.2309802 0.1586309 -0.0701780 -0.6513111 0.2937586 0.6996425 126 151 152 255
-0.1016714 0.8892043 -0.0965548 -0.2070990 0.2513897 -0.9454699 25 36 53 255
-0.1582786 0.9763471 -0.0709276 -0.5552736 0.1404482 -0.8197229 128 157 157 255
-0.0445003 0.9345192 -0.0971470 0.0421367 -0.1223655 -0.9915903 24 33 49 255
0.1230081 1.0410083 0.0918646 0.9698665 -0.2366540 0.0579104 130 159 160 255
0.1778296 1.1680373 -0.0646324 0.8509381 -0.4561136 -0.2605089 142 174 173 255
0.1896951 1.2715164 0.0436344 0.8238934 -0.0252206 0.5661834 127 162 163 255
-0.2661228 0.8179252 -0.2632580 0.5148209 -0.7139508 0.4745880 143 167 173 255
-0.2938998 0.8183078 -0.2609510 -0.4501848 -0.8806588 0.1475591 140 165 168 255
-0.2643757 0.7973161 -0.2961550 -0.0134813 -0.9945387 -0.1034947 140 165 167 255
-0.1358777 0.8585073 -0.2923164 0.8799017 -0.3964626 0.2618977 117 139 142 255
-0.1304803 0.9071250 -0.3393736 0.8374771 -0.5022255 -0.2154101 114 144 148 255
-0.1425237 0.9352466 -0.3063164 -0.1031161 0.4393992 0.8923538 203 159 101 255
-0.1541076 0.9014862 -0.2793293 -0.4888054 0.5661987 0.6636930 201 158 104 255
-0.1358777 0.8585073 -0.2923164 0.8799017 -0.3964626 0.2618977 117 139 142 255
-0.1425237 0.9352466 -0.3063164 -0.1031161 0.4393992 0.8923538 203 159 101 255
-0.0766392 0.8841642 -0.1063442 -0.0335032 0.6565921 -0.7535014 30 41 58 255
-0.0221081 0.8827455 -0.0884399 0.4742547 0.5014350 -0.7236334 33 43 60 255
-0.0583577 0.8568301 -0.1257362 0.0184925 0.5663313 -0.8239703 49 63 84 255
-0.0310319 1.4767617 -0.1342468 0.0699686 0.7613168 -0.6445939 33 20 10 255
-0.0642491 1.5024164 -0.0933228 -0.6211492 0.6988289 0.3546998 63 62 54 255
-0.0355212 1.5131551 -0.1087990 -0.7184414 0.5102467 -0.4727477 34 22 11 255
-0.1016714 0.8892043 -0.0965548 -0.2070990 0.2513897 -0.9454699 25 36 53 255
-0.0069184 0.8985235 -0.0719023 0.5087025 -0.1613761 -0.8456829 20 28 42 255
-0.0766392 0.8841642 -0.1063442 -0.0335032 0.6565921 -0.7535014 30 41 58 255
0.1896951 1.2715164 0.0436344 0.8238934 -0.0252206 0.5661834 127 162 163 255
0.1778296 1.1680373 -0.0646324 0.8509381 -0.4561136 -0.2605089 142 174 173 255
0.2366502 1.2572985 -0.0668545 0.9183843 0.2299650 -0.3220038 128 157 158 255
-0.2504300 0.1424510 -0.1215887 -0.8277169 0.2945640 -0.4776157 124 151 151 255
-0.2998526 0.0365224 -0.0769911 -0.9989504 0.0451496 0.0077297 130 153 152 255
-0.2309802 0.1586309 -0.0701780 -0.6513111 0.2937586 0.6996425 126 151 152 255
0.1334731 1.0242517 0.1214352 0.9772730 0.2019455 0.0644617 40 25 15 255
0.1491722 0.9156088 0.1292267 0.9511048 0.2330684 -0.2026788 39 24 15 255
0.1184551 0.9148896 0.0582991 0.9095739 -0.0047400 -0.4155153 42 27 17 255
-0.0445003 0.9345192 -0.0971470 0.0421367 -0.1223655 -0.9915903 24 33 49 255
-0.1096628 1.0018386 -0.0932474 -0.1554346 0.0701585 -0.9853517 124 155 154 255
0.0195147 0.9681811 -0.0903034 0.1411971 0.0052016 -0.9899679 128 158 158 255
-0.2067389 0.9283421 -0.0123892 -0.9396502 0.1623351 -0.3011723 124 154 152 255
-0.1730291 1.0347383 -0.0059605 -0.8609602 0.4845031 -0.1549323 127 161 161 255
-0.1582786 0.9763471 -0.0709276 -0.5552736 0.1404482 -0.8197229 128 157 157 255
0.1334731 1.0242517 0.1214352 0.9772730 0.2019455 0.0644617 40 25 15 255
0.1260452 0.9950287 0.0453644 0.9637734 0.1538688 -0.2178650 45 29 19 255
0.1230081 1.0410083 0.0918646 0.9806400 -0.1875606 0.0562698 42 26 15 255
-0.0257443 1.0871932 -0.1276588 -0.1299220 -0.4184385 -0.8989046 138 170 169 255
0.0209295 1.2371695 -0.2280111 -0.3606506 -0.1049317 -0.9267796 66 23 26 255
0.0573836 1.1517021 -0.1749516 0.3725402 -0.5418777 -0.7533807 148 176 175 255
0.1296477 1.5899144 -0.2609940 0.1479723 -0.1557383 -0.9766523 202 156 95 255
0.1490429 1.6118593 -0.2367706 0.3935583 0.8728259 -0.2885947 202 155 95 255
0.1719070 1.5869451 -0.2140942 0.9023250 -0.1904878 -0.3866832 203 155 95 255
-0.0257443 1.0871932 -0.1276588 -0.1299220 -0.4184385 -0.8989046 138 170 169 255
0.0573836 1.1517021 -0.1749516 0.3725402 -0.5418777 -0.7533807 148 176 175 255
0.1040706 1.0468206 -0.0650206 0.6515976 -0.4949770 -0.5748202 131 165 164 255
0.1500809 1.6077741 -0.2007351 -0.0212953 0.8948566 -0.4458458 201 154 93 255
0.0824035 1.6215558 -0.1788483 0.6689249 0.7297056 -0.1416654 200 154 94 255
0.1228414 1.6266396 -0.1665916 0.0297523 0.8847447 -0.4651254 120 154 152 255
0.0723153 1.4453642 0.1411705 -0.8220881 -0.5505594 -0.1451049 140 166 167 255
0.1098400 1.4114046 0.1146431 -0.4323432 -0.6585692 -0.6159268 144 170 172 255
0.0860929 1.3673904 0.1751719 -0.8124128 -0.5057736 -0.2901353 143 170 171 255
-0.0215201 1.6014237 0.0005093 -0.7107765 -0.0725226 0.6996693 141 174 173 255
-0.0785519 1.5980267 -0.1003466 -0.9938049 -0.1107528 0.0092540 138 168 167 255
-0.0700579 1.5668432 -0.0385523 -0.8467309 0.2760521 0.4547989 138 168 169 255
-0.2666813 0.9020588 -0.3561649 -0.4563794 0.3286196 0.8268779 203 157 99 255
-0.1425237 0.9352466 -0.3063164 -0.1031161 0.4393992 0.8923538 203 159 101 255
-0.2027747 0.9579148 -0.3571444 -0.5694624 0.8136418 -0.1170448 204 158 99 255
0.1334731 1.0242517 0.1214352 0.9772730 0.2019455 0.0644617 40 25 15 255
0.1184551 0.9148896 0.0582991 0.9095739 -0.0047400 -0.4155153 42 27 17 255
0.1270792 0.9500780 0.0423985 0.9693171 -0.1744626 -0.1731687 41 26 14 255
-0.1648681 1.1233289 -0.2320070 0.3514779 -0.4330209 0.8300338 134 161 164 255
-0.1075181 1.1629256 -0.2796431 0.9742943 0.1715363 0.1460339 119 137 138 255
-0.1384081 1.1920408 -0.2311087 0.9011250 -0.0345586 0.4321800 119 137 138 255
-0.1027295 1.6942628 -0.0318108 -0.9051890 -0.1666190 0.3909871 49 61 83 255
-0.0206260 1.6801518 0.0531168 -0.4158734 -0.2760529 0.8665127 49 62 84 255
-0.0375182 1.7959059 0.0398655 -0.4937981 0.2778634 0.8239875 55 68 89 255
-0.2514614 0.0156888 -0.2518539 -0.2574040 -0.9660548 -0.0219427 122 152 156 255
-0.2695202 0.0252974 -0.0416479 0.0046305 -0.7494020 0.6620991 133 155 156 255
-0.2998526 0.0365224 -0.0769911 -0.9989504 0.0451496 0.0077297 130 153 152 255
-0.0952494 1.8229709 -0.0608168 -0.9272952 0.3104119 0.2092080 32 42 58 255
-0.0298879 1.8573122 -0.0182629 -0.1876043 0.9000339 0.3933747 36 45 63 255
-0.0582133 1.8731845 -0.0837765 -0.6980702 0.6336370 -0.3334699 25 35 51 255
-0.0375182 1.7959059 0.0398655 -0.4937981 0.2778634 0.8239875 55 68 89 255
-0.0298879 1.8573122 -0.0182629 -0.1876043 0.9000339 0.3933747 36 45 63 255
-0.0952494 1.8229709 -0.0608168 -0.9272952 0.3104119 0.2092080 32 42 58 255
0.0544774 0.9829155 -0.0560303 0.5608041 0.5329466 -0.6336141 126 157 156 255
0.0119198 0.9872143 -0.0847168 0.2721220 -0.2460323 -0.9302783 126 160 162 255
0.1066568 0.9948427 -0.0172329 0.8681383 -0.2338981 -0.4377527 130 161 160 255
0.1896951 1.2715164 0.0436344 0.8238934 -0.0252206 0.5661834 127 162 163 255
0.2366502 1.2572985 -0.0668545 0.9183843 0.2299650 -0.3220038 128 157 158 255
0.1467695 1.4297059 0.0424423 0.0515463 -0.6110987 0.7898743 108 126 125 255
0.0207176 0.7072146 0.0153217 0.7804375 -0.1696005 0.6017916 53 65 87 255
0.0454076 0.7701938 -0.1407223 0.9125720 0.3698134 -0.1745007 46 56 75 255
0.0261762 0.8071748 -0.0004492 0.9851484 -0.1714959 -0.0084762 38 48 65 255
-0.2418244 0.8551001 -0.3814774 -0.0581510 -0.4578495 -0.8871259 179 128 73 255
-0.2644935 0.8811271 -0.3532076 -0.8197023 -0.4184105 -0.3911788 195 148 92 255
-0.2795318 0.8789803 -0.3700514 -0.4832543 0.1864952 -0.8553858 199 152 94 255
-0.1092541 1.4816687 -0.1259089 -0.3159682 0.9484057 0.0262799 122 141 143 255
0.0372990 1.5130250 0.0319433 -0.4450490 0.8191816 0.3617637 118 146 145 255
-0.0642491 1.5024164 -0.0933228 -0.6211492 0.6988289 0.3546998 63 62 54 255
0.0858741 1.8492008 -0.2464209 0.3104321 0.3646878 -0.8778581 72 76 78 255
0.0797183 1.8318955 -0.2270727 0.6171460 0.1658104 -0.7691800 72 76 78 255
0.0498213 1.7822167 -0.2493696 0.2404557 0.1697856 -0.9556955 72 76 78 255
0.2026266 0.7179836 0.1742754 0.9148408 0.0625011 0.3989486 39 24 15 255
0.0960938 0.7557138 0.2576723 0.1175459 -0.0771065 0.9900694 35 22 13 255
0.1443158 0.6757850 0.2370558 0.5621603 -0.4018286 0.7228483 30 20 11 255
0.0022796 0.4436386 -0.1085052 0.4994986 -0.2838337 0.8184983 112 145 146 255
-0.0385039 0.4832148 -0.1235189 -0.7267268 -0.0431026 0.6855728 123 155 153 255
-0.0879588 0.3606670 -0.0605011 0.0835309 0.1109319 0.9903114 86 38 36 255
-0.2695202 0.0252974 -0.0416479 0.0046305 -0.7494020 0.6620991 133 155 156 255
-0.2024743 0.0750069 -0.0774956 0.7883677 -0.2277753 0.5714847 110 60 30 255
-0.2309802 0.1586309 -0.0701780 -0.6513111 0.2937586 0.6996425 126 151 152 255
-0.0545240 1.5719752 -0.0107946 0.1111681 0.9642623 -0.2404992 143 175 173 255
-0.0275435 1.5747792 0.0129194 -0.5835842 -0.2852036 0.7603213 144 177 175 255
-0.0700579 1.5668432 -0.0385523 -0.8467309 0.2760521 0.4547989 138 168 169 255
0.1467695 1.4297059 0.0424423 0.7554638 -0.4735833 0.4527619 143 169 171 255
0.1546351 1.4258726 0.1018324 0.7627929 -0.3992174 -0.5086967 143 169 171 255
0.1098400 1.4114046 0.1146431 -0.4323432 -0.6585692 -0.6159268 144 170 172 255
-0.2158845 1.2204253 -0.2567167 -0.8369140 0.0760328 -0.5420278 196 147 86 255
-0.1472288 0.9883946 -0.3574057 -0.6750506 -0.4354634 0.5955486 199 151 92 255
-0.2018692 1.1533125 -0.2240887 -0.5543955 -0.5522866 0.6225955 137 154 151 255
-0.0718223 1.5497725 -0.1532860 -0.8155478 -0.2760142 -0.5086236 125 156 155 255
-0.0849809 1.5611183 -0.0793371 -0.9551899 -0.2763395 0.1060589 147 174 174 255
-0.0785519 1.5980267 -0.1003466 -0.9938049 -0.1107528 0.0092540 138 168 167 255
-0.1044545 0.9585288 -0.3469648 0.1120074 -0.4481552 0.8869110 192 142 84 255
-0.0797767 0.9680223 -0.3656654 0.9058156 -0.1646255 0.3903801 105 124 135 255
-0.1648681 1.1233289 -0.2320070 0.3514779 -0.4330209 0.8300338 134 161 164 255
-0.1926994 0.1091017 -0.1398277 0.9772511 -0.1679203 0.1295505 84 38 32 255
-0.1309932 0.0071002 -0.2993031 0.9935626 0.0942981 0.0627786 97 124 126 255
-0.1678036 0.0519236 -0.2474928 0.2492568 0.9184269 -0.3071857 98 124 126 255
-0.2418244 0.8551001 -0.3814774 -0.0581510 -0.4578495 -0.8871259 179 128 73 255
-0.1881794 0.8108586 -0.3374233 0.5753798 -0.6733180 -0.4643068 162 149 124 255
-0.2205107 0.8299180 -0.3698082 -0.5059987 -0.6226056 -0.5969318 190 138 82 255
-0.2630182 0.7919562 -0.2840271 -0.7068408 0.6768499 0.2055487 142 167 172 255
-0.2455714 0.8041980 -0.2643442 -0.4270042 0.8235828 0.3733349 143 167 172 255
-0.2179736 0.8229469 -0.3363523 -0.6228505 0.7815477 -0.0352195 190 135 77 255
-0.1810130 0.1523045 -0.0730648 0.7762961 -0.4803670 0.4081814 132 155 156 255
-0.2309802 0.1586309 -0.0701780 -0.6513111 0.2937586 0.6996425 126 151 152 255
-0.2024743 0.0750069 -0.0774956 0.7883677 -0.2277753 0.5714847 110 60 30 255
0.0331599 0.9149341 -0.0616026 0.4432033 -0.4588495 -0.7700831 38 48 65 255
-0.0445003 0.9345192 -0.0971470 0.0421367 -0.1223655 -0.9915903 24 33 49 255
0.0195147 0.9681811 -0.0903034 0.1411971 0.0052016 -0.9899679 128 158 158 255
-0.0785519 1.5980267 -0.1003466 -0.9938049 -0.1107528 0.0092540 138 168 167 255
-0.1027295 1.6942628 -0.0318108 -0.9051890 -0.1666190 0.3909871 49 61 83 255
-0.0988385 1.7159048 -0.1491604 -0.9157668 0.1002193 -0.3890081 34 43 61 255
0.0033987 1.5741505 0.0283794 -0.1391913 0.1344227 0.9810995 49 62 76 255
0.0403824 1.5370529 0.0204067 -0.1329869 -0.9910266 0.0134479 54 67 89 255
0.0814764 1.5759137 0.0246019 0.1907471 -0.1012521 0.9764032 58 70 94 255
0.0810948 1.6005132 -0.2431364 0.3354674 -0.0519538 -0.9406181 203 155 96 255
0.0740318 1.5381757 -0.2118921 0.4449943 -0.8334523 -0.3276237 202 155 97 255
0.0674480 1.6204208 -0.2786598 -0.1576855 -0.2087497 -0.9651730 204 157 99 255
-0.0464107 1.5883650 -0.1808624 -0.7152334 -0.2270769 -0.6609669 75 85 86 255
-0.0718223 1.5497725 -0.1532860 -0.8155478 -0.2760142 -0.5086236 125 156 155 255
-0.0785519 1.5980267 -0.1003466 -0.9938049 -0.1107528 0.0092540 138 168 167 255
-0.2661228 0.8179252 -0.2632580 0.1563187 0.9228092 0.3521186 200 159 100 255
-0.2179736 0.8229469 -0.3363523 0.6528758 0.5933590 0.4708272 201 165 109 255
-0.2403731 0.8476128 -0.3363762 0.1589217 0.6746008 0.7208728 204 164 107 255
-0.2003408 0.8403271 -0.3190403 -0.2645149 0.1512270 0.9524508 198 150 92 255
-0.2403731 0.8476128 -0.3363762 0.1588230 0.6746152 0.7208812 197 153 94 255
-0.2179736 0.8229469 -0.3363523 0.1228325 -0.9918343 -0.0343074 190 138 81 255
0.1902660 1.5393359 -0.1257429 0.8747607 -0.3908859 0.2863595 41 46 56 255
0.1980117 1.6173896 -0.1758471 0.7351738 -0.1664198 -0.6571330 40 50 67 255
0.2213588 1.6893214 -0.1249132 0.9605526 -0.0403606 0.2751537 57 49 49 255
0.1736313 1.7086855 -0.1987438 0.7847828 0.1919060 -0.5893116 204 161 104 255
0.1984885 1.7443976 -0.1977530 0.8497020 0.0550252 -0.5243840 204 165 111 255
0.1986057 1.6890751 -0.1643047 0.9104300 -0.0562617 -0.4098192 198 156 97 255
0.1797177 1.7849084 -0.1848688 0.6845980 0.2926637 -0.6675878 203 170 119 255
0.1703328 1.8278426 -0.1726847 0.5821036 0.2289116 -0.7802275 198 172 127 255
0.1953542 1.7692159 -0.1571922 0.8996033 0.1341387 -0.4155967 203 167 112 255
-0.0545240 1.5719752 -0.0107946 -0.5854858 -0.5773131 0.5691361 145 176 174 255
-0.0529863 1.5261676 -0.0554104 0.0133941 -0.9754064 0.2200070 142 173 171 255
-0.0275435 1.5747792 0.0129194 -0.5835842 -0.2852036 0.7603213 144 177 175 255
-0.2418244 0.8551001 -0.3814774 -0.0581510 -0.4578495 -0.8871259 179 128 73 255
-0.1476005 0.9349904 -0.3960752 -0.1007359 -0.1515165 -0.9833083 191 139 80 255
-0.1881794 0.8108586 -0.3374233 0.5753798 -0.6733180 -0.4643068 162 149 124 255
-0.0988385 1.7159048 -0.1491604 -0.9157668 0.1002193 -0.3890081 34 43 61 255
-0.0464107 1.5883650 -0.1808624 -0.7152334 -0.2270769 -0.6609669 75 85 86 255
-0.0785519 1.5980267 -0.1003466 -0.9938049 -0.1107528 0.0092540 138 168 167 255
0.2213588 1.6893214 -0.1249132 0.9605526 -0.0403606 0.2751537 57 49 49 255
0.1962016 1.8461899 -0.1456842 0.7536461 0.5247111 0.3958483 197 172 127 255
0.1581736 1.6993155 -0.0050564 0.7635821 0.0982986 0.6381847 50 62 82 255
0.0087186 1.8105499 -0.2548723 -0.5856878 0.3937540 -0.7084685 72 76 78 255
-0.0988385 1.7159048 -0.1491604 -0.9157668 0.1002193 -0.3890081 34 43 61 255
-0.0582133 1.8731845 -0.0837765 -0.6980702 0.6336370 -0.3334699 25 35 51 255
-0.0245700 1.0833513 0.1397820 -0.5516793 0.5012608 0.6666240 100 106 107 255
-0.1088840 1.1653280 -0.0107403 -0.7990283 0.1331313 0.5863700 2 0 1 255
-0.1380127 1.0577144 0.0342131 -0.7556219 0.5630991 0.3345964 11 2 1 255
0.1986057 1.6890751 -0.1643047 0.9104300 -0.0562617 -0.4098192 198 156 97 255
0.1980117 1.6173896 -0.1758471 0.7351738 -0.1664198 -0.6571330 40 50 67 255
0.1720977 1.6389347 -0.1663160 -0.2304656 0.1481837 -0.9617314 49 44 41 255
0.1980117 1.6173896 -0.1758471 0.7351738 -0.1664198 -0.6571330 40 50 67 255
0.1715207 1.5239461 -0.1468630 -0.1037555 -0.9266685 -0.3612758 33 43 57 255
0.1612054 1.5583474 -0.1717253 0.6560928 -0.6886932 -0.3086161 44 54 71 255
0.1682172 1.6877138 -0.2595091 0.4885721 -0.1472039 -0.8600164 202 156 96 255
0.1866773 1.7145230 -0.2447786 0.5450902 0.3132047 -0.7776756 202 158 100 255
0.1876095 1.6669999 -0.2301435 0.9405113 -0.0801668 -0.3301691 203 157 97 255
0.1719070 1.5869451 -0.2140942 0.8792949 -0.0960767 -0.4664865 201 156 96 255
0.1500809 1.6077741 -0.2007351 -0.0091400 0.8833496 -0.4686257 201 156 96 255
0.1717486 1.6405154 -0.2072992 0.6695252 -0.6518267 -0.3561711 201 156 96 255
-0.1006333 1.4179837 -0.1571922 0.5339108 -0.7589053 0.3728298 128 149 149 255
-0.1590456 1.4196223 -0.1115484 -0.2174433 -0.8442440 0.4898678 128 151 151 255
-0.1404640 1.3284144 -0.1429367 0.4787495 -0.3325212 0.8125446 122 140 141 255
0.1986057 1.6890751 -0.1643047 0.9104300 -0.0562617 -0.4098192 198 156 97 255
0.1876095 1.6669999 -0.2301435 0.9404932 -0.0801911 -0.3302150 204 159 100 255
0.1736313 1.7086855 -0.1987438 0.7847828 0.1919060 -0.5893116 204 161 104 255
0.1559308 1.6434553 -0.2463169 0.2661051 -0.8308073 -0.4888224 202 154 93 255
0.1876095 1.6669999 -0.2301435 0.9405113 -0.0801668 -0.3301691 203 157 97 255
0.1717486 1.6405154 -0.2072992 0.6748281 -0.6434113 -0.3614261 201 156 97 255
0.1876095 1.6669999 -0.2301435 0.9404932 -0.0801911 -0.3302150 204 159 100 255
0.1866773 1.7145230 -0.2447786 0.3782848 0.2791786 0.8825870 203 159 100 255
0.1537011 1.7279900 -0.2349052 0.7207295 0.4057184 -0.5620867 204 163 108 255
-0.2938998 0.8183078 -0.2609510 0.0168694 0.9991599 0.0373477 201 157 97 255
-0.2661228 0.8179252 -0.2632580 0.1563187 0.9228092 0.3521186 200 159 100 255
-0.2817957 0.8196034 -0.3010778 -0.8493971 0.2824499 -0.4458101 204 161 103 255
0.1953542 1.7692159 -0.1571922 0.8996033 0.1341387 -0.4155967 203 167 112 255
0.1984885 1.7443976 -0.1977530 0.8497020 0.0550252 -0.5243840 204 165 111 255
0.1797177 1.7849084 -0.1848688 0.6845980 0.2926637 -0.6675878 203 170 119 255
3 0 1 2
3 3 4 5
3 6 7 8
3 9 10 11
3 12 13 14
3 15 16 17
3 18 19 20
3 21 22 23
3 24 25 26
3 27 28 29
3 30 31 32
3 33 34 35
3 36 37 38
3 39 40 41
3 42 43 44
3 45 46 47
3 48 49 50
3 51 52 53
3 54 55 56
3 57 58 59
3 60 61 62
3 63 64 65
3 66 67 68
3 69 70 71
3 72 73 74
3 75 76 77
3 78 79 80
3 81 82 83
3 84 85 86
3 87 88 89
3 90 91 92
3 93 94 95
3 96 97 98
3 99 100 101
3 102 103 104
3 105 106 107
3 108 109 110
3 111 112 113
3 114 115 116
3 117 118 119
3 120 121 122
3 123 124 125
3 126 127 128
3 129 130 131
3 132 133 134
3 135 136 137
3 138 139 140
3 141 142 143
3 144 145 146
3 147 148 149
3 150 151 152
3 153 154 155
3 156 157 158
3 159 160 161
3 162 163 164
3 165 166 167
3 168 169 170
3 171 172 173
3 174 175 176
3 177 178 179
3 180 181 182
3 183 184 185
3 186 187 188
3 189 190 191
3 192 193 194
3 195 196 197
3 198 199 200
3 201 202 203
3 204 205 206
3 207 208 209
3 210 211 212
3 213 214 215
3 216 217 218
3 219 220 221
3 222 223 224
3 225 226 227
3 228 229 230
3 231 232 233
3 234 235 236
3 237 238 239
3 240 241 242
3 243 244 245
3 246 247 248
3 249 250 251
3 252 253 254
3 255 256 257
3 258 259 260
3 261 262 263
3 264 265 266
3 267 268 269
3 270 271 272
3 273 274 275
3 276 277 278
3 279 280 281
3 282 283 284
3 285 286 287
3 288 289 290
3 291 292 293
3 294 295 296
3 297 298 299
3 300 301 302
3 303 304 305
3 306 307 308
3 309 310 311
3 312 313 314
3 315 316 317
3 318 319 320
3 321 322 323
3 324 325 326
3 327 328 329
3 330 331 332
3 333 334 335
3 336 337 338
3 339 340 341
3 342 343 344
3 345 346 347
3 348 349 350
3 351 352 353
3 354 355 356
3 357 358 359
3 360 361 362
3 363 364 365
3 366 367 368
3 369 370 371
3 372 373 374
3 375 376 377
3 378 379 380
3 381 382 383
3 384 385 386
3 387 388 389
3 390 391 392
3 393 394 395
3 396 397 398
3 399 400 401
3 402 403 404
3 405 406 407
3 408 409 410
3 411 412 413
3 414 415 416
3 417 418 419
3 420 421 422
3 423 424 425
3 426 427 428
3 429 430 431
3 432 433 434
3 435 436 437
3 438 439 440
3 441 442 443
3 444 445 446
3 447 448 449
3 450 451 452
3 453 454 455
3 456 457 458
3 459 460 461
3 462 463 464
3 465 466 467
3 468 469 470
3 471 472 473
3 474 475 476
3 477 478 479
3 480 481 482
3 483 484 485
3 486 487 488
3 489 490 491
3 492 493 494
3 495 496 497
3 498 499 500
3 501 502 503
3 504 505 506
3 507 508 509
3 510 511 512
3 513 514 515
3 516 517 518
3 519 520 521
3 522 523 524
3 525 526 527
3 528 529 530
3 531 532 533
3 534 535 536
3 537 538 539
3 540 541 542
3 543 544 545
3 546 547 548
3 549 550 551
3 552 553 554
3 555 556 557
3 558 559 560
3 561 562 563
3 564 565 566
3 567 568 569
3 570 571 572
3 573 574 575
3 576 577 578
3 579 580 581
3 582 583 584
3 585 586 587
3 588 589 590
3 591 592 593
3 594 595 596
3 597 598 599
3 600 601 602
3 603 604 605
3 606 607 608
3 609 610 611
3 612 613 614
3 615 616 617
3 618 619 620
3 621 622 623
3 624 625 626
3 627 628 629
3 630 631 632
3 633 634 635
3 636 637 638
3 639 640 641
3 642 643 644
3 645 646 647
3 648 649 650
3 651 652 653
3 654 655 656
3 657 658 659
3 660 661 662
3 663 664 665
3 666 667 668
3 669 670 671
3 672 673 674
3 675 676 677
3 678 679 680
3 681 682 683
3 684 685 686
3 687 688 689
3 690 691 692
3 693 694 695
3 696 697 698
3 699 700 701
3 702 703 704
3 705 706 707
3 708 709 710
3 711 712 713
3 714 715 716
3 717 718 719
3 720 721 722
3 723 724 725
3 726 727 728
3 729 730 731
3 732 733 734
3 735 736 737
3 738 739 740
3 741 742 743
3 744 745 746
3 747 748 749
3 750 751 752
3 753 754 755
3 756 757 758
3 759 760 761
3 762 763 764
3 765 766 767
3 768 769 770
3 771 772 773
3 774 775 776
3 777 778 779
3 780 781 782
3 783 784 785
3 786 787 788
3 789 790 791
3 792 793 794
3 795 796 797
3 798 799 800
3 801 802 803
3 804 805 806
3 807 808 809
3 810 811 812
3 813 814 815
3 816 817 818
3 819 820 821
3 822 823 824
3 825 826 827
3 828 829 830
3 831 832 833
3 834 835 836
3 837 838 839
3 840 841 842
3 843 844 845
3 846 847 848
3 849 850 851
3 852 853 854
3 855 856 857
3 858 859 860
3 861 862 863
3 864 865 866
3 867 868 869
3 870 871 872
3 873 874 875
3 876 877 878
3 879 880 881
3 882 883 884
3 885 886 887
3 888 889 890
3 891 892 893
3 894 895 896
3 897 898 899
3 900 901 902
3 903 904 905
3 906 907 908
3 909 910 911
3 912 913 914
3 915 916 917
3 918 919 920
3 921 922 923
3 924 925 926
3 927 928 929
3 930 931 932
3 933 934 935
3 936 937 938
3 939 940 941
3 942 943 944
3 945 946 947
3 948 949 950
3 951 952 953
3 954 955 956
3 957 958 959
3 960 961 962
3 963 964 965
3 966 967 968
3 969 970 971
3 972 973 974
3 975 976 977
3 978 979 980
3 981 982 983
3 984 985 986
3 987 988 989
3 990 991 992
3 993 994 995
3 996 997 998
3 999 1000 1001
3 1002 1003 1004
3 1005 1006 1007
3 1008 1009 1010
3 1011 1012 1013
3 1014 1015 1016
3 1017 1018 1019
3 1020 1021 1022
3 1023 1024 1025
3 1026 1027 1028
3 1029 1030 1031
3 1032 1033 1034
3 1035 1036 1037
3 1038 1039 1040
3 1041 1042 1043
3 1044 1045 1046
3 1047 1048 1049
3 1050 1051 1052
3 1053 1054 1055
3 1056 1057 1058
3 1059 1060 1061
3 1062 1063 1064
3 1065 1066 1067
3 1068 1069 1070
3 1071 1072 1073
3 1074 1075 1076
3 1077 1078 1079
3 1080 1081 1082
3 1083 1084 1085
3 1086 1087 1088
3 1089 1090 1091
3 1092 1093 1094
3 1095 1096 1097
3 1098 1099 1100
3 1101 1102 1103
3 1104 1105 1106
3 1107 1108 1109
3 1110 1111 1112
3 1113 1114 1115
3 1116 1117 1118
3 1119 1120 1121
3 1122 1123 1124
3 1125 1126 1127
3 1128 1129 1130
3 1131 1132 1133
3 1134 1135 1136
3 1137 1138 1139
3 1140 1141 1142
3 1143 1144 1145
3 1146 1147 1148
3 1149 1150 1151
3 1152 1153 1154
3 1155 1156 1157
3 1158 1159 1160
3 1161 1162 1163
3 1164 1165 1166
3 1167 1168 1169
3 1170 1171 1172
3 1173 1174 1175
3 1176 1177 1178
3 1179 1180 1181
3 1182 1183 1184
3 1185 1186 1187
3 1188 1189 1190
3 1191 1192 1193
3 1194 1195 1196
3 1197 1198 1199
3 1200 1201 1202
3 1203 1204 1205
3 1206 1207 1208
3 1209 1210 1211
3 1212 1213 1214
3 1215 1216 1217
3 1218 1219 1220
3 1221 1222 1223
3 1224 1225 1226
3 1227 1228 1229
3 1230 1231 1232
3 1233 1234 1235
3 1236 1237 1238
3 1239 1240 1241
3 1242 1243 1244
3 1245 1246 1247
3 1248 1249 1250
3 1251 1252 1253
3 1254 1255 1256
3 1257 1258 1259
3 1260 1261 1262
3 1263 1264 1265
3 1266 1267 1268
3 1269 1270 1271
3 1272 1273 1274
3 1275 1276 1277
3 1278 1279 1280
3 1281 1282 1283
3 1284 1285 1286
3 1287 1288 1289
3 1290 1291 1292
3 1293 1294 1295
3 1296 1297 1298
3 1299 1300 1301
3 1302 1303 1304
3 1305 1306 1307
3 1308 1309 1310
3 1311 1312 1313
3 1314 1315 1316
3 1317 1318 1319
3 1320 1321 1322
3 1323 1324 1325
3 1326 1327 1328
3 1329 1330 1331
3 1332 1333 1334
3 1335 1336 1337
3 1338 1339 1340
3 1341 1342 1343
3 1344 1345 1346
3 1347 1348 1349
3 1350 1351 1352
3 1353 1354 1355
3 1356 1357 1358
3 1359 1360 1361
3 1362 1363 1364
3 1365 1366 1367
3 1368 1369 1370
3 1371 1372 1373
3 1374 1375 1376
3 1377 1378 1379
3 1380 1381 1382
3 1383 1384 1385
3 1386 1387 1388
3 1389 1390 1391
3 1392 1393 1394
3 1395 1396 1397
3 1398 1399 1400
3 1401 1402 1403
3 1404 1405 1406
3 1407 1408 1409
3 1410 1411 1412
3 1413 1414 1415
3 1416 1417 1418
3 1419 1420 1421
3 1422 1423 1424
3 1425 1426 1427
3 1428 1429 1430
3 1431 1432 1433
3 1434 1435 1436
3 1437 1438 1439
3 1440 1441 1442
3 1443 1444 1445
3 1446 1447 1448
3 1449 1450 1451
3 1452 1453 1454
3 1455 1456 1457
3 1458 1459 1460
3 1461 1462 1463
3 1464 1465 1466
3 1467 1468 1469
3 1470 1471 1472
3 1473 1474 1475
3 1476 1477 1478
3 1479 1480 1481
3 1482 1483 1484
3 1485 1486 1487
3 1488 1489 1490
3 1491 1492 1493
3 1494 1495 1496
3 1497 1498 1499
3 1500 1501 1502
3 1503 1504 1505
3 1506 1507 1508
3 1509 1510 1511
3 1512 1513 1514
3 1515 1516 1517
3 1518 1519 1520
3 1521 1522 1523
3 1524 1525 1526
3 1527 1528 1529
3 1530 1531 1532
3 1533 1534 1535
3 1536 1537 1538
3 1539 1540 1541
3 1542 1543 1544
3 1545 1546 1547
3 1548 1549 1550
3 1551 1552 1553
3 1554 1555 1556
3 1557 1558 1559
3 1560 1561 1562
3 1563 1564 1565
3 1566 1567 1568
3 1569 1570 1571
3 1572 1573 1574
3 1575 1576 1577
3 1578 1579 1580
3 1581 1582 1583
3 1584 1585 1586
3 1587 1588 1589
3 1590 1591 1592
3 1593 1594 1595
3 1596 1597 1598
3 1599 1600 1601
3 1602 1603 1604
3 1605 1606 1607
3 1608 1609 1610
3 1611 1612 1613
3 1614 1615 1616
3 1617 1618 1619
3 1620 1621 1622
3 1623 1624 1625
3 1626 1627 1628
3 1629 1630 1631
3 1632 1633 1634
3 1635 1636 1637
3 1638 1639 1640
3 1641 1642 1643
3 1644 1645 1646
3 1647 1648 1649
3 1650 1651 1652
3 1653 1654 1655
3 1656 1657 1658
3 1659 1660 1661
3 1662 1663 1664
3 1665 1666 1667
3 1668 1669 1670
3 1671 1672 1673
3 1674 1675 1676
3 1677 1678 1679
3 1680 1681 1682
3 1683 1684 1685
3 1686 1687 1688
3 1689 1690 1691
3 1692 1693 1694
3 1695 1696 1697
3 1698 1699 1700
3 1701 1702 1703
3 1704 1705 1706
3 1707 1708 1709
3 1710 1711 1712
3 1713 1714 1715
3 1716 1717 1718
3 1719 1720 1721
3 1722 1723 1724
3 1725 1726 1727
3 1728 1729 1730
3 1731 1732 1733
3 1734 1735 1736
3 1737 1738 1739
3 1740 1741 1742
3 1743 1744 1745
3 1746 1747 1748
3 1749 1750 1751
3 1752 1753 1754
3 1755 1756 1757
3 1758 1759 1760
3 1761 1762 1763
3 1764 1765 1766
3 1767 1768 1769
3 1770 1771 1772
3 1773 1774 1775
3 1776 1777 1778
3 1779 1780 1781
3 1782 1783 1784
3 1785 1786 1787
3 1788 1789 1790
3 1791 1792 1793
3 1794 1795 1796
3 1797 1798 1799
3 1800 1801 1802
3 1803 1804 1805
3 1806 1807 1808
3 1809 1810 1811
3 1812 1813 1814
3 1815 1816 1817
3 1818 1819 1820
3 1821 1822 1823
3 1824 1825 1826
3 1827 1828 1829
3 1830 1831 1832
3 1833 1834 1835
3 1836 1837 1838
3 1839 1840 1841
3 1842 1843 1844
3 1845 1846 1847
3 1848 1849 1850
3 1851 1852 1853
3 1854 1855 1856
3 1857 1858 1859
3 1860 1861 1862
3 1863 1864 1865
3 1866 1867 1868
3 1869 1870 1871
3 1872 1873 1874
3 1875 1876 1877
3 1878 1879 1880
3 1881 1882 1883
3 1884 1885 1886
3 1887 1888 1889
3 1890 1891 1892
3 1893 1894 1895
3 1896 1897 1898
3 1899 1900 1901
3 1902 1903 1904
3 1905 1906 1907
3 1908 1909 1910
3 1911 1912 1913
3 1914 1915 1916
3 1917 1918 1919
3 1920 1921 1922
3 1923 1924 1925
3 1926 1927 1928
3 1929 1930 1931
3 1932 1933 1934
3 1935 1936 1937
3 1938 1939 1940
3 1941 1942 1943
3 1944 1945 1946
3 1947 1948 1949
3 1950 1951 1952
3 1953 1954 1955
3 1956 1957 1958
3 1959 1960 1961
3 1962 1963 1964
3 1965 1966 1967
3 1968 1969 1970
3 1971 1972 1973
3 1974 1975 1976
3 1977 1978 1979
3 1980 1981 1982
3 1983 1984 1985
3 1986 1987 1988
3 1989 1990 1991
3 1992 1993 1994
3 1995 1996 1997
3 1998 1999 2000
3 2001 2002 2003
3 2004 2005 2006
3 2007 2008 2009
3 2010 2011 2012
3 2013 2014 2015
3 2016 2017 2018
3 2019 2020 2021
3 2022 2023 2024
3 2025 2026 2027
3 2028 2029 2030
3 2031 2032 2033
3 2034 2035 2036
3 2037 2038 2039
3 2040 2041 2042
3 2043 2044 2045
3 2046 2047 2048
3 2049 2050 2051
3 2052 2053 2054
3 2055 2056 2057
3 2058 2059 2060
3 2061 2062 2063
3 2064 2065 2066
3 2067 2068 2069
3 2070 2071 2072
3 2073 2074 2075
3 2076 2077 2078
3 2079 2080 2081
3 2082 2083 2084
3 2085 2086 2087
3 2088 2089 2090
3 2091 2092 2093
3 2094 2095 2096
3 2097 2098 2099
3 2100 2101 2102
3 2103 2104 2105
3 2106 2107 2108
3 2109 2110 2111
3 2112 2113 2114
3 2115 2116 2117
3 2118 2119 2120
3 2121 2122 2123
3 2124 2125 2126
3 2127 2128 2129
3 2130 2131 2132
3 2133 2134 2135
3 2136 2137 2138
3 2139 2140 2141
3 2142 2143 2144
3 2145 2146 2147
3 2148 2149 2150
3 2151 2152 2153
3 2154 2155 2156
3 2157 2158 2159
3 2160 2161 2162
3 2163 2164 2165
3 2166 2167 2168
3 2169 2170 2171
3 2172 2173 2174
3 2175 2176 2177
3 2178 2179 2180
3 2181 2182 2183
3 2184 2185 2186
3 2187 2188 2189
3 2190 2191 2192
3 2193 2194 2195
3 2196 2197 2198
3 2199 2200 2201
3 2202 2203 2204
3 2205 2206 2207
3 2208 2209 2210
3 2211 2212 2213
3 2214 2215 2216
3 2217 2218 2219
3 2220 2221 2222
3 2223 2224 2225
3 2226 2227 2228
3 2229 2230 2231
3 2232 2233 2234
3 2235 2236 2237
3 2238 2239 2240
3 2241 2242 2243
3 2244 2245 2246
3 2247 2248 2249
3 2250 2251 2252
3 2253 2254 2255
3 2256 2257 2258
3 2259 2260 2261
3 2262 2263 2264
3 2265 2266 2267
3 2268 2269 2270
3 2271 2272 2273
3 2274 2275 2276
3 2277 2278 2279
3 2280 2281 2282
3 2283 2284 2285
3 2286 2287 2288
3 2289 2290 2291
3 2292 2293 2294
3 2295 2296 2297
3 2298 2299 2300
3 2301 2302 2303
3 2304 2305 2306
3 2307 2308 2309
3 2310 2311 2312
3 2313 2314 2315
3 2316 2317 2318
3 2319 2320 2321
3 2322 2323 2324
3 2325 2326 2327
3 2328 2329 2330
3 2331 2332 2333
3 2334 2335 2336
3 2337 2338 2339
3 2340 2341 2342
3 2343 2344 2345
3 2346 2347 2348
3 2349 2350 2351
3 2352 2353 2354
3 2355 2356 2357
3 2358 2359 2360
3 2361 2362 2363
3 2364 2365 2366
3 2367 2368 2369
3 2370 2371 2372
3 2373 2374 2375
3 2376 2377 2378
3 2379 2380 2381
3 2382 2383 2384
3 2385 2386 2387
3 2388 2389 2390
3 2391 2392 2393
3 2394 2395 2396
3 2397 2398 2399
