ply
format ascii 1.0
comment Created for BetterNecromancy boss visual overlay; world Z remapped to Colony Y
element vertex 2400
property float x
property float y
property float z
property float nx
property float ny
property float nz
property uchar red
property uchar green
property uchar blue
property uchar alpha
element face 800
property list uchar uint vertex_indices
end_header
-0.1322304 1.4014254 -0.0663050 -0.9458949 0.3238693 0.0197879 106 114 111 255
-0.1311924 1.3942656 -0.0189615 -0.9138970 0.4012049 0.0618609 70 46 38 255
-0.1061709 1.4380535 -0.0434835 -0.9248660 0.2785332 -0.2589252 112 104 103 255
-0.1207476 1.1057785 -0.2219620 0.7961199 -0.1909696 -0.5742158 45 32 23 255
-0.0060434 1.4248837 -0.1977876 0.3626495 0.4458880 -0.8183333 88 97 113 255
-0.0169103 1.3873920 -0.2109331 0.0115357 -0.1611940 -0.9868553 68 78 94 255
0.1068833 1.0789502 0.1447846 0.1582810 0.1743617 0.9718772 186 96 87 255
0.1154716 1.1562114 0.1201229 0.3500225 -0.0279567 0.9363239 183 94 84 255
0.0328989 1.1215348 0.1329755 0.2085959 -0.2072101 0.9557990 187 100 90 255
0.1456840 0.1820904 -0.0106091 -0.7388536 -0.4033445 0.5398225 99 109 122 255
0.1282330 0.3145940 0.0593993 -0.9426647 -0.2984998 0.1492684 95 108 128 255
0.0871334 0.3142891 0.0069903 -0.1660551 -0.3640540 0.9164554 91 105 128 255
-0.1773624 1.6633730 0.2131974 -0.5213489 -0.1708236 0.8360710 178 86 81 255
-0.1232905 1.7128384 0.2300070 -0.3103333 -0.2453084 0.9184319 184 93 85 255
-0.1866785 1.7149609 0.1824591 -0.7351394 -0.2450288 0.6320847 118 61 53 255
0.0297768 0.4348378 -0.1977871 0.8531981 0.4266168 -0.3000852 201 191 182 255
-0.0349646 0.5349317 -0.0775661 0.7506034 0.0097438 0.6606811 63 71 69 255
0.0886252 0.2646895 -0.1023011 0.8495043 0.2927786 0.4388887 121 143 137 255
0.0177515 0.1894515 -0.0531972 0.1160464 -0.4757203 0.8719079 118 138 136 255
0.0450766 0.1914208 -0.0797274 0.0239190 -0.2995331 -0.9537860 118 137 134 255
0.1070523 0.2137097 -0.1211598 0.9391983 -0.2236171 0.2605803 109 117 113 255
-0.2762482 0.7012938 -0.1345598 -0.0611485 -0.9422277 -0.3293444 163 72 69 255
-0.2094958 0.6621966 -0.1241924 0.6509812 0.5374825 0.5360373 164 80 75 255
-0.2635354 0.7108186 -0.1595460 0.2163348 -0.9539627 -0.2077363 158 74 68 255
-0.2273781 0.6372253 -0.0577073 0.0212671 -0.3980598 -0.9171128 83 75 81 255
-0.2870318 0.6438580 -0.0508166 -0.4183369 -0.4580909 -0.7843130 32 24 23 255
-0.2850379 0.7108079 -0.0909826 -0.5714550 -0.6437029 -0.5090047 16 13 14 255
-0.0212770 1.4249347 0.0929759 -0.8029976 0.5470141 0.2365811 95 107 125 255
-0.0573859 1.3975115 0.1135462 -0.8194537 0.3503812 0.4535734 92 104 124 255
-0.0625060 1.4176240 0.1358079 -0.6264687 0.7607065 0.1698901 86 97 118 255
0.0240576 1.3737566 0.2254231 -0.8182673 0.2671853 0.5089703 130 158 152 255
0.0598392 1.4571289 0.1434204 -0.0014173 0.8189059 0.5739260 119 141 137 255
0.0223398 1.4213648 0.1546585 -0.4816830 0.5887871 0.6490849 137 162 156 255
0.0028272 1.1718744 -0.2383638 -0.2178149 0.2586084 -0.9411049 181 94 86 255
0.1012244 1.0079683 -0.3125239 -0.0211256 0.2650912 -0.9639919 57 49 51 255
-0.0523181 1.0003727 -0.2722493 -0.4405358 0.1024153 -0.8918740 178 89 79 255
0.0569470 0.9492536 0.3003326 0.5675918 -0.2397843 0.7876186 132 157 151 255
0.1238070 1.1284721 0.2560493 0.9847558 -0.1715143 -0.0289661 38 29 22 255
0.0893543 1.1737760 0.3125239 0.4125327 0.1149157 0.9036654 106 71 73 255
-0.1444843 1.7630904 0.2502498 -0.1986302 -0.1301977 0.9713880 185 94 85 255
-0.0537922 1.6787537 0.2247111 0.1231198 -0.0299619 0.9919394 179 88 77 255
-0.1278502 1.8258767 0.2442252 0.0518340 0.3476425 0.9361933 174 86 75 255
0.1068833 1.0789502 0.1447846 0.1582810 0.1743617 0.9718772 186 96 87 255
0.1875610 0.9871934 0.1309265 0.4635820 0.0463491 0.8848410 176 87 77 255
0.1564608 1.0899490 0.1191383 0.5137187 0.2320065 0.8259938 185 95 85 255
0.2277412 0.9520671 -0.2262572 0.7986174 -0.3277930 -0.5047395 86 73 68 255
0.1209390 0.9523262 -0.3032515 -0.0041122 -0.3396851 -0.9405303 42 38 38 255
0.1883621 1.0103756 -0.2854391 0.6746238 0.3007118 -0.6741329 108 79 78 255
-0.1278502 1.8258767 0.2442252 0.0518340 0.3476425 0.9361933 174 86 75 255
-0.1848443 1.8425890 0.1997062 -0.8162711 0.2602348 0.5157319 168 86 73 255
-0.1659315 1.7883615 0.2164815 -0.7798758 0.1033216 0.6173480 170 83 73 255
0.0054145 0.7318979 0.2778364 0.5925910 -0.3553174 -0.7229006 39 27 20 255
-0.0618343 0.7368153 0.2117205 0.5974291 -0.3022587 -0.7427773 41 28 20 255
-0.0002890 0.8478264 0.2114084 0.5061945 -0.1435994 -0.8503802 43 29 21 255
-0.0307226 0.1084508 -0.1559786 -0.6087078 0.5015470 -0.6147565 19 14 15 255
-0.0679588 0.3088705 -0.1738468 -0.8512509 -0.2007703 -0.4848332 156 79 66 255
-0.0033414 0.3267533 -0.2056981 -0.1866446 -0.0580419 -0.9807115 161 80 69 255
-0.1450812 1.6166393 -0.0261935 -0.6396841 -0.1804031 -0.7471672 137 161 157 255
-0.1900057 1.7040421 -0.0070296 -0.7929844 -0.0783074 -0.6041884 101 128 124 255
-0.1616893 1.7444042 -0.0421776 -0.5681152 0.3253650 -0.7558987 128 152 148 255
-0.2148457 0.8050500 -0.1541854 0.9456198 -0.2878550 -0.1514687 177 84 74 255
-0.2630961 0.7247913 -0.0853904 0.9392754 -0.3180424 0.1288819 159 66 58 255
-0.2435253 0.7245200 -0.1716898 0.9524478 -0.3043501 -0.0146404 164 80 74 255
-0.1768825 0.0332630 -0.2184426 -0.3794647 -0.9245057 0.0359980 114 130 127 255
-0.1777962 0.0415144 -0.2657169 -0.7454436 -0.5175358 -0.4200837 127 152 148 255
-0.1200751 0.0124518 -0.2746584 -0.1001450 -0.9863560 -0.1306633 137 152 149 255
0.0028272 1.1718744 -0.2383638 -0.2178149 0.2586084 -0.9411049 181 94 86 255
0.1042285 1.1990945 -0.2230066 0.5922492 0.4757618 -0.6503012 166 83 73 255
0.1012244 1.0079683 -0.3125239 -0.0211256 0.2650912 -0.9639919 57 49 51 255
0.0195296 0.2474307 -0.0516715 0.1596740 0.0365808 0.9864919 125 147 144 255
0.0886252 0.2646895 -0.1023011 0.8495043 0.2927786 0.4388887 121 143 137 255
-0.0349646 0.5349317 -0.0775661 0.7506034 0.0097438 0.6606811 63 71 69 255
-0.0418973 1.1094810 0.0718019 -0.6955123 -0.2396722 0.6773626 186 97 86 255
0.0534608 1.0615491 0.1357805 -0.4264997 -0.0206056 0.9042531 184 96 86 255
-0.0124915 1.1173176 0.1259359 -0.4886292 -0.5379791 0.6868915 186 97 87 255
0.0328989 1.1215348 0.1329755 0.2085959 -0.2072101 0.9557990 187 100 90 255
-0.0124915 1.1173176 0.1259359 -0.4886292 -0.5379791 0.6868915 186 97 87 255
0.0534608 1.0615491 0.1357805 -0.4264997 -0.0206056 0.9042531 184 96 86 255
0.0545208 0.4202509 0.1765290 0.4107458 -0.0686390 0.9091626 91 101 115 255
-0.0028019 0.5470812 0.1985283 -0.0757020 0.1308133 0.9885126 112 120 135 255
-0.0537679 0.5404685 0.1571610 -0.9237930 0.0415046 0.3806362 115 124 140 255
-0.1242607 1.3681000 -0.0896364 -0.8926343 -0.0044298 -0.4507597 120 131 136 255
-0.0825751 1.3525515 -0.1357242 0.5851054 -0.2485569 0.7719270 32 26 23 255
-0.0169103 1.3873920 -0.2109331 0.0115357 -0.1611940 -0.9868553 68 78 94 255
-0.0349646 0.5349317 -0.0775661 0.7209376 -0.0758501 0.6888367 59 69 87 255
0.0468049 0.8090574 -0.0465486 0.3531412 -0.2081590 0.9121190 121 130 146 255
-0.1192018 0.5223504 -0.0471968 -0.3455643 -0.0890851 0.9341569 52 62 78 255
0.0790536 0.9884399 -0.2793190 0.3659419 0.0855643 -0.9266959 42 42 43 255
0.1722243 1.0034282 -0.2560771 -0.3804873 -0.5183579 0.7658554 45 52 60 255
0.1851761 1.0004568 -0.2370542 0.5360327 0.0543346 -0.8424468 44 49 55 255
-0.0999057 1.1643562 -0.0772161 -0.7473727 -0.6167901 0.2469902 95 105 120 255
-0.0710578 1.0908043 -0.1085260 -0.9787551 -0.1936942 -0.0672390 119 127 138 255
-0.0501781 1.0854499 -0.0323152 -0.8813409 -0.2502059 0.4007931 109 118 131 255
-0.2194047 0.6298854 -0.1319987 0.5638621 0.0265061 -0.8254436 171 81 76 255
-0.2635354 0.7108186 -0.1595460 0.2163348 -0.9539627 -0.2077363 158 74 68 255
-0.2094958 0.6621966 -0.1241924 0.6509812 0.5374825 0.5360373 164 80 75 255
-0.0307226 0.1084508 -0.1559786 -0.6087078 0.5015470 -0.6147565 19 14 15 255
0.0278604 0.1033062 -0.2057125 0.4587971 0.2252051 -0.8595278 166 71 63 255
-0.1224164 0.0310266 -0.2911167 0.3074920 0.3589086 -0.8812680 138 152 149 255
-0.2813885 0.7200526 -0.0579230 -0.0126864 0.2841597 0.9586930 179 87 76 255
-0.2297753 0.7854554 -0.0778202 -0.6351966 0.3107465 0.7070798 100 89 92 255
-0.2962614 0.7756805 -0.1018213 -0.9168926 0.2405513 0.3185011 97 93 96 255
-0.2630961 0.7247913 -0.0853904 0.9392754 -0.3180424 0.1288819 159 66 58 255
-0.2297753 0.7854554 -0.0778202 0.9663929 -0.2563376 0.0193858 178 95 85 255
-0.2813885 0.7200526 -0.0579230 -0.0126864 0.2841597 0.9586930 179 87 76 255
-0.0011201 1.1337595 0.1112424 0.2044824 0.2102445 -0.9560252 33 46 64 255
0.1029549 0.9786101 0.1348698 0.0975484 -0.1317757 -0.9864681 62 63 79 255
-0.0418973 1.1094810 0.0718019 0.3596292 0.1108882 -0.9264829 33 47 64 255
0.0133648 0.8267168 -0.2737047 -0.2419239 -0.0962810 -0.9655064 54 64 78 255
0.0834479 0.9526007 -0.2867524 -0.0565404 -0.0215974 -0.9981667 43 49 56 255
0.1446912 0.9139333 -0.2719066 0.4440302 -0.3198123 -0.8369930 56 55 55 255
0.0834479 0.9526007 -0.2867524 -0.0565404 -0.0215974 -0.9981667 43 49 56 255
0.0790536 0.9884399 -0.2793190 0.3636647 0.0789808 -0.9281756 42 42 43 255
0.1446912 0.9139333 -0.2719066 0.4440302 -0.3198123 -0.8369930 56 55 55 255
0.0095668 1.5346963 0.0610968 0.9163034 0.2294079 0.3282684 178 91 79 255
0.0003295 1.5758524 0.0077972 0.8113007 0.1173045 -0.5727399 182 94 82 255
0.0176272 1.6026052 0.1020543 0.7032962 -0.5006836 0.5046686 181 94 81 255
-0.0043077 1.4516817 0.1358269 -0.9353652 -0.1300531 0.3289047 116 118 124 255
0.0282063 1.4758630 0.0840245 -0.4752710 0.8145264 0.3326625 117 119 125 255
-0.0625060 1.4176240 0.1358079 -0.6264687 0.7607065 0.1698901 86 97 118 255
-0.0560524 1.3553739 0.0891493 -0.8342250 0.3086739 0.4569344 94 107 127 255
-0.0806754 1.4066737 0.0443091 -0.8019355 0.3545054 0.4808588 90 102 120 255
-0.1092023 1.3812078 -0.0207031 -0.8631812 0.2584393 0.4337365 89 101 119 255
-0.0220723 1.0861748 0.0080622 -0.7667117 -0.2033375 0.6089393 92 103 117 255
0.0350640 1.0930463 0.0667455 -0.4357876 -0.2309178 0.8699230 46 56 71 255
0.0072300 1.1538807 0.0806164 -0.5009273 -0.6319489 0.5913649 21 28 35 255
-0.2019827 0.6315464 -0.0916050 0.2220855 0.0341756 -0.9744281 159 66 59 255
-0.2510918 0.6091036 -0.1035847 0.2422664 0.0313141 -0.9697042 150 63 54 255
-0.2436882 0.6674827 -0.0998498 0.3768529 -0.0131137 -0.9261802 141 58 49 255
-0.1178471 1.3960196 0.0078879 -0.6819124 0.1839753 0.7079185 76 104 103 255
-0.1344321 1.4299025 -0.0075457 -0.4379985 0.6154429 0.6552765 65 69 70 255
-0.1311924 1.3942656 -0.0189615 -0.9138970 0.4012049 0.0618609 70 46 38 255
-0.2268242 1.8452377 0.1517901 -0.8633142 0.1344044 0.4864403 47 40 33 255
-0.2468244 1.8017908 0.0564424 -0.9122229 0.0338653 -0.4082924 50 37 29 255
-0.2159513 1.8152858 0.0977886 -0.8813657 -0.1809474 0.4364086 45 52 43 255
-0.2338036 1.7424031 0.0503031 -0.9646389 -0.1839793 -0.1887408 109 134 130 255
-0.2294248 1.7716579 0.0482959 -0.9999531 0.0053939 -0.0080543 47 36 27 255
-0.1900057 1.7040421 -0.0070296 -0.7929844 -0.0783074 -0.6041884 101 128 124 255
-0.0641043 1.9101157 -0.0120520 -0.2993653 0.7943694 -0.5285429 122 151 144 255
0.0017817 1.9169637 0.0969512 0.0162885 0.9851192 0.1710992 156 74 66 255
0.0389519 1.8985610 -0.0074236 0.6012033 0.5401863 -0.5888577 141 164 158 255
0.0474555 0.2377319 -0.0390519 -0.3840604 0.0847409 -0.9194109 57 67 84 255
0.1174808 0.2451931 -0.0332542 0.4569548 0.1920447 -0.8685108 58 68 87 255
0.0758007 0.1794834 -0.0330263 -0.0956772 -0.4566906 -0.8844658 62 71 86 255
0.1854141 0.9859033 -0.2463132 -0.7793130 -0.2826294 0.5592780 73 59 54 255
0.1851761 1.0004568 -0.2370542 -0.7910054 -0.3288077 0.5159419 67 59 54 255
0.1722243 1.0034282 -0.2560771 -0.3836304 -0.5103170 0.7696782 80 94 113 255
-0.2631924 0.9385630 -0.1745964 -0.9131337 -0.0345330 -0.4061948 131 156 150 255
-0.2452266 0.8416159 -0.1731685 -0.6162182 0.0562169 -0.7855666 132 158 154 255
-0.2677363 0.9374984 -0.1174615 -0.9776888 0.0313513 0.2077057 129 155 149 255
-0.2330811 0.8454134 -0.0852669 0.7972347 -0.1598974 0.5821080 60 69 88 255
-0.2224470 0.8076117 -0.0260342 0.9851356 0.0547296 -0.1628270 56 65 82 255
-0.2297753 0.7854554 -0.0778202 0.9663929 -0.2563376 0.0193858 178 95 85 255
0.2088478 1.2147214 -0.0244043 0.8709268 0.4133368 -0.2657800 148 80 75 255
0.1799040 1.3521854 0.1034917 -0.6077967 0.7703455 0.1927458 104 59 53 255
0.1843672 1.1719774 0.0804721 0.7574569 0.1220674 0.6413726 163 79 71 255
0.2046149 0.9239588 -0.2208264 0.7329566 -0.3624941 -0.5756500 65 59 54 255
0.1446912 0.9139333 -0.2719066 0.4440302 -0.3198123 -0.8369930 56 55 55 255
0.1806004 0.9848462 -0.2384613 0.6510451 0.0097300 -0.7589765 38 40 43 255
0.1446912 0.9139333 -0.2719066 0.4440302 -0.3198123 -0.8369930 56 55 55 255
0.1851761 1.0004568 -0.2370542 0.5360327 0.0543346 -0.8424468 44 49 55 255
0.1806004 0.9848462 -0.2384613 0.6510451 0.0097300 -0.7589765 38 40 43 255
0.1722243 1.0034282 -0.2560771 -0.3836304 -0.5103170 0.7696782 80 94 113 255
0.1209390 0.9523262 -0.3032515 -0.2773816 -0.4001434 0.8734671 48 45 45 255
0.2080936 0.9546565 -0.2309994 -0.7674617 -0.3849320 0.5126694 78 66 61 255
-0.2452266 0.8416159 -0.1731685 -0.6162182 0.0562169 -0.7855666 132 158 154 255
-0.1944311 0.9066375 -0.1748537 0.4650428 -0.4149957 -0.7819933 126 153 146 255
-0.2148457 0.8050500 -0.1541854 0.9401292 -0.2898176 -0.1793404 132 158 154 255
0.1042285 1.1990945 -0.2230066 0.5922492 0.4757618 -0.6503012 166 83 73 255
0.1883621 1.0103756 -0.2854391 0.6906808 0.3005093 -0.6577646 161 78 67 255
0.1012244 1.0079683 -0.3125239 -0.0211256 0.2650912 -0.9639919 57 49 51 255
-0.1513159 1.2140819 -0.0191522 -0.4800525 -0.4460344 0.7553827 21 31 39 255
-0.1787436 1.2185787 -0.0159932 -0.8259208 -0.3144853 0.4679251 24 33 42 255
-0.1082368 1.1232918 -0.0280847 -0.8545578 -0.3239549 0.4059364 139 165 162 255
-0.2272478 1.6335897 0.0303191 -0.7370039 -0.0911090 -0.6697197 139 164 159 255
-0.2169249 1.6532503 0.0715705 -0.9400208 0.2288836 -0.2529289 137 162 157 255
-0.1900057 1.7040421 -0.0070296 -0.7929844 -0.0783074 -0.6041884 101 128 124 255
-0.1232905 1.7128384 0.2300070 -0.3103333 -0.2453084 0.9184319 184 93 85 255
-0.0537922 1.6787537 0.2247111 0.1231198 -0.0299619 0.9919394 179 88 77 255
-0.1444843 1.7630904 0.2502498 -0.1986302 -0.1301977 0.9713880 185 94 85 255
0.0780313 1.1606331 0.1008876 -0.4010237 -0.7386190 0.5418690 33 40 52 255
0.0999205 1.1206573 0.0822870 -0.6179677 -0.1808062 0.7651308 35 44 56 255
0.1597850 0.9815877 0.1126821 -0.1653950 -0.1021007 -0.9809282 167 81 70 255
0.1375022 1.5662739 -0.0030968 0.9593152 -0.2064127 -0.1926343 128 150 144 255
0.0841203 1.6309696 -0.0820815 0.6586528 0.1977341 -0.7260011 141 163 156 255
0.1417179 1.7277303 0.0267435 0.9263903 0.2565575 -0.2756430 132 158 153 255
-0.1352103 1.1832420 -0.0592380 -0.5758166 -0.7796473 0.2461410 95 104 120 255
-0.0645242 1.2026617 0.1058603 -0.7728040 -0.3445987 0.5329407 27 34 45 255
-0.1513159 1.2140819 -0.0191522 -0.4916545 -0.4136347 0.7662782 90 99 114 255
-0.2260503 1.6881607 0.1370412 -0.7753749 0.1784130 0.6057744 126 152 149 255
-0.2169249 1.6532503 0.0715705 -0.9400208 0.2288836 -0.2529289 137 162 157 255
-0.2582695 1.6577905 0.1478377 -0.9123647 0.4045070 0.0629678 137 162 158 255
0.0238543 0.9672613 0.1898227 0.0021207 -0.0856587 -0.9963223 39 27 21 255
-0.0420208 0.9804144 0.2320571 -0.9304525 0.1607078 -0.3292892 48 34 25 255
0.0472143 1.0851328 0.1894846 -0.0580030 0.0932834 -0.9939486 44 31 22 255
-0.0558608 0.9443621 -0.0869220 -0.9434153 0.0610624 0.3259429 105 117 134 255
0.0260465 0.8723686 -0.0402469 -0.8841028 0.0870848 0.4591063 115 123 136 255
0.0365887 0.9706026 0.0529017 -0.8264331 0.0067170 0.5629948 105 114 128 255
-0.0289738 0.5346107 -0.1358154 0.8893478 -0.3242895 -0.3223304 40 34 31 255
0.2046149 0.9239588 -0.2208264 0.7329566 -0.3624941 -0.5756500 65 59 54 255
0.1969659 0.8678487 -0.1737019 0.7490929 -0.6358134 -0.1860139 85 79 72 255
-0.0354364 0.9383478 0.2439447 -0.9828550 -0.0250966 -0.1826643 40 30 23 255
-0.0075014 0.9388754 0.2899870 -0.2632806 -0.2562778 0.9300565 46 32 24 255
-0.0420208 0.9804144 0.2320571 -0.9257763 0.1626558 -0.3412935 88 40 31 255
-0.3013840 0.7353286 -0.1438409 -0.9015163 0.0811264 -0.4250728 182 89 85 255
-0.2700236 0.7111258 -0.1865120 -0.1612996 -0.0666409 -0.9846529 174 89 83 255
-0.2635354 0.7108186 -0.1595460 0.2163233 -0.9539407 -0.2078492 182 88 88 255
-0.1352103 1.1832420 -0.0592380 -0.5758166 -0.7796473 0.2461410 95 104 120 255
-0.0999057 1.1643562 -0.0772161 -0.7473727 -0.6167901 0.2469902 95 105 120 255
-0.0464358 1.1806725 0.1130723 -0.4195477 -0.8532601 0.3097207 24 31 41 255
0.2277412 0.9520671 -0.2262572 0.7986174 -0.3277930 -0.5047395 86 73 68 255
0.2080936 0.9546565 -0.2309994 -0.7674617 -0.3849320 0.5126694 78 66 61 255
0.1209390 0.9523262 -0.3032515 -0.0041122 -0.3396851 -0.9405303 42 38 38 255
0.2688696 0.9085453 -0.0865521 0.8941376 -0.3595395 -0.2669256 173 82 72 255
0.1969659 0.8678487 -0.1737019 0.8471342 -0.5299855 -0.0384572 175 88 77 255
0.2046149 0.9239588 -0.2208264 0.7599477 -0.3122002 -0.5700970 168 83 71 255
0.1564608 1.0899490 0.1191383 0.5137187 0.2320065 0.8259938 185 95 85 255
0.1154716 1.1562114 0.1201229 0.3500225 -0.0279567 0.9363239 183 94 84 255
0.1068833 1.0789502 0.1447846 0.1582810 0.1743617 0.9718772 186 96 87 255
-0.2962614 0.7756805 -0.1018213 -0.9168926 0.2405513 0.3185011 97 93 96 255
-0.2870318 0.6438580 -0.0508166 -0.3643595 0.1132102 0.9243515 181 88 77 255
-0.2813885 0.7200526 -0.0579230 -0.0126864 0.2841597 0.9586930 179 87 76 255
-0.0541718 1.4521319 -0.1667840 0.0604517 0.8011348 -0.5954232 129 155 150 255
-0.1596953 1.3799473 -0.2072145 -0.4887618 0.6070809 -0.6265498 133 46 42 255
-0.1286515 1.4274280 -0.0963749 -0.7526351 0.6574856 -0.0353977 132 159 152 255
-0.1570948 0.9367694 -0.1595336 0.9410169 -0.3299338 -0.0750388 136 163 158 255
-0.1944311 0.9066375 -0.1748537 0.4650428 -0.4149957 -0.7819933 126 153 146 255
-0.2283190 0.9539337 -0.2145507 -0.1186442 -0.2920834 -0.9490051 132 158 152 255
0.3013840 0.9429463 -0.0325358 0.1546201 -0.9875177 0.0300240 161 78 66 255
0.2080936 0.9546565 -0.2309994 -0.7674617 -0.3849320 0.5126694 78 66 61 255
0.2277412 0.9520671 -0.2262572 0.7986174 -0.3277930 -0.5047395 86 73 68 255
0.1070523 0.2137097 -0.1211598 0.9391983 -0.2236171 0.2605803 109 117 113 255
0.0913911 0.2664089 -0.1835891 0.8987805 0.2767709 -0.3399877 106 109 104 255
0.0886252 0.2646895 -0.1023011 0.8495043 0.2927786 0.4388887 121 143 137 255
-0.1570948 0.9367694 -0.1595336 0.9410169 -0.3299338 -0.0750388 136 163 158 255
-0.1890591 0.9017067 -0.1167199 0.9094405 -0.2312246 0.3456201 132 158 154 255
-0.1944311 0.9066375 -0.1748537 0.4650428 -0.4149957 -0.7819933 126 153 146 255
0.0192561 0.3001371 0.0437557 0.8700304 -0.1079835 0.4810266 100 105 122 255
0.0358722 0.2970536 0.1149358 0.7367760 -0.0425599 -0.6747962 94 107 129 255
0.0135150 0.1659505 0.0590332 0.9889123 -0.1444282 0.0345397 92 106 128 255
-0.2435253 0.7245200 -0.1716898 0.9524478 -0.3043501 -0.0146404 164 80 74 255
-0.2053552 0.6819215 -0.1666811 0.3807657 0.2360591 -0.8940322 178 85 81 255
-0.2700236 0.7111258 -0.1865120 -0.1612845 -0.0666276 -0.9846563 165 75 72 255
0.0644317 0.9212604 0.2579323 0.8028892 -0.5728492 0.1649629 42 31 25 255
0.0117412 0.9258118 0.2031021 0.2291387 -0.3627789 -0.9032646 40 28 21 255
0.0820463 0.9588836 0.2341720 0.8520925 -0.2851536 -0.4388916 33 25 20 255
-0.0435746 1.0051366 -0.2251837 -0.9472198 0.0081419 -0.3204814 71 84 103 255
0.0133648 0.8267168 -0.2737047 -0.2419239 -0.0962810 -0.9655064 54 64 78 255
-0.1560575 0.5940026 -0.1927230 -0.8281428 0.0949329 -0.5524195 35 42 52 255
0.0953963 0.9192232 0.1480660 0.0814234 -0.1966277 0.9770915 181 91 80 255
0.1875610 0.9871934 0.1309265 0.4635820 0.0463491 0.8848410 176 87 77 255
0.0869520 0.9665249 0.1597053 -0.0584821 0.0110635 0.9982271 182 92 81 255
0.0047545 1.5314355 -0.0565496 -0.0442071 -0.1873236 0.9813030 189 97 85 255
-0.1304659 1.5771368 -0.0217763 0.1220552 -0.2440892 0.9620411 63 73 90 255
-0.1091915 1.4819299 -0.0622191 0.0546017 -0.0223950 0.9982570 55 66 82 255
0.0239699 1.1360425 0.2192958 -0.7196786 0.0692663 -0.6908435 45 31 21 255
0.0878048 1.0980996 0.2048314 0.5131785 -0.0922579 -0.8533090 44 32 24 255
0.0472143 1.0851328 0.1894846 -0.0580030 0.0932834 -0.9939486 44 31 22 255
-0.2172534 0.9392766 -0.0850644 0.1612115 0.1172074 0.9799354 109 126 129 255
-0.1890591 0.9017067 -0.1167199 0.9094405 -0.2312246 0.3456201 132 158 154 255
-0.1570948 0.9367694 -0.1595336 0.9410169 -0.3299338 -0.0750388 136 163 158 255
-0.0618343 0.7368153 0.2117205 0.5974291 -0.3022587 -0.7427773 41 28 20 255
-0.0665834 0.7309337 0.2484944 -0.5112100 -0.6467432 0.5660279 44 30 21 255
-0.0471914 0.6632835 0.1760812 0.7073015 -0.4120787 0.5743829 41 27 19 255
0.0260465 0.8723686 -0.0402469 -0.8666232 0.0821663 0.4921512 56 67 83 255
-0.0537679 0.5404685 0.1571610 -0.9237930 0.0415046 0.3806362 115 124 140 255
0.0365887 0.9706026 0.0529017 -0.9419894 0.1158424 0.3150185 13 19 25 255
0.1029549 0.9786101 0.1348698 0.0975484 -0.1317757 -0.9864681 62 63 79 255
0.0953963 0.9192232 0.1480660 0.0630690 -0.4038109 -0.9126660 61 63 77 255
0.0129526 0.9217753 0.1083726 0.2583773 -0.2768514 -0.9255239 192 100 91 255
-0.2479310 0.7741561 -0.0537747 -0.7474732 0.2926870 0.5963373 182 94 83 255
-0.2330811 0.8454134 -0.0852669 -0.7359409 0.3960456 0.5491254 170 87 75 255
-0.2962614 0.7756805 -0.1018213 -0.9169297 0.2404338 0.3184835 165 84 72 255
-0.1344321 1.4299025 -0.0075457 -0.4379985 0.6154429 0.6552765 65 69 70 255
-0.1178471 1.3960196 0.0078879 -0.6819124 0.1839753 0.7079185 76 104 103 255
-0.0931365 1.4361018 -0.0299020 0.0139580 0.4675237 0.8838704 80 110 109 255
-0.0947757 0.9464005 -0.2153277 0.7830966 -0.2876231 0.5513915 184 95 83 255
-0.0128145 0.9471996 -0.2606349 0.4682150 -0.2197890 0.8558431 183 95 83 255
-0.0114563 0.9681395 -0.2580162 0.3598822 -0.0944345 0.9282063 182 94 82 255
-0.2850379 0.7108079 -0.0909826 -0.5714550 -0.6437029 -0.5090047 16 13 14 255
-0.2630961 0.7247913 -0.0853904 0.9392732 -0.3180497 0.1288803 164 73 70 255
-0.2273781 0.6372253 -0.0577073 0.0212671 -0.3980598 -0.9171128 83 75 81 255
-0.0437300 1.4784265 -0.0562629 -0.7443459 0.4779781 -0.4663542 189 98 86 255
-0.0931365 1.4361018 -0.0299020 -0.2012085 0.7030299 0.6821027 56 66 83 255
-0.0700669 1.4347728 0.0056907 -0.9355745 -0.0528806 0.3491474 57 68 84 255
-0.2630961 0.7247913 -0.0853904 0.9392754 -0.3180424 0.1288819 159 66 58 255
-0.2762482 0.7012938 -0.1345598 -0.0611075 -0.9422267 -0.3293550 163 72 69 255
-0.2635354 0.7108186 -0.1595460 0.2163317 -0.9539369 -0.2078588 158 74 68 255
0.2277412 0.9520671 -0.2262572 0.7986174 -0.3277930 -0.5047395 86 73 68 255
0.1883621 1.0103756 -0.2854391 0.6746238 0.3007118 -0.6741329 108 79 78 255
0.2992365 1.0195844 -0.0966738 0.8747249 0.3356026 -0.3496100 69 68 70 255
-0.2172534 0.9392766 -0.0850644 0.1998468 0.0562172 0.9782132 127 156 151 255
-0.2677363 0.9374984 -0.1174615 -0.9776888 0.0313513 0.2077057 129 155 149 255
-0.2962614 0.7756805 -0.1018213 -0.9076730 0.2668326 0.3239291 127 158 152 255
0.0569470 0.9492536 0.3003326 0.5675918 -0.2397843 0.7876186 132 157 151 255
-0.0129790 0.9787984 0.3028112 -0.5570468 0.0743299 0.8271480 133 158 154 255
-0.0075014 0.9388754 0.2899870 -0.2594640 -0.2807027 0.9240587 134 159 156 255
0.0134063 1.3800784 0.1527615 -0.6687942 -0.6617858 0.3387536 133 157 153 255
0.0143356 1.3659358 0.1919350 -0.8658445 -0.1527059 -0.4764390 134 159 154 255
0.0223398 1.4213648 0.1546585 -0.4816830 0.5887871 0.6490849 137 162 156 255
-0.1740968 1.5077897 0.0183801 -0.3592153 -0.6150228 -0.7019340 183 94 84 255
-0.2284541 1.5519721 0.0720740 -0.8101272 -0.2948161 -0.5067319 168 84 77 255
-0.2272478 1.6335897 0.0303191 -0.7369817 -0.0911024 -0.6697450 188 98 87 255
-0.1881776 1.5555879 -0.0253038 -0.0359711 -0.1582897 0.9867373 88 98 115 255
-0.1091915 1.4819299 -0.0622191 0.0546017 -0.0223950 0.9982570 55 66 82 255
-0.1304659 1.5771368 -0.0217763 0.1220552 -0.2440892 0.9620411 63 73 90 255
-0.1450812 1.6166393 -0.0261935 -0.6396841 -0.1804031 -0.7471672 137 161 157 255
-0.2272478 1.6335897 0.0303191 -0.7370039 -0.0911090 -0.6697197 139 164 159 255
-0.1900057 1.7040421 -0.0070296 -0.7929844 -0.0783074 -0.6041884 101 128 124 255
-0.2850379 0.7108079 -0.0909826 -0.5714550 -0.6437029 -0.5090047 16 13 14 255
-0.2870318 0.6438580 -0.0508166 -0.4183369 -0.4580909 -0.7843130 32 24 23 255
-0.2962614 0.7756805 -0.1018213 -0.9168887 0.2406312 0.3184524 16 13 14 255
-0.1690971 1.2991314 -0.1025905 -0.8195972 0.3974255 -0.4126906 25 19 20 255
-0.1322304 1.4014254 -0.0663050 -0.9458949 0.3238693 0.0197879 106 114 111 255
-0.1242607 1.3681000 -0.0896364 -0.8926343 -0.0044298 -0.4507597 120 131 136 255
-0.3013840 0.7353286 -0.1438409 -0.9015163 0.0811264 -0.4250728 182 89 85 255
-0.2984555 0.7013136 -0.1134560 -0.8006586 -0.4579764 -0.3862687 160 71 68 255
-0.2962614 0.7756805 -0.1018213 -0.9168887 0.2406312 0.3184524 16 13 14 255
-0.2452266 0.8416159 -0.1731685 -0.6162182 0.0562169 -0.7855666 132 158 154 255
-0.2962614 0.7756805 -0.1018213 -0.9076730 0.2668326 0.3239291 127 158 152 255
-0.2677363 0.9374984 -0.1174615 -0.9776888 0.0313513 0.2077057 129 155 149 255
-0.1881776 1.5555879 -0.0253038 -0.0359711 -0.1582897 0.9867373 88 98 115 255
-0.1304659 1.5771368 -0.0217763 0.1220552 -0.2440892 0.9620411 63 73 90 255
-0.1450812 1.6166393 -0.0261935 -0.3049001 0.3019349 0.9032560 72 83 100 255
-0.1304659 1.5771368 -0.0217763 -0.2649333 -0.3670954 -0.8916566 183 95 84 255
-0.2272478 1.6335897 0.0303191 -0.7369817 -0.0911024 -0.6697450 188 98 87 255
-0.1450812 1.6166393 -0.0261935 -0.6396545 -0.1804418 -0.7471834 185 96 85 255
-0.1900057 1.7040421 -0.0070296 -0.7929844 -0.0783074 -0.6041884 101 128 124 255
-0.2294248 1.7716579 0.0482959 -0.9999531 0.0053939 -0.0080543 47 36 27 255
-0.2468244 1.8017908 0.0564424 -0.9122229 0.0338653 -0.4082924 50 37 29 255
0.1238070 1.1284721 0.2560493 0.9847558 -0.1715143 -0.0289661 38 29 22 255
0.0820463 0.9588836 0.2341720 0.8553088 -0.2815706 -0.4349311 49 34 26 255
0.0878048 1.0980996 0.2048314 0.5131785 -0.0922579 -0.8533090 44 32 24 255
0.1304114 1.5202024 0.1012217 0.8409736 -0.1769343 0.5113295 129 151 145 255
0.1031313 1.4776872 0.0472830 0.8207865 -0.5407662 -0.1840692 167 81 71 255
0.1375022 1.5662739 -0.0030968 0.9593152 -0.2064127 -0.1926343 128 150 144 255
0.0239699 1.1360425 0.2192958 -0.7196786 0.0692663 -0.6908435 45 31 21 255
0.0905695 1.3705417 0.1503244 -0.0222403 -0.8439355 -0.5359834 145 163 156 255
0.0878048 1.0980996 0.2048314 0.5131785 -0.0922579 -0.8533090 44 32 24 255
0.0244470 1.3529066 -0.2021710 -0.4539959 0.0573117 -0.8891587 88 97 112 255
-0.0169103 1.3873920 -0.2109331 0.0115357 -0.1611940 -0.9868553 68 78 94 255
-0.0060434 1.4248837 -0.1977876 0.3626495 0.4458880 -0.8183333 88 97 113 255
-0.1606760 1.6896779 -0.0767541 -0.5257503 -0.0621470 -0.8483657 138 162 157 255
-0.1438051 1.6725296 -0.0480674 -0.9833619 -0.1096857 0.1448053 114 143 140 255
-0.1616893 1.7444042 -0.0421776 -0.5681152 0.3253650 -0.7558987 128 152 148 255
-0.0523181 1.0003727 -0.2722493 -0.4405358 0.1024153 -0.8918740 178 89 79 255
-0.0947757 0.9464005 -0.2153277 -0.8031326 -0.2502919 -0.5406774 184 95 83 255
-0.1129396 0.9873229 -0.1974957 -0.9143369 0.0442572 -0.4025286 186 99 87 255
-0.0011201 1.1337595 0.1112424 0.2044824 0.2102445 -0.9560252 33 46 64 255
0.0344148 1.1924890 0.1505070 0.0068383 0.5515472 -0.8341156 33 47 64 255
0.0780313 1.1606331 0.1008876 -0.2173624 -0.0520012 -0.9747047 33 47 64 255
-0.2297753 0.7854554 -0.0778202 -0.6351919 0.3107434 0.7070854 128 154 148 255
-0.2159724 0.7309715 -0.0203217 -0.3461221 -0.7210883 -0.6001927 94 113 108 255
-0.2479310 0.7741561 -0.0537747 -0.0403955 -0.8922366 -0.4497579 115 136 131 255
-0.1606760 1.6896779 -0.0767541 -0.5257503 -0.0621470 -0.8483657 138 162 157 255
-0.0306537 1.7225645 -0.1335422 0.0407647 0.3647409 -0.9302163 95 105 121 255
-0.0165915 1.6153895 -0.1263082 -0.2398507 0.0526337 -0.9693819 133 153 150 255
-0.2479310 0.7741561 -0.0537747 -0.7474732 0.2926870 0.5963373 182 94 83 255
-0.2159724 0.7309715 -0.0203217 -0.7299091 -0.0107209 0.6834601 184 98 86 255
-0.2224470 0.8076117 -0.0260342 -0.8237146 0.1821790 0.5369405 178 92 79 255
0.1563962 0.9349944 0.1127905 0.2521593 0.0903943 0.9634545 32 42 55 255
0.1597850 0.9815877 0.1126821 0.0760987 0.0166604 0.9969611 171 91 85 255
0.0999205 1.1206573 0.0822870 -0.3632980 0.1735582 0.9153644 86 48 54 255
0.0365887 0.9706026 0.0529017 -0.9419894 0.1158424 0.3150185 13 19 25 255
-0.0028019 0.5470812 0.1985283 -0.0757020 0.1308133 0.9885126 112 120 135 255
0.0999205 1.1206573 0.0822870 -0.3632980 0.1735582 0.9153644 86 48 54 255
-0.2850379 0.7108079 -0.0909826 -0.5714550 -0.6437029 -0.5090047 16 13 14 255
-0.2436882 0.6674827 -0.0998498 -0.3277728 -0.4794401 0.8140652 149 72 68 255
-0.2630961 0.7247913 -0.0853904 0.9392732 -0.3180497 0.1288803 164 73 70 255
0.0644317 0.9212604 0.2579323 0.8028892 -0.5728492 0.1649629 42 31 25 255
0.0362022 0.8462940 0.2657459 0.9391378 -0.1246696 0.3201216 41 29 21 255
0.0117412 0.9258118 0.2031021 0.2291387 -0.3627789 -0.9032646 40 28 21 255
0.0553496 0.1152460 0.0810914 -0.9963933 -0.0729503 -0.0433421 153 61 59 255
0.0887859 0.1000042 0.1127094 0.1346670 0.5944715 0.7927600 141 59 52 255
0.0358722 0.2970536 0.1149358 -0.5728358 -0.1194088 0.8109257 183 96 90 255
-0.2260503 1.6881607 0.1370412 -0.7753468 0.1783426 0.6058310 152 71 60 255
-0.1782862 1.6414609 0.1635126 -0.7298553 0.0104051 0.6835223 172 81 76 255
-0.1866785 1.7149609 0.1824591 -0.7351394 -0.2450288 0.6320847 118 61 53 255
-0.2297753 0.7854554 -0.0778202 0.9663929 -0.2563376 0.0193858 178 95 85 255
-0.2224470 0.8076117 -0.0260342 0.9851356 0.0547296 -0.1628270 56 65 82 255
-0.2159724 0.7309715 -0.0203217 0.9830524 0.0704337 -0.1692541 56 66 83 255
-0.0203879 0.7361864 0.1717737 0.0982923 -0.1630559 -0.9817083 45 30 22 255
-0.0444739 0.8027816 0.1583016 0.2765878 0.2200110 -0.9354648 46 32 24 255
-0.0193896 0.7876806 0.1791917 0.9847213 -0.1738287 -0.0103603 41 26 20 255
-0.1845044 1.6188848 -0.0385790 -0.5106006 0.0286594 -0.8593403 138 162 157 255
-0.0165915 1.6153895 -0.1263082 -0.2398507 0.0526337 -0.9693819 133 153 150 255
-0.1320392 1.5126880 -0.0949537 -0.6485894 -0.0716697 -0.7577567 122 150 149 255
-0.2273781 0.6372253 -0.0577073 0.3947156 0.2596919 0.8813397 169 74 66 255
-0.2630961 0.7247913 -0.0853904 0.9392754 -0.3180424 0.1288819 159 66 58 255
-0.2813885 0.7200526 -0.0579230 -0.0126864 0.2841597 0.9586930 179 87 76 255
0.2771173 0.9921865 -0.0474415 -0.9042230 -0.4013949 0.1458177 140 63 52 255
0.3013840 0.9429463 -0.0325358 0.1622125 -0.9862797 0.0306506 161 78 66 255
0.2594554 0.9835971 0.0286528 -0.7921056 -0.3605413 -0.4925229 136 67 57 255
0.3013840 0.9429463 -0.0325358 0.1546201 -0.9875177 0.0300240 161 78 66 255
0.2979152 0.9967815 0.0415014 0.8562886 0.2050113 0.4740680 169 86 78 255
0.2566249 0.9331405 0.0569879 0.7635284 -0.3689067 0.5300305 166 84 76 255
0.0328770 0.2604073 -0.2436087 0.2411911 0.1759942 -0.9543861 155 59 55 255
-0.0489292 0.2474609 -0.2310918 -0.4528955 -0.0227052 -0.8912745 172 84 77 255
-0.0827034 0.5372534 -0.2071281 0.2268614 -0.1212159 -0.9663543 34 32 33 255
-0.2053552 0.6819215 -0.1666811 0.2889698 0.3630828 0.8858144 176 84 81 255
-0.2435253 0.7245200 -0.1716898 0.9524478 -0.3043501 -0.0146404 164 80 74 255
-0.2635354 0.7108186 -0.1595460 0.2163317 -0.9539369 -0.2078588 158 74 68 255
-0.0447450 0.7984828 0.1977949 0.7872174 -0.5515697 0.2757893 43 30 22 255
-0.0193896 0.7876806 0.1791917 0.9847213 -0.1738287 -0.0103603 41 26 20 255
-0.0002890 0.8478264 0.2114084 0.5061945 -0.1435994 -0.8503802 43 29 21 255
-0.1322304 1.4014254 -0.0663050 -0.9458949 0.3238693 0.0197879 106 114 111 255
-0.1091915 1.4819299 -0.0622191 -0.9344647 -0.3543539 0.0347708 138 152 149 255
-0.1286515 1.4274280 -0.0963749 -0.8173673 0.5493487 -0.1735702 139 155 152 255
-0.2479310 0.7741561 -0.0537747 -0.7474732 0.2926870 0.5963373 182 94 83 255
-0.2224470 0.8076117 -0.0260342 -0.8237146 0.1821790 0.5369405 178 92 79 255
-0.2330811 0.8454134 -0.0852669 -0.7359409 0.3960456 0.5491254 170 87 75 255
-0.0203879 0.7361864 0.1717737 0.3367583 -0.2477811 0.9084044 46 32 24 255
-0.0193896 0.7876806 0.1791917 0.9847213 -0.1738287 -0.0103603 41 26 20 255
-0.0447450 0.7984828 0.1977949 0.7872174 -0.5515697 0.2757893 43 30 22 255
0.1563962 0.9349944 0.1127905 0.2521593 0.0903943 0.9634545 32 42 55 255
-0.0028019 0.5470812 0.1985283 -0.0757020 0.1308133 0.9885126 112 120 135 255
0.2136557 0.9316080 0.0806573 0.6314660 -0.0456587 0.7740582 162 81 73 255
0.0328989 1.1215348 0.1329755 0.2085959 -0.2072101 0.9557990 187 100 90 255
0.0534608 1.0615491 0.1357805 -0.4264997 -0.0206056 0.9042531 184 96 86 255
0.1068833 1.0789502 0.1447846 0.1582810 0.1743617 0.9718772 186 96 87 255
-0.0447450 0.7984828 0.1977949 -0.9463224 0.3210576 0.0373597 184 91 84 255
-0.0444739 0.8027816 0.1583016 -0.9700830 0.2419751 0.0196743 185 92 84 255
-0.0593164 0.7448435 0.1823043 -0.9663451 0.2563683 0.0212668 189 96 88 255
0.2594554 0.9835971 0.0286528 0.9331504 -0.0991938 0.3455299 161 78 68 255
0.2688696 0.9085453 -0.0865521 0.8941376 -0.3595395 -0.2669256 173 82 72 255
0.2771173 0.9921865 -0.0474415 0.9834870 -0.0133395 -0.1804861 164 76 65 255
0.0176272 1.6026052 0.1020543 0.7032962 -0.5006836 0.5046686 181 94 81 255
0.0003295 1.5758524 0.0077972 0.8113007 0.1173045 -0.5727399 182 94 82 255
0.0361495 1.6141708 0.0384196 0.7929481 -0.5651142 -0.2277702 182 94 82 255
-0.0220723 1.0861748 0.0080622 -0.7667117 -0.2033375 0.6089393 92 103 117 255
0.0072300 1.1538807 0.0806164 -0.5009273 -0.6319489 0.5913649 21 28 35 255
-0.0999057 1.1643562 -0.0772161 -0.7473727 -0.6167901 0.2469902 95 105 120 255
-0.0654531 1.2825837 0.1220913 -0.8141094 0.0911040 0.5735205 142 68 59 255
-0.1624907 1.2607751 -0.0185172 -0.8081276 0.1493232 0.5697652 86 95 112 255
-0.0645242 1.2026617 0.1058603 -0.7728040 -0.3445987 0.5329407 27 34 45 255
0.0703077 1.5382034 0.1514033 0.5016261 -0.3053377 0.8094074 185 97 88 255
0.1381869 1.6692011 0.1466822 0.9100795 0.0180332 0.4140411 179 91 78 255
0.0651186 1.6507221 0.2140287 0.4457035 -0.0189922 0.8949791 166 85 72 255
-0.0128145 0.9471996 -0.2606349 -0.4060848 -0.1109623 -0.9070736 47 58 75 255
0.0834479 0.9526007 -0.2867524 -0.0565404 -0.0215974 -0.9981667 43 49 56 255
0.0133648 0.8267168 -0.2737047 -0.2419239 -0.0962810 -0.9655064 54 64 78 255
0.0129526 0.9217753 0.1083726 0.2583773 -0.2768514 -0.9255239 192 100 91 255
0.0953963 0.9192232 0.1480660 0.0630690 -0.4038109 -0.9126660 61 63 77 255
0.0083168 0.9023632 0.1275180 0.0696699 -0.7122931 -0.6984159 34 32 41 255
0.2088478 1.2147214 -0.0244043 0.8709268 0.4133368 -0.2657800 148 80 75 255
0.1042285 1.1990945 -0.2230066 0.5932409 0.4526604 -0.6657056 115 145 145 255
-0.0060434 1.4248837 -0.1977876 0.7441069 0.5626622 -0.3601615 122 142 137 255
-0.0783870 0.7603441 0.2493375 -0.9381389 0.3324305 0.0968787 192 102 94 255
-0.0186446 0.8544169 0.2748571 -0.6166515 0.2984917 0.7284529 189 96 91 255
-0.0447450 0.7984828 0.1977949 -0.9463224 0.3210576 0.0373597 184 91 84 255
-0.0002890 0.8478264 0.2114084 0.5061945 -0.1435994 -0.8503802 43 29 21 255
-0.0324705 0.8498060 0.2149166 -0.9557025 0.2524636 -0.1513102 39 26 18 255
-0.0354364 0.9383478 0.2439447 -0.9808805 0.0041112 -0.1945676 45 31 22 255
-0.1450812 1.6166393 -0.0261935 -0.6396841 -0.1804031 -0.7471672 137 161 157 255
-0.1616893 1.7444042 -0.0421776 -0.5681152 0.3253650 -0.7558987 128 152 148 255
-0.1438051 1.6725296 -0.0480674 -0.9833619 -0.1096857 0.1448053 114 143 140 255
-0.0060256 1.6278241 -0.0306313 0.3769348 -0.4920515 -0.7847328 183 94 82 255
0.0003295 1.5758524 0.0077972 0.8113007 0.1173045 -0.5727399 182 94 82 255
-0.0524254 1.5928832 -0.0146941 -0.1441895 -0.0935753 -0.9851158 184 95 83 255
0.3013840 0.9429463 -0.0325358 0.1546201 -0.9875177 0.0300240 161 78 66 255
0.2203560 0.9933544 -0.1877072 -0.8781586 -0.2559147 0.4041597 82 70 66 255
0.2080936 0.9546565 -0.2309994 -0.7674617 -0.3849320 0.5126694 78 66 61 255
-0.0947757 0.9464005 -0.2153277 0.7830966 -0.2876231 0.5513915 184 95 83 255
-0.0892956 0.9951135 -0.1924084 0.9540195 -0.1144900 0.2770177 185 96 86 255
-0.1035366 0.9376581 -0.1114880 0.9484779 -0.1794474 0.2611293 185 95 85 255
0.1597159 1.3939518 0.1640711 0.3779410 0.1382128 -0.9154549 36 38 43 255
0.1799040 1.3521854 0.1034917 0.0484389 -0.5337659 0.8442439 54 62 63 255
0.1384115 1.4164572 0.2038808 0.6190975 0.5476186 0.5628784 90 110 108 255
0.0274804 1.2988634 0.1663370 -0.0483903 0.2402089 0.9695143 34 25 20 255
0.0855417 1.2670956 0.1644992 0.4617066 0.0000022 0.8870327 34 27 22 255
0.0134063 1.3800784 0.1527615 0.1167154 -0.0329550 0.9926186 83 84 82 255
-0.0420208 0.9804144 0.2320571 -0.9257803 0.1626867 -0.3412680 42 28 20 255
0.0117412 0.9258118 0.2031021 0.2291387 -0.3627789 -0.9032646 40 28 21 255
-0.0354364 0.9383478 0.2439447 -0.9808805 0.0041112 -0.1945676 45 31 22 255
0.0291791 1.8727686 0.2021692 0.3185009 0.4405935 0.8393060 187 94 87 255
0.0884333 1.8711400 0.1284794 0.8470272 0.5087892 0.1538775 183 102 97 255
0.0017817 1.9169637 0.0969512 0.0162885 0.9851192 0.1710992 156 74 66 255
-0.0746200 1.1666869 -0.1968501 -0.6508954 0.1046045 -0.7519263 109 66 71 255
-0.1180226 1.2925537 -0.1679487 -0.4729331 0.1341387 -0.8708277 55 61 73 255
0.0028272 1.1718744 -0.2383638 -0.2178149 0.2586084 -0.9411049 181 94 86 255
0.0998075 0.5261188 0.1040674 0.9784157 -0.1678570 0.1205263 107 115 130 255
0.0533292 0.5289751 0.0277021 0.3558110 -0.1506797 -0.9223309 103 113 129 255
0.2688696 0.9085453 -0.0865521 0.8941376 -0.3595395 -0.2669256 173 82 72 255
0.1722243 1.0034282 -0.2560771 -0.3836304 -0.5103170 0.7696782 80 94 113 255
0.2080936 0.9546565 -0.2309994 -0.7674617 -0.3849320 0.5126694 78 66 61 255
0.1854141 0.9859033 -0.2463132 -0.7793130 -0.2826294 0.5592780 73 59 54 255
-0.2435253 0.7245200 -0.1716898 0.9524478 -0.3043501 -0.0146404 164 80 74 255
-0.2700236 0.7111258 -0.1865120 -0.1612845 -0.0666276 -0.9846563 165 75 72 255
-0.2148457 0.8050500 -0.1541854 0.9456198 -0.2878550 -0.1514687 177 84 74 255
-0.1763158 1.8273063 0.1668055 -0.8831721 0.1144055 0.4548830 169 86 73 255
-0.2136790 1.7368078 0.1710570 -0.8422830 0.1293479 0.5232863 160 77 66 255
-0.1659315 1.7883615 0.2164815 -0.7798758 0.1033216 0.6173480 170 83 73 255
-0.2850379 0.7108079 -0.0909826 -0.5714550 -0.6437029 -0.5090047 16 13 14 255
-0.2962614 0.7756805 -0.1018213 -0.9168887 0.2406312 0.3184524 16 13 14 255
-0.2984555 0.7013136 -0.1134560 -0.8006586 -0.4579764 -0.3862687 160 71 68 255
-0.0907362 1.6503013 0.2128827 0.0105053 -0.3577999 0.9337392 173 85 75 255
-0.0485125 1.5961472 0.1805617 -0.4415756 -0.3629588 0.8205314 156 71 60 255
-0.0537922 1.6787537 0.2247111 0.1231198 -0.0299619 0.9919394 179 88 77 255
-0.2984555 0.7013136 -0.1134560 -0.8006885 -0.4580044 -0.3861735 163 72 69 255
-0.2436882 0.6674827 -0.0998498 0.3768529 -0.0131137 -0.9261802 141 58 49 255
-0.2510918 0.6091036 -0.1035847 0.2422664 0.0313141 -0.9697042 150 63 54 255
0.2277412 0.9520671 -0.2262572 0.7986174 -0.3277930 -0.5047395 86 73 68 255
0.2992365 1.0195844 -0.0966738 0.8747249 0.3356026 -0.3496100 69 68 70 255
0.3013840 0.9429463 -0.0325358 0.1546201 -0.9875177 0.0300240 161 78 66 255
-0.2019827 0.6315464 -0.0916050 -0.2220770 -0.0341878 0.9744296 16 13 14 255
-0.2436900 0.6674703 -0.0998499 -0.2423223 -0.0313188 0.9696901 16 14 14 255
-0.2510918 0.6091036 -0.1035847 -0.2422929 -0.0313222 0.9696974 21 16 16 255
-0.1768466 0.5483527 -0.0920041 -0.8741063 0.0973943 0.4758704 43 51 68 255
0.0260465 0.8723686 -0.0402469 -0.8841028 0.0870848 0.4591063 115 123 136 255
-0.0558608 0.9443621 -0.0869220 -0.9434153 0.0610624 0.3259429 105 117 134 255
-0.2452266 0.8416159 -0.1731685 -0.5944337 0.1166522 -0.7956386 84 77 74 255
-0.2700236 0.7111258 -0.1865120 -0.1612996 -0.0666409 -0.9846529 174 89 83 255
-0.3013840 0.7353286 -0.1438409 -0.9015163 0.0811264 -0.4250728 182 89 85 255
0.0569470 0.9492536 0.3003326 0.5675918 -0.2397843 0.7876186 132 157 151 255
0.0820463 0.9588836 0.2341720 0.8553088 -0.2815706 -0.4349311 49 34 26 255
0.1238070 1.1284721 0.2560493 0.9847558 -0.1715143 -0.0289661 38 29 22 255
0.1897364 0.9257325 0.1152747 -0.1921079 -0.8785777 -0.4372595 58 60 72 255
0.0953963 0.9192232 0.1480660 0.0992700 -0.3877462 -0.9164052 61 63 77 255
0.1563962 0.9349944 0.1127905 -0.3202844 -0.4970241 -0.8064645 59 59 72 255
-0.1659315 1.7883615 0.2164815 -0.7798758 0.1033216 0.6173480 170 83 73 255
-0.1695926 1.7329925 0.2282996 -0.5722222 -0.2061564 0.7937641 183 92 83 255
-0.1232905 1.7128384 0.2300070 -0.3103333 -0.2453084 0.9184319 184 93 85 255
-0.2436882 0.6674827 -0.0998498 0.3769827 -0.0131140 -0.9261275 141 58 49 255
-0.2984555 0.7013136 -0.1134560 -0.8006850 -0.4579396 -0.3862575 163 72 69 255
-0.2762482 0.7012938 -0.1345598 -0.0611075 -0.9422267 -0.3293550 163 72 69 255
-0.0060434 1.4248837 -0.1977876 0.3626495 0.4458880 -0.8183333 88 97 113 255
-0.1596953 1.3799473 -0.2072145 -0.4887618 0.6070809 -0.6265498 133 46 42 255
-0.0541718 1.4521319 -0.1667840 0.0604517 0.8011348 -0.5954232 129 155 150 255
-0.1207476 1.1057785 -0.2219620 0.7961199 -0.1909696 -0.5742158 45 32 23 255
-0.0825751 1.3525515 -0.1357242 0.5851054 -0.2485569 0.7719270 32 26 23 255
-0.1371275 1.0916202 -0.1437461 0.7135648 -0.1881860 0.6748417 45 32 24 255
0.0998075 0.5261188 0.1040674 0.9784157 -0.1678570 0.1205263 107 115 130 255
0.2688696 0.9085453 -0.0865521 0.8941376 -0.3595395 -0.2669256 173 82 72 255
0.2463880 0.8628601 0.0268202 0.9096931 -0.2560757 0.3269306 60 69 86 255
-0.1741453 1.8636131 0.1655240 -0.2049913 0.9345933 0.2907128 41 32 26 255
-0.0641043 1.9101157 -0.0120520 -0.2993585 0.7943548 -0.5285687 48 34 26 255
-0.2252146 1.8686339 0.0643519 -0.5464513 0.7186078 -0.4301090 49 34 25 255
-0.0129790 0.9787984 0.3028112 -0.5570468 0.0743299 0.8271480 133 158 154 255
0.0569470 0.9492536 0.3003326 0.5675918 -0.2397843 0.7876186 132 157 151 255
0.0893543 1.1737760 0.3125239 0.4125327 0.1149157 0.9036654 106 71 73 255
0.2136557 0.9316080 0.0806573 0.6283212 -0.0050059 0.7779379 162 81 73 255
0.2594554 0.9835971 0.0286528 0.9367934 -0.0914633 0.3377169 161 78 68 255
0.1939919 0.9668481 0.0920223 0.6171890 0.0738574 0.7833408 165 81 75 255
-0.2635354 0.7108186 -0.1595460 0.2163233 -0.9539407 -0.2078492 182 88 88 255
-0.2762482 0.7012938 -0.1345598 -0.0610195 -0.9422231 -0.3293817 175 83 80 255
-0.3013840 0.7353286 -0.1438409 -0.9015163 0.0811264 -0.4250728 182 89 85 255
0.1939919 0.9668481 0.0920223 -0.5664937 -0.1964834 -0.8002993 167 87 75 255
0.2594554 0.9835971 0.0286528 -0.7921056 -0.3605413 -0.4925229 136 67 57 255
0.2566249 0.9331405 0.0569879 -0.7016413 -0.3172830 -0.6379898 166 84 76 255
-0.2194047 0.6298854 -0.1319987 -0.6509862 -0.5374366 -0.5360771 182 88 88 255
-0.2762482 0.7012938 -0.1345598 -0.0610339 -0.9422392 -0.3293329 175 83 80 255
-0.2635354 0.7108186 -0.1595460 0.2161979 -0.9539918 -0.2077448 182 88 88 255
0.1154716 1.1562114 0.1201229 0.3500225 -0.0279567 0.9363239 183 94 84 255
0.1843672 1.1719774 0.0804721 0.7574569 0.1220674 0.6413726 163 79 71 255
0.0855417 1.2670956 0.1644992 0.4617066 0.0000022 0.8870327 34 27 22 255
-0.1344321 1.4299025 -0.0075457 -0.7889598 0.5554636 0.2626835 98 105 104 255
-0.1091915 1.4819299 -0.0622191 -0.9344647 -0.3543539 0.0347708 138 152 149 255
-0.1322304 1.4014254 -0.0663050 -0.9458949 0.3238693 0.0197879 106 114 111 255
-0.2094958 0.6621966 -0.1241924 0.6509812 0.5374825 0.5360373 164 80 75 255
-0.2762482 0.7012938 -0.1345598 -0.0611485 -0.9422277 -0.3293444 163 72 69 255
-0.2194047 0.6298854 -0.1319987 -0.2409715 -0.1574722 0.9576718 164 80 75 255
-0.1035366 0.9376581 -0.1114880 0.9484779 -0.1794474 0.2611293 185 95 85 255
-0.1288464 0.9294957 -0.1190744 -0.9982092 0.0028915 0.0597476 184 95 86 255
-0.0947757 0.9464005 -0.2153277 0.7830966 -0.2876231 0.5513915 184 95 83 255
-0.2984555 0.7013136 -0.1134560 -0.8006586 -0.4579764 -0.3862687 160 71 68 255
-0.3013840 0.7353286 -0.1438409 -0.9015163 0.0811264 -0.4250728 182 89 85 255
-0.2762482 0.7012938 -0.1345598 -0.0610195 -0.9422231 -0.3293817 175 83 80 255
-0.2984555 0.7013136 -0.1134560 -0.2579077 -0.0290892 0.9657316 30 20 20 255
-0.2510918 0.6091036 -0.1035847 -0.2422929 -0.0313222 0.9696974 21 16 16 255
-0.2436900 0.6674703 -0.0998499 -0.2423223 -0.0313188 0.9696901 16 14 14 255
-0.2436882 0.6674827 -0.0998498 -0.3277728 -0.4794401 0.8140652 149 72 68 255
-0.2850379 0.7108079 -0.0909826 -0.5714550 -0.6437029 -0.5090047 16 13 14 255
-0.2984555 0.7013136 -0.1134560 -0.8006586 -0.4579764 -0.3862687 160 71 68 255
0.0644317 0.9212604 0.2579323 0.8028892 -0.5728492 0.1649629 42 31 25 255
0.0569470 0.9492536 0.3003326 0.5661581 -0.2655352 0.7803564 29 22 17 255
-0.0075014 0.9388754 0.2899870 -0.2632806 -0.2562778 0.9300565 46 32 24 255
0.2463880 0.8628601 0.0268202 0.9096931 -0.2560757 0.3269306 60 69 86 255
0.2688696 0.9085453 -0.0865521 0.8941376 -0.3595395 -0.2669256 173 82 72 255
0.2594554 0.9835971 0.0286528 0.9331504 -0.0991938 0.3455299 161 78 68 255
0.0264425 0.0485489 0.1765729 -0.8978447 0.4402830 0.0050681 94 45 35 255
0.0702453 0.0073986 0.0221525 -0.8044450 -0.3877695 -0.4500033 32 29 27 255
0.0280716 0.0033955 0.2162946 -0.3090985 -0.9501739 -0.0403463 39 27 20 255
-0.2630961 0.7247913 -0.0853904 0.9392754 -0.3180424 0.1288819 159 66 58 255
-0.2436882 0.6674827 -0.0998498 0.3769827 -0.0131140 -0.9261275 141 58 49 255
-0.2762482 0.7012938 -0.1345598 -0.0611075 -0.9422267 -0.3293550 163 72 69 255
-0.0075014 0.9388754 0.2899870 -0.2632806 -0.2562778 0.9300565 46 32 24 255
-0.0186446 0.8544169 0.2748571 -0.6892223 0.1297872 0.7128308 42 30 22 255
0.0362022 0.8462940 0.2657459 0.9391378 -0.1246696 0.3201216 41 29 21 255
-0.1311924 1.3942656 -0.0189615 -0.9138970 0.4012049 0.0618609 70 46 38 255
-0.1791762 1.2945801 -0.0467584 -0.9365512 0.3221137 0.1382563 22 30 37 255
-0.1178471 1.3960196 0.0078879 -0.6819124 0.1839753 0.7079185 76 104 103 255
-0.2020086 1.5297356 0.1458818 -0.3156692 -0.2372856 0.9187211 174 82 73 255
-0.2143674 1.6004705 0.1718917 -0.4331076 0.0507338 0.8999133 162 73 69 255
-0.2069999 1.5702558 0.1527608 -0.3657260 -0.8560328 -0.3653111 155 66 57 255
-0.1560575 0.5940026 -0.1927230 -0.8281428 0.0949329 -0.5524195 35 42 52 255
0.0133648 0.8267168 -0.2737047 -0.2419239 -0.0962810 -0.9655064 54 64 78 255
-0.0827034 0.5372534 -0.2071281 0.2268614 -0.1212159 -0.9663543 34 32 33 255
0.1883621 1.0103756 -0.2854391 0.6746238 0.3007118 -0.6741329 108 79 78 255
0.1042285 1.1990945 -0.2230066 0.5932409 0.4526604 -0.6657056 115 145 145 255
0.2992365 1.0195844 -0.0966738 0.8747249 0.3356026 -0.3496100 69 68 70 255
-0.0002890 0.8478264 0.2114084 0.5061945 -0.1435994 -0.8503802 43 29 21 255
0.0362022 0.8462940 0.2657459 0.9391378 -0.1246696 0.3201216 41 29 21 255
0.0363925 0.8076627 0.2439905 0.7999828 -0.2705390 -0.5355709 44 31 23 255
-0.0447450 0.7984828 0.1977949 0.7872174 -0.5515697 0.2757893 43 30 22 255
-0.0002890 0.8478264 0.2114084 0.5061945 -0.1435994 -0.8503802 43 29 21 255
-0.0618343 0.7368153 0.2117205 0.5974291 -0.3022587 -0.7427773 41 28 20 255
-0.2630961 0.7247913 -0.0853904 0.9392754 -0.3180424 0.1288819 159 66 58 255
-0.2635354 0.7108186 -0.1595460 0.2163317 -0.9539369 -0.2078588 158 74 68 255
-0.2435253 0.7245200 -0.1716898 0.9524478 -0.3043501 -0.0146404 164 80 74 255
-0.0541718 1.4521319 -0.1667840 0.0604517 0.8011348 -0.5954232 129 155 150 255
-0.0860400 1.4702963 -0.1172241 -0.5233068 -0.0953154 -0.8467969 130 156 150 255
0.0464597 1.4935619 -0.0773392 0.3246159 -0.9314514 -0.1643862 134 158 152 255
0.2566249 0.9331405 0.0569879 -0.6786007 -0.3883784 -0.6234286 166 84 76 255
0.1897364 0.9257325 0.1152747 -0.1831746 -0.8722715 -0.4534198 155 78 67 255
0.2136557 0.9316080 0.0806573 -0.1417614 -0.9551080 -0.2601389 139 66 56 255
-0.2962614 0.7756805 -0.1018213 -0.9168887 0.2406312 0.3184524 16 13 14 255
-0.2452266 0.8416159 -0.1731685 -0.5944337 0.1166522 -0.7956386 84 77 74 255
-0.3013840 0.7353286 -0.1438409 -0.9015163 0.0811264 -0.4250728 182 89 85 255
-0.0307226 0.1084508 -0.1559786 -0.6087078 0.5015470 -0.6147565 19 14 15 255
-0.1953661 0.0733187 -0.2160397 -0.2876166 0.9570147 0.0374126 126 120 114 255
-0.1985207 0.0419851 -0.1832674 -0.2791666 0.3438102 0.8965827 127 121 115 255
-0.0652990 0.9482730 -0.2521459 -0.3038693 -0.5011917 -0.8102285 184 95 84 255
-0.0128145 0.9471996 -0.2606349 -0.3364190 -0.1404919 -0.9311737 183 95 83 255
-0.0947757 0.9464005 -0.2153277 -0.8031326 -0.2502919 -0.5406774 184 95 83 255
-0.2148457 0.8050500 -0.1541854 0.9456198 -0.2878550 -0.1514687 177 84 74 255
-0.2700236 0.7111258 -0.1865120 -0.1612845 -0.0666276 -0.9846563 165 75 72 255
-0.2452266 0.8416159 -0.1731685 -0.5943685 0.1166585 -0.7956865 162 81 73 255
0.0462570 0.1612965 0.1248085 -0.4557030 -0.6822950 0.5716717 112 113 116 255
0.0285163 0.2188572 0.1374288 -0.5587475 -0.2271641 0.7976200 85 82 81 255
-0.0090833 0.1714250 0.0258460 -0.8702713 -0.4597869 -0.1767027 42 45 48 255
0.0297768 0.4348378 -0.1977871 0.8531981 0.4266168 -0.3000852 201 191 182 255
-0.0827034 0.5372534 -0.2071281 0.2268614 -0.1212159 -0.9663543 34 32 33 255
-0.0289738 0.5346107 -0.1358154 0.8893478 -0.3242895 -0.3223304 40 34 31 255
-0.0558608 0.9443621 -0.0869220 -0.9434153 0.0610624 0.3259429 105 117 134 255
-0.0710578 1.0908043 -0.1085260 -0.9787551 -0.1936942 -0.0672390 119 127 138 255
-0.0435746 1.0051366 -0.2251837 -0.9472198 0.0081419 -0.3204814 71 84 103 255
-0.0588441 0.1743114 -0.1357764 0.9378815 -0.1937192 -0.2878389 76 70 70 255
0.0450766 0.1914208 -0.0797274 0.0239671 -0.2995386 -0.9537832 98 108 119 255
0.0177515 0.1894515 -0.0531972 0.1160370 -0.4756965 0.8719221 99 108 120 255
-0.2330811 0.8454134 -0.0852669 0.7972347 -0.1598974 0.5821080 60 69 88 255
-0.2297753 0.7854554 -0.0778202 0.9663929 -0.2563376 0.0193858 178 95 85 255
-0.2148457 0.8050500 -0.1541854 0.9456198 -0.2878550 -0.1514687 177 84 74 255
0.0913911 0.2664089 -0.1835891 0.8987805 0.2767709 -0.3399877 106 109 104 255
0.0297768 0.4348378 -0.1977871 0.8531981 0.4266168 -0.3000852 201 191 182 255
0.0886252 0.2646895 -0.1023011 0.8495043 0.2927786 0.4388887 121 143 137 255
0.1564608 1.0899490 0.1191383 0.5137187 0.2320065 0.8259938 185 95 85 255
0.2979152 0.9967815 0.0415014 0.8562886 0.2050113 0.4740680 169 86 78 255
0.1843672 1.1719774 0.0804721 0.7574569 0.1220674 0.6413726 163 79 71 255
0.1564608 1.0899490 0.1191383 0.5137187 0.2320065 0.8259938 185 95 85 255
0.1875610 0.9871934 0.1309265 0.4635820 0.0463491 0.8848410 176 87 77 255
0.2979152 0.9967815 0.0415014 0.8562886 0.2050113 0.4740680 169 86 78 255
0.1897364 0.9257325 0.1152747 0.5508284 -0.2101164 0.8077371 161 80 71 255
0.2979152 0.9967815 0.0415014 0.8562886 0.2050113 0.4740680 169 86 78 255
0.1875610 0.9871934 0.1309265 0.4635820 0.0463491 0.8848410 176 87 77 255
-0.2297753 0.7854554 -0.0778202 0.9663929 -0.2563376 0.0193858 178 95 85 255
-0.2630961 0.7247913 -0.0853904 0.9392754 -0.3180424 0.1288819 159 66 58 255
-0.2148457 0.8050500 -0.1541854 0.9456198 -0.2878550 -0.1514687 177 84 74 255
-0.0523181 1.0003727 -0.2722493 -0.4405358 0.1024153 -0.8918740 178 89 79 255
0.1012244 1.0079683 -0.3125239 -0.0211256 0.2650912 -0.9639919 57 49 51 255
0.1209390 0.9523262 -0.3032515 -0.0025166 -0.3379372 -0.9411653 123 64 59 255
0.0884333 1.8711400 0.1284794 0.8470272 0.5087892 0.1538775 183 102 97 255
0.0389519 1.8985610 -0.0074236 0.6012033 0.5401863 -0.5888577 141 164 158 255
0.0017817 1.9169637 0.0969512 0.0162885 0.9851192 0.1710992 156 74 66 255
-0.1985207 0.0419851 -0.1832674 -0.3843119 -0.9231780 -0.0068413 115 142 139 255
-0.1953661 0.0733187 -0.2160397 -0.8904118 -0.3975879 -0.2215640 117 132 125 255
-0.1768825 0.0332630 -0.2184426 -0.3794647 -0.9245057 0.0359980 114 130 127 255
0.1070523 0.2137097 -0.1211598 0.9391983 -0.2236171 0.2605803 109 117 113 255
0.0450766 0.1914208 -0.0797274 0.0239190 -0.2995331 -0.9537860 118 137 134 255
0.0889316 0.2075595 -0.1665810 -0.8324679 -0.5178488 0.1970528 73 70 67 255
-0.0016441 1.5067838 -0.0459262 0.0821618 0.9530287 -0.2915233 189 98 85 255
0.0530736 1.5322334 -0.0203985 -0.8872641 -0.0912528 0.4521453 182 93 80 255
0.0047545 1.5314355 -0.0565496 -0.0442071 -0.1873236 0.9813030 189 97 85 255
-0.0066555 0.9320213 0.1224431 -0.6591157 -0.3157982 -0.6825231 186 98 87 255
-0.0418973 1.1094810 0.0718019 0.3596292 0.1108882 -0.9264829 33 47 64 255
0.0129526 0.9217753 0.1083726 0.2583773 -0.2768514 -0.9255239 192 100 91 255
-0.0324705 0.8498060 0.2149166 -0.9425800 0.2631488 -0.2056594 189 100 92 255
-0.0447450 0.7984828 0.1977949 -0.9463224 0.3210576 0.0373597 184 91 84 255
-0.0186446 0.8544169 0.2748571 -0.6166515 0.2984917 0.7284529 189 96 91 255
-0.1693338 1.3552508 -0.1224283 -0.7854927 0.0351691 0.6178707 72 83 83 255
-0.2286607 1.1678939 -0.2073474 -0.9453134 0.2177406 -0.2428405 136 159 154 255
-0.2115647 1.1501511 -0.1511615 -0.5093023 0.2106452 0.8344098 135 160 155 255
-0.0307226 0.1084508 -0.1559786 -0.2499478 -0.1719568 0.9528677 190 98 95 255
-0.0492380 0.0120226 -0.1499253 -0.2295210 0.1484050 0.9619232 185 96 84 255
0.0585012 0.0957808 -0.1386095 0.5814943 0.0475810 0.8121579 184 95 90 255
-0.1690971 1.2991314 -0.1025905 -0.8195972 0.3974255 -0.4126906 25 19 20 255
-0.1899234 1.2429373 -0.0648214 -0.9909090 -0.1166760 -0.0669766 22 30 37 255
-0.1791762 1.2945801 -0.0467584 -0.9365512 0.3221137 0.1382563 22 30 37 255
0.1563962 0.9349944 0.1127905 0.1870699 0.1274122 0.9740487 32 42 55 255
0.1940196 0.9666975 0.0918829 0.6168890 0.0884964 0.7820590 166 86 80 255
0.1597850 0.9815877 0.1126821 -0.2004098 0.0200352 0.9795073 171 91 85 255
0.1843672 1.1719774 0.0804721 0.7574569 0.1220674 0.6413726 163 79 71 255
0.2979152 0.9967815 0.0415014 0.8562886 0.2050113 0.4740680 169 86 78 255
0.2088478 1.2147214 -0.0244043 0.8709268 0.4133368 -0.2657800 148 80 75 255
-0.0251021 1.6260918 0.2309929 0.0873634 -0.4052475 0.9100232 165 78 66 255
-0.0537922 1.6787537 0.2247111 0.1231198 -0.0299619 0.9919394 179 88 77 255
-0.0485125 1.5961472 0.1805617 -0.4415756 -0.3629588 0.8205314 156 71 60 255
-0.2053552 0.6819215 -0.1666811 -0.4335792 -0.8961878 0.0941080 168 79 73 255
-0.2635354 0.7108186 -0.1595460 0.2163233 -0.9539407 -0.2078492 182 88 88 255
-0.2700236 0.7111258 -0.1865120 -0.1612996 -0.0666409 -0.9846529 174 89 83 255
0.0095668 1.5346963 0.0610968 0.9186696 0.2346126 0.3178096 128 129 130 255
-0.0085962 1.4725764 0.0773520 -0.1677251 -0.2177968 0.9614743 75 85 100 255
0.0282063 1.4758630 0.0840245 -0.4752710 0.8145264 0.3326625 117 119 125 255
-0.1232905 1.7128384 0.2300070 -0.3103333 -0.2453084 0.9184319 184 93 85 255
-0.1773624 1.6633730 0.2131974 -0.5213489 -0.1708236 0.8360710 178 86 81 255
-0.0907362 1.6503013 0.2128827 0.0105053 -0.3577999 0.9337392 173 85 75 255
-0.1733172 1.1404743 -0.1376256 -0.0198421 -0.0616825 0.9978985 46 31 21 255
-0.1693338 1.3552508 -0.1224283 -0.5965451 0.1161473 0.7941308 82 30 36 255
-0.2115647 1.1501511 -0.1511615 -0.5068785 0.0773195 0.8585428 42 28 19 255
0.1456840 0.1820904 -0.0106091 0.6787304 -0.0086097 -0.7343370 60 71 87 255
0.1174808 0.2451931 -0.0332542 0.4569548 0.1920447 -0.8685108 58 68 87 255
0.1766462 0.2417116 0.0408874 0.9794893 0.2008923 -0.0155848 55 64 80 255
0.0362022 0.8462940 0.2657459 0.9391378 -0.1246696 0.3201216 41 29 21 255
0.0054145 0.7318979 0.2778364 0.5925910 -0.3553174 -0.7229006 39 27 20 255
0.0363925 0.8076627 0.2439905 0.7999828 -0.2705390 -0.5355709 44 31 23 255
0.0344148 1.1924890 0.1505070 -0.0844677 -0.8579255 0.5067829 24 31 41 255
-0.0464358 1.1806725 0.1130723 -0.4195477 -0.8532601 0.3097207 24 31 41 255
0.0072300 1.1538807 0.0806164 -0.5009273 -0.6319489 0.5913649 21 28 35 255
-0.0618343 0.7368153 0.2117205 0.5974291 -0.3022587 -0.7427773 41 28 20 255
0.0054145 0.7318979 0.2778364 0.5925910 -0.3553174 -0.7229006 39 27 20 255
-0.0263290 0.7259152 0.2560829 0.9988304 -0.0335729 -0.0347940 46 32 24 255
-0.0066555 0.9320213 0.1224431 -0.4641902 0.0886088 0.8812922 182 94 83 255
0.0534608 1.0615491 0.1357805 -0.4264997 -0.0206056 0.9042531 184 96 86 255
-0.0418973 1.1094810 0.0718019 -0.6955123 -0.2396722 0.6773626 186 97 86 255
0.2136557 0.9316080 0.0806573 -0.4828015 0.0129940 -0.8756335 139 66 56 255
0.1939919 0.9668481 0.0920223 -0.5676721 -0.1955799 -0.7996855 167 87 75 255
0.2566249 0.9331405 0.0569879 -0.6938809 -0.3235121 -0.6433268 166 84 76 255
-0.0768547 1.1611233 -0.1598012 0.8274630 -0.0581696 0.5584991 168 90 82 255
-0.1352103 1.1832420 -0.0592380 0.9616868 0.0482361 0.2698738 60 61 73 255
-0.0892956 0.9951135 -0.1924084 0.9540195 -0.1144900 0.2770177 185 96 86 255
0.0869520 0.9665249 0.1597053 -0.0584821 0.0110635 0.9982271 182 92 81 255
0.1068833 1.0789502 0.1447846 0.1582810 0.1743617 0.9718772 186 96 87 255
0.0534608 1.0615491 0.1357805 -0.4264997 -0.0206056 0.9042531 184 96 86 255
0.0328989 1.1215348 0.1329755 0.2085959 -0.2072101 0.9557990 187 100 90 255
0.1154716 1.1562114 0.1201229 0.3500225 -0.0279567 0.9363239 183 94 84 255
0.0855417 1.2670956 0.1644992 0.4617066 0.0000022 0.8870327 34 27 22 255
-0.0665834 0.7309337 0.2484944 -0.5112100 -0.6467432 0.5660279 44 30 21 255
-0.0618343 0.7368153 0.2117205 0.5974291 -0.3022587 -0.7427773 41 28 20 255
-0.0263290 0.7259152 0.2560829 0.9988304 -0.0335729 -0.0347940 46 32 24 255
-0.1890591 0.9017067 -0.1167199 0.8624282 -0.3505477 0.3651492 60 70 89 255
-0.2330811 0.8454134 -0.0852669 0.7972347 -0.1598974 0.5821080 60 69 88 255
-0.2148457 0.8050500 -0.1541854 0.9456198 -0.2878550 -0.1514687 177 84 74 255
-0.2268242 1.8452377 0.1517901 -0.8633142 0.1344044 0.4864403 47 40 33 255
-0.2252146 1.8686339 0.0643519 -0.5464513 0.7186078 -0.4301090 49 34 25 255
-0.2468244 1.8017908 0.0564424 -0.9122229 0.0338653 -0.4082924 50 37 29 255
0.0944183 0.0956738 0.0173619 0.0480354 -0.0530270 -0.9974371 126 101 95 255
0.0871334 0.3142891 0.0069903 0.1500202 -0.0428609 -0.9877535 191 92 87 255
0.1282330 0.3145940 0.0593993 0.9452859 0.0072058 -0.3261638 189 95 88 255
0.0260465 0.8723686 -0.0402469 -0.8841028 0.0870848 0.4591063 115 123 136 255
-0.1768466 0.5483527 -0.0920041 -0.8741063 0.0973943 0.4758704 43 51 68 255
-0.1192018 0.5223504 -0.0471968 -0.3455643 -0.0890851 0.9341569 52 62 78 255
-0.1352103 1.1832420 -0.0592380 -0.5758166 -0.7796473 0.2461410 95 104 120 255
-0.1394829 1.1962938 -0.1035430 -0.4749166 -0.7961549 -0.3749555 101 110 124 255
-0.0999057 1.1643562 -0.0772161 -0.7473727 -0.6167901 0.2469902 95 105 120 255
0.0841203 1.6309696 -0.0820815 0.6640359 0.2030253 -0.7196090 138 164 157 255
0.0361900 1.5589306 -0.1382550 0.4818780 -0.1934030 -0.8546278 141 166 161 255
-0.0165915 1.6153895 -0.1263082 -0.2398507 0.0526337 -0.9693819 133 153 150 255
-0.1768825 0.0332630 -0.2184426 -0.3794647 -0.9245057 0.0359980 114 130 127 255
-0.1953661 0.0733187 -0.2160397 -0.8904118 -0.3975879 -0.2215640 117 132 125 255
-0.1777962 0.0415144 -0.2657169 -0.7454436 -0.5175358 -0.4200837 127 152 148 255
0.1336584 0.2349973 0.1438070 0.6737536 0.0804165 0.7345675 56 64 76 255
0.0285163 0.2188572 0.1374288 -0.5587475 -0.2271641 0.7976200 85 82 81 255
0.1236351 0.1752895 0.1455204 0.3025675 -0.4269965 0.8521308 71 82 95 255
0.1456840 0.1820904 -0.0106091 -0.7388536 -0.4033445 0.5398225 99 109 122 255
0.1576314 0.1830133 0.0906688 -0.7463809 -0.4061621 -0.5272077 77 87 101 255
0.1282330 0.3145940 0.0593993 -0.9426647 -0.2984998 0.1492684 95 108 128 255
-0.0783870 0.7603441 0.2493375 -0.9403735 0.3268681 0.0940995 45 31 22 255
-0.0915418 0.6631046 0.1954325 -0.0315731 -0.6086090 0.7928419 39 27 18 255
-0.0665834 0.7309337 0.2484944 -0.5112100 -0.6467432 0.5660279 44 30 21 255
-0.2148457 0.8050500 -0.1541854 0.9401292 -0.2898176 -0.1793404 132 158 154 255
-0.1944311 0.9066375 -0.1748537 0.4650428 -0.4149957 -0.7819933 126 153 146 255
-0.1890591 0.9017067 -0.1167199 0.9094405 -0.2312246 0.3456201 132 158 154 255
0.3013840 0.9429463 -0.0325358 0.1622125 -0.9862797 0.0306506 161 78 66 255
0.2771173 0.9921865 -0.0474415 -0.9042230 -0.4013949 0.1458177 140 63 52 255
0.2203560 0.9933544 -0.1877072 -0.8767499 -0.2611545 0.4038662 82 70 66 255
-0.2452266 0.8416159 -0.1731685 -0.6162182 0.0562169 -0.7855666 132 158 154 255
-0.2631924 0.9385630 -0.1745964 -0.9131337 -0.0345330 -0.4061948 131 156 150 255
-0.1944311 0.9066375 -0.1748537 0.4650428 -0.4149957 -0.7819933 126 153 146 255
-0.0806754 1.4066737 0.0443091 -0.8019355 0.3545054 0.4808588 90 102 120 255
-0.0700669 1.4347728 0.0056907 -0.9355745 -0.0528806 0.3491474 57 68 84 255
-0.0931365 1.4361018 -0.0299020 -0.2012085 0.7030299 0.6821027 56 66 83 255
-0.1890591 0.9017067 -0.1167199 0.9094405 -0.2312246 0.3456201 132 158 154 255
-0.2172534 0.9392766 -0.0850644 0.1612115 0.1172074 0.9799354 109 126 129 255
-0.2330811 0.8454134 -0.0852669 0.8012482 -0.1200005 0.5861751 109 126 129 255
-0.2330811 0.8454134 -0.0852669 0.6818037 -0.1115549 0.7229794 132 158 155 255
-0.2172534 0.9392766 -0.0850644 0.1998468 0.0562172 0.9782132 127 156 151 255
-0.2962614 0.7756805 -0.1018213 -0.9076730 0.2668326 0.3239291 127 158 152 255
0.0081089 0.6412819 0.2668460 0.7207931 0.0840981 0.6880296 45 32 23 255
-0.0077422 0.6968481 0.2517432 0.9185643 0.3444128 -0.1939574 43 30 22 255
0.0054145 0.7318979 0.2778364 0.5925910 -0.3553174 -0.7229006 39 27 20 255
-0.2172534 0.9392766 -0.0850644 0.1998468 0.0562172 0.9782132 127 156 151 255
-0.2603222 0.9786969 -0.0991761 -0.8593901 0.2725980 0.4325958 133 158 153 255
-0.2677363 0.9374984 -0.1174615 -0.9776888 0.0313513 0.2077057 129 155 149 255
-0.2169249 1.6532503 0.0715705 -0.9400208 0.2288836 -0.2529289 137 162 157 255
-0.2338036 1.7424031 0.0503031 -0.9646389 -0.1839793 -0.1887408 109 134 130 255
-0.1900057 1.7040421 -0.0070296 -0.7929844 -0.0783074 -0.6041884 101 128 124 255
-0.0437300 1.4784265 -0.0562629 -0.7443459 0.4779781 -0.4663542 189 98 86 255
0.0003295 1.5758524 0.0077972 0.8113007 0.1173045 -0.5727399 182 94 82 255
-0.0016441 1.5067838 -0.0459262 0.0821618 0.9530287 -0.2915233 189 98 85 255
-0.2631924 0.9385630 -0.1745964 -0.9131337 -0.0345330 -0.4061948 131 156 150 255
-0.2677363 0.9374984 -0.1174615 -0.9776888 0.0313513 0.2077057 129 155 149 255
-0.2603222 0.9786969 -0.0991761 -0.8593901 0.2725980 0.4325958 133 158 153 255
-0.0492380 0.0120226 -0.1499253 -0.2295210 0.1484050 0.9619232 185 96 84 255
0.0435724 0.0110841 -0.1160819 0.0685922 0.2424349 0.9677399 186 98 90 255
0.0585012 0.0957808 -0.1386095 0.5814943 0.0475810 0.8121579 184 95 90 255
-0.0307226 0.1084508 -0.1559786 -0.1749446 -0.0712020 0.9820004 161 66 60 255
0.0139132 0.3233509 -0.0899916 0.2172406 -0.1741591 0.9604557 171 84 72 255
-0.0546341 0.3080575 -0.1088310 -0.6709931 -0.2479982 0.6987597 183 96 85 255
-0.0164075 0.9560326 -0.0137062 -0.7308478 -0.3725879 0.5718739 121 129 141 255
-0.0220723 1.0861748 0.0080622 -0.7667117 -0.2033375 0.6089393 92 103 117 255
-0.0501781 1.0854499 -0.0323152 -0.8813409 -0.2502059 0.4007931 109 118 131 255
-0.1311924 1.3942656 -0.0189615 -0.9138970 0.4012049 0.0618609 70 46 38 255
-0.1344321 1.4299025 -0.0075457 -0.4379985 0.6154429 0.6552765 65 69 70 255
-0.1061709 1.4380535 -0.0434835 -0.9248660 0.2785332 -0.2589252 112 104 103 255
-0.0324757 0.6710386 0.2229165 -0.3977164 0.0452891 -0.9163901 48 35 26 255
-0.0436685 0.6463395 0.2596762 -0.9418091 -0.3257419 -0.0829931 40 27 19 255
-0.0665834 0.7309337 0.2484944 -0.5112303 -0.6467378 0.5660158 40 29 22 255
0.1236351 0.1752895 0.1455204 0.3025675 -0.4269965 0.8521308 71 82 95 255
0.1576314 0.1830133 0.0906688 -0.7463809 -0.4061621 -0.5272077 77 87 101 255
0.1858625 0.1902943 0.0536712 0.9553025 -0.1807219 0.2339588 72 83 97 255
0.0221102 0.7448066 0.3056667 0.3363825 0.2103849 0.9179242 45 31 23 255
0.0054145 0.7318979 0.2778364 0.5925910 -0.3553174 -0.7229006 39 27 20 255
0.0362022 0.8462940 0.2657459 0.9391378 -0.1246696 0.3201216 41 29 21 255
0.1576314 0.1830133 0.0906688 -0.7463809 -0.4061621 -0.5272077 77 87 101 255
0.1236351 0.1752895 0.1455204 0.3025675 -0.4269965 0.8521308 71 82 95 255
0.0462570 0.1612965 0.1248085 -0.4557030 -0.6822950 0.5716717 112 113 116 255
0.0024097 0.6305377 0.2135873 -0.2473986 0.0100630 -0.9688616 43 29 21 255
-0.0324757 0.6710386 0.2229165 -0.3977164 0.0452891 -0.9163901 48 35 26 255
-0.0263290 0.7259152 0.2560829 0.9988294 -0.0335816 -0.0348159 40 29 21 255
-0.1693338 1.3552508 -0.1224283 -0.5965451 0.1161473 0.7941308 82 30 36 255
-0.1242607 1.3681000 -0.0896364 -0.8926343 -0.0044298 -0.4507597 120 131 136 255
-0.1286515 1.4274280 -0.0963749 -0.8173673 0.5493487 -0.1735702 139 155 152 255
-0.1371275 1.0916202 -0.1437461 0.7740469 -0.0099497 0.6330500 109 126 129 255
-0.2172534 0.9392766 -0.0850644 0.1612115 0.1172074 0.9799354 109 126 129 255
-0.1570948 0.9367694 -0.1595336 0.9410169 -0.3299338 -0.0750388 136 163 158 255
0.0361900 1.5589306 -0.1382550 0.4985986 -0.1855881 -0.8467327 145 123 118 255
0.1375022 1.5662739 -0.0030968 0.9593152 -0.2064127 -0.1926343 128 150 144 255
0.0464597 1.4935619 -0.0773392 0.7340125 -0.0589034 -0.6765769 165 141 128 255
0.2080936 0.9546565 -0.2309994 -0.7674617 -0.3849320 0.5126694 78 66 61 255
0.2203560 0.9933544 -0.1877072 -0.8781586 -0.2559147 0.4041597 82 70 66 255
0.1851761 1.0004568 -0.2370542 -0.7910054 -0.3288077 0.5159419 67 59 54 255
-0.0965772 1.6190507 -0.0339896 0.1547428 -0.5325716 -0.8321191 184 95 83 255
-0.1052010 1.5277464 0.0246693 -0.5234986 -0.4580412 -0.7184341 181 93 82 255
-0.1304659 1.5771368 -0.0217763 -0.2649333 -0.3670954 -0.8916566 183 95 84 255
0.0285163 0.2188572 0.1374288 -0.5587475 -0.2271641 0.7976200 85 82 81 255
0.0545208 0.4202509 0.1765290 0.4107458 -0.0686390 0.9091626 91 101 115 255
-0.0537679 0.5404685 0.1571610 -0.9237930 0.0415046 0.3806362 115 124 140 255
0.0244470 1.3529066 -0.2021710 -0.6123951 -0.1117457 -0.7826143 75 82 98 255
0.1042285 1.1990945 -0.2230066 0.5922492 0.4757618 -0.6503012 166 83 73 255
0.0028272 1.1718744 -0.2383638 -0.2178149 0.2586084 -0.9411049 181 94 86 255
-0.0152442 0.2240098 0.0383946 -0.9731517 -0.1280110 -0.1912823 65 82 84 255
0.0285163 0.2188572 0.1374288 -0.5587475 -0.2271641 0.7976200 85 82 81 255
-0.0537679 0.5404685 0.1571610 -0.9237930 0.0415046 0.3806362 115 124 140 255
-0.0665834 0.7309337 0.2484944 -0.5112303 -0.6467378 0.5660158 40 29 22 255
-0.0436685 0.6463395 0.2596762 -0.9418091 -0.3257419 -0.0829931 40 27 19 255
-0.0466228 0.7480004 0.2929063 -0.5134363 -0.1021870 0.8520217 47 32 24 255
-0.0152442 0.2240098 0.0383946 -0.9731517 -0.1280110 -0.1912823 65 82 84 255
-0.0537679 0.5404685 0.1571610 -0.9237930 0.0415046 0.3806362 115 124 140 255
-0.0604720 0.5098828 0.0848095 -0.9253809 -0.0065813 -0.3789815 123 131 144 255
-0.0523906 1.4938155 0.1526332 -0.6509688 -0.0444159 -0.7578040 169 85 78 255
-0.0405025 1.5675728 0.1574397 -0.6931787 0.1235420 -0.7100992 179 87 77 255
0.0578907 1.5207609 0.0597898 -0.8368803 -0.0472921 -0.5453392 166 81 71 255
-0.2115647 1.1501511 -0.1511615 -0.5093023 0.2106452 0.8344098 135 160 155 255
-0.2286607 1.1678939 -0.2073474 -0.9453134 0.2177406 -0.2428405 136 159 154 255
-0.2603222 0.9786969 -0.0991761 -0.8593901 0.2725980 0.4325958 133 158 153 255
-0.0783870 0.7603441 0.2493375 -0.9403791 0.3268549 0.0940900 47 32 24 255
-0.0665834 0.7309337 0.2484944 -0.5112303 -0.6467378 0.5660158 40 29 22 255
-0.0466228 0.7480004 0.2929063 -0.5134363 -0.1021870 0.8520217 47 32 24 255
-0.2603222 0.9786969 -0.0991761 -0.8593901 0.2725980 0.4325958 133 158 153 255
-0.2286607 1.1678939 -0.2073474 -0.9453134 0.2177406 -0.2428405 136 159 154 255
-0.2631924 0.9385630 -0.1745964 -0.9131337 -0.0345330 -0.4061948 131 156 150 255
-0.2631924 0.9385630 -0.1745964 -0.9131337 -0.0345330 -0.4061948 131 156 150 255
-0.2286607 1.1678939 -0.2073474 -0.9453134 0.2177406 -0.2428405 136 159 154 255
-0.2283190 0.9539337 -0.2145507 -0.1186442 -0.2920834 -0.9490051 132 158 152 255
-0.0641043 1.9101157 -0.0120520 -0.2993585 0.7943548 -0.5285687 48 34 26 255
0.0389519 1.8985610 -0.0074236 0.6010805 0.5402458 -0.5889285 45 30 21 255
-0.0306537 1.7225645 -0.1335422 0.0407647 0.3647409 -0.9302163 95 105 121 255
-0.2283190 0.9539337 -0.2145507 -0.1186442 -0.2920834 -0.9490051 132 158 152 255
-0.1945884 1.1381972 -0.2550648 -0.2211737 -0.1225977 -0.9674978 112 141 136 255
-0.1207476 1.1057785 -0.2219620 0.7885612 -0.3189152 -0.5257987 117 145 139 255
-0.2172534 0.9392766 -0.0850644 0.1998468 0.0562172 0.9782132 127 156 151 255
-0.2115647 1.1501511 -0.1511615 -0.5093023 0.2106452 0.8344098 135 160 155 255
-0.2603222 0.9786969 -0.0991761 -0.8593901 0.2725980 0.4325958 133 158 153 255
-0.1207476 1.1057785 -0.2219620 0.7885612 -0.3189152 -0.5257987 117 145 139 255
-0.1570948 0.9367694 -0.1595336 0.9410169 -0.3299338 -0.0750388 136 163 158 255
-0.2283190 0.9539337 -0.2145507 -0.1186442 -0.2920834 -0.9490051 132 158 152 255
0.0841203 1.6309696 -0.0820815 0.6640359 0.2030253 -0.7196090 138 164 157 255
-0.0306537 1.7225645 -0.1335422 0.0407647 0.3647409 -0.9302163 95 105 121 255
0.0389519 1.8985610 -0.0074236 0.6010805 0.5402458 -0.5889285 45 30 21 255
-0.1207476 1.1057785 -0.2219620 0.7885612 -0.3189152 -0.5257987 117 145 139 255
-0.1371275 1.0916202 -0.1437461 0.7740469 -0.0099497 0.6330500 109 126 129 255
-0.1570948 0.9367694 -0.1595336 0.9410169 -0.3299338 -0.0750388 136 163 158 255
0.1336584 0.2349973 0.1438070 0.6737536 0.0804165 0.7345675 56 64 76 255
0.0998075 0.5261188 0.1040674 0.9784157 -0.1678570 0.1205263 107 115 130 255
0.0545208 0.4202509 0.1765290 0.4107458 -0.0686390 0.9091626 91 101 115 255
-0.0537679 0.5404685 0.1571610 -0.9237930 0.0415046 0.3806362 115 124 140 255
-0.0028019 0.5470812 0.1985283 -0.0757020 0.1308133 0.9885126 112 120 135 255
0.0365887 0.9706026 0.0529017 -0.9419894 0.1158424 0.3150185 13 19 25 255
-0.0466228 0.7480004 0.2929063 -0.5134875 -0.1021682 0.8519931 184 99 90 255
0.0081089 0.6412819 0.2668460 0.7207829 0.0841509 0.6880339 52 60 76 255
0.0054145 0.7318979 0.2778364 0.2450721 -0.1095468 0.9632960 185 99 90 255
-0.2283190 0.9539337 -0.2145507 -0.1186442 -0.2920834 -0.9490051 132 158 152 255
-0.2286607 1.1678939 -0.2073474 -0.9453134 0.2177406 -0.2428405 136 159 154 255
-0.1945884 1.1381972 -0.2550648 -0.2211737 -0.1225977 -0.9674978 112 141 136 255
-0.1371275 1.0916202 -0.1437461 0.7135648 -0.1881860 0.6748417 45 32 24 255
-0.0825751 1.3525515 -0.1357242 0.5851054 -0.2485569 0.7719270 32 26 23 255
-0.1733172 1.1404743 -0.1376256 -0.0198421 -0.0616825 0.9978985 46 31 21 255
-0.1560575 0.5940026 -0.1927230 -0.8281428 0.0949329 -0.5524195 35 42 52 255
-0.0827034 0.5372534 -0.2071281 0.2268614 -0.1212159 -0.9663543 34 32 33 255
-0.0489292 0.2474609 -0.2310918 -0.4528955 -0.0227052 -0.8912745 172 84 77 255
0.0998075 0.5261188 0.1040674 0.9784157 -0.1678570 0.1205263 107 115 130 255
0.1336584 0.2349973 0.1438070 0.6737536 0.0804165 0.7345675 56 64 76 255
0.1766462 0.2417116 0.0408874 0.9794893 0.2008923 -0.0155848 55 64 80 255
-0.0033414 0.3267533 -0.2056981 -0.1866446 -0.0580419 -0.9807115 161 80 69 255
0.0278604 0.1033062 -0.2057125 0.4587971 0.2252051 -0.8595278 166 71 63 255
-0.0307226 0.1084508 -0.1559786 -0.6087078 0.5015470 -0.6147565 19 14 15 255
-0.1351986 1.1831745 -0.0592368 0.5912304 0.7883507 0.1701464 60 61 73 255
-0.0768547 1.1611233 -0.1598012 0.8363645 -0.0132107 0.5480145 168 90 82 255
-0.1394619 1.1959285 -0.1035165 0.6512612 0.7033582 0.2848617 59 60 72 255
0.0190585 1.1729442 0.2790979 -0.6362757 0.2924818 0.7138679 66 75 78 255
0.1384115 1.4164572 0.2038808 0.6190975 0.5476186 0.5628784 90 110 108 255
0.0816877 1.4097841 0.2340355 -0.0490627 0.5864944 0.8084658 84 106 106 255
-0.1371275 1.0916202 -0.1437461 0.7740469 -0.0099497 0.6330500 109 126 129 255
-0.2115647 1.1501511 -0.1511615 -0.4181123 0.3013321 0.8569604 109 126 129 255
-0.2172534 0.9392766 -0.0850644 0.1612115 0.1172074 0.9799354 109 126 129 255
-0.0558608 0.9443621 -0.0869220 -0.9434153 0.0610624 0.3259429 105 117 134 255
-0.1560575 0.5940026 -0.1927230 -0.8281428 0.0949329 -0.5524195 35 42 52 255
-0.1768466 0.5483527 -0.0920041 -0.8741063 0.0973943 0.4758704 43 51 68 255
0.0081089 0.6412819 0.2668460 0.7207819 0.0841983 0.6880292 45 32 23 255
0.0231092 0.6762356 0.2243723 0.7423286 0.3645595 0.5621785 46 32 23 255
-0.0077422 0.6968481 0.2517432 0.9185196 0.3444713 -0.1940652 43 30 22 255
-0.1371275 1.0916202 -0.1437461 0.7135648 -0.1881860 0.6748417 45 32 24 255
-0.1733172 1.1404743 -0.1376256 -0.0198421 -0.0616825 0.9978985 46 31 21 255
-0.2115647 1.1501511 -0.1511615 -0.5068785 0.0773195 0.8585428 42 28 19 255
0.0841203 1.6309696 -0.0820815 0.6586528 0.1977341 -0.7260011 141 163 156 255
0.0389519 1.8985610 -0.0074236 0.6012033 0.5401863 -0.5888577 141 164 158 255
0.1417179 1.7277303 0.0267435 0.9263903 0.2565575 -0.2756430 132 158 153 255
0.1336584 0.2349973 0.1438070 0.6737536 0.0804165 0.7345675 56 64 76 255
0.0545208 0.4202509 0.1765290 0.4107458 -0.0686390 0.9091626 91 101 115 255
0.0285163 0.2188572 0.1374288 -0.5587475 -0.2271641 0.7976200 85 82 81 255
0.0456343 1.5080514 0.0285021 0.4101038 0.9060140 0.1046600 176 89 77 255
-0.0016441 1.5067838 -0.0459262 0.0821618 0.9530287 -0.2915233 189 98 85 255
0.0003295 1.5758524 0.0077972 0.8113007 0.1173045 -0.5727399 182 94 82 255
-0.0471914 0.6632835 0.1760812 -0.3769408 0.3421166 -0.8607392 154 71 63 255
-0.0915418 0.6631046 0.1954325 -0.5474368 0.3848283 -0.7431151 135 125 114 255
-0.0618343 0.7368153 0.2117205 0.5977031 -0.3019713 -0.7426739 137 129 117 255
0.0221102 0.7448066 0.3056667 0.3363825 0.2103849 0.9179242 45 31 23 255
0.0391579 0.7067810 0.2563231 0.2615879 0.8060934 -0.5308343 42 29 21 255
0.0054145 0.7318979 0.2778364 0.5925910 -0.3553174 -0.7229006 39 27 20 255
-0.1953661 0.0733187 -0.2160397 -0.2876166 0.9570147 0.0374126 126 120 114 255
-0.0307226 0.1084508 -0.1559786 -0.6087078 0.5015470 -0.6147565 19 14 15 255
-0.1643766 0.0585113 -0.2717507 -0.0510666 0.8265417 -0.5605543 131 164 156 255
0.0239699 1.1360425 0.2192958 -0.7196786 0.0692663 -0.6908435 45 31 21 255
0.0472143 1.0851328 0.1894846 -0.0580030 0.0932834 -0.9939486 44 31 22 255
-0.0420208 0.9804144 0.2320571 -0.9304525 0.1607078 -0.3292892 48 34 25 255
0.0135150 0.1659505 0.0590332 0.9889123 -0.1444282 0.0345397 92 106 128 255
0.0358722 0.2970536 0.1149358 0.7367760 -0.0425599 -0.6747962 94 107 129 255
0.0462570 0.1612965 0.1248085 0.1316860 0.0127951 -0.9912089 98 109 127 255
0.0450766 0.1914208 -0.0797274 0.0239190 -0.2995331 -0.9537860 118 137 134 255
0.0139132 0.3233509 -0.0899916 -0.6271439 -0.2077196 -0.7506950 103 115 112 255
0.0889316 0.2075595 -0.1665810 -0.8324679 -0.5178488 0.1970528 73 70 67 255
0.0553496 0.1152460 0.0810914 -0.9963933 -0.0729503 -0.0433421 153 61 59 255
0.0264425 0.0485489 0.1765729 -0.8974183 0.4410061 0.0124179 134 161 157 255
0.0887859 0.1000042 0.1127094 0.1346670 0.5944715 0.7927600 141 59 52 255
0.0280716 0.0033955 0.2162946 -0.3090985 -0.9501739 -0.0403463 39 27 20 255
0.0702453 0.0073986 0.0221525 -0.8044450 -0.3877695 -0.4500033 32 29 27 255
0.1372831 0.0073264 0.0245768 0.5799730 -0.7868152 -0.2110757 39 28 21 255
-0.1596953 1.3799473 -0.2072145 -0.7616500 0.2997736 -0.5744783 42 41 42 255
-0.1945884 1.1381972 -0.2550648 -0.2211737 -0.1225977 -0.9674978 112 141 136 255
-0.2286607 1.1678939 -0.2073474 -0.9453134 0.2177406 -0.2428405 136 159 154 255
-0.0679588 0.3088705 -0.1738468 0.8812027 0.0350153 0.4714399 73 70 72 255
-0.0588441 0.1743114 -0.1357764 0.9378815 -0.1937192 -0.2878389 76 70 70 255
-0.0076354 0.1942587 -0.2329361 0.3510225 -0.3526655 0.8674160 96 94 91 255
-0.0795398 1.5107110 0.0839953 0.1397087 -0.8946443 0.4243740 91 91 96 255
-0.1957872 1.4638146 0.1031115 0.0186318 -0.9454159 0.3253332 33 37 43 255
-0.1740968 1.5077897 0.0183801 -0.3592153 -0.6150228 -0.7019340 183 94 84 255
-0.0436685 0.6463395 0.2596762 -0.9418091 -0.3257419 -0.0829931 40 27 19 255
-0.0324757 0.6710386 0.2229165 -0.3977164 0.0452891 -0.9163901 48 35 26 255
0.0024097 0.6305377 0.2135873 -0.2473986 0.0100630 -0.9688616 43 29 21 255
-0.0797145 0.1741318 -0.1300645 -0.7752784 -0.6070126 0.1745830 90 86 86 255
-0.0218968 0.1968772 -0.2578816 -0.3566773 -0.4685815 -0.8082156 169 82 76 255
-0.0588441 0.1743114 -0.1357764 0.9378815 -0.1937192 -0.2878389 76 70 70 255
-0.2143086 1.7002457 0.1146164 -0.9870797 -0.1597947 -0.0117977 120 147 143 255
-0.2326739 1.7466644 0.1241147 -0.9630942 0.1585173 0.2175353 121 148 144 255
-0.2338036 1.7424031 0.0503031 -0.9646389 -0.1839793 -0.1887408 109 134 130 255
-0.1192018 0.5223504 -0.0471968 -0.3455643 -0.0890851 0.9341569 52 62 78 255
-0.1768466 0.5483527 -0.0920041 -0.8741063 0.0973943 0.4758704 43 51 68 255
-0.1365827 0.4001926 -0.1643718 -0.9665651 -0.2526496 -0.0438181 39 43 47 255
-0.2326739 1.7466644 0.1241147 -0.9630942 0.1585173 0.2175353 121 148 144 255
-0.2143086 1.7002457 0.1146164 -0.9870797 -0.1597947 -0.0117977 120 147 143 255
-0.2260503 1.6881607 0.1370412 -0.7753749 0.1784130 0.6057744 126 152 149 255
0.0024097 0.6305377 0.2135873 0.6822377 -0.1160610 0.7218598 49 34 25 255
-0.0263290 0.7259152 0.2560829 0.9988285 -0.0335670 -0.0348548 42 28 19 255
-0.0436685 0.6463395 0.2596762 0.7434024 -0.1323813 0.6556129 45 31 23 255
0.0239699 1.1360425 0.2192958 -0.7277564 0.1278722 -0.6738095 68 79 79 255
-0.0420208 0.9804144 0.2320571 -0.9281465 0.1724106 -0.3298768 137 162 157 255
0.0190585 1.1729442 0.2790979 -0.6362757 0.2924818 0.7138679 66 75 78 255
0.0264425 0.0485489 0.1765729 -0.8978447 0.4402830 0.0050681 94 45 35 255
0.0553496 0.1152460 0.0810914 -0.9986290 -0.0291610 -0.0434707 190 102 96 255
0.0702453 0.0073986 0.0221525 -0.8044450 -0.3877695 -0.4500033 32 29 27 255
0.2046149 0.9239588 -0.2208264 0.7329566 -0.3624941 -0.5756500 65 59 54 255
0.1806004 0.9848462 -0.2384613 0.6510451 0.0097300 -0.7589765 38 40 43 255
0.1851761 1.0004568 -0.2370542 0.5360327 0.0543346 -0.8424468 44 49 55 255
0.0081089 0.6412819 0.2668460 -0.8151593 -0.3568851 -0.4562329 186 99 90 255
-0.0466228 0.7480004 0.2929063 -0.5134624 -0.1021639 0.8520087 181 93 80 255
-0.0077422 0.6968481 0.2517432 -0.8604206 -0.3915769 -0.3261040 187 98 89 255
0.1598220 0.9816176 0.1126658 -0.5052450 0.0339898 -0.8623064 16 13 14 255
0.1939833 0.9668989 0.0920694 -0.5621759 -0.2090067 -0.8001715 23 16 16 255
0.1563323 0.9350446 0.1128745 -0.4822856 -0.0753497 -0.8727675 24 17 17 255
0.0134063 1.3800784 0.1527615 -0.3169563 -0.8931292 0.3191535 170 157 137 255
0.1799040 1.3521854 0.1034917 0.0484389 -0.5337659 0.8442439 54 62 63 255
0.0905695 1.3705417 0.1503244 -0.0222403 -0.8439355 -0.5359834 145 163 156 255
-0.2136790 1.7368078 0.1710570 -0.8422830 0.1293479 0.5232863 160 77 66 255
-0.2326739 1.7466644 0.1241147 -0.9630783 0.1585241 0.2176017 156 77 66 255
-0.2260503 1.6881607 0.1370412 -0.7753468 0.1783426 0.6058310 152 71 60 255
0.0585012 0.0957808 -0.1386095 0.6438704 0.0947436 0.7592462 162 68 60 255
0.0476201 0.3334746 -0.1562801 0.9599571 0.0722006 -0.2706836 157 76 66 255
0.0139132 0.3233509 -0.0899916 0.2172406 -0.1741591 0.9604557 171 84 72 255
-0.0212770 1.4249347 0.0929759 -0.8029976 0.5470141 0.2365811 95 107 125 255
-0.0085962 1.4725764 0.0773520 -0.1677251 -0.2177968 0.9614743 75 85 100 255
-0.0700669 1.4347728 0.0056907 -0.9355745 -0.0528806 0.3491474 57 68 84 255
-0.0077422 0.6968481 0.2517432 0.9185643 0.3444128 -0.1939574 43 30 22 255
-0.0263290 0.7259152 0.2560829 0.9988304 -0.0335729 -0.0347940 46 32 24 255
0.0054145 0.7318979 0.2778364 0.5925910 -0.3553174 -0.7229006 39 27 20 255
0.0141337 0.6899440 0.3057480 0.3703810 -0.0524717 0.9273968 132 156 154 255
0.0221102 0.7448066 0.3056667 0.3420904 0.2062567 0.9167510 184 95 91 255
-0.0466228 0.7480004 0.2929063 -0.5108382 -0.0885954 0.8550995 171 85 77 255
-0.0588441 0.1743114 -0.1357764 0.9378815 -0.1937192 -0.2878389 76 70 70 255
-0.0679588 0.3088705 -0.1738468 0.8812027 0.0350153 0.4714399 73 70 72 255
-0.0546341 0.3080575 -0.1088310 0.5887474 0.0810423 -0.8042441 87 86 91 255
0.0135150 0.1659505 0.0590332 0.9886550 -0.1462253 0.0343458 59 65 67 255
-0.0090833 0.1714250 0.0258460 -0.8702713 -0.4597869 -0.1767027 42 45 48 255
0.0758007 0.1794834 -0.0330263 -0.0957218 -0.4567120 -0.8844499 129 158 153 255
-0.0588441 0.1743114 -0.1357764 0.9378815 -0.1937192 -0.2878389 76 70 70 255
-0.0218968 0.1968772 -0.2578816 -0.3566773 -0.4685815 -0.8082156 169 82 76 255
-0.0076354 0.1942587 -0.2329361 0.3510225 -0.3526655 0.8674160 96 94 91 255
0.1597159 1.3939518 0.1640711 0.3779410 0.1382128 -0.9154549 36 38 43 255
0.0893543 1.1737760 0.3125239 0.4125327 0.1149157 0.9036654 106 71 73 255
0.1238070 1.1284721 0.2560493 0.9847558 -0.1715143 -0.0289661 38 29 22 255
-0.0641043 1.9101157 -0.0120520 -0.2993653 0.7943694 -0.5285429 122 151 144 255
-0.1741453 1.8636131 0.1655240 -0.2050273 0.9345948 0.2906828 177 91 78 255
0.0017817 1.9169637 0.0969512 0.0162885 0.9851192 0.1710992 156 74 66 255
-0.0251021 1.6260918 0.2309929 0.1186151 -0.4394352 0.8904085 142 134 124 255
-0.0485125 1.5961472 0.1805617 -0.4415596 -0.3628986 0.8205667 188 92 82 255
-0.0794349 1.5337676 0.1884721 -0.8602310 0.3413241 -0.3788144 175 89 80 255
0.0702453 0.0073986 0.0221525 -0.8044450 -0.3877695 -0.4500033 32 29 27 255
0.0944183 0.0956738 0.0173619 0.0480354 -0.0530270 -0.9974371 126 101 95 255
0.1372831 0.0073264 0.0245768 0.5799730 -0.7868152 -0.2110757 39 28 21 255
0.1236351 0.1752895 0.1455204 0.3025675 -0.4269965 0.8521308 71 82 95 255
0.1858625 0.1902943 0.0536712 0.9553025 -0.1807219 0.2339588 72 83 97 255
0.1336584 0.2349973 0.1438070 0.6737536 0.0804165 0.7345675 56 64 76 255
-0.0806754 1.4066737 0.0443091 -0.8019355 0.3545054 0.4808588 90 102 120 255
-0.0212770 1.4249347 0.0929759 -0.8029976 0.5470141 0.2365811 95 107 125 255
-0.0700669 1.4347728 0.0056907 -0.9355745 -0.0528806 0.3491474 57 68 84 255
-0.1693338 1.3552508 -0.1224283 -0.7059787 0.2311990 0.6694334 168 88 82 255
-0.1286515 1.4274280 -0.0963749 -0.7526351 0.6574856 -0.0353977 132 159 152 255
-0.1596953 1.3799473 -0.2072145 -0.4887618 0.6070809 -0.6265498 133 46 42 255
0.1336584 0.2349973 0.1438070 0.6737536 0.0804165 0.7345675 56 64 76 255
0.1858625 0.1902943 0.0536712 0.9553025 -0.1807219 0.2339588 72 83 97 255
0.1766462 0.2417116 0.0408874 0.9794893 0.2008923 -0.0155848 55 64 80 255
0.0141337 0.6899440 0.3057480 -0.5363479 -0.5419218 -0.6470329 166 80 70 255
0.0054145 0.7318979 0.2778364 0.5926912 -0.3550867 -0.7229318 168 80 71 255
0.0391579 0.7067810 0.2563231 -0.6979362 -0.4915507 -0.5208290 138 150 145 255
-0.1091915 1.4819299 -0.0622191 -0.9405340 -0.2743776 -0.2002815 131 155 151 255
-0.1881776 1.5555879 -0.0253038 -0.8153252 -0.3417678 -0.4673754 128 152 149 255
-0.1320392 1.5126880 -0.0949537 -0.6485894 -0.0716697 -0.7577567 122 150 149 255
-0.2143674 1.6004705 0.1718917 -0.4331076 0.0507338 0.8999133 162 73 69 255
-0.2582695 1.6577905 0.1478377 -0.9123592 0.4045160 0.0629872 152 71 60 255
-0.2290105 1.6228589 0.1429221 -0.6713754 -0.2167367 0.7087173 151 64 60 255
-0.2582695 1.6577905 0.1478377 -0.9123592 0.4045160 0.0629872 152 71 60 255
-0.2143674 1.6004705 0.1718917 -0.4331076 0.0507338 0.8999133 162 73 69 255
-0.2260503 1.6881607 0.1370412 -0.7753468 0.1783426 0.6058310 152 71 60 255
-0.1450812 1.6166393 -0.0261935 -0.3049941 0.3019917 0.9032051 132 158 154 255
-0.1438051 1.6725296 -0.0480674 -0.9833619 -0.1096857 0.1448053 114 143 140 255
-0.1606760 1.6896779 -0.0767541 -0.5257503 -0.0621470 -0.8483657 138 162 157 255
-0.1035366 0.9376581 -0.1114880 0.9484779 -0.1794474 0.2611293 185 95 85 255
-0.0892956 0.9951135 -0.1924084 0.9540195 -0.1144900 0.2770177 185 96 86 255
-0.1082368 1.1232918 -0.0280847 0.9749127 0.2186756 -0.0415471 59 60 72 255
-0.2136790 1.7368078 0.1710570 -0.8422830 0.1293479 0.5232863 160 77 66 255
-0.1763158 1.8273063 0.1668055 -0.8831721 0.1144055 0.4548830 169 86 73 255
-0.2326739 1.7466644 0.1241147 -0.9630783 0.1585241 0.2176017 156 77 66 255
-0.0915418 0.6631046 0.1954325 -0.5475551 0.3848372 -0.7430233 185 99 88 255
-0.0783870 0.7603441 0.2493375 -0.9381389 0.3324305 0.0968787 192 102 94 255
-0.0618343 0.7368153 0.2117205 -0.7986253 0.2853278 -0.5298923 186 97 90 255
0.0758007 0.1794834 -0.0330263 0.4770187 -0.1698796 0.8623191 94 107 126 255
0.0871334 0.3142891 0.0069903 -0.1660551 -0.3640540 0.9164554 91 105 128 255
0.0192561 0.3001371 0.0437557 0.8700277 -0.1079849 0.4810313 98 108 128 255
0.0391579 0.7067810 0.2563231 0.9017416 -0.1304952 0.4121081 131 159 156 255
0.0221102 0.7448066 0.3056667 0.3420904 0.2062567 0.9167510 184 95 91 255
0.0141337 0.6899440 0.3057480 0.3703810 -0.0524717 0.9273968 132 156 154 255
-0.1207476 1.1057785 -0.2219620 0.7961199 -0.1909696 -0.5742158 45 32 23 255
-0.1945884 1.1381972 -0.2550648 -0.1129026 0.1430328 -0.9832571 48 34 25 255
-0.0060434 1.4248837 -0.1977876 0.3626495 0.4458880 -0.8183333 88 97 113 255
-0.1214848 1.5798317 0.1065204 -0.4375901 -0.6928222 -0.5731598 173 84 75 255
-0.2069999 1.5702558 0.1527608 -0.3657260 -0.8560328 -0.3653111 155 66 57 255
-0.1698283 1.6058044 0.0695011 0.0243828 -0.9967212 -0.0771526 178 85 76 255
-0.0523181 1.0003727 -0.2722493 -0.4405358 0.1024153 -0.8918740 178 89 79 255
-0.1129396 0.9873229 -0.1974957 -0.9143369 0.0442572 -0.4025286 186 99 87 255
-0.0927424 1.0813359 -0.2107918 -0.8088413 0.1512807 -0.5682340 185 97 87 255
-0.1551430 1.6087384 0.1988778 -0.1022044 -0.4557970 0.8841965 158 69 59 255
-0.2143674 1.6004705 0.1718917 -0.4331076 0.0507338 0.8999133 162 73 69 255
-0.2020086 1.5297356 0.1458818 -0.3156692 -0.2372856 0.9187211 174 82 73 255
-0.0289738 0.5346107 -0.1358154 0.8893478 -0.3242895 -0.3223304 40 34 31 255
-0.0827034 0.5372534 -0.2071281 0.2268614 -0.1212159 -0.9663543 34 32 33 255
0.1446912 0.9139333 -0.2719066 0.4440302 -0.3198123 -0.8369930 56 55 55 255
0.1456840 0.1820904 -0.0106091 -0.7388536 -0.4033445 0.5398225 99 109 122 255
0.0871334 0.3142891 0.0069903 -0.1660551 -0.3640540 0.9164554 91 105 128 255
0.0758007 0.1794834 -0.0330263 0.4770187 -0.1698796 0.8623191 94 107 126 255
-0.1288464 0.9294957 -0.1190744 -0.9982092 0.0028915 0.0597476 184 95 86 255
-0.1120031 1.0674447 -0.1470741 -0.9955640 -0.0738195 -0.0583356 188 99 90 255
-0.1129396 0.9873229 -0.1974957 -0.9143369 0.0442572 -0.4025286 186 99 87 255
-0.0797145 0.1741318 -0.1300645 -0.7752784 -0.6070126 0.1745830 90 86 86 255
-0.0929348 0.2301455 -0.1683382 -0.9509821 -0.2558517 -0.1737033 58 55 57 255
-0.0218968 0.1968772 -0.2578816 -0.3566773 -0.4685815 -0.8082156 169 82 76 255
-0.0593164 0.7448435 0.1823043 0.1810434 -0.3179440 0.9306636 39 27 19 255
-0.0203879 0.7361864 0.1717737 0.3366106 -0.2478327 0.9084449 41 30 22 255
-0.0447450 0.7984828 0.1977949 -0.9466580 0.3202865 0.0354268 45 32 22 255
-0.0466228 0.7480004 0.2929063 -0.5108382 -0.0885954 0.8550995 171 85 77 255
0.0221102 0.7448066 0.3056667 0.3420904 0.2062567 0.9167510 184 95 91 255
-0.0186446 0.8544169 0.2748571 -0.6166515 0.2984917 0.7284529 189 96 91 255
-0.1551430 1.6087384 0.1988778 -0.1022044 -0.4557970 0.8841965 158 69 59 255
-0.0405025 1.5675728 0.1574397 0.2677284 -0.6984860 0.6636556 156 72 61 255
-0.0485125 1.5961472 0.1805617 -0.4415756 -0.3629588 0.8205314 156 71 60 255
0.0192561 0.3001371 0.0437557 -0.8545924 -0.1706395 -0.4904630 189 99 91 255
0.0944183 0.0956738 0.0173619 0.0480354 -0.0530270 -0.9974371 126 101 95 255
0.0553496 0.1152460 0.0810914 -0.9986290 -0.0291610 -0.0434707 190 102 96 255
-0.2143674 1.6004705 0.1718917 -0.4331076 0.0507338 0.8999133 162 73 69 255
-0.2575089 1.6127789 0.1347914 -0.8167136 -0.4450684 0.3672782 154 66 61 255
-0.2069999 1.5702558 0.1527608 -0.3657260 -0.8560328 -0.3653111 155 66 57 255
-0.0860400 1.4702963 -0.1172241 -0.5233068 -0.0953154 -0.8467969 130 156 150 255
-0.0541718 1.4521319 -0.1667840 0.0604517 0.8011348 -0.5954232 129 155 150 255
-0.1286515 1.4274280 -0.0963749 -0.7526351 0.6574856 -0.0353977 132 159 152 255
-0.1596953 1.3799473 -0.2072145 -0.4887618 0.6070809 -0.6265498 133 46 42 255
-0.0060434 1.4248837 -0.1977876 0.3626495 0.4458880 -0.8183333 88 97 113 255
-0.1945884 1.1381972 -0.2550648 -0.1129026 0.1430328 -0.9832571 48 34 25 255
-0.1180226 1.2925537 -0.1679487 -0.4544246 0.4205809 -0.7852452 56 58 72 255
-0.1772581 1.2319838 -0.1329130 -0.8419138 -0.0917398 -0.5317565 46 48 59 255
-0.1690971 1.2991314 -0.1025905 -0.8195972 0.3974255 -0.4126906 25 19 20 255
0.0530736 1.5322334 -0.0203985 -0.8872641 -0.0912528 0.4521453 182 93 80 255
-0.0060256 1.6278241 -0.0306313 -0.4621538 -0.3626920 0.8092393 182 91 80 255
0.0047545 1.5314355 -0.0565496 -0.0442071 -0.1873236 0.9813030 189 97 85 255
0.0052209 1.4723453 0.1689000 0.2381810 -0.3625116 0.9010300 182 96 86 255
-0.0794349 1.5337676 0.1884721 0.1335292 -0.3950893 0.9088864 164 78 67 255
-0.0043077 1.4516817 0.1358269 -0.8317674 -0.1108765 0.5439388 180 94 86 255
0.1858625 0.1902943 0.0536712 0.9553025 -0.1807219 0.2339588 72 83 97 255
0.1456840 0.1820904 -0.0106091 0.6787304 -0.0086097 -0.7343370 60 71 87 255
0.1766462 0.2417116 0.0408874 0.9794893 0.2008923 -0.0155848 55 64 80 255
-0.1596953 1.3799473 -0.2072145 -0.7616500 0.2997736 -0.5744783 42 41 42 255
-0.2286607 1.1678939 -0.2073474 -0.9453134 0.2177406 -0.2428405 136 159 154 255
-0.1693338 1.3552508 -0.1224283 -0.7854927 0.0351691 0.6178707 72 83 83 255
-0.0002890 0.8478264 0.2114084 0.5061945 -0.1435994 -0.8503802 43 29 21 255
0.0117412 0.9258118 0.2031021 0.2291387 -0.3627789 -0.9032646 40 28 21 255
0.0362022 0.8462940 0.2657459 0.9391378 -0.1246696 0.3201216 41 29 21 255
0.1267438 0.0000000 0.2447174 0.1183397 -0.9928260 0.0170976 40 29 21 255
0.1318707 0.0166518 0.2676735 0.9005063 0.3606618 0.2429227 41 28 20 255
0.0744731 0.0041710 0.2772681 -0.0290532 -0.9204263 0.3898350 41 28 21 255
-0.0085962 1.4725764 0.0773520 -0.1677251 -0.2177968 0.9614743 75 85 100 255
0.0095668 1.5346963 0.0610968 0.9186696 0.2346126 0.3178096 128 129 130 255
0.0176272 1.6026052 0.1020543 0.7091099 -0.4999110 0.4972448 34 39 42 255
-0.1551430 1.6087384 0.1988778 -0.1022044 -0.4557970 0.8841965 158 69 59 255
-0.2020086 1.5297356 0.1458818 -0.3156692 -0.2372856 0.9187211 174 82 73 255
-0.0405025 1.5675728 0.1574397 0.2677284 -0.6984860 0.6636556 156 72 61 255
-0.0625060 1.4176240 0.1358079 -0.6264687 0.7607065 0.1698901 86 97 118 255
0.0019040 1.4060270 0.1489905 -0.3648650 0.2448696 0.8982831 76 93 117 255
-0.0043077 1.4516817 0.1358269 -0.9353652 -0.1300531 0.3289047 116 118 124 255
-0.0524254 1.5928832 -0.0146941 -0.1441895 -0.0935753 -0.9851158 184 95 83 255
-0.0965772 1.6190507 -0.0339896 0.1547428 -0.5325716 -0.8321191 184 95 83 255
-0.0060256 1.6278241 -0.0306313 0.3769348 -0.4920515 -0.7847328 183 94 82 255
0.0944183 0.0956738 0.0173619 0.0480354 -0.0530270 -0.9974371 126 101 95 255
0.1347613 0.0789878 0.0748825 0.9815626 0.1774066 0.0711476 32 18 8 255
0.1372831 0.0073264 0.0245768 0.5799730 -0.7868152 -0.2110757 39 28 21 255
-0.0825751 1.3525515 -0.1357242 0.5851054 -0.2485569 0.7719270 32 26 23 255
-0.1207476 1.1057785 -0.2219620 0.7961199 -0.1909696 -0.5742158 45 32 23 255
-0.0169103 1.3873920 -0.2109331 0.0115357 -0.1611940 -0.9868553 68 78 94 255
0.1347613 0.0789878 0.0748825 0.9815626 0.1774066 0.0711476 32 18 8 255
0.0944183 0.0956738 0.0173619 0.0480354 -0.0530270 -0.9974371 126 101 95 255
0.1282330 0.3145940 0.0593993 0.9452859 0.0072058 -0.3261638 189 95 88 255
-0.1693338 1.3552508 -0.1224283 -0.5965451 0.1161473 0.7941308 82 30 36 255
-0.0825751 1.3525515 -0.1357242 0.5851054 -0.2485569 0.7719270 32 26 23 255
-0.1242607 1.3681000 -0.0896364 -0.8926343 -0.0044298 -0.4507597 120 131 136 255
-0.2423897 1.5263363 0.1058600 -0.9932454 0.1015331 0.0561645 185 97 87 255
-0.1740968 1.5077897 0.0183801 -0.3592153 -0.6150228 -0.7019340 183 94 84 255
-0.1957872 1.4638146 0.1031115 0.0186318 -0.9454159 0.3253332 33 37 43 255
0.2088478 1.2147214 -0.0244043 0.8709268 0.4133368 -0.2657800 148 80 75 255
0.2992365 1.0195844 -0.0966738 0.8747249 0.3356026 -0.3496100 69 68 70 255
0.1042285 1.1990945 -0.2230066 0.5932409 0.4526604 -0.6657056 115 145 145 255
0.0362022 0.8462940 0.2657459 0.9391378 -0.1246696 0.3201216 41 29 21 255
0.0644317 0.9212604 0.2579323 0.8028892 -0.5728492 0.1649629 42 31 25 255
-0.0075014 0.9388754 0.2899870 -0.2632806 -0.2562778 0.9300565 46 32 24 255
-0.2532644 1.6071500 0.0827787 -0.9509992 0.0966321 -0.2937052 138 165 159 255
-0.2284541 1.5519721 0.0720740 -0.8101236 -0.2948372 -0.5067256 136 164 159 255
-0.2322409 1.5783466 0.0907407 -0.1075676 -0.9193590 0.3784289 137 164 159 255
-0.2252146 1.8686339 0.0643519 -0.5464513 0.7186078 -0.4301090 49 34 25 255
-0.0641043 1.9101157 -0.0120520 -0.2993585 0.7943548 -0.5285687 48 34 26 255
-0.1616893 1.7444042 -0.0421776 -0.5681152 0.3253650 -0.7558987 128 152 148 255
0.1347613 0.0789878 0.0748825 0.9815626 0.1774066 0.0711476 32 18 8 255
0.1282330 0.3145940 0.0593993 0.9452859 0.0072058 -0.3261638 189 95 88 255
0.1087103 0.3079272 0.1125260 0.7955815 -0.0073190 0.6058024 179 93 92 255
-0.1551430 1.6087384 0.1988778 -0.1022044 -0.4557970 0.8841965 158 69 59 255
-0.1782862 1.6414609 0.1635126 -0.7298553 0.0104051 0.6835223 172 81 76 255
-0.2143674 1.6004705 0.1718917 -0.4331076 0.0507338 0.8999133 162 73 69 255
0.0644317 0.9212604 0.2579323 0.7992304 -0.5745869 0.1762975 132 157 152 255
0.0820463 0.9588836 0.2341720 0.8553088 -0.2815706 -0.4349311 49 34 26 255
0.0569470 0.9492536 0.3003326 0.5675918 -0.2397843 0.7876186 132 157 151 255
0.0282063 1.4758630 0.0840245 -0.4752710 0.8145264 0.3326625 117 119 125 255
-0.0085962 1.4725764 0.0773520 -0.1677251 -0.2177968 0.9614743 75 85 100 255
-0.0212770 1.4249347 0.0929759 -0.8029976 0.5470141 0.2365811 95 107 125 255
-0.1773624 1.6633730 0.2131974 -0.5213489 -0.1708236 0.8360710 178 86 81 255
-0.1866785 1.7149609 0.1824591 -0.7351394 -0.2450288 0.6320847 118 61 53 255
-0.1782862 1.6414609 0.1635126 -0.7298553 0.0104051 0.6835223 172 81 76 255
-0.1513159 1.2140819 -0.0191522 -0.4800525 -0.4460344 0.7553827 21 31 39 255
-0.1624907 1.2607751 -0.0185172 -0.8126279 0.1554787 0.5616604 21 29 37 255
-0.1787436 1.2185787 -0.0159932 -0.8259208 -0.3144853 0.4679251 24 33 42 255
-0.1695926 1.7329925 0.2282996 -0.5722222 -0.2061564 0.7937641 183 92 83 255
-0.2136790 1.7368078 0.1710570 -0.8422830 0.1293479 0.5232863 160 77 66 255
-0.1866785 1.7149609 0.1824591 -0.7351394 -0.2450288 0.6320847 118 61 53 255
-0.0186446 0.8544169 0.2748571 -0.6892223 0.1297872 0.7128308 42 30 22 255
0.0221102 0.7448066 0.3056667 0.3363825 0.2103849 0.9179242 45 31 23 255
0.0362022 0.8462940 0.2657459 0.9391378 -0.1246696 0.3201216 41 29 21 255
-0.2260503 1.6881607 0.1370412 -0.7753468 0.1783426 0.6058310 152 71 60 255
-0.1866785 1.7149609 0.1824591 -0.7351394 -0.2450288 0.6320847 118 61 53 255
-0.2136790 1.7368078 0.1710570 -0.8422830 0.1293479 0.5232863 160 77 66 255
-0.0519850 1.0031958 -0.2411604 0.5741875 -0.2544728 0.7781724 184 95 83 255
-0.0114563 0.9681395 -0.2580162 0.3598822 -0.0944345 0.9282063 182 94 82 255
-0.0435746 1.0051366 -0.2251837 -0.9520589 0.0848625 -0.2939089 183 94 82 255
0.0264425 0.0485489 0.1765729 -0.8974183 0.4410061 0.0124179 134 161 157 255
0.0205431 0.0255804 0.2945742 0.0330404 0.9807311 0.1925484 44 30 21 255
0.0556424 0.0235723 0.2987794 -0.2342840 0.9264658 0.2945708 43 28 20 255
0.0889316 0.2075595 -0.1665810 -0.8324679 -0.5178488 0.1970528 73 70 67 255
-0.0076354 0.1942587 -0.2329361 0.3510225 -0.3526655 0.8674160 96 94 91 255
0.0843999 0.2163791 -0.2172870 0.6928692 -0.3553615 -0.6274157 102 104 100 255
0.0556424 0.0235723 0.2987794 -0.2342840 0.9264658 0.2945708 43 28 20 255
0.0888329 0.0318781 0.2826162 0.2811622 0.8165095 0.5042422 45 31 21 255
0.0887859 0.1000042 0.1127094 0.1346670 0.5944715 0.7927600 141 59 52 255
-0.0665834 0.7309337 0.2484944 -0.5112100 -0.6467432 0.5660279 44 30 21 255
-0.0915418 0.6631046 0.1954325 -0.0315731 -0.6086090 0.7928419 39 27 18 255
-0.0471914 0.6632835 0.1760812 0.7073015 -0.4120787 0.5743829 41 27 19 255
-0.0892956 0.9951135 -0.1924084 0.9540195 -0.1144900 0.2770177 185 96 86 255
-0.0947757 0.9464005 -0.2153277 0.7830966 -0.2876231 0.5513915 184 95 83 255
-0.0519850 1.0031958 -0.2411604 0.5741875 -0.2544728 0.7781724 184 95 83 255
-0.1304320 1.1374822 -0.1281057 -0.7898239 -0.1383646 -0.5975228 81 84 95 255
-0.0746200 1.1666869 -0.1968501 -0.6508954 0.1046045 -0.7519263 109 66 71 255
-0.0927424 1.0813359 -0.2107918 -0.8088413 0.1512807 -0.5682340 185 97 87 255
0.0195296 0.2474307 -0.0516715 0.1751900 0.0292251 0.9841008 98 110 125 255
-0.1192018 0.5223504 -0.0471968 -0.3455643 -0.0890851 0.9341569 52 62 78 255
-0.0614877 0.2309044 -0.0825986 -0.7442302 -0.2287608 0.6275268 137 137 137 255
-0.0435746 1.0051366 -0.2251837 -0.9472198 0.0081419 -0.3204814 71 84 103 255
-0.0533588 1.1161573 -0.1704620 -0.9728396 -0.2262043 0.0491398 57 59 74 255
-0.0519850 1.0031958 -0.2411604 -0.8267249 -0.3056737 0.4723235 69 62 77 255
-0.1224164 0.0310266 -0.2911167 0.3074920 0.3589086 -0.8812680 138 152 149 255
-0.1643766 0.0585113 -0.2717507 -0.0510666 0.8265417 -0.5605543 131 164 156 255
-0.0307226 0.1084508 -0.1559786 -0.6087078 0.5015470 -0.6147565 19 14 15 255
0.0462570 0.1612965 0.1248085 0.1316860 0.0127951 -0.9912089 98 109 127 255
0.0358722 0.2970536 0.1149358 0.7367760 -0.0425599 -0.6747962 94 107 129 255
0.1087103 0.3079272 0.1125260 -0.3884376 -0.0713059 -0.9187121 97 108 127 255
-0.0076354 0.1942587 -0.2329361 0.3510225 -0.3526655 0.8674160 96 94 91 255
-0.0033414 0.3267533 -0.2056981 -0.3249386 -0.2240989 0.9188006 184 92 80 255
-0.0679588 0.3088705 -0.1738468 0.8812027 0.0350153 0.4714399 73 70 72 255
-0.1091915 1.4819299 -0.0622191 0.4812708 0.4868734 0.7289258 136 161 156 255
-0.0860400 1.4702963 -0.1172241 -0.5233068 -0.0953154 -0.8467969 130 156 150 255
-0.1286515 1.4274280 -0.0963749 -0.7526351 0.6574856 -0.0353977 132 159 152 255
0.0017817 1.9169637 0.0969512 0.0162885 0.9851192 0.1710992 156 74 66 255
-0.1741453 1.8636131 0.1655240 -0.2050273 0.9345948 0.2906828 177 91 78 255
0.0291791 1.8727686 0.2021692 0.3185009 0.4405935 0.8393060 187 94 87 255
0.0462570 0.1612965 0.1248085 0.1319384 0.0127276 -0.9911762 98 109 127 255
0.1087103 0.3079272 0.1125260 -0.3870787 -0.0770970 -0.9188178 97 108 127 255
0.1576314 0.1830133 0.0906688 -0.7463809 -0.4061621 -0.5272077 77 87 101 255
-0.0186446 0.8544169 0.2748571 -0.6892223 0.1297872 0.7128308 42 30 22 255
-0.0354364 0.9383478 0.2439447 -0.9828550 -0.0250966 -0.1826643 40 30 23 255
-0.0324705 0.8498060 0.2149166 -0.9453894 0.2789575 -0.1685870 45 32 24 255
-0.1120031 1.0674447 -0.1470741 -0.9955640 -0.0738195 -0.0583356 188 99 90 255
-0.0927424 1.0813359 -0.2107918 -0.8088413 0.1512807 -0.5682340 185 97 87 255
-0.1129396 0.9873229 -0.1974957 -0.9143369 0.0442572 -0.4025286 186 99 87 255
-0.0546341 0.3080575 -0.1088310 0.5887474 0.0810423 -0.8042441 87 86 91 255
0.0139132 0.3233509 -0.0899916 -0.6271152 -0.2077248 -0.7507176 54 64 80 255
0.0450766 0.1914208 -0.0797274 0.0239671 -0.2995386 -0.9537832 98 108 119 255
-0.0002890 0.8478264 0.2114084 0.5061945 -0.1435994 -0.8503802 43 29 21 255
-0.0354364 0.9383478 0.2439447 -0.9808805 0.0041112 -0.1945676 45 31 22 255
0.0117412 0.9258118 0.2031021 0.2291387 -0.3627789 -0.9032646 40 28 21 255
-0.0075014 0.9388754 0.2899870 -0.2632806 -0.2562778 0.9300565 46 32 24 255
-0.0354364 0.9383478 0.2439447 -0.9828550 -0.0250966 -0.1826643 40 30 23 255
-0.0186446 0.8544169 0.2748571 -0.6892223 0.1297872 0.7128308 42 30 22 255
-0.1429857 1.1351895 -0.0799529 -0.8668928 -0.4965414 0.0440861 50 51 57 255
-0.1899234 1.2429373 -0.0648214 -0.9872714 -0.1511108 -0.0496056 60 66 78 255
-0.1772581 1.2319838 -0.1329130 -0.8249168 -0.1643814 -0.5408245 57 63 75 255
0.0598392 1.4571289 0.1434204 0.5351735 -0.5375407 0.6516435 183 96 92 255
0.0052209 1.4723453 0.1689000 0.2381810 -0.3625116 0.9010300 182 96 86 255
-0.0043077 1.4516817 0.1358269 -0.8317674 -0.1108765 0.5439388 180 94 86 255
-0.1741453 1.8636131 0.1655240 -0.2049913 0.9345933 0.2907128 41 32 26 255
-0.2268242 1.8452377 0.1517901 -0.8633142 0.1344044 0.4864403 47 40 33 255
-0.1763158 1.8273063 0.1668055 -0.8831621 0.1144681 0.4548865 138 155 147 255
0.0869520 0.9665249 0.1597053 -0.0584821 0.0110635 0.9982271 182 92 81 255
0.0534608 1.0615491 0.1357805 -0.4264997 -0.0206056 0.9042531 184 96 86 255
-0.0066555 0.9320213 0.1224431 -0.4641902 0.0886088 0.8812922 182 94 83 255
-0.0827034 0.5372534 -0.2071281 0.2268614 -0.1212159 -0.9663543 34 32 33 255
0.0297768 0.4348378 -0.1977871 0.8531981 0.4266168 -0.3000852 201 191 182 255
0.0328770 0.2604073 -0.2436087 0.2411911 0.1759942 -0.9543861 155 59 55 255
-0.2532644 1.6071500 0.0827787 -0.9509992 0.0966321 -0.2937052 138 165 159 255
-0.2272478 1.6335897 0.0303191 -0.7370039 -0.0911090 -0.6697197 139 164 159 255
-0.2284541 1.5519721 0.0720740 -0.8101236 -0.2948372 -0.5067256 136 164 159 255
-0.0929348 0.2301455 -0.1683382 -0.9509821 -0.2558517 -0.1737033 58 55 57 255
-0.1365827 0.4001926 -0.1643718 -0.9665651 -0.2526496 -0.0438181 39 43 47 255
-0.0489292 0.2474609 -0.2310918 -0.4528955 -0.0227052 -0.8912745 172 84 77 255
0.1087103 0.3079272 0.1125260 0.7955815 -0.0073190 0.6058024 179 93 92 255
0.0887859 0.1000042 0.1127094 0.1346670 0.5944715 0.7927600 141 59 52 255
0.1347613 0.0789878 0.0748825 0.9815626 0.1774066 0.0711476 32 18 8 255
-0.1777962 0.0415144 -0.2657169 -0.7454436 -0.5175358 -0.4200837 127 152 148 255
-0.1953661 0.0733187 -0.2160397 -0.2876166 0.9570147 0.0374126 126 120 114 255
-0.1643766 0.0585113 -0.2717507 -0.0510666 0.8265417 -0.5605543 131 164 156 255
-0.1741453 1.8636131 0.1655240 -0.2050273 0.9345948 0.2906828 177 91 78 255
-0.1763158 1.8273063 0.1668055 -0.8831721 0.1144055 0.4548830 169 86 73 255
-0.1848443 1.8425890 0.1997062 -0.8162711 0.2602348 0.5157319 168 86 73 255
-0.2136790 1.7368078 0.1710570 -0.8422830 0.1293479 0.5232863 160 77 66 255
-0.1695926 1.7329925 0.2282996 -0.5722222 -0.2061564 0.7937641 183 92 83 255
-0.1659315 1.7883615 0.2164815 -0.7798758 0.1033216 0.6173480 170 83 73 255
-0.1365827 0.4001926 -0.1643718 -0.9665651 -0.2526496 -0.0438181 39 43 47 255
-0.1560575 0.5940026 -0.1927230 -0.8281428 0.0949329 -0.5524195 35 42 52 255
-0.0489292 0.2474609 -0.2310918 -0.4528955 -0.0227052 -0.8912745 172 84 77 255
0.0358722 0.2970509 0.1149299 -0.6303429 -0.1280959 0.7656758 183 96 90 255
0.0887859 0.1000042 0.1127094 0.0816892 0.5644890 0.8213884 141 59 52 255
0.1087105 0.3079269 0.1125256 0.0333359 -0.0023103 0.9994415 179 93 92 255
-0.1763158 1.8273063 0.1668055 -0.8831721 0.1144055 0.4548830 169 86 73 255
-0.1659315 1.7883615 0.2164815 -0.7798758 0.1033216 0.6173480 170 83 73 255
-0.1848443 1.8425890 0.1997062 -0.8162711 0.2602348 0.5157319 168 86 73 255
0.0361495 1.6141708 0.0384196 -0.9394665 -0.3386181 0.0523466 168 81 71 255
0.0578907 1.5207609 0.0597898 -0.8368803 -0.0472921 -0.5453392 166 81 71 255
0.0176272 1.6026052 0.1020543 -0.8177682 -0.1113963 -0.5646648 161 75 65 255
-0.1659315 1.7883615 0.2164815 -0.7798758 0.1033216 0.6173480 170 83 73 255
-0.1444843 1.7630904 0.2502498 -0.1986302 -0.1301977 0.9713880 185 94 85 255
-0.1278502 1.8258767 0.2442252 0.0518340 0.3476425 0.9361933 174 86 75 255
-0.1551430 1.6087384 0.1988778 -0.1022044 -0.4557970 0.8841965 158 69 59 255
-0.0485125 1.5961472 0.1805617 -0.4415756 -0.3629588 0.8205314 156 71 60 255
-0.0907362 1.6503013 0.2128827 0.0105053 -0.3577999 0.9337392 173 85 75 255
-0.0794349 1.5337676 0.1884721 -0.8602310 0.3413241 -0.3788144 175 89 80 255
-0.0485125 1.5961472 0.1805617 -0.4415596 -0.3628986 0.8205667 188 92 82 255
-0.0405025 1.5675728 0.1574397 -0.6931787 0.1235420 -0.7100992 179 87 77 255
-0.0002890 0.8478264 0.2114084 0.5061945 -0.1435994 -0.8503802 43 29 21 255
-0.0444739 0.8027816 0.1583016 0.2765878 0.2200110 -0.9354648 46 32 24 255
-0.0324705 0.8498060 0.2149166 -0.9557025 0.2524636 -0.1513102 39 26 18 255
-0.0947757 0.9464005 -0.2153277 -0.8031326 -0.2502919 -0.5406774 184 95 83 255
-0.0523181 1.0003727 -0.2722493 -0.4405358 0.1024153 -0.8918740 178 89 79 255
-0.0652990 0.9482730 -0.2521459 -0.3038693 -0.5011917 -0.8102285 184 95 84 255
-0.0263290 0.7259152 0.2560829 0.9988285 -0.0335670 -0.0348548 42 28 19 255
-0.0466228 0.7480004 0.2929063 -0.5135307 -0.1021448 0.8519698 45 31 21 255
-0.0436685 0.6463395 0.2596762 0.7434024 -0.1323813 0.6556129 45 31 23 255
0.0893543 1.1737760 0.3125239 0.4125327 0.1149157 0.9036654 106 71 73 255
0.1384115 1.4164572 0.2038808 0.6190975 0.5476186 0.5628784 90 110 108 255
0.0190585 1.1729442 0.2790979 -0.6362757 0.2924818 0.7138679 66 75 78 255
0.0474555 0.2377319 -0.0390519 -0.3840604 0.0847409 -0.9194109 57 67 84 255
0.0533292 0.5289751 0.0277021 0.3558110 -0.1506797 -0.9223309 103 113 129 255
0.1174808 0.2451931 -0.0332542 0.4569548 0.1920447 -0.8685108 58 68 87 255
-0.0950096 1.2326701 0.1361292 -0.8335599 -0.2107618 0.5106442 184 94 87 255
-0.0124915 1.1173176 0.1259359 -0.4886292 -0.5379791 0.6868915 186 97 87 255
-0.0513248 1.2252114 0.1686229 -0.4239667 -0.1330810 0.8958468 138 73 75 255
-0.1740968 1.5077897 0.0183801 -0.3592153 -0.6150228 -0.7019340 183 94 84 255
-0.2423897 1.5263363 0.1058600 -0.9932454 0.1015331 0.0561645 185 97 87 255
-0.2284541 1.5519721 0.0720740 -0.8101272 -0.2948161 -0.5067319 168 84 77 255
-0.1791762 1.2945801 -0.0467584 -0.9365512 0.3221137 0.1382563 22 30 37 255
-0.1624907 1.2607751 -0.0185172 -0.8126279 0.1554787 0.5616604 21 29 37 255
-0.1178471 1.3960196 0.0078879 -0.6819124 0.1839753 0.7079185 76 104 103 255
-0.0652990 0.9482730 -0.2521459 -0.3543615 -0.1696813 -0.9195849 60 57 56 255
0.1209390 0.9523262 -0.3032515 -0.3394247 -0.6153295 0.7114495 48 45 45 255
0.0834479 0.9526007 -0.2867524 0.2396786 -0.7840872 0.5725044 50 46 46 255
0.0474555 0.2377319 -0.0390519 -0.3840604 0.0847409 -0.9194109 57 67 84 255
-0.0011735 0.5330563 0.0233149 -0.5262935 -0.0146101 -0.8501774 103 113 128 255
0.0533292 0.5289751 0.0277021 0.3558110 -0.1506797 -0.9223309 103 113 129 255
-0.0947757 0.9464005 -0.2153277 0.7830966 -0.2876231 0.5513915 184 95 83 255
-0.0114563 0.9681395 -0.2580162 0.3598822 -0.0944345 0.9282063 182 94 82 255
-0.0519850 1.0031958 -0.2411604 0.5741875 -0.2544728 0.7781724 184 95 83 255
-0.0625060 1.4176240 0.1358079 0.0463785 -0.9927217 -0.1111422 135 160 154 255
-0.0163348 1.4218850 0.1227013 -0.0575171 -0.8720058 -0.4861045 130 157 150 255
0.0019040 1.4060270 0.1489905 -0.0575171 -0.8720058 -0.4861045 126 151 145 255
0.0474555 0.2377319 -0.0390519 -0.3859254 0.0808623 -0.9189793 133 157 152 255
0.0758007 0.1794834 -0.0330263 -0.0957218 -0.4567120 -0.8844499 129 158 153 255
-0.0090833 0.1714250 0.0258460 -0.8702713 -0.4597869 -0.1767027 42 45 48 255
0.0278604 0.1033062 -0.2057125 0.4587971 0.2252051 -0.8595278 166 71 63 255
0.0585012 0.0957808 -0.1386095 0.6438704 0.0947436 0.7592462 162 68 60 255
0.0903480 0.0080576 -0.1611303 0.5551021 -0.6394963 -0.5318891 73 85 94 255
0.1714168 0.7932456 -0.0775418 0.3477829 -0.5880563 -0.7302306 57 67 84 255
0.0533292 0.5289751 0.0277021 0.3558110 -0.1506797 -0.9223309 103 113 129 255
0.0979414 0.8027739 -0.0744447 -0.1182705 -0.3543204 -0.9276147 58 69 88 255
-0.2159513 1.8152858 0.0977886 -0.8813657 -0.1809474 0.4364086 45 52 43 255
-0.1763158 1.8273063 0.1668055 -0.8831621 0.1144681 0.4548865 138 155 147 255
-0.2268242 1.8452377 0.1517901 -0.8633142 0.1344044 0.4864403 47 40 33 255
-0.1845044 1.6188848 -0.0385790 -0.2554203 0.3915385 0.8840011 89 99 114 255
-0.1881776 1.5555879 -0.0253038 -0.0359711 -0.1582897 0.9867373 88 98 115 255
-0.1450812 1.6166393 -0.0261935 -0.3049001 0.3019349 0.9032560 72 83 100 255
-0.1192018 0.5223504 -0.0471968 -0.3455643 -0.0890851 0.9341569 52 62 78 255
-0.1365827 0.4001926 -0.1643718 -0.9665651 -0.2526496 -0.0438181 39 43 47 255
-0.0614877 0.2309044 -0.0825986 -0.7442302 -0.2287608 0.6275268 137 137 137 255
-0.0929348 0.2301455 -0.1683382 -0.9509821 -0.2558517 -0.1737033 58 55 57 255
-0.0797145 0.1741318 -0.1300645 -0.7752784 -0.6070126 0.1745830 90 86 86 255
-0.0614877 0.2309044 -0.0825986 -0.7442302 -0.2287608 0.6275268 137 137 137 255
-0.0614877 0.2309044 -0.0825986 -0.7442302 -0.2287608 0.6275268 137 137 137 255
-0.0797145 0.1741318 -0.1300645 -0.7752784 -0.6070126 0.1745830 90 86 86 255
0.0177515 0.1894515 -0.0531972 0.1160370 -0.4756965 0.8719221 99 108 120 255
0.1236351 0.1752895 0.1455204 0.3025675 -0.4269965 0.8521308 71 82 95 255
0.0285163 0.2188572 0.1374288 -0.5587475 -0.2271641 0.7976200 85 82 81 255
0.0462570 0.1612965 0.1248085 -0.4557030 -0.6822950 0.5716717 112 113 116 255
0.0239699 1.1360425 0.2192958 -0.7277564 0.1278722 -0.6738095 68 79 79 255
0.0190585 1.1729442 0.2790979 -0.6362757 0.2924818 0.7138679 66 75 78 255
0.0240576 1.3737566 0.2254231 -0.8182673 0.2671853 0.5089703 130 158 152 255
0.0545208 0.4202509 0.1765290 0.4107458 -0.0686390 0.9091626 91 101 115 255
0.0998075 0.5261188 0.1040674 0.9784157 -0.1678570 0.1205263 107 115 130 255
0.2136557 0.9316080 0.0806573 0.6314660 -0.0456587 0.7740582 162 81 73 255
-0.0625060 1.4176240 0.1358079 0.1832397 -0.9681497 0.1706146 188 179 169 255
-0.0573859 1.3975115 0.1135462 -0.7865117 0.3255140 0.5248239 166 156 146 255
-0.0163348 1.4218850 0.1227013 -0.4441074 0.2171042 0.8692723 126 118 108 255
-0.1560575 0.5940026 -0.1927230 -0.8281428 0.0949329 -0.5524195 35 42 52 255
-0.1365827 0.4001926 -0.1643718 -0.9665651 -0.2526496 -0.0438181 39 43 47 255
-0.1768466 0.5483527 -0.0920041 -0.8741063 0.0973943 0.4758704 43 51 68 255
-0.1232905 1.7128384 0.2300070 -0.3103333 -0.2453084 0.9184319 184 93 85 255
-0.1695926 1.7329925 0.2282996 -0.5722222 -0.2061564 0.7937641 183 92 83 255
-0.1866785 1.7149609 0.1824591 -0.7351394 -0.2450288 0.6320847 118 61 53 255
-0.1791762 1.2945801 -0.0467584 -0.9365512 0.3221137 0.1382563 22 30 37 255
-0.1899234 1.2429373 -0.0648214 -0.9909090 -0.1166760 -0.0669766 22 30 37 255
-0.1787436 1.2185787 -0.0159932 -0.8259208 -0.3144853 0.4679251 24 33 42 255
-0.0519850 1.0031958 -0.2411604 0.8510519 -0.0632989 0.5212523 56 51 61 255
-0.0533588 1.1161573 -0.1704620 -0.9728396 -0.2262043 0.0491398 57 59 74 255
-0.0768547 1.1611233 -0.1598012 -0.6517888 -0.4799724 0.5871950 71 82 98 255
-0.1782862 1.6414609 0.1635126 -0.7298553 0.0104051 0.6835223 172 81 76 255
-0.1551430 1.6087384 0.1988778 -0.1022044 -0.4557970 0.8841965 158 69 59 255
-0.1773624 1.6633730 0.2131974 -0.5213489 -0.1708236 0.8360710 178 86 81 255
0.0474555 0.2377319 -0.0390519 -0.3859254 0.0808623 -0.9189793 133 157 152 255
-0.0090833 0.1714250 0.0258460 -0.8702713 -0.4597869 -0.1767027 42 45 48 255
-0.0152442 0.2240098 0.0383946 -0.9731517 -0.1280110 -0.1912823 65 82 84 255
-0.0654531 1.2825837 0.1220913 -0.8141094 0.0911040 0.5735205 142 68 59 255
-0.0560524 1.3553739 0.0891493 -0.8300616 0.3100048 0.4635674 98 39 37 255
-0.1624907 1.2607751 -0.0185172 -0.8081276 0.1493232 0.5697652 86 95 112 255
0.0816877 1.4097841 0.2340355 -0.0490627 0.5864944 0.8084658 84 106 106 255
0.1031313 1.4776872 0.0472830 0.7953050 -0.4513945 -0.4046395 130 157 151 255
0.0598392 1.4571289 0.1434204 -0.0014173 0.8189059 0.5739260 119 141 137 255
0.0758007 0.1794834 -0.0330263 -0.0956772 -0.4566906 -0.8844658 62 71 86 255
0.1174808 0.2451931 -0.0332542 0.4569548 0.1920447 -0.8685108 58 68 87 255
0.1456840 0.1820904 -0.0106091 0.6787304 -0.0086097 -0.7343370 60 71 87 255
0.1766462 0.2417116 0.0408874 0.9794893 0.2008923 -0.0155848 55 64 80 255
0.1174808 0.2451931 -0.0332542 0.4569548 0.1920447 -0.8685108 58 68 87 255
0.1282859 0.4297403 0.0388345 0.7713333 0.3130997 -0.5540882 99 110 128 255
-0.1180226 1.2925537 -0.1679487 -0.4729331 0.1341387 -0.8708277 55 61 73 255
0.0244470 1.3529066 -0.2021710 -0.6123951 -0.1117457 -0.7826143 75 82 98 255
0.0028272 1.1718744 -0.2383638 -0.2178149 0.2586084 -0.9411049 181 94 86 255
-0.0043077 1.4516817 0.1358269 -0.7819956 -0.1524823 0.6043442 150 71 59 255
-0.0523906 1.4938155 0.1526332 -0.6509688 -0.0444159 -0.7578040 169 85 78 255
0.0578907 1.5207609 0.0597898 -0.8368803 -0.0472921 -0.5453392 166 81 71 255
-0.1082368 1.1232918 -0.0280847 -0.8656579 -0.3215153 0.3837503 59 60 72 255
-0.1120031 1.0674447 -0.1470741 -0.9955640 -0.0738195 -0.0583356 188 99 90 255
-0.1288464 0.9294957 -0.1190744 -0.9982092 0.0028915 0.0597476 184 95 86 255
0.0999205 1.1206573 0.0822870 -0.6179677 -0.1808062 0.7651308 35 44 56 255
0.0350640 1.0930463 0.0667455 -0.4357876 -0.2309178 0.8699230 46 56 71 255
0.0365887 0.9706026 0.0529017 -0.8264331 0.0067170 0.5629948 105 114 128 255
-0.0929348 0.2301455 -0.1683382 -0.9509821 -0.2558517 -0.1737033 58 55 57 255
-0.0489292 0.2474609 -0.2310918 -0.4528955 -0.0227052 -0.8912745 172 84 77 255
-0.0218968 0.1968772 -0.2578816 -0.3566773 -0.4685815 -0.8082156 169 82 76 255
-0.1232905 1.7128384 0.2300070 -0.3103333 -0.2453084 0.9184319 184 93 85 255
-0.0907362 1.6503013 0.2128827 0.0105053 -0.3577999 0.9337392 173 85 75 255
-0.0537922 1.6787537 0.2247111 0.1231198 -0.0299619 0.9919394 179 88 77 255
-0.1304320 1.1374822 -0.1281057 -0.7898239 -0.1383646 -0.5975228 81 84 95 255
-0.1120031 1.0674447 -0.1470741 -0.9955640 -0.0738195 -0.0583356 188 99 90 255
-0.1429857 1.1351895 -0.0799529 -0.8668928 -0.4965414 0.0440861 50 51 57 255
0.0703077 1.5382034 0.1514033 0.5016261 -0.3053377 0.8094074 185 97 88 255
0.0651186 1.6507221 0.2140287 0.4457035 -0.0189922 0.8949791 166 85 72 255
-0.0251021 1.6260918 0.2309929 0.0873634 -0.4052475 0.9100232 165 78 66 255
-0.1551430 1.6087384 0.1988778 -0.1022044 -0.4557970 0.8841965 158 69 59 255
-0.0907362 1.6503013 0.2128827 0.0105053 -0.3577999 0.9337392 173 85 75 255
-0.1773624 1.6633730 0.2131974 -0.5213489 -0.1708236 0.8360710 178 86 81 255
-0.1082368 1.1232918 -0.0280847 -0.8656579 -0.3215153 0.3837503 59 60 72 255
-0.1288464 0.9294957 -0.1190744 -0.9982092 0.0028915 0.0597476 184 95 86 255
-0.1035366 0.9376581 -0.1114880 0.9484779 -0.1794474 0.2611293 185 95 85 255
0.0135150 0.1659505 0.0590332 0.9888520 -0.1447328 0.0349879 114 119 132 255
0.0758007 0.1794834 -0.0330263 0.4770187 -0.1698796 0.8623191 94 107 126 255
0.0192561 0.3001371 0.0437557 0.8700277 -0.1079849 0.4810313 98 108 128 255
0.0953963 0.9192232 0.1480660 0.0814234 -0.1966277 0.9770915 181 91 80 255
0.1897364 0.9257325 0.1152747 0.5508284 -0.2101164 0.8077371 161 80 71 255
0.1875610 0.9871934 0.1309265 0.4635820 0.0463491 0.8848410 176 87 77 255
-0.0289738 0.5346107 -0.1358154 0.8893478 -0.3242895 -0.3223304 40 34 31 255
-0.0349646 0.5349317 -0.0775661 0.7506034 0.0097438 0.6606811 63 71 69 255
0.0297768 0.4348378 -0.1977871 0.8531981 0.4266168 -0.3000852 201 191 182 255
0.0474555 0.2377319 -0.0390519 -0.3859254 0.0808623 -0.9189793 133 157 152 255
-0.0152442 0.2240098 0.0383946 -0.9731517 -0.1280110 -0.1912823 65 82 84 255
-0.0011735 0.5330563 0.0233149 -0.5597600 -0.0332706 -0.8279866 120 128 140 255
-0.0604720 0.5098828 0.0848095 -0.9253809 -0.0065813 -0.3789815 123 131 144 255
-0.0011735 0.5330563 0.0233149 -0.5597600 -0.0332706 -0.8279866 120 128 140 255
-0.0152442 0.2240098 0.0383946 -0.9731517 -0.1280110 -0.1912823 65 82 84 255
-0.1120031 1.0674447 -0.1470741 -0.9955640 -0.0738195 -0.0583356 188 99 90 255
-0.1082368 1.1232918 -0.0280847 -0.8656579 -0.3215153 0.3837503 59 60 72 255
-0.1429857 1.1351895 -0.0799529 -0.8668928 -0.4965414 0.0440861 50 51 57 255
-0.2532644 1.6071500 0.0827787 -0.9509992 0.0966321 -0.2937052 138 165 159 255
-0.2582695 1.6577905 0.1478377 -0.9123647 0.4045070 0.0629678 137 162 158 255
-0.2169249 1.6532503 0.0715705 -0.9400208 0.2288836 -0.2529289 137 162 157 255
-0.1513159 1.2140819 -0.0191522 -0.4916545 -0.4136347 0.7662782 90 99 114 255
-0.0645242 1.2026617 0.1058603 -0.7728040 -0.3445987 0.5329407 27 34 45 255
-0.1624907 1.2607751 -0.0185172 -0.8081276 0.1493232 0.5697652 86 95 112 255
0.0999205 1.1206573 0.0822870 -0.6179677 -0.1808062 0.7651308 35 44 56 255
0.0072300 1.1538807 0.0806164 -0.5009273 -0.6319489 0.5913649 21 28 35 255
0.0350640 1.0930463 0.0667455 -0.4357876 -0.2309178 0.8699230 46 56 71 255
0.0780313 1.1606331 0.1008876 -0.4010237 -0.7386190 0.5418690 33 40 52 255
0.0072300 1.1538807 0.0806164 -0.5009273 -0.6319489 0.5913649 21 28 35 255
0.0999205 1.1206573 0.0822870 -0.6179677 -0.1808062 0.7651308 35 44 56 255
0.0703077 1.5382034 0.1514033 0.5016261 -0.3053377 0.8094074 185 97 88 255
-0.0251021 1.6260918 0.2309929 0.0873634 -0.4052475 0.9100232 165 78 66 255
-0.0794349 1.5337676 0.1884721 0.1335292 -0.3950893 0.9088864 164 78 67 255
0.0344148 1.1924890 0.1505070 -0.0844677 -0.8579255 0.5067829 24 31 41 255
0.0072300 1.1538807 0.0806164 -0.5009273 -0.6319489 0.5913649 21 28 35 255
0.0780313 1.1606331 0.1008876 -0.4010237 -0.7386190 0.5418690 33 40 52 255
-0.1787436 1.2185787 -0.0159932 -0.8259208 -0.3144853 0.4679251 24 33 42 255
-0.1624907 1.2607751 -0.0185172 -0.8126279 0.1554787 0.5616604 21 29 37 255
-0.1791762 1.2945801 -0.0467584 -0.9365512 0.3221137 0.1382563 22 30 37 255
0.0177515 0.1894515 -0.0531972 0.1160370 -0.4756965 0.8719221 99 108 120 255
-0.0797145 0.1741318 -0.1300645 -0.7752784 -0.6070126 0.1745830 90 86 86 255
-0.0588441 0.1743114 -0.1357764 0.9378815 -0.1937192 -0.2878389 76 70 70 255
-0.1082368 1.1232918 -0.0280847 0.9749127 0.2186756 -0.0415471 59 60 72 255
-0.1352103 1.1832420 -0.0592380 0.9696724 0.1201593 0.2128315 60 61 73 255
-0.1513159 1.2140819 -0.0191522 -0.4464124 -0.4335149 0.7828031 60 63 74 255
0.0143356 1.3659358 0.1919350 -0.8658445 -0.1527059 -0.4764390 134 159 154 255
0.0239699 1.1360425 0.2192958 -0.7277564 0.1278722 -0.6738095 68 79 79 255
0.0240576 1.3737566 0.2254231 -0.8182673 0.2671853 0.5089703 130 158 152 255
-0.1690971 1.2991314 -0.1025905 -0.8195972 0.3974255 -0.4126906 25 19 20 255
-0.1791762 1.2945801 -0.0467584 -0.9365512 0.3221137 0.1382563 22 30 37 255
-0.1322304 1.4014254 -0.0663050 -0.9458949 0.3238693 0.0197879 106 114 111 255
0.0944183 0.0956738 0.0173619 0.0480354 -0.0530270 -0.9974371 126 101 95 255
0.0702453 0.0073986 0.0221525 -0.8044450 -0.3877695 -0.4500033 32 29 27 255
0.0553496 0.1152460 0.0810914 -0.9986290 -0.0291610 -0.0434707 190 102 96 255
0.1969659 0.8678487 -0.1737019 0.8471342 -0.5299855 -0.0384572 175 88 77 255
0.1714168 0.7932456 -0.0775418 0.3477829 -0.5880563 -0.7302306 57 67 84 255
0.0979414 0.8027739 -0.0744447 -0.1182705 -0.3543204 -0.9276147 58 69 88 255
-0.2159513 1.8152858 0.0977886 -0.8813657 -0.1809474 0.4364086 45 52 43 255
-0.2326739 1.7466644 0.1241147 -0.9630942 0.1585173 0.2175353 121 148 144 255
-0.1763158 1.8273063 0.1668055 -0.8831621 0.1144681 0.4548865 138 155 147 255
-0.0251021 1.6260918 0.2309929 0.0873634 -0.4052475 0.9100232 165 78 66 255
0.0651186 1.6507221 0.2140287 0.4457035 -0.0189922 0.8949791 166 85 72 255
-0.0537922 1.6787537 0.2247111 0.1231198 -0.0299619 0.9919394 179 88 77 255
-0.0965772 1.6190507 -0.0339896 0.1148173 -0.1251660 0.9854698 52 61 79 255
0.0047545 1.5314355 -0.0565496 -0.0442071 -0.1873236 0.9813030 189 97 85 255
-0.0060256 1.6278241 -0.0306313 -0.4621538 -0.3626920 0.8092393 182 91 80 255
0.0205431 0.0255804 0.2945742 -0.7258821 -0.6661993 0.1710958 35 24 18 255
0.0280716 0.0033955 0.2162946 -0.3090985 -0.9501739 -0.0403463 39 27 20 255
0.0744731 0.0041710 0.2772681 -0.0290532 -0.9204263 0.3898350 41 28 21 255
-0.1643766 0.0585113 -0.2717507 -0.0510666 0.8265417 -0.5605543 131 164 156 255
-0.1224164 0.0310266 -0.2911167 0.3074920 0.3589086 -0.8812680 138 152 149 255
-0.1200751 0.0124518 -0.2746584 -0.1001450 -0.9863560 -0.1306633 137 152 149 255
-0.2294248 1.7716579 0.0482959 -0.9999531 0.0053939 -0.0080543 47 36 27 255
-0.2326739 1.7466644 0.1241147 -0.9630942 0.1585173 0.2175353 121 148 144 255
-0.2159513 1.8152858 0.0977886 -0.8813657 -0.1809474 0.4364086 45 52 43 255
-0.1286515 1.4274280 -0.0963749 -0.8173673 0.5493487 -0.1735702 139 155 152 255
-0.1242607 1.3681000 -0.0896364 -0.8926343 -0.0044298 -0.4507597 120 131 136 255
-0.1322304 1.4014254 -0.0663050 -0.9458949 0.3238693 0.0197879 106 114 111 255
-0.1091915 1.4819299 -0.0622191 0.0546017 -0.0223950 0.9982570 55 66 82 255
-0.1344321 1.4299025 -0.0075457 -0.6939200 0.5609524 0.4514505 80 91 109 255
-0.0931365 1.4361018 -0.0299020 -0.2012085 0.7030299 0.6821027 56 66 83 255
0.1031313 1.4776872 0.0472830 0.8207865 -0.5407662 -0.1840692 167 81 71 255
0.1304114 1.5202024 0.1012217 0.8409736 -0.1769343 0.5113295 129 151 145 255
0.0598392 1.4571289 0.1434204 0.5351735 -0.5375407 0.6516435 183 96 92 255
0.0556424 0.0235723 0.2987794 -0.2342840 0.9264658 0.2945708 43 28 20 255
0.0887859 0.1000042 0.1127094 0.1346670 0.5944715 0.7927600 141 59 52 255
0.0264425 0.0485489 0.1765729 -0.8974183 0.4410061 0.0124179 134 161 157 255
0.1282859 0.4297403 0.0388345 0.7713333 0.3130997 -0.5540882 99 110 128 255
0.0533292 0.5289751 0.0277021 0.3558110 -0.1506797 -0.9223309 103 113 129 255
0.0998075 0.5261188 0.1040674 0.9784157 -0.1678570 0.1205263 107 115 130 255
-0.0560524 1.3553739 0.0891493 -0.8342250 0.3086739 0.4569344 94 107 127 255
-0.0212770 1.4249347 0.0929759 -0.8029976 0.5470141 0.2365811 95 107 125 255
-0.0806754 1.4066737 0.0443091 -0.8019355 0.3545054 0.4808588 90 102 120 255
-0.0435746 1.0051366 -0.2251837 -0.9472198 0.0081419 -0.3204814 71 84 103 255
-0.0128145 0.9471996 -0.2606349 -0.3593360 -0.0733182 -0.9303237 47 58 75 255
0.0133648 0.8267168 -0.2737047 -0.2419239 -0.0962810 -0.9655064 54 64 78 255
0.0476201 0.3334746 -0.1562801 0.9599571 0.0722006 -0.2706836 157 76 66 255
0.0585012 0.0957808 -0.1386095 0.6438704 0.0947436 0.7592462 162 68 60 255
0.0278604 0.1033062 -0.2057125 0.4587971 0.2252051 -0.8595278 166 71 63 255
0.1384115 1.4164572 0.2038808 0.6190975 0.5476186 0.5628784 90 110 108 255
0.1031313 1.4776872 0.0472830 0.7953050 -0.4513945 -0.4046395 130 157 151 255
0.0816877 1.4097841 0.2340355 -0.0490627 0.5864944 0.8084658 84 106 106 255
-0.1061709 1.4380535 -0.0434835 0.6444238 -0.6783628 0.3529049 160 71 68 255
-0.1344321 1.4299025 -0.0075457 0.6444238 -0.6783628 0.3529049 184 88 88 255
-0.1322304 1.4014254 -0.0663050 0.6444238 -0.6783628 0.3529049 170 73 71 255
0.1897364 0.9257325 0.1152747 -0.1831746 -0.8722715 -0.4534198 155 78 67 255
0.1563962 0.9349944 0.1127905 -0.3209006 -0.4789173 -0.8171054 163 79 69 255
0.2136557 0.9316080 0.0806573 -0.1417614 -0.9551080 -0.2601389 139 66 56 255
0.0841203 1.6309696 -0.0820815 0.6586528 0.1977341 -0.7260011 141 163 156 255
0.1375022 1.5662739 -0.0030968 0.9593152 -0.2064127 -0.1926343 128 150 144 255
0.0361900 1.5589306 -0.1382550 0.4985986 -0.1855881 -0.8467327 145 123 118 255
-0.0537679 0.5404685 0.1571610 -0.9237930 0.0415046 0.3806362 115 124 140 255
0.0260465 0.8723686 -0.0402469 -0.8666232 0.0821663 0.4921512 56 67 83 255
-0.0604720 0.5098828 0.0848095 -0.9253809 -0.0065813 -0.3789815 123 131 144 255
0.0464597 1.4935619 -0.0773392 0.7340125 -0.0589034 -0.6765769 165 141 128 255
-0.0860400 1.4702963 -0.1172241 -0.2230379 0.0611747 -0.9728884 162 154 142 255
0.0361900 1.5589306 -0.1382550 0.4985986 -0.1855881 -0.8467327 145 123 118 255
-0.1845044 1.6188848 -0.0385790 -0.5106006 0.0286594 -0.8593403 138 162 157 255
-0.1606760 1.6896779 -0.0767541 -0.5257503 -0.0621470 -0.8483657 138 162 157 255
-0.0165915 1.6153895 -0.1263082 -0.2398507 0.0526337 -0.9693819 133 153 150 255
-0.0860400 1.4702963 -0.1172241 -0.3724431 0.0569300 -0.9263072 138 162 158 255
-0.1091915 1.4819299 -0.0622191 -0.9405340 -0.2743776 -0.2002815 131 155 151 255
-0.1320392 1.5126880 -0.0949537 -0.6485894 -0.0716697 -0.7577567 122 150 149 255
-0.1881776 1.5555879 -0.0253038 -0.8153252 -0.3417678 -0.4673754 128 152 149 255
-0.1845044 1.6188848 -0.0385790 -0.5106006 0.0286594 -0.8593403 138 162 157 255
-0.1320392 1.5126880 -0.0949537 -0.6485894 -0.0716697 -0.7577567 122 150 149 255
-0.0420208 0.9804144 0.2320571 -0.9304525 0.1607078 -0.3292892 48 34 25 255
0.0238543 0.9672613 0.1898227 0.0021207 -0.0856587 -0.9963223 39 27 21 255
0.0117412 0.9258118 0.2031021 0.2348993 -0.3276797 -0.9151220 45 32 24 255
-0.0604720 0.5098828 0.0848095 -0.9253809 -0.0065813 -0.3789815 123 131 144 255
0.0260465 0.8723686 -0.0402469 -0.8666232 0.0821663 0.4921512 56 67 83 255
0.0468049 0.8090574 -0.0465486 -0.5755225 -0.1435374 -0.8050907 22 34 43 255
-0.0002890 0.8478264 0.2114084 0.5061945 -0.1435994 -0.8503802 43 29 21 255
0.0363925 0.8076627 0.2439905 0.7999828 -0.2705390 -0.5355709 44 31 23 255
0.0054145 0.7318979 0.2778364 0.5925910 -0.3553174 -0.7229006 39 27 20 255
-0.2870318 0.6438580 -0.0508166 -0.3643595 0.1132102 0.9243515 181 88 77 255
-0.2273781 0.6372253 -0.0577073 0.3947156 0.2596919 0.8813397 169 74 66 255
-0.2813885 0.7200526 -0.0579230 -0.0126864 0.2841597 0.9586930 179 87 76 255
0.0052209 1.4723453 0.1689000 0.2381810 -0.3625116 0.9010300 182 96 86 255
0.1304114 1.5202024 0.1012217 0.8409736 -0.1769343 0.5113295 129 151 145 255
0.0703077 1.5382034 0.1514033 0.5016261 -0.3053377 0.8094074 185 97 88 255
-0.1092023 1.3812078 -0.0207031 -0.8631812 0.2584393 0.4337365 89 101 119 255
-0.0806754 1.4066737 0.0443091 -0.8019355 0.3545054 0.4808588 90 102 120 255
-0.0931365 1.4361018 -0.0299020 -0.2012085 0.7030299 0.6821027 56 66 83 255
-0.1429857 1.1351895 -0.0799529 -0.8668928 -0.4965414 0.0440861 50 51 57 255
-0.1082368 1.1232918 -0.0280847 -0.8656579 -0.3215153 0.3837503 59 60 72 255
-0.1787436 1.2185787 -0.0159932 -0.8270173 -0.3234030 0.4598400 91 91 103 255
0.0072300 1.1538807 0.0806164 -0.5009273 -0.6319489 0.5913649 21 28 35 255
-0.0464358 1.1806725 0.1130723 -0.4195477 -0.8532601 0.3097207 24 31 41 255
-0.0999057 1.1643562 -0.0772161 -0.7473727 -0.6167901 0.2469902 95 105 120 255
0.0244470 1.3529066 -0.2021710 -0.6123951 -0.1117457 -0.7826143 75 82 98 255
-0.0060434 1.4248837 -0.1977876 -0.0390838 0.2854875 -0.9575852 110 100 107 255
0.1042285 1.1990945 -0.2230066 0.5922492 0.4757618 -0.6503012 166 83 73 255
0.1799040 1.3521854 0.1034917 0.0484389 -0.5337659 0.8442439 54 62 63 255
0.1597159 1.3939518 0.1640711 0.3779410 0.1382128 -0.9154549 36 38 43 255
0.0905695 1.3705417 0.1503244 -0.0222403 -0.8439355 -0.5359834 145 163 156 255
-0.1304659 1.5771368 -0.0217763 0.1220552 -0.2440892 0.9620411 63 73 90 255
0.0047545 1.5314355 -0.0565496 -0.0442071 -0.1873236 0.9813030 189 97 85 255
-0.0965772 1.6190507 -0.0339896 0.1148173 -0.1251660 0.9854698 52 61 79 255
-0.0464358 1.1806725 0.1130723 -0.4195477 -0.8532601 0.3097207 24 31 41 255
-0.0645242 1.2026617 0.1058603 -0.7728040 -0.3445987 0.5329407 27 34 45 255
-0.1352103 1.1832420 -0.0592380 -0.5758166 -0.7796473 0.2461410 95 104 120 255
-0.0654531 1.2825837 0.1220913 0.1615332 -0.1260173 -0.9787885 128 155 152 255
-0.0733078 1.3808864 0.0868056 0.3488787 -0.1850451 -0.9187175 67 34 24 255
-0.0560524 1.3553739 0.0891493 0.0332325 -0.0658920 -0.9972732 85 36 28 255
-0.1092023 1.3812078 -0.0207031 -0.8528931 0.2849178 0.4374873 169 80 73 255
-0.1624907 1.2607751 -0.0185172 -0.8081276 0.1493232 0.5697652 86 95 112 255
-0.0560524 1.3553739 0.0891493 -0.8300616 0.3100048 0.4635674 98 39 37 255
-0.0733078 1.3808864 0.0868056 -0.8698620 0.2365304 0.4328896 186 178 168 255
-0.0950096 1.2326701 0.1361292 -0.8335599 -0.2107618 0.5106442 184 94 87 255
-0.0591104 1.2768934 0.1572160 -0.4778868 0.2346878 0.8464903 43 36 29 255
-0.1429857 1.1351895 -0.0799529 -0.8668928 -0.4965414 0.0440861 50 51 57 255
-0.1772581 1.2319838 -0.1329130 -0.8249168 -0.1643814 -0.5408245 57 63 75 255
-0.1304320 1.1374822 -0.1281057 -0.7898239 -0.1383646 -0.5975228 81 84 95 255
0.0083168 0.9023632 0.1275180 0.0696699 -0.7122931 -0.6984159 34 32 41 255
-0.0066555 0.9320213 0.1224431 -0.6591157 -0.3157982 -0.6825231 186 98 87 255
0.0129526 0.9217753 0.1083726 0.2583773 -0.2768514 -0.9255239 192 100 91 255
-0.0927424 1.0813359 -0.2107918 -0.8088413 0.1512807 -0.5682340 185 97 87 255
-0.0746200 1.1666869 -0.1968501 -0.6508954 0.1046045 -0.7519263 109 66 71 255
-0.0494490 1.0986075 -0.2359997 -0.5089858 0.3000243 -0.8067954 183 95 84 255
-0.0523181 1.0003727 -0.2722493 -0.4405358 0.1024153 -0.8918740 178 89 79 255
-0.0927424 1.0813359 -0.2107918 -0.8088413 0.1512807 -0.5682340 185 97 87 255
-0.0494490 1.0986075 -0.2359997 -0.5089858 0.3000243 -0.8067954 183 95 84 255
-0.0494490 1.0986075 -0.2359997 -0.5089858 0.3000243 -0.8067954 183 95 84 255
0.0028272 1.1718744 -0.2383638 -0.2178149 0.2586084 -0.9411049 181 94 86 255
-0.0523181 1.0003727 -0.2722493 -0.4405358 0.1024153 -0.8918740 178 89 79 255
-0.0652990 0.9482730 -0.2521459 -0.3038693 -0.5011917 -0.8102285 184 95 84 255
-0.0523181 1.0003727 -0.2722493 -0.4405358 0.1024153 -0.8918740 178 89 79 255
0.1209390 0.9523262 -0.3032515 -0.0025166 -0.3379372 -0.9411653 123 64 59 255
-0.0618343 0.7368153 0.2117205 -0.7986253 0.2853278 -0.5298923 186 97 90 255
-0.0783870 0.7603441 0.2493375 -0.9381389 0.3324305 0.0968787 192 102 94 255
-0.0447450 0.7984828 0.1977949 -0.9463224 0.3210576 0.0373597 184 91 84 255
-0.0011201 1.1337595 0.1112424 0.2044824 0.2102445 -0.9560252 33 46 64 255
-0.0464358 1.1806725 0.1130723 0.4733583 0.4796553 -0.7388252 129 156 151 255
0.0344148 1.1924890 0.1505070 0.0068383 0.5515472 -0.8341156 33 47 64 255
0.1029549 0.9786101 0.1348698 0.0975484 -0.1317757 -0.9864681 62 63 79 255
0.0129526 0.9217753 0.1083726 0.2583773 -0.2768514 -0.9255239 192 100 91 255
-0.0418973 1.1094810 0.0718019 0.3596292 0.1108882 -0.9264829 33 47 64 255
0.0177515 0.1894515 -0.0531972 0.1160464 -0.4757203 0.8719079 118 138 136 255
0.0886252 0.2646895 -0.1023011 0.8495043 0.2927786 0.4388887 121 143 137 255
0.0195296 0.2474307 -0.0516715 0.1596740 0.0365808 0.9864919 125 147 144 255
-0.1616893 1.7444042 -0.0421776 -0.5681152 0.3253650 -0.7558987 128 152 148 255
-0.2468244 1.8017908 0.0564424 -0.9122229 0.0338653 -0.4082924 50 37 29 255
-0.2252146 1.8686339 0.0643519 -0.5464513 0.7186078 -0.4301090 49 34 25 255
-0.1985207 0.0419851 -0.1832674 -0.3843119 -0.9231780 -0.0068413 115 142 139 255
-0.1768825 0.0332630 -0.2184426 -0.3794647 -0.9245057 0.0359980 114 130 127 255
-0.0492380 0.0120226 -0.1499253 -0.1116477 -0.9918074 0.0620731 120 122 119 255
-0.0066555 0.9320213 0.1224431 -0.4641902 0.0886088 0.8812922 182 94 83 255
0.0083168 0.9023632 0.1275180 -0.2378367 0.0459518 0.9702176 181 93 82 255
0.0953963 0.9192232 0.1480660 0.0814234 -0.1966277 0.9770915 181 91 80 255
-0.0783870 0.7603441 0.2493375 -0.9381389 0.3324305 0.0968787 192 102 94 255
-0.0466228 0.7480004 0.2929063 -0.5108382 -0.0885954 0.8550995 171 85 77 255
-0.0186446 0.8544169 0.2748571 -0.6166515 0.2984917 0.7284529 189 96 91 255
0.0953963 0.9192232 0.1480660 0.0814234 -0.1966277 0.9770915 181 91 80 255
0.0869520 0.9665249 0.1597053 -0.0584821 0.0110635 0.9982271 182 92 81 255
-0.0066555 0.9320213 0.1224431 -0.4641902 0.0886088 0.8812922 182 94 83 255
0.0291791 1.8727686 0.2021692 0.3185009 0.4405935 0.8393060 187 94 87 255
-0.1278502 1.8258767 0.2442252 0.0518340 0.3476425 0.9361933 174 86 75 255
-0.0537922 1.6787537 0.2247111 0.1231198 -0.0299619 0.9919394 179 88 77 255
-0.0604720 0.5098828 0.0848095 -0.9253809 -0.0065813 -0.3789815 123 131 144 255
0.0468049 0.8090574 -0.0465486 -0.5755225 -0.1435374 -0.8050907 22 34 43 255
-0.0011735 0.5330563 0.0233149 -0.5597600 -0.0332706 -0.8279866 120 128 140 255
0.0274804 1.2988634 0.1663370 -0.0483903 0.2402089 0.9695143 34 25 20 255
0.0134063 1.3800784 0.1527615 0.1167154 -0.0329550 0.9926186 83 84 82 255
-0.0591104 1.2768934 0.1572160 -0.4778868 0.2346878 0.8464903 43 36 29 255
-0.0218968 0.1968772 -0.2578816 -0.3566773 -0.4685815 -0.8082156 169 82 76 255
-0.0489292 0.2474609 -0.2310918 -0.4528955 -0.0227052 -0.8912745 172 84 77 255
0.0328770 0.2604073 -0.2436087 0.2411911 0.1759942 -0.9543861 155 59 55 255
-0.0444739 0.8027816 0.1583016 0.2765878 0.2200110 -0.9354648 46 32 24 255
-0.0002890 0.8478264 0.2114084 0.5061945 -0.1435994 -0.8503802 43 29 21 255
-0.0193896 0.7876806 0.1791917 0.9847213 -0.1738287 -0.0103603 41 26 20 255
-0.0929348 0.2301455 -0.1683382 -0.9509821 -0.2558517 -0.1737033 58 55 57 255
-0.0614877 0.2309044 -0.0825986 -0.7442302 -0.2287608 0.6275268 137 137 137 255
-0.1365827 0.4001926 -0.1643718 -0.9665651 -0.2526496 -0.0438181 39 43 47 255
-0.0124915 1.1173176 0.1259359 -0.4886292 -0.5379791 0.6868915 186 97 87 255
0.0328989 1.1215348 0.1329755 0.2085959 -0.2072101 0.9557990 187 100 90 255
0.0121722 1.2070643 0.1920605 0.0293448 -0.2239352 0.9741622 186 98 87 255
-0.0447450 0.7984828 0.1977949 -0.9463224 0.3210576 0.0373597 184 91 84 255
-0.0324705 0.8498060 0.2149166 -0.9425800 0.2631488 -0.2056594 189 100 92 255
-0.0444739 0.8027816 0.1583016 -0.9700830 0.2419751 0.0196743 185 92 84 255
0.0889316 0.2075595 -0.1665810 -0.8324679 -0.5178488 0.1970528 73 70 67 255
0.0843999 0.2163791 -0.2172870 0.6928692 -0.3553615 -0.6274157 102 104 100 255
0.1070523 0.2137097 -0.1211598 0.9391983 -0.2236171 0.2605803 109 117 113 255
-0.0437300 1.4784265 -0.0562629 -0.7443459 0.4779781 -0.4663542 189 98 86 255
-0.0016441 1.5067838 -0.0459262 0.0821618 0.9530287 -0.2915233 189 98 85 255
0.0047545 1.5314355 -0.0565496 -0.0442071 -0.1873236 0.9813030 189 97 85 255
0.0121722 1.2070643 0.1920605 0.0293448 -0.2239352 0.9741622 186 98 87 255
-0.0513248 1.2252114 0.1686229 -0.4239667 -0.1330810 0.8958468 138 73 75 255
-0.0124915 1.1173176 0.1259359 -0.4886292 -0.5379791 0.6868915 186 97 87 255
0.1070523 0.2137097 -0.1211598 0.9391983 -0.2236171 0.2605803 109 117 113 255
0.0843999 0.2163791 -0.2172870 0.6928692 -0.3553615 -0.6274157 102 104 100 255
0.0913911 0.2664089 -0.1835891 0.8987805 0.2767709 -0.3399877 106 109 104 255
0.0365887 0.9706026 0.0529017 -0.8264331 0.0067170 0.5629948 105 114 128 255
0.0350640 1.0930463 0.0667455 -0.4357876 -0.2309178 0.8699230 46 56 71 255
-0.0220723 1.0861748 0.0080622 -0.7667117 -0.2033375 0.6089393 92 103 117 255
-0.0573859 1.3975115 0.1135462 -0.7865117 0.3255140 0.5248239 166 156 146 255
-0.0733078 1.3808864 0.0868056 -0.8698620 0.2365304 0.4328896 186 178 168 255
-0.0591104 1.2768934 0.1572160 -0.4778868 0.2346878 0.8464903 43 36 29 255
0.0530736 1.5322334 -0.0203985 -0.8872641 -0.0912528 0.4521453 182 93 80 255
-0.0016441 1.5067838 -0.0459262 0.0821618 0.9530287 -0.2915233 189 98 85 255
0.0456343 1.5080514 0.0285021 0.4101038 0.9060140 0.1046600 176 89 77 255
0.0052209 1.4723453 0.1689000 0.2381810 -0.3625116 0.9010300 182 96 86 255
0.0703077 1.5382034 0.1514033 0.5016261 -0.3053377 0.8094074 185 97 88 255
-0.0794349 1.5337676 0.1884721 0.1335292 -0.3950893 0.9088864 164 78 67 255
0.0953963 0.9192232 0.1480660 0.0630690 -0.4038109 -0.9126660 61 63 77 255
0.1029549 0.9786101 0.1348698 0.0975484 -0.1317757 -0.9864681 62 63 79 255
0.1563323 0.9350446 0.1128745 -0.4811217 -0.0849771 -0.8725258 59 59 72 255
-0.2338036 1.7424031 0.0503031 -0.9646389 -0.1839793 -0.1887408 109 134 130 255
-0.2326739 1.7466644 0.1241147 -0.9630942 0.1585173 0.2175353 121 148 144 255
-0.2294248 1.7716579 0.0482959 -0.9999531 0.0053939 -0.0080543 47 36 27 255
0.0905695 1.3705417 0.1503244 -0.0222403 -0.8439355 -0.5359834 145 163 156 255
0.0143356 1.3659358 0.1919350 -0.7872064 -0.2937288 -0.5422447 180 185 182 255
0.0134063 1.3800784 0.1527615 -0.3169563 -0.8931292 0.3191535 170 157 137 255
0.0913911 0.2664089 -0.1835891 0.8987805 0.2767709 -0.3399877 106 109 104 255
0.0328770 0.2604073 -0.2436087 0.2411911 0.1759942 -0.9543861 155 59 55 255
0.0297768 0.4348378 -0.1977871 0.8531981 0.4266168 -0.3000852 201 191 182 255
0.0143356 1.3659358 0.1919350 -0.8658445 -0.1527059 -0.4764390 134 159 154 255
0.0240576 1.3737566 0.2254231 -0.8182673 0.2671853 0.5089703 130 158 152 255
0.0223398 1.4213648 0.1546585 -0.4816830 0.5887871 0.6490849 137 162 156 255
0.0598392 1.4571289 0.1434204 -0.0014173 0.8189059 0.5739260 119 141 137 255
-0.0043077 1.4516817 0.1358269 -0.9393853 -0.1869745 0.2873946 138 163 157 255
0.0223398 1.4213648 0.1546585 -0.4816830 0.5887871 0.6490849 137 162 156 255
-0.0043077 1.4516817 0.1358269 -0.9393853 -0.1869745 0.2873946 138 163 157 255
0.0019040 1.4060270 0.1489905 -0.6100879 0.0539636 0.7904940 138 162 156 255
0.0223398 1.4213648 0.1546585 -0.4816830 0.5887871 0.6490849 137 162 156 255
-0.2143674 1.6004705 0.1718917 -0.4331076 0.0507338 0.8999133 162 73 69 255
-0.1782862 1.6414609 0.1635126 -0.7298553 0.0104051 0.6835223 172 81 76 255
-0.2260503 1.6881607 0.1370412 -0.7753468 0.1783426 0.6058310 152 71 60 255
-0.0218968 0.1968772 -0.2578816 -0.3566773 -0.4685815 -0.8082156 169 82 76 255
0.0843999 0.2163791 -0.2172870 0.6928692 -0.3553615 -0.6274157 102 104 100 255
-0.0076354 0.1942587 -0.2329361 0.3510225 -0.3526655 0.8674160 96 94 91 255
0.0328770 0.2604073 -0.2436087 0.2411911 0.1759942 -0.9543861 155 59 55 255
0.0913911 0.2664089 -0.1835891 0.8987805 0.2767709 -0.3399877 106 109 104 255
0.0843999 0.2163791 -0.2172870 0.6928692 -0.3553615 -0.6274157 102 104 100 255
0.0790536 0.9884399 -0.2793190 0.3659419 0.0855643 -0.9266959 42 42 43 255
0.1851761 1.0004568 -0.2370542 0.5360327 0.0543346 -0.8424468 44 49 55 255
0.1446912 0.9139333 -0.2719066 0.4440302 -0.3198123 -0.8369930 56 55 55 255
-0.1311924 1.3942656 -0.0189615 -0.9138970 0.4012049 0.0618609 70 46 38 255
-0.1322304 1.4014254 -0.0663050 -0.9458949 0.3238693 0.0197879 106 114 111 255
-0.1791762 1.2945801 -0.0467584 -0.9365512 0.3221137 0.1382563 22 30 37 255
0.1209390 0.9523262 -0.3032515 -0.0025166 -0.3379372 -0.9411653 123 64 59 255
0.1012244 1.0079683 -0.3125239 -0.0211256 0.2650912 -0.9639919 57 49 51 255
0.1883621 1.0103756 -0.2854391 0.6906808 0.3005093 -0.6577646 161 78 67 255
-0.1200751 0.0124518 -0.2746584 -0.1001450 -0.9863560 -0.1306633 137 152 149 255
-0.1777962 0.0415144 -0.2657169 -0.7454436 -0.5175358 -0.4200837 127 152 148 255
-0.1643766 0.0585113 -0.2717507 -0.0510666 0.8265417 -0.5605543 131 164 156 255
0.0598392 1.4571289 0.1434204 0.5351735 -0.5375407 0.6516435 183 96 92 255
0.1304114 1.5202024 0.1012217 0.8409736 -0.1769343 0.5113295 129 151 145 255
0.0052209 1.4723453 0.1689000 0.2381810 -0.3625116 0.9010300 182 96 86 255
0.0533292 0.5289751 0.0277021 0.3558110 -0.1506797 -0.9223309 103 113 129 255
0.1282859 0.4297403 0.0388345 0.7713333 0.3130997 -0.5540882 99 110 128 255
0.1174808 0.2451931 -0.0332542 0.4569548 0.1920447 -0.8685108 58 68 87 255
-0.0931365 1.4361018 -0.0299020 -0.2012085 0.7030299 0.6821027 56 66 83 255
-0.0437300 1.4784265 -0.0562629 -0.7443459 0.4779781 -0.4663542 189 98 86 255
-0.1091915 1.4819299 -0.0622191 0.0546017 -0.0223950 0.9982570 55 66 82 255
0.2463880 0.8628601 0.0268202 0.9096931 -0.2560757 0.3269306 60 69 86 255
0.2136557 0.9316080 0.0806573 0.6314660 -0.0456587 0.7740582 162 81 73 255
0.0998075 0.5261188 0.1040674 0.9784157 -0.1678570 0.1205263 107 115 130 255
-0.0405025 1.5675728 0.1574397 -0.6931787 0.1235420 -0.7100992 179 87 77 255
-0.0523906 1.4938155 0.1526332 -0.6509688 -0.0444159 -0.7578040 169 85 78 255
-0.0794349 1.5337676 0.1884721 -0.8602310 0.3413241 -0.3788144 175 89 80 255
-0.0795398 1.5107110 0.0839953 0.1397087 -0.8946443 0.4243740 91 91 96 255
0.0176272 1.6026052 0.1020543 0.7091099 -0.4999110 0.4972448 34 39 42 255
-0.0405025 1.5675728 0.1574397 0.2619082 -0.7005529 0.6637995 35 36 43 255
-0.0537922 1.6787537 0.2247111 0.1231198 -0.0299619 0.9919394 179 88 77 255
0.0651186 1.6507221 0.2140287 0.4457035 -0.0189922 0.8949791 166 85 72 255
0.0291791 1.8727686 0.2021692 0.3185009 0.4405935 0.8393060 187 94 87 255
-0.0289738 0.5346107 -0.1358154 0.8893478 -0.3242895 -0.3223304 40 34 31 255
0.1969659 0.8678487 -0.1737019 0.7490929 -0.6358134 -0.1860139 85 79 72 255
-0.0349646 0.5349317 -0.0775661 0.7506034 0.0097438 0.6606811 63 71 69 255
-0.0795398 1.5107110 0.0839953 0.1397087 -0.8946443 0.4243740 91 91 96 255
-0.0085962 1.4725764 0.0773520 -0.1677251 -0.2177968 0.9614743 75 85 100 255
0.0176272 1.6026052 0.1020543 0.7091099 -0.4999110 0.4972448 34 39 42 255
0.0450766 0.1914208 -0.0797274 0.0239671 -0.2995386 -0.9537832 98 108 119 255
-0.0588441 0.1743114 -0.1357764 0.9378815 -0.1937192 -0.2878389 76 70 70 255
-0.0546341 0.3080575 -0.1088310 0.5887474 0.0810423 -0.8042441 87 86 91 255
0.2566249 0.9331405 0.0569879 -0.7016413 -0.3172830 -0.6379898 166 84 76 255
0.2594554 0.9835971 0.0286528 -0.7921056 -0.3605413 -0.4925229 136 67 57 255
0.3013840 0.9429463 -0.0325358 0.1622125 -0.9862797 0.0306506 161 78 66 255
-0.0405025 1.5675728 0.1574397 0.2619082 -0.7005529 0.6637995 35 36 43 255
-0.1957872 1.4638146 0.1031115 0.0186318 -0.9454159 0.3253332 33 37 43 255
-0.0795398 1.5107110 0.0839953 0.1397087 -0.8946443 0.4243740 91 91 96 255
-0.1772581 1.2319838 -0.1329130 -0.8249168 -0.1643814 -0.5408245 57 63 75 255
-0.1180226 1.2925537 -0.1679487 -0.4729331 0.1341387 -0.8708277 55 61 73 255
-0.1304320 1.1374822 -0.1281057 -0.7898239 -0.1383646 -0.5975228 81 84 95 255
0.0365887 0.9706026 0.0529017 -0.8264331 0.0067170 0.5629948 105 114 128 255
-0.0164075 0.9560326 -0.0137062 -0.7308478 -0.3725879 0.5718739 121 129 141 255
-0.0558608 0.9443621 -0.0869220 -0.9434153 0.0610624 0.3259429 105 117 134 255
-0.0492380 0.0120226 -0.1499253 -0.1116477 -0.9918074 0.0620731 120 122 119 255
-0.1768825 0.0332630 -0.2184426 -0.3794647 -0.9245057 0.0359980 114 130 127 255
-0.1200751 0.0124518 -0.2746584 -0.1001450 -0.9863560 -0.1306633 137 152 149 255
-0.0028019 0.5470812 0.1985283 -0.0757020 0.1308133 0.9885126 112 120 135 255
0.0545208 0.4202509 0.1765290 0.4107458 -0.0686390 0.9091626 91 101 115 255
0.2136557 0.9316080 0.0806573 0.6314660 -0.0456587 0.7740582 162 81 73 255
-0.0060256 1.6278241 -0.0306313 0.3769348 -0.4920515 -0.7847328 183 94 82 255
0.0361495 1.6141708 0.0384196 0.7929481 -0.5651142 -0.2277702 182 94 82 255
0.0003295 1.5758524 0.0077972 0.8113007 0.1173045 -0.5727399 182 94 82 255
0.0903480 0.0080576 -0.1611303 0.5551021 -0.6394963 -0.5318891 73 85 94 255
-0.1200751 0.0124518 -0.2746584 -0.1001450 -0.9863560 -0.1306633 137 152 149 255
-0.1224164 0.0310266 -0.2911167 0.3074920 0.3589086 -0.8812680 138 152 149 255
0.0903480 0.0080576 -0.1611303 0.5551021 -0.6394963 -0.5318891 73 85 94 255
-0.1224164 0.0310266 -0.2911167 0.3074920 0.3589086 -0.8812680 138 152 149 255
0.0278604 0.1033062 -0.2057125 0.4587971 0.2252051 -0.8595278 166 71 63 255
-0.1278502 1.8258767 0.2442252 0.0518340 0.3476425 0.9361933 174 86 75 255
0.0291791 1.8727686 0.2021692 0.3185009 0.4405935 0.8393060 187 94 87 255
-0.1741453 1.8636131 0.1655240 -0.2050273 0.9345948 0.2906828 177 91 78 255
-0.0033414 0.3267533 -0.2056981 -0.1866446 -0.0580419 -0.9807115 161 80 69 255
0.0476201 0.3334746 -0.1562801 0.9599571 0.0722006 -0.2706836 157 76 66 255
0.0278604 0.1033062 -0.2057125 0.4587971 0.2252051 -0.8595278 166 71 63 255
-0.0077422 0.6968481 0.2517432 -0.8604206 -0.3915769 -0.3261040 187 98 89 255
-0.0466228 0.7480004 0.2929063 -0.5134624 -0.1021639 0.8520087 181 93 80 255
-0.0263290 0.7259152 0.2560829 -0.8426364 -0.5156623 -0.1551007 185 97 88 255
-0.0860400 1.4702963 -0.1172241 -0.3724431 0.0569300 -0.9263072 138 162 158 255
-0.0165915 1.6153895 -0.1263082 -0.2398507 0.0526337 -0.9693819 133 153 150 255
0.0361900 1.5589306 -0.1382550 0.4818780 -0.1934030 -0.8546278 141 166 161 255
-0.0700669 1.4347728 0.0056907 -0.9355745 -0.0528806 0.3491474 57 68 84 255
-0.1052010 1.5277464 0.0246693 -0.5234986 -0.4580412 -0.7184341 181 93 82 255
-0.0437300 1.4784265 -0.0562629 -0.7443459 0.4779781 -0.4663542 189 98 86 255
0.0703077 1.5382034 0.1514033 0.5016261 -0.3053377 0.8094074 185 97 88 255
0.1375022 1.5662739 -0.0030968 0.9593152 -0.2064127 -0.1926343 128 150 144 255
0.1381869 1.6692011 0.1466822 0.9100795 0.0180332 0.4140411 179 91 78 255
-0.0614877 0.2309044 -0.0825986 -0.7442302 -0.2287608 0.6275268 137 137 137 255
0.0177515 0.1894515 -0.0531972 0.1160370 -0.4756965 0.8719221 99 108 120 255
0.0195296 0.2474307 -0.0516715 0.1751900 0.0292251 0.9841008 98 110 125 255
0.2136557 0.9316080 0.0806573 0.6314660 -0.0456587 0.7740582 162 81 73 255
0.2463880 0.8628601 0.0268202 0.9096931 -0.2560757 0.3269306 60 69 86 255
0.2594554 0.9835971 0.0286528 0.9331504 -0.0991938 0.3455299 161 78 68 255
-0.1444843 1.7630904 0.2502498 -0.1986302 -0.1301977 0.9713880 185 94 85 255
-0.1659315 1.7883615 0.2164815 -0.7798758 0.1033216 0.6173480 170 83 73 255
-0.1232905 1.7128384 0.2300070 -0.3103333 -0.2453084 0.9184319 184 93 85 255
0.1381869 1.6692011 0.1466822 0.9100795 0.0180332 0.4140411 179 91 78 255
0.1417179 1.7277303 0.0267435 0.9263903 0.2565575 -0.2756430 132 158 153 255
0.0884333 1.8711400 0.1284794 0.8470272 0.5087892 0.1538775 183 102 97 255
-0.0700669 1.4347728 0.0056907 -0.9355745 -0.0528806 0.3491474 57 68 84 255
-0.0795398 1.5107110 0.0839953 0.1397087 -0.8946443 0.4243740 91 91 96 255
-0.1052010 1.5277464 0.0246693 -0.5234986 -0.4580412 -0.7184341 181 93 82 255
-0.0591104 1.2768934 0.1572160 -0.4778868 0.2346878 0.8464903 43 36 29 255
-0.0163348 1.4218850 0.1227013 -0.4441074 0.2171042 0.8692723 126 118 108 255
-0.0573859 1.3975115 0.1135462 -0.7865117 0.3255140 0.5248239 166 156 146 255
-0.0033414 0.3267533 -0.2056981 -0.3249386 -0.2240989 0.9188006 184 92 80 255
-0.0076354 0.1942587 -0.2329361 0.3510225 -0.3526655 0.8674160 96 94 91 255
0.0889316 0.2075595 -0.1665810 -0.8324679 -0.5178488 0.1970528 73 70 67 255
0.1029549 0.9786101 0.1348698 0.0975484 -0.1317757 -0.9864681 62 63 79 255
-0.0011201 1.1337595 0.1112424 0.2044824 0.2102445 -0.9560252 33 46 64 255
0.0780313 1.1606331 0.1008876 -0.2173624 -0.0520012 -0.9747047 33 47 64 255
0.0533292 0.5289751 0.0277021 0.3558110 -0.1506797 -0.9223309 103 113 129 255
0.1714168 0.7932456 -0.0775418 0.3477829 -0.5880563 -0.7302306 57 67 84 255
0.2688696 0.9085453 -0.0865521 0.8941376 -0.3595395 -0.2669256 173 82 72 255
-0.0203879 0.7361864 0.1717737 0.0982923 -0.1630559 -0.9817083 45 30 22 255
-0.0593164 0.7448435 0.1823043 -0.3100871 -0.2949865 -0.9037859 40 27 20 255
-0.0444739 0.8027816 0.1583016 0.2765878 0.2200110 -0.9354648 46 32 24 255
-0.0901253 1.2403178 0.1183471 -0.2647419 -0.0449999 -0.9632688 131 160 155 255
-0.0687389 1.2014056 0.1128794 0.4075254 0.3599024 -0.8392814 129 156 151 255
-0.0418973 1.1094810 0.0718019 0.3596292 0.1108882 -0.9264829 33 47 64 255
-0.1200751 0.0124518 -0.2746584 -0.1001450 -0.9863560 -0.1306633 137 152 149 255
0.0903480 0.0080576 -0.1611303 0.5551021 -0.6394963 -0.5318891 73 85 94 255
-0.0492380 0.0120226 -0.1499253 -0.1116477 -0.9918074 0.0620731 120 122 119 255
0.0328770 0.2604073 -0.2436087 0.2411911 0.1759942 -0.9543861 155 59 55 255
0.0843999 0.2163791 -0.2172870 0.6928692 -0.3553615 -0.6274157 102 104 100 255
-0.0218968 0.1968772 -0.2578816 -0.3566773 -0.4685815 -0.8082156 169 82 76 255
0.0530736 1.5322334 -0.0203985 -0.8872641 -0.0912528 0.4521453 182 93 80 255
0.0361495 1.6141708 0.0384196 -0.9394665 -0.3386181 0.0523466 168 81 71 255
-0.0060256 1.6278241 -0.0306313 -0.4621538 -0.3626920 0.8092393 182 91 80 255
0.0435724 0.0110841 -0.1160819 -0.0250762 -0.9988416 0.0410691 44 30 22 255
-0.0492380 0.0120226 -0.1499253 -0.1116477 -0.9918074 0.0620731 120 122 119 255
0.0903480 0.0080576 -0.1611303 0.5551021 -0.6394963 -0.5318891 73 85 94 255
-0.0011735 0.5330563 0.0233149 -0.5262935 -0.0146101 -0.8501774 103 113 128 255
0.0979414 0.8027739 -0.0744447 -0.1182705 -0.3543204 -0.9276147 58 69 88 255
0.0533292 0.5289751 0.0277021 0.3558110 -0.1506797 -0.9223309 103 113 129 255
0.0744731 0.0041710 0.2772681 -0.0290532 -0.9204263 0.3898350 41 28 21 255
0.0280716 0.0033955 0.2162946 -0.3090985 -0.9501739 -0.0403463 39 27 20 255
0.1267438 0.0000000 0.2447174 0.1183397 -0.9928260 0.0170976 40 29 21 255
-0.0524254 1.5928832 -0.0146941 -0.1441895 -0.0935753 -0.9851158 184 95 83 255
0.0003295 1.5758524 0.0077972 0.8113007 0.1173045 -0.5727399 182 94 82 255
-0.0437300 1.4784265 -0.0562629 -0.7443459 0.4779781 -0.4663542 189 98 86 255
-0.0011735 0.5330563 0.0233149 -0.5262935 -0.0146101 -0.8501774 103 113 128 255
0.0468049 0.8090574 -0.0465486 -0.5429212 -0.1122916 -0.8322424 60 70 89 255
0.0979414 0.8027739 -0.0744447 -0.1182705 -0.3543204 -0.9276147 58 69 88 255
0.0578907 1.5207609 0.0597898 -0.8368803 -0.0472921 -0.5453392 166 81 71 255
0.0530736 1.5322334 -0.0203985 -0.8872641 -0.0912528 0.4521453 182 93 80 255
0.0456343 1.5080514 0.0285021 0.4101038 0.9060140 0.1046600 176 89 77 255
-0.0307226 0.1084508 -0.1559786 -0.6087078 0.5015470 -0.6147565 19 14 15 255
-0.0546341 0.3080575 -0.1088310 -0.6741645 -0.2419130 0.6978397 165 80 74 255
-0.0679588 0.3088705 -0.1738468 -0.8512509 -0.2007703 -0.4848332 156 79 66 255
-0.1242607 1.3681000 -0.0896364 -0.8926343 -0.0044298 -0.4507597 120 131 136 255
-0.0169103 1.3873920 -0.2109331 0.0115357 -0.1611940 -0.9868553 68 78 94 255
0.0244470 1.3529066 -0.2021710 -0.4539959 0.0573117 -0.8891587 88 97 112 255
-0.1352103 1.1832420 -0.0592380 0.9696724 0.1201593 0.2128315 60 61 73 255
-0.1082368 1.1232918 -0.0280847 0.9749127 0.2186756 -0.0415471 59 60 72 255
-0.0892956 0.9951135 -0.1924084 0.9540195 -0.1144900 0.2770177 185 96 86 255
0.0578907 1.5207609 0.0597898 -0.8368803 -0.0472921 -0.5453392 166 81 71 255
0.0456343 1.5080514 0.0285021 0.4101038 0.9060140 0.1046600 176 89 77 255
0.0282063 1.4758630 0.0840245 -0.5983782 0.7710309 0.2178418 169 82 72 255
0.0260465 0.8723686 -0.0402469 -0.8841028 0.0870848 0.4591063 115 123 136 255
-0.1192018 0.5223504 -0.0471968 -0.3455643 -0.0890851 0.9341569 52 62 78 255
0.0468049 0.8090574 -0.0465486 0.3531412 -0.2081590 0.9121190 121 130 146 255
-0.0492380 0.0120226 -0.1499253 -0.2295210 0.1484050 0.9619232 185 96 84 255
-0.0307226 0.1084508 -0.1559786 -0.2499478 -0.1719568 0.9528677 190 98 95 255
-0.1985207 0.0419851 -0.1832674 -0.2711006 0.3094881 0.9114393 175 92 80 255
0.0095668 1.5346963 0.0610968 0.9163034 0.2294079 0.3282684 178 91 79 255
0.0456343 1.5080514 0.0285021 0.4101038 0.9060140 0.1046600 176 89 77 255
0.0003295 1.5758524 0.0077972 0.8113007 0.1173045 -0.5727399 182 94 82 255
0.1347613 0.0789878 0.0748825 0.9815626 0.1774066 0.0711476 32 18 8 255
0.1318707 0.0166518 0.2676735 0.9005063 0.3606618 0.2429227 41 28 20 255
0.1372831 0.0073264 0.0245768 0.5799730 -0.7868152 -0.2110757 39 28 21 255
-0.1741453 1.8636131 0.1655240 -0.2049913 0.9345933 0.2907128 41 32 26 255
-0.2252146 1.8686339 0.0643519 -0.5464513 0.7186078 -0.4301090 49 34 25 255
-0.2268242 1.8452377 0.1517901 -0.8633142 0.1344044 0.4864403 47 40 33 255
-0.0011201 1.1337595 0.1112424 0.2044824 0.2102445 -0.9560252 33 46 64 255
-0.0687389 1.2014056 0.1128794 0.4075254 0.3599024 -0.8392814 129 156 151 255
-0.0464358 1.1806725 0.1130723 0.4733583 0.4796553 -0.7388252 129 156 151 255
0.1897364 0.9257325 0.1152747 0.5508284 -0.2101164 0.8077371 161 80 71 255
0.2566249 0.9331405 0.0569879 0.7635284 -0.3689067 0.5300305 166 84 76 255
0.2979152 0.9967815 0.0415014 0.8562886 0.2050113 0.4740680 169 86 78 255
0.0282063 1.4758630 0.0840245 -0.5983782 0.7710309 0.2178418 169 82 72 255
-0.0043077 1.4516817 0.1358269 -0.7819956 -0.1524823 0.6043442 150 71 59 255
0.0578907 1.5207609 0.0597898 -0.8368803 -0.0472921 -0.5453392 166 81 71 255
0.0468049 0.8090574 -0.0465486 0.3870381 -0.1838108 0.9035570 91 87 84 255
-0.0349646 0.5349317 -0.0775661 0.7506034 0.0097438 0.6606811 63 71 69 255
0.0979414 0.8027739 -0.0744447 0.6949846 -0.3466326 0.6299542 89 84 80 255
0.0578907 1.5207609 0.0597898 -0.8368803 -0.0472921 -0.5453392 166 81 71 255
-0.0405025 1.5675728 0.1574397 -0.6931787 0.1235420 -0.7100992 179 87 77 255
0.0176272 1.6026052 0.1020543 -0.8177682 -0.1113963 -0.5646648 161 75 65 255
-0.0164075 0.9560326 -0.0137062 -0.7308478 -0.3725879 0.5718739 121 129 141 255
-0.0501781 1.0854499 -0.0323152 -0.8813409 -0.2502059 0.4007931 109 118 131 255
-0.0558608 0.9443621 -0.0869220 -0.9434153 0.0610624 0.3259429 105 117 134 255
0.0889316 0.2075595 -0.1665810 -0.8324679 -0.5178488 0.1970528 73 70 67 255
0.0476201 0.3334746 -0.1562801 -0.9388110 -0.3187014 0.1306266 178 86 75 255
-0.0033414 0.3267533 -0.2056981 -0.3249386 -0.2240989 0.9188006 184 92 80 255
0.0291791 1.8727686 0.2021692 0.3185009 0.4405935 0.8393060 187 94 87 255
0.1381869 1.6692011 0.1466822 0.9100795 0.0180332 0.4140411 179 91 78 255
0.0884333 1.8711400 0.1284794 0.8470272 0.5087892 0.1538775 183 102 97 255
0.1267438 0.0000000 0.2447174 0.1183397 -0.9928260 0.0170976 40 29 21 255
0.0280716 0.0033955 0.2162946 -0.3090985 -0.9501739 -0.0403463 39 27 20 255
0.1372831 0.0073264 0.0245768 0.5799730 -0.7868152 -0.2110757 39 28 21 255
-0.0466228 0.7480004 0.2929063 -0.5133771 -0.1021306 0.8520643 169 85 73 255
0.0054145 0.7318979 0.2778364 0.5926912 -0.3550867 -0.7229318 168 80 71 255
0.0141337 0.6899440 0.3057480 -0.5363479 -0.5419218 -0.6470329 166 80 70 255
0.2688696 0.9085453 -0.0865521 0.9039286 -0.3180630 -0.2859183 173 82 72 255
0.2203579 0.9933636 -0.1877069 0.9239962 0.0833965 -0.3731974 164 78 66 255
0.2771173 0.9921865 -0.0474415 0.9841657 -0.0148353 -0.1766294 164 76 65 255
0.0888329 0.0318781 0.2826162 0.2811622 0.8165095 0.5042422 45 31 21 255
0.1318707 0.0166518 0.2676735 0.9005063 0.3606618 0.2429227 41 28 20 255
0.0887859 0.1000042 0.1127094 0.1346670 0.5944715 0.7927600 141 59 52 255
0.0361495 1.6141708 0.0384196 -0.9394665 -0.3386181 0.0523466 168 81 71 255
0.0530736 1.5322334 -0.0203985 -0.8872641 -0.0912528 0.4521453 182 93 80 255
0.0578907 1.5207609 0.0597898 -0.8368803 -0.0472921 -0.5453392 166 81 71 255
-0.2283190 0.9539337 -0.2145507 -0.1186442 -0.2920834 -0.9490051 132 158 152 255
-0.1944311 0.9066375 -0.1748537 0.4650428 -0.4149957 -0.7819933 126 153 146 255
-0.2631924 0.9385630 -0.1745964 -0.9131337 -0.0345330 -0.4061948 131 156 150 255
0.1282859 0.4297403 0.0388345 0.7713333 0.3130997 -0.5540882 99 110 128 255
0.0998075 0.5261188 0.1040674 0.9784157 -0.1678570 0.1205263 107 115 130 255
0.1766462 0.2417116 0.0408874 0.9794893 0.2008923 -0.0155848 55 64 80 255
-0.1957872 1.4638146 0.1031115 0.0186318 -0.9454159 0.3253332 33 37 43 255
-0.2020086 1.5297356 0.1458818 -0.3157283 -0.2372154 0.9187190 130 156 150 255
-0.2423897 1.5263363 0.1058600 -0.9932454 0.1015331 0.0561645 185 97 87 255
0.0139132 0.3233509 -0.0899916 0.2172406 -0.1741591 0.9604557 171 84 72 255
-0.0307226 0.1084508 -0.1559786 -0.1749446 -0.0712020 0.9820004 161 66 60 255
0.0585012 0.0957808 -0.1386095 0.6438704 0.0947436 0.7592462 162 68 60 255
-0.0501781 1.0854499 -0.0323152 -0.8813409 -0.2502059 0.4007931 109 118 131 255
-0.0710578 1.0908043 -0.1085260 -0.9787551 -0.1936942 -0.0672390 119 127 138 255
-0.0558608 0.9443621 -0.0869220 -0.9434153 0.0610624 0.3259429 105 117 134 255
0.2688696 0.9085453 -0.0865521 0.8941376 -0.3595395 -0.2669256 173 82 72 255
0.2046149 0.9239588 -0.2208264 0.7599477 -0.3122002 -0.5700970 168 83 71 255
0.2203560 0.9933544 -0.1877072 0.8798074 0.0270918 -0.4745579 164 78 66 255
-0.2020086 1.5297356 0.1458818 -0.3157283 -0.2372154 0.9187190 130 156 150 255
-0.1482580 1.5793863 0.0533520 -0.3508497 0.8835259 0.3103004 54 60 72 255
-0.2423897 1.5263363 0.1058600 -0.9932454 0.1015331 0.0561645 185 97 87 255
-0.1214848 1.5798317 0.1065204 -0.4386605 0.8729044 0.2135765 131 155 150 255
-0.1482580 1.5793863 0.0533520 -0.3508497 0.8835259 0.3103004 54 60 72 255
-0.2020086 1.5297356 0.1458818 -0.3157283 -0.2372154 0.9187190 130 156 150 255
0.1384115 1.4164572 0.2038808 0.8931914 -0.2435751 -0.3779951 38 41 45 255
-0.0060434 1.4248837 -0.1977876 0.3626495 0.4458880 -0.8183333 88 97 113 255
-0.0541718 1.4521319 -0.1667840 0.0604517 0.8011348 -0.5954232 129 155 150 255
0.0820463 0.9588836 0.2341720 0.8553088 -0.2815706 -0.4349311 49 34 26 255
0.0117412 0.9258118 0.2031021 0.2348993 -0.3276797 -0.9151220 45 32 24 255
0.0238543 0.9672613 0.1898227 0.0021207 -0.0856587 -0.9963223 39 27 21 255
-0.2020086 1.5297356 0.1458818 -0.3156692 -0.2372856 0.9187211 174 82 73 255
-0.2069999 1.5702558 0.1527608 -0.3657260 -0.8560328 -0.3653111 155 66 57 255
-0.1214848 1.5798317 0.1065204 -0.4375901 -0.6928222 -0.5731598 173 84 75 255
-0.0645242 1.2026617 0.1058603 -0.7728040 -0.3445987 0.5329407 27 34 45 255
-0.0464358 1.1806725 0.1130723 -0.4195477 -0.8532601 0.3097207 24 31 41 255
-0.0654531 1.2825837 0.1220913 -0.8141094 0.0911040 0.5735205 142 68 59 255
0.0205431 0.0255804 0.2945742 -0.7258821 -0.6661993 0.1710958 35 24 18 255
0.0264425 0.0485489 0.1765729 -0.8978447 0.4402830 0.0050681 94 45 35 255
0.0280716 0.0033955 0.2162946 -0.3090985 -0.9501739 -0.0403463 39 27 20 255
-0.1052010 1.5277464 0.0246693 -0.5234986 -0.4580412 -0.7184341 181 93 82 255
-0.0965772 1.6190507 -0.0339896 0.1547428 -0.5325716 -0.8321191 184 95 83 255
-0.0524254 1.5928832 -0.0146941 -0.1441895 -0.0935753 -0.9851158 184 95 83 255
0.0887859 0.1000042 0.1127094 0.1346670 0.5944715 0.7927600 141 59 52 255
0.1318707 0.0166518 0.2676735 0.9005063 0.3606618 0.2429227 41 28 20 255
0.1347613 0.0789878 0.0748825 0.9815626 0.1774066 0.0711476 32 18 8 255
0.1381869 1.6692011 0.1466822 0.9100795 0.0180332 0.4140411 179 91 78 255
0.1375022 1.5662739 -0.0030968 0.9593152 -0.2064127 -0.1926343 128 150 144 255
0.1417179 1.7277303 0.0267435 0.9263903 0.2565575 -0.2756430 132 158 153 255
0.1375022 1.5662739 -0.0030968 0.9593152 -0.2064127 -0.1926343 128 150 144 255
0.0703077 1.5382034 0.1514033 0.5016261 -0.3053377 0.8094074 185 97 88 255
0.1304114 1.5202024 0.1012217 0.8409736 -0.1769343 0.5113295 129 151 145 255
0.0081089 0.6412819 0.2668460 -0.8151073 -0.3569002 -0.4563137 186 99 90 255
-0.0077243 0.6967218 0.2517181 -0.7416607 -0.3653226 -0.5625644 187 98 89 255
0.0231092 0.6762356 0.2243723 -0.7416607 -0.3653226 -0.5625644 185 99 90 255
0.2046149 0.9239588 -0.2208264 0.7329566 -0.3624941 -0.5756500 65 59 54 255
0.1851761 1.0004568 -0.2370542 0.5360327 0.0543346 -0.8424468 44 49 55 255
0.2203560 0.9933544 -0.1877072 0.8819807 0.0237658 -0.4706857 65 58 53 255
0.0834479 0.9526007 -0.2867524 -0.7670143 -0.5979534 -0.2326820 50 46 46 255
-0.0128145 0.9471996 -0.2606349 0.4275271 -0.8232888 0.3733849 55 52 52 255
-0.0652990 0.9482730 -0.2521459 -0.3362023 0.3129039 -0.8882900 60 57 56 255
0.0888329 0.0318781 0.2826162 0.2811622 0.8165095 0.5042422 45 31 21 255
0.0556424 0.0235723 0.2987794 0.1892806 -0.6409977 0.7438378 45 32 24 255
0.0744731 0.0041710 0.2772681 -0.0290532 -0.9204263 0.3898350 41 28 21 255
0.0121722 1.2070643 0.1920605 0.0293448 -0.2239352 0.9741622 186 98 87 255
0.0855417 1.2670956 0.1644992 0.4617066 0.0000022 0.8870327 34 27 22 255
0.0274804 1.2988634 0.1663370 -0.0483903 0.2402089 0.9695143 34 25 20 255
-0.0541718 1.4521319 -0.1667840 0.0604517 0.8011348 -0.5954232 129 155 150 255
0.0464597 1.4935619 -0.0773392 0.3246159 -0.9314514 -0.1643862 134 158 152 255
0.1384115 1.4164572 0.2038808 0.8931914 -0.2435751 -0.3779951 38 41 45 255
-0.1845044 1.6188848 -0.0385790 -0.2554203 0.3915385 0.8840011 89 99 114 255
-0.1450812 1.6166393 -0.0261935 -0.3049001 0.3019349 0.9032560 72 83 100 255
-0.1606760 1.6896779 -0.0767541 -0.2287779 0.5205824 0.8225902 116 123 134 255
0.0476201 0.3334746 -0.1562801 -0.9388110 -0.3187014 0.1306266 178 86 75 255
0.0889316 0.2075595 -0.1665810 -0.8324679 -0.5178488 0.1970528 73 70 67 255
0.0139132 0.3233509 -0.0899916 -0.6271439 -0.2077196 -0.7506950 103 115 112 255
-0.0165915 1.6153895 -0.1263082 -0.2398507 0.0526337 -0.9693819 133 153 150 255
-0.0860400 1.4702963 -0.1172241 -0.3724431 0.0569300 -0.9263072 138 162 158 255
-0.1320392 1.5126880 -0.0949537 -0.6485894 -0.0716697 -0.7577567 122 150 149 255
-0.0289738 0.5346107 -0.1358154 0.8893478 -0.3242895 -0.3223304 40 34 31 255
0.1446912 0.9139333 -0.2719066 0.4440302 -0.3198123 -0.8369930 56 55 55 255
0.2046149 0.9239588 -0.2208264 0.7329566 -0.3624941 -0.5756500 65 59 54 255
0.0134063 1.3800784 0.1527615 -0.6687942 -0.6617858 0.3387536 133 157 153 255
0.0223398 1.4213648 0.1546585 -0.4816830 0.5887871 0.6490849 137 162 156 255
0.0019040 1.4060270 0.1489905 -0.6100879 0.0539636 0.7904940 138 162 156 255
0.0464597 1.4935619 -0.0773392 -0.5496090 -0.8306862 -0.0888275 139 164 158 255
0.1031313 1.4776872 0.0472830 0.7953050 -0.4513945 -0.4046395 130 157 151 255
0.1384115 1.4164572 0.2038808 0.6190975 0.5476186 0.5628784 90 110 108 255
-0.0533588 1.1161573 -0.1704620 -0.9728396 -0.2262043 0.0491398 57 59 74 255
-0.0795555 1.1845041 -0.1428975 -0.8236254 -0.4657677 -0.3235764 90 100 116 255
-0.0768547 1.1611233 -0.1598012 -0.6517888 -0.4799724 0.5871950 71 82 98 255
0.1799040 1.3521854 0.1034917 -0.6077967 0.7703455 0.1927458 104 59 53 255
0.2088478 1.2147214 -0.0244043 0.8709268 0.4133368 -0.2657800 148 80 75 255
0.1384115 1.4164572 0.2038808 0.4217085 0.8362627 -0.3504661 50 48 48 255
0.0240576 1.3737566 0.2254231 -0.8182673 0.2671853 0.5089703 130 158 152 255
0.0816877 1.4097841 0.2340355 -0.0490627 0.5864944 0.8084658 84 106 106 255
0.0598392 1.4571289 0.1434204 -0.0014173 0.8189059 0.5739260 119 141 137 255
0.0999205 1.1206573 0.0822870 -0.3632980 0.1735582 0.9153644 86 48 54 255
-0.0028019 0.5470812 0.1985283 -0.0757020 0.1308133 0.9885126 112 120 135 255
0.1563962 0.9349944 0.1127905 0.2521593 0.0903943 0.9634545 32 42 55 255
-0.0794349 1.5337676 0.1884721 0.1335292 -0.3950893 0.9088864 164 78 67 255
-0.0523906 1.4938155 0.1526332 -0.4904326 -0.7419965 0.4570745 167 81 70 255
-0.0043077 1.4516817 0.1358269 -0.8317674 -0.1108765 0.5439388 180 94 86 255
-0.1091915 1.4819299 -0.0622191 0.0546017 -0.0223950 0.9982570 55 66 82 255
-0.0437300 1.4784265 -0.0562629 -0.7443459 0.4779781 -0.4663542 189 98 86 255
0.0047545 1.5314355 -0.0565496 -0.0442071 -0.1873236 0.9813030 189 97 85 255
0.0744731 0.0041710 0.2772681 -0.0290532 -0.9204263 0.3898350 41 28 21 255
0.0556424 0.0235723 0.2987794 0.1892806 -0.6409977 0.7438378 45 32 24 255
0.0205431 0.0255804 0.2945742 -0.7258821 -0.6661993 0.1710958 35 24 18 255
0.0133648 0.8267168 -0.2737047 -0.2419239 -0.0962810 -0.9655064 54 64 78 255
0.1446912 0.9139333 -0.2719066 0.4440302 -0.3198123 -0.8369930 56 55 55 255
-0.0827034 0.5372534 -0.2071281 0.2268614 -0.1212159 -0.9663543 34 32 33 255
-0.0435746 1.0051366 -0.2251837 -0.9543259 0.0522410 -0.2941649 86 99 97 255
-0.0113690 0.9680902 -0.2580876 -0.6323060 0.1288363 -0.7639307 52 51 52 255
-0.0121427 0.9470117 -0.2610021 -0.6323060 0.1288363 -0.7639307 128 157 154 255
-0.0263290 0.7259152 0.2560829 0.9988294 -0.0335816 -0.0348159 40 29 21 255
-0.0324757 0.6710386 0.2229165 -0.3977164 0.0452891 -0.9163901 48 35 26 255
-0.0665834 0.7309337 0.2484944 0.2200418 0.4864055 -0.8455716 46 32 24 255
-0.2294248 1.7716579 0.0482959 -0.9999531 0.0053939 -0.0080543 47 36 27 255
-0.2159513 1.8152858 0.0977886 -0.8813657 -0.1809474 0.4364086 45 52 43 255
-0.2468244 1.8017908 0.0564424 -0.9122229 0.0338653 -0.4082924 50 37 29 255
0.0841203 1.6309696 -0.0820815 0.6640359 0.2030253 -0.7196090 138 164 157 255
-0.0165915 1.6153895 -0.1263082 -0.2398507 0.0526337 -0.9693819 133 153 150 255
-0.0306537 1.7225645 -0.1335422 0.0407647 0.3647409 -0.9302163 95 105 121 255
0.2088478 1.2147214 -0.0244043 0.8709268 0.4133368 -0.2657800 148 80 75 255
0.2979152 0.9967815 0.0415014 0.8562886 0.2050113 0.4740680 169 86 78 255
0.2992365 1.0195844 -0.0966738 0.8747249 0.3356026 -0.3496100 69 68 70 255
0.1597850 0.9815877 0.1126821 -0.5546079 -0.2143487 -0.8040304 48 57 73 255
0.1029549 0.9786101 0.1348698 0.0975484 -0.1317757 -0.9864681 62 63 79 255
0.0780313 1.1606331 0.1008876 -0.2173624 -0.0520012 -0.9747047 33 47 64 255
-0.0892956 0.9951135 -0.1924084 0.9540195 -0.1144900 0.2770177 185 96 86 255
-0.0519850 1.0031958 -0.2411604 0.5741875 -0.2544728 0.7781724 184 95 83 255
-0.0768547 1.1611233 -0.1598012 0.8274630 -0.0581696 0.5584991 168 90 82 255
-0.0533588 1.1161573 -0.1704620 -0.9728396 -0.2262043 0.0491398 57 59 74 255
-0.0435746 1.0051366 -0.2251837 -0.9472198 0.0081419 -0.3204814 71 84 103 255
-0.0710578 1.0908043 -0.1085260 -0.9787551 -0.1936942 -0.0672390 119 127 138 255
-0.1606760 1.6896779 -0.0767541 -0.5257503 -0.0621470 -0.8483657 138 162 157 255
-0.1616893 1.7444042 -0.0421776 -0.5681152 0.3253650 -0.7558987 128 152 148 255
-0.0306537 1.7225645 -0.1335422 0.0407647 0.3647409 -0.9302163 95 105 121 255
-0.1120031 1.0674447 -0.1470741 -0.9955640 -0.0738195 -0.0583356 188 99 90 255
-0.1304320 1.1374822 -0.1281057 -0.7898239 -0.1383646 -0.5975228 81 84 95 255
-0.0927424 1.0813359 -0.2107918 -0.8088413 0.1512807 -0.5682340 185 97 87 255
-0.0129790 0.9787984 0.3028112 -0.5570468 0.0743299 0.8271480 133 158 154 255
-0.0420208 0.9804144 0.2320571 -0.9281465 0.1724106 -0.3298768 137 162 157 255
-0.0075014 0.9388754 0.2899870 -0.2594640 -0.2807027 0.9240587 134 159 156 255
-0.0306537 1.7225645 -0.1335422 0.0407647 0.3647409 -0.9302163 95 105 121 255
-0.1616893 1.7444042 -0.0421776 -0.5681152 0.3253650 -0.7558987 128 152 148 255
-0.0641043 1.9101157 -0.0120520 -0.2993585 0.7943548 -0.5285687 48 34 26 255
-0.1899234 1.2429373 -0.0648214 -0.9909090 -0.1166760 -0.0669766 22 30 37 255
-0.1690971 1.2991314 -0.1025905 -0.8195972 0.3974255 -0.4126906 25 19 20 255
-0.1772581 1.2319838 -0.1329130 -0.8419138 -0.0917398 -0.5317565 46 48 59 255
0.0462570 0.1612965 0.1248085 -0.4557030 -0.6822950 0.5716717 112 113 116 255
-0.0090833 0.1714250 0.0258460 -0.8702713 -0.4597869 -0.1767027 42 45 48 255
0.0135150 0.1659505 0.0590332 0.9886550 -0.1462253 0.0343458 59 65 67 255
-0.1052010 1.5277464 0.0246693 -0.5234986 -0.4580412 -0.7184341 181 93 82 255
-0.1740968 1.5077897 0.0183801 -0.3592153 -0.6150228 -0.7019340 183 94 84 255
-0.1304659 1.5771368 -0.0217763 -0.2649333 -0.3670954 -0.8916566 183 95 84 255
-0.1304320 1.1374822 -0.1281057 -0.7898239 -0.1383646 -0.5975228 81 84 95 255
-0.1180226 1.2925537 -0.1679487 -0.4729331 0.1341387 -0.8708277 55 61 73 255
-0.0746200 1.1666869 -0.1968501 -0.6508954 0.1046045 -0.7519263 109 66 71 255
-0.1052010 1.5277464 0.0246693 -0.5234986 -0.4580412 -0.7184341 181 93 82 255
-0.0524254 1.5928832 -0.0146941 -0.1441895 -0.0935753 -0.9851158 184 95 83 255
-0.0437300 1.4784265 -0.0562629 -0.7443459 0.4779781 -0.4663542 189 98 86 255
0.0095668 1.5346963 0.0610968 0.9163034 0.2294079 0.3282684 178 91 79 255
0.0282063 1.4758630 0.0840245 -0.5983782 0.7710309 0.2178418 169 82 72 255
0.0456343 1.5080514 0.0285021 0.4101038 0.9060140 0.1046600 176 89 77 255
0.0239699 1.1360425 0.2192958 -0.7196786 0.0692663 -0.6908435 45 31 21 255
0.0143356 1.3659358 0.1919350 -0.7872064 -0.2937288 -0.5422447 180 185 182 255
0.0905695 1.3705417 0.1503244 -0.0222403 -0.8439355 -0.5359834 145 163 156 255
0.1576314 0.1830133 0.0906688 -0.7463809 -0.4061621 -0.5272077 77 87 101 255
0.1087103 0.3079272 0.1125260 -0.3870787 -0.0770970 -0.9188178 97 108 127 255
0.1282330 0.3145940 0.0593993 -0.9426647 -0.2984998 0.1492684 95 108 128 255
0.0134063 1.3800784 0.1527615 0.1167154 -0.0329550 0.9926186 83 84 82 255
0.0019040 1.4060270 0.1489905 -0.3901480 0.2991301 0.8708075 120 114 106 255
-0.0591104 1.2768934 0.1572160 -0.4778868 0.2346878 0.8464903 43 36 29 255
-0.1393002 1.2165078 -0.1332511 -0.4614055 -0.8858087 0.0494757 41 39 46 255
-0.0768547 1.1611233 -0.1598012 0.8130271 -0.0037214 0.5822140 69 76 91 255
-0.0795555 1.1845041 -0.1428975 -0.8236254 -0.4657677 -0.3235764 90 100 116 255
-0.0687389 1.2014056 0.1128794 0.4075254 0.3599024 -0.8392814 129 156 151 255
-0.0654531 1.2825837 0.1220913 0.1615332 -0.1260173 -0.9787885 128 155 152 255
-0.0464358 1.1806725 0.1130723 0.4733583 0.4796553 -0.7388252 129 156 151 255
0.0816877 1.4097841 0.2340355 -0.0490627 0.5864944 0.8084658 84 106 106 255
0.0240576 1.3737566 0.2254231 -0.8182673 0.2671853 0.5089703 130 158 152 255
0.0190585 1.1729442 0.2790979 -0.6362757 0.2924818 0.7138679 66 75 78 255
0.2688696 0.9085453 -0.0865521 0.8941376 -0.3595395 -0.2669256 173 82 72 255
0.1714168 0.7932456 -0.0775418 0.3477829 -0.5880563 -0.7302306 57 67 84 255
0.1969659 0.8678487 -0.1737019 0.8471342 -0.5299855 -0.0384572 175 88 77 255
-0.1394829 1.1962938 -0.1035430 -0.4590128 -0.8055022 -0.3747980 101 110 124 255
-0.1393002 1.2165078 -0.1332511 -0.4614055 -0.8858087 0.0494757 41 39 46 255
-0.0795555 1.1845041 -0.1428975 -0.8236254 -0.4657677 -0.3235764 90 100 116 255
0.0744731 0.0041710 0.2772681 -0.0290532 -0.9204263 0.3898350 41 28 21 255
0.1318707 0.0166518 0.2676735 0.9005063 0.3606618 0.2429227 41 28 20 255
0.0888329 0.0318781 0.2826162 0.2811622 0.8165095 0.5042422 45 31 21 255
-0.1394829 1.1962938 -0.1035430 0.6446973 0.7132750 0.2749619 59 60 72 255
-0.0768547 1.1611233 -0.1598012 0.8402082 -0.0002283 0.5422639 168 90 82 255
-0.1393002 1.2165078 -0.1332511 0.6968914 0.5909359 0.4063705 60 60 71 255
-0.1394829 1.1962938 -0.1035430 -0.4590128 -0.8055022 -0.3747980 101 110 124 255
-0.0795555 1.1845041 -0.1428975 -0.8236254 -0.4657677 -0.3235764 90 100 116 255
-0.0999057 1.1643562 -0.0772161 -0.7473727 -0.6167901 0.2469902 95 105 120 255
-0.0090833 0.1714250 0.0258460 -0.8702713 -0.4597869 -0.1767027 42 45 48 255
0.0285163 0.2188572 0.1374288 -0.5587475 -0.2271641 0.7976200 85 82 81 255
-0.0152442 0.2240098 0.0383946 -0.9731517 -0.1280110 -0.1912823 65 82 84 255
-0.2272478 1.6335897 0.0303191 -0.7370039 -0.0911090 -0.6697197 139 164 159 255
-0.2532644 1.6071500 0.0827787 -0.9509992 0.0966321 -0.2937052 138 165 159 255
-0.2169249 1.6532503 0.0715705 -0.9400208 0.2288836 -0.2529289 137 162 157 255
0.2088478 1.2147214 -0.0244043 0.8709268 0.4133368 -0.2657800 148 80 75 255
-0.0060434 1.4248837 -0.1977876 0.7441069 0.5626622 -0.3601615 122 142 137 255
0.1384115 1.4164572 0.2038808 0.4217085 0.8362627 -0.3504661 50 48 48 255
0.0019040 1.4060270 0.1489905 -0.3901480 0.2991301 0.8708075 120 114 106 255
-0.0163348 1.4218850 0.1227013 -0.4441074 0.2171042 0.8692723 126 118 108 255
-0.0591104 1.2768934 0.1572160 -0.4778868 0.2346878 0.8464903 43 36 29 255
0.0834353 0.9526712 -0.2867883 0.3354726 -0.5376623 0.7735487 50 46 46 255
0.1209390 0.9523262 -0.3032515 -0.2773816 -0.4001434 0.8734671 48 45 45 255
0.0790536 0.9884399 -0.2793190 0.0134275 -0.5436909 0.8391782 43 40 40 255
-0.2322409 1.5783466 0.0907407 -0.1075418 -0.9193665 0.3784178 155 67 59 255
-0.1482580 1.5793863 0.0533520 0.0970318 -0.5634349 0.8204426 176 87 77 255
-0.1698283 1.6058044 0.0695011 0.0243828 -0.9967212 -0.0771526 178 85 76 255
-0.0950096 1.2326701 0.1361292 -0.8335599 -0.2107618 0.5106442 184 94 87 255
-0.0418973 1.1094810 0.0718019 -0.6955123 -0.2396722 0.6773626 186 97 86 255
-0.0124915 1.1173176 0.1259359 -0.4886292 -0.5379791 0.6868915 186 97 87 255
-0.2284541 1.5519721 0.0720740 0.1375949 0.2517095 0.9579719 151 66 59 255
-0.1482580 1.5793863 0.0533520 0.0970318 -0.5634349 0.8204426 176 87 77 255
-0.2322409 1.5783466 0.0907407 -0.1075418 -0.9193665 0.3784178 155 67 59 255
-0.0710578 1.0908043 -0.1085260 -0.9787551 -0.1936942 -0.0672390 119 127 138 255
-0.0795555 1.1845041 -0.1428975 -0.8236254 -0.4657677 -0.3235764 90 100 116 255
-0.0533588 1.1161573 -0.1704620 -0.9728396 -0.2262043 0.0491398 57 59 74 255
-0.2284541 1.5519721 0.0720740 0.1377422 0.2515658 0.9579884 96 91 104 255
-0.2423897 1.5263363 0.1058600 -0.9932454 0.1015331 0.0561645 185 97 87 255
-0.1482580 1.5793863 0.0533520 -0.3508497 0.8835259 0.3103004 54 60 72 255
-0.1482580 1.5793863 0.0533520 0.0970318 -0.5634349 0.8204426 176 87 77 255
-0.1214848 1.5798317 0.1065204 -0.4375901 -0.6928222 -0.5731598 173 84 75 255
-0.1698283 1.6058044 0.0695011 0.0243828 -0.9967212 -0.0771526 178 85 76 255
-0.2069999 1.5702558 0.1527608 -0.3657260 -0.8560328 -0.3653111 155 66 57 255
-0.2322409 1.5783466 0.0907407 -0.1075418 -0.9193665 0.3784178 155 67 59 255
-0.1698283 1.6058044 0.0695011 0.0243828 -0.9967212 -0.0771526 178 85 76 255
-0.0901253 1.2403178 0.1183471 -0.2598053 -0.0344357 -0.9650469 41 32 25 255
-0.0950096 1.2326701 0.1361292 -0.8335599 -0.2107618 0.5106442 184 94 87 255
-0.0733078 1.3808864 0.0868056 -0.8698620 0.2365304 0.4328896 186 178 168 255
-0.1740968 1.5077897 0.0183801 -0.3592153 -0.6150228 -0.7019340 183 94 84 255
-0.2272478 1.6335897 0.0303191 -0.7369817 -0.0911024 -0.6697450 188 98 87 255
-0.1304659 1.5771368 -0.0217763 -0.2649333 -0.3670954 -0.8916566 183 95 84 255
-0.2532644 1.6071500 0.0827787 -0.9509992 0.0966321 -0.2937052 138 165 159 255
-0.2322409 1.5783466 0.0907407 -0.1075676 -0.9193590 0.3784289 137 164 159 255
-0.2575089 1.6127789 0.1347914 -0.8167094 -0.4450966 0.3672529 137 164 159 255
-0.1560575 0.5940026 -0.1927230 -0.8281428 0.0949329 -0.5524195 35 42 52 255
-0.0558608 0.9443621 -0.0869220 -0.9434153 0.0610624 0.3259429 105 117 134 255
-0.0435746 1.0051366 -0.2251837 -0.9472198 0.0081419 -0.3204814 71 84 103 255
0.1031313 1.4776872 0.0472830 0.8207865 -0.5407662 -0.1840692 167 81 71 255
0.0464597 1.4935619 -0.0773392 0.7340125 -0.0589034 -0.6765769 165 141 128 255
0.1375022 1.5662739 -0.0030968 0.9593152 -0.2064127 -0.1926343 128 150 144 255
0.0884333 1.8711400 0.1284794 0.8470272 0.5087892 0.1538775 183 102 97 255
0.1417179 1.7277303 0.0267435 0.9263903 0.2565575 -0.2756430 132 158 153 255
0.0389519 1.8985610 -0.0074236 0.6012033 0.5401863 -0.5888577 141 164 158 255
-0.2322409 1.5783466 0.0907407 -0.1075418 -0.9193665 0.3784178 155 67 59 255
-0.2069999 1.5702558 0.1527608 -0.3657260 -0.8560328 -0.3653111 155 66 57 255
-0.2575089 1.6127789 0.1347914 -0.8167136 -0.4450684 0.3672782 154 66 61 255
-0.2575089 1.6127789 0.1347914 -0.8167136 -0.4450684 0.3672782 154 66 61 255
-0.2290105 1.6228589 0.1429221 -0.6713754 -0.2167367 0.7087173 151 64 60 255
-0.2582695 1.6577905 0.1478377 -0.9123592 0.4045160 0.0629872 152 71 60 255
-0.0560524 1.3553739 0.0891493 -0.8342250 0.3086739 0.4569344 94 107 127 255
-0.0573859 1.3975115 0.1135462 -0.8194537 0.3503812 0.4535734 92 104 124 255
-0.0212770 1.4249347 0.0929759 -0.8029976 0.5470141 0.2365811 95 107 125 255
-0.0591104 1.2768934 0.1572160 -0.4778868 0.2346878 0.8464903 43 36 29 255
-0.0950096 1.2326701 0.1361292 -0.8335599 -0.2107618 0.5106442 184 94 87 255
-0.0513248 1.2252114 0.1686229 -0.4239667 -0.1330810 0.8958468 138 73 75 255
0.1238070 1.1284721 0.2560493 0.9847558 -0.1715143 -0.0289661 38 29 22 255
0.0905695 1.3705417 0.1503244 -0.0222403 -0.8439355 -0.5359834 145 163 156 255
0.1597159 1.3939518 0.1640711 0.3779410 0.1382128 -0.9154549 36 38 43 255
-0.2020086 1.5297356 0.1458818 -0.3157283 -0.2372154 0.9187190 130 156 150 255
-0.1957872 1.4638146 0.1031115 0.0186318 -0.9454159 0.3253332 33 37 43 255
-0.0405025 1.5675728 0.1574397 0.2619082 -0.7005529 0.6637995 35 36 43 255
0.0878048 1.0980996 0.2048314 0.5131785 -0.0922579 -0.8533090 44 32 24 255
0.0905695 1.3705417 0.1503244 -0.0222403 -0.8439355 -0.5359834 145 163 156 255
0.1238070 1.1284721 0.2560493 0.9847558 -0.1715143 -0.0289661 38 29 22 255
-0.0700669 1.4347728 0.0056907 -0.9355745 -0.0528806 0.3491474 57 68 84 255
-0.0085962 1.4725764 0.0773520 -0.1677251 -0.2177968 0.9614743 75 85 100 255
-0.0795398 1.5107110 0.0839953 0.1397087 -0.8946443 0.4243740 91 91 96 255
-0.1092023 1.3812078 -0.0207031 0.8557118 -0.3066148 0.4168269 179 93 80 255
-0.0931365 1.4361018 -0.0299020 -0.3164037 0.6462329 0.6944578 178 92 79 255
-0.1178471 1.3960196 0.0078879 0.8596476 -0.2993774 0.4139795 182 96 84 255
-0.0513248 1.2252114 0.1686229 -0.4239667 -0.1330810 0.8958468 138 73 75 255
0.0274804 1.2988634 0.1663370 -0.0483903 0.2402089 0.9695143 34 25 20 255
-0.0591104 1.2768934 0.1572160 -0.4778868 0.2346878 0.8464903 43 36 29 255
0.1372831 0.0073264 0.0245768 0.5799730 -0.7868152 -0.2110757 39 28 21 255
0.1318707 0.0166518 0.2676735 0.9005063 0.3606618 0.2429227 41 28 20 255
0.1267438 0.0000000 0.2447174 0.1183397 -0.9928260 0.0170976 40 29 21 255
-0.0795398 1.5107110 0.0839953 0.1397087 -0.8946443 0.4243740 91 91 96 255
-0.1740968 1.5077897 0.0183801 -0.3592153 -0.6150228 -0.7019340 183 94 84 255
-0.1052010 1.5277464 0.0246693 -0.5234986 -0.4580412 -0.7184341 181 93 82 255
0.0893543 1.1737760 0.3125239 0.4125327 0.1149157 0.9036654 106 71 73 255
0.1597159 1.3939518 0.1640711 0.3779410 0.1382128 -0.9154549 36 38 43 255
0.1384115 1.4164572 0.2038808 0.6190975 0.5476186 0.5628784 90 110 108 255
-0.0349646 0.5349317 -0.0775661 0.7506034 0.0097438 0.6606811 63 71 69 255
0.1969659 0.8678487 -0.1737019 0.7490929 -0.6358134 -0.1860139 85 79 72 255
0.0979414 0.8027739 -0.0744447 0.6949846 -0.3466326 0.6299542 89 84 80 255
0.1851761 1.0004568 -0.2370542 -0.7910054 -0.3288077 0.5159419 67 59 54 255
0.1854141 0.9859033 -0.2463132 -0.7793130 -0.2826294 0.5592780 73 59 54 255
0.2080936 0.9546565 -0.2309994 -0.7674617 -0.3849320 0.5126694 78 66 61 255
0.0274804 1.2988634 0.1663370 -0.0483903 0.2402089 0.9695143 34 25 20 255
-0.0513248 1.2252114 0.1686229 -0.4239667 -0.1330810 0.8958468 138 73 75 255
0.0121722 1.2070643 0.1920605 0.0293448 -0.2239352 0.9741622 186 98 87 255
-0.0733078 1.3808864 0.0868056 0.3488787 -0.1850451 -0.9187175 67 34 24 255
-0.0573859 1.3975115 0.1135462 -0.7916154 0.3484910 0.5018955 40 30 23 255
-0.0560524 1.3553739 0.0891493 0.0332325 -0.0658920 -0.9972732 85 36 28 255
-0.1733172 1.1404743 -0.1376256 -0.0198421 -0.0616825 0.9978985 46 31 21 255
-0.0825751 1.3525515 -0.1357242 0.5851054 -0.2485569 0.7719270 32 26 23 255
-0.1693338 1.3552508 -0.1224283 -0.5965451 0.1161473 0.7941308 82 30 36 255
-0.0501781 1.0854499 -0.0323152 -0.8813409 -0.2502059 0.4007931 109 118 131 255
-0.0220723 1.0861748 0.0080622 -0.7667117 -0.2033375 0.6089393 92 103 117 255
-0.0999057 1.1643562 -0.0772161 -0.7473727 -0.6167901 0.2469902 95 105 120 255
-0.0418973 1.1094810 0.0718019 0.3596292 0.1108882 -0.9264829 33 47 64 255
-0.0687389 1.2014056 0.1128794 0.4075254 0.3599024 -0.8392814 129 156 151 255
-0.0011201 1.1337595 0.1112424 0.2044824 0.2102445 -0.9560252 33 46 64 255
-0.0212770 1.4249347 0.0929759 -0.8029976 0.5470141 0.2365811 95 107 125 255
-0.0625060 1.4176240 0.1358079 -0.6264687 0.7607065 0.1698901 86 97 118 255
0.0282063 1.4758630 0.0840245 -0.4752710 0.8145264 0.3326625 117 119 125 255
0.0192561 0.3001371 0.0437557 -0.8545924 -0.1706395 -0.4904630 189 99 91 255
0.0553496 0.1152460 0.0810914 -0.9986290 -0.0291610 -0.0434707 190 102 96 255
0.0358722 0.2970536 0.1149358 -0.6317281 -0.1210320 0.7656832 183 96 85 255
-0.1624907 1.2607751 -0.0185172 0.8262637 -0.3577011 0.4351302 180 91 80 255
-0.1092023 1.3812078 -0.0207031 0.8557118 -0.3066148 0.4168269 179 93 80 255
-0.1178471 1.3960196 0.0078879 0.8596476 -0.2993774 0.4139795 182 96 84 255
-0.1192018 0.5223504 -0.0471968 -0.3455643 -0.0890851 0.9341569 52 62 78 255
0.0195296 0.2474307 -0.0516715 0.1751900 0.0292251 0.9841008 98 110 125 255
-0.0349646 0.5349317 -0.0775661 0.7209376 -0.0758501 0.6888367 59 69 87 255
-0.1899234 1.2429373 -0.0648214 -0.9872714 -0.1511108 -0.0496056 60 66 78 255
-0.1429857 1.1351895 -0.0799529 -0.8668928 -0.4965414 0.0440861 50 51 57 255
-0.1787436 1.2185787 -0.0159932 -0.8270173 -0.3234030 0.4598400 91 91 103 255
-0.0901253 1.2403178 0.1183471 -0.2647419 -0.0449999 -0.9632688 131 160 155 255
-0.0733078 1.3808864 0.0868056 0.3488787 -0.1850451 -0.9187175 67 34 24 255
-0.0654531 1.2825837 0.1220913 0.1615332 -0.1260173 -0.9787885 128 155 152 255
-0.0901253 1.2403178 0.1183471 -0.2598053 -0.0344357 -0.9650469 41 32 25 255
-0.0418973 1.1094810 0.0718019 -0.6955123 -0.2396722 0.6773626 186 97 86 255
-0.0950096 1.2326701 0.1361292 -0.8335599 -0.2107618 0.5106442 184 94 87 255
-0.0654531 1.2825837 0.1220913 0.1615332 -0.1260173 -0.9787885 128 155 152 255
-0.0687389 1.2014056 0.1128794 0.4075254 0.3599024 -0.8392814 129 156 151 255
-0.0901253 1.2403178 0.1183471 -0.2647419 -0.0449999 -0.9632688 131 160 155 255
-0.1848443 1.8425890 0.1997062 -0.8162711 0.2602348 0.5157319 168 86 73 255
-0.1278502 1.8258767 0.2442252 0.0518340 0.3476425 0.9361933 174 86 75 255
-0.1741453 1.8636131 0.1655240 -0.2050273 0.9345948 0.2906828 177 91 78 255
-0.2297753 0.7854554 -0.0778202 0.9668992 -0.2544484 0.0190307 138 163 157 255
-0.2479310 0.7741561 -0.0537747 -0.0402526 -0.8922768 -0.4496908 139 163 157 255
-0.2962614 0.7756805 -0.1018213 0.2329083 -0.9359863 -0.2639757 135 161 155 255
-0.1288464 0.9294957 -0.1190744 -0.9982092 0.0028915 0.0597476 184 95 86 255
-0.1129396 0.9873229 -0.1974957 -0.9143369 0.0442572 -0.4025286 186 99 87 255
-0.0947757 0.9464005 -0.2153277 -0.8031326 -0.2502919 -0.5406774 184 95 83 255
-0.1690971 1.2991314 -0.1025905 -0.8195972 0.3974255 -0.4126906 25 19 20 255
-0.1242607 1.3681000 -0.0896364 -0.8926343 -0.0044298 -0.4507597 120 131 136 255
-0.1180226 1.2925537 -0.1679487 -0.4544246 0.4205809 -0.7852452 56 58 72 255
0.0855417 1.2670956 0.1644992 0.4617066 0.0000022 0.8870327 34 27 22 255
0.1843672 1.1719774 0.0804721 0.7574569 0.1220674 0.6413726 163 79 71 255
0.1799040 1.3521854 0.1034917 -0.6077967 0.7703455 0.1927458 104 59 53 255
-0.1180226 1.2925537 -0.1679487 -0.4544246 0.4205809 -0.7852452 56 58 72 255
-0.1242607 1.3681000 -0.0896364 -0.8926343 -0.0044298 -0.4507597 120 131 136 255
0.0244470 1.3529066 -0.2021710 -0.4539959 0.0573117 -0.8891587 88 97 112 255
0.0328989 1.1215348 0.1329755 0.2085959 -0.2072101 0.9557990 187 100 90 255
0.0855417 1.2670956 0.1644992 0.4617066 0.0000022 0.8870327 34 27 22 255
0.0121722 1.2070643 0.1920605 0.0293448 -0.2239352 0.9741622 186 98 87 255
0.0134063 1.3800784 0.1527615 0.1167154 -0.0329550 0.9926186 83 84 82 255
0.0855417 1.2670956 0.1644992 0.4617066 0.0000022 0.8870327 34 27 22 255
0.1799040 1.3521854 0.1034917 -0.6077967 0.7703455 0.1927458 104 59 53 255
0.1576314 0.1830133 0.0906688 -0.7463809 -0.4061621 -0.5272077 77 87 101 255
0.1456840 0.1820904 -0.0106091 -0.7388536 -0.4033445 0.5398225 99 109 122 255
0.1858625 0.1902943 0.0536712 0.9553025 -0.1807219 0.2339588 72 83 97 255
-0.0129790 0.9787984 0.3028112 -0.5570468 0.0743299 0.8271480 133 158 154 255
0.0893543 1.1737760 0.3125239 0.4125327 0.1149157 0.9036654 106 71 73 255
0.0190585 1.1729442 0.2790979 -0.6362757 0.2924818 0.7138679 66 75 78 255
0.0790536 0.9884399 -0.2793190 0.0134275 -0.5436909 0.8391782 43 40 40 255
0.1209390 0.9523262 -0.3032515 -0.2773816 -0.4001434 0.8734671 48 45 45 255
0.1722243 1.0034282 -0.2560771 -0.3836304 -0.5103170 0.7696782 80 94 113 255
-0.0420208 0.9804144 0.2320571 -0.9281465 0.1724106 -0.3298768 137 162 157 255
-0.0129790 0.9787984 0.3028112 -0.5570468 0.0743299 0.8271480 133 158 154 255
0.0190585 1.1729442 0.2790979 -0.6362757 0.2924818 0.7138679 66 75 78 255
0.0871334 0.3142891 0.0069903 0.1500202 -0.0428609 -0.9877535 191 92 87 255
0.0944183 0.0956738 0.0173619 0.0480354 -0.0530270 -0.9974371 126 101 95 255
0.0192561 0.3001371 0.0437557 -0.8545924 -0.1706395 -0.4904630 189 99 91 255
-0.2143674 1.6004705 0.1718917 -0.4331076 0.0507338 0.8999133 162 73 69 255
-0.2290105 1.6228589 0.1429221 -0.6713754 -0.2167367 0.7087173 151 64 60 255
-0.2575089 1.6127789 0.1347914 -0.8167136 -0.4450684 0.3672782 154 66 61 255
0.0177515 0.1894515 -0.0531972 0.1160464 -0.4757203 0.8719079 118 138 136 255
0.1070523 0.2137097 -0.1211598 0.9391983 -0.2236171 0.2605803 109 117 113 255
0.0886252 0.2646895 -0.1023011 0.8495043 0.2927786 0.4388887 121 143 137 255
-0.0164075 0.9560326 -0.0137062 -0.7308478 -0.3725879 0.5718739 121 129 141 255
0.0365887 0.9706026 0.0529017 -0.8264331 0.0067170 0.5629948 105 114 128 255
-0.0220723 1.0861748 0.0080622 -0.7667117 -0.2033375 0.6089393 92 103 117 255
0.0291791 1.8727686 0.2021692 0.3185009 0.4405935 0.8393060 187 94 87 255
0.0651186 1.6507221 0.2140287 0.4457035 -0.0189922 0.8949791 166 85 72 255
0.1381869 1.6692011 0.1466822 0.9100795 0.0180332 0.4140411 179 91 78 255
-0.1900057 1.7040421 -0.0070296 -0.7929844 -0.0783074 -0.6041884 101 128 124 255
-0.2468244 1.8017908 0.0564424 -0.9122229 0.0338653 -0.4082924 50 37 29 255
-0.1616893 1.7444042 -0.0421776 -0.5681152 0.3253650 -0.7558987 128 152 148 255
-0.2169249 1.6532503 0.0715705 -0.9400208 0.2288836 -0.2529289 137 162 157 255
-0.2260503 1.6881607 0.1370412 -0.7753749 0.1784130 0.6057744 126 152 149 255
-0.2143086 1.7002457 0.1146164 -0.9870797 -0.1597947 -0.0117977 120 147 143 255
0.0820463 0.9588836 0.2341720 0.8553088 -0.2815706 -0.4349311 49 34 26 255
0.0472143 1.0851328 0.1894846 -0.0580030 0.0932834 -0.9939486 44 31 22 255
0.0878048 1.0980996 0.2048314 0.5131785 -0.0922579 -0.8533090 44 32 24 255
0.0238543 0.9672613 0.1898227 0.0021207 -0.0856587 -0.9963223 39 27 21 255
0.0472143 1.0851328 0.1894846 -0.0580030 0.0932834 -0.9939486 44 31 22 255
0.0820463 0.9588836 0.2341720 0.8553088 -0.2815706 -0.4349311 49 34 26 255
-0.0494490 1.0986075 -0.2359997 -0.5089858 0.3000243 -0.8067954 183 95 84 255
-0.0746200 1.1666869 -0.1968501 -0.6508954 0.1046045 -0.7519263 109 66 71 255
0.0028272 1.1718744 -0.2383638 -0.2178149 0.2586084 -0.9411049 181 94 86 255
0.3013840 0.9429463 -0.0325358 0.1546201 -0.9875177 0.0300240 161 78 66 255
0.2992365 1.0195844 -0.0966738 0.8747249 0.3356026 -0.3496100 69 68 70 255
0.2979152 0.9967815 0.0415014 0.8562886 0.2050113 0.4740680 169 86 78 255
0.1154716 1.1562114 0.1201229 0.3500225 -0.0279567 0.9363239 183 94 84 255
0.1564608 1.0899490 0.1191383 0.5137187 0.2320065 0.8259938 185 95 85 255
0.1843672 1.1719774 0.0804721 0.7574569 0.1220674 0.6413726 163 79 71 255
0.0903480 0.0080576 -0.1611303 0.5687125 -0.6541775 -0.4986160 186 99 92 255
0.0585012 0.0957808 -0.1386095 0.5814943 0.0475810 0.8121579 184 95 90 255
0.0435724 0.0110841 -0.1160819 0.0685922 0.2424349 0.9677399 186 98 90 255
-0.2169249 1.6532503 0.0715705 -0.9400208 0.2288836 -0.2529289 137 162 157 255
-0.2143086 1.7002457 0.1146164 -0.9870797 -0.1597947 -0.0117977 120 147 143 255
-0.2338036 1.7424031 0.0503031 -0.9646389 -0.1839793 -0.1887408 109 134 130 255
0.1029549 0.9786101 0.1348698 0.0975484 -0.1317757 -0.9864681 62 63 79 255
0.1597850 0.9815877 0.1126821 -0.5546079 -0.2143487 -0.8040304 48 57 73 255
0.1563962 0.9349944 0.1127905 -0.3037620 -0.4948786 -0.8141398 59 59 72 255
-0.0795555 1.1845041 -0.1428975 -0.8236254 -0.4657677 -0.3235764 90 100 116 255
-0.0710578 1.0908043 -0.1085260 -0.9787551 -0.1936942 -0.0672390 119 127 138 255
-0.0999057 1.1643562 -0.0772161 -0.7473727 -0.6167901 0.2469902 95 105 120 255
0.1875610 0.9871934 0.1309265 0.4635820 0.0463491 0.8848410 176 87 77 255
0.1068833 1.0789502 0.1447846 0.1582810 0.1743617 0.9718772 186 96 87 255
0.0869520 0.9665249 0.1597053 -0.0584821 0.0110635 0.9982271 182 92 81 255
-0.2575089 1.6127789 0.1347914 -0.8167094 -0.4450966 0.3672529 137 164 159 255
-0.2582695 1.6577905 0.1478377 -0.9123647 0.4045070 0.0629678 137 162 158 255
-0.2532644 1.6071500 0.0827787 -0.9509992 0.0966321 -0.2937052 138 165 159 255
3 0 1 2
3 3 4 5
3 6 7 8
3 9 10 11
3 12 13 14
3 15 16 17
3 18 19 20
3 21 22 23
3 24 25 26
3 27 28 29
3 30 31 32
3 33 34 35
3 36 37 38
3 39 40 41
3 42 43 44
3 45 46 47
3 48 49 50
3 51 52 53
3 54 55 56
3 57 58 59
3 60 61 62
3 63 64 65
3 66 67 68
3 69 70 71
3 72 73 74
3 75 76 77
3 78 79 80
3 81 82 83
3 84 85 86
3 87 88 89
3 90 91 92
3 93 94 95
3 96 97 98
3 99 100 101
3 102 103 104
3 105 106 107
3 108 109 110
3 111 112 113
3 114 115 116
3 117 118 119
3 120 121 122
3 123 124 125
3 126 127 128
3 129 130 131
3 132 133 134
3 135 136 137
3 138 139 140
3 141 142 143
3 144 145 146
3 147 148 149
3 150 151 152
3 153 154 155
3 156 157 158
3 159 160 161
3 162 163 164
3 165 166 167
3 168 169 170
3 171 172 173
3 174 175 176
3 177 178 179
3 180 181 182
3 183 184 185
3 186 187 188
3 189 190 191
3 192 193 194
3 195 196 197
3 198 199 200
3 201 202 203
3 204 205 206
3 207 208 209
3 210 211 212
3 213 214 215
3 216 217 218
3 219 220 221
3 222 223 224
3 225 226 227
3 228 229 230
3 231 232 233
3 234 235 236
3 237 238 239
3 240 241 242
3 243 244 245
3 246 247 248
3 249 250 251
3 252 253 254
3 255 256 257
3 258 259 260
3 261 262 263
3 264 265 266
3 267 268 269
3 270 271 272
3 273 274 275
3 276 277 278
3 279 280 281
3 282 283 284
3 285 286 287
3 288 289 290
3 291 292 293
3 294 295 296
3 297 298 299
3 300 301 302
3 303 304 305
3 306 307 308
3 309 310 311
3 312 313 314
3 315 316 317
3 318 319 320
3 321 322 323
3 324 325 326
3 327 328 329
3 330 331 332
3 333 334 335
3 336 337 338
3 339 340 341
3 342 343 344
3 345 346 347
3 348 349 350
3 351 352 353
3 354 355 356
3 357 358 359
3 360 361 362
3 363 364 365
3 366 367 368
3 369 370 371
3 372 373 374
3 375 376 377
3 378 379 380
3 381 382 383
3 384 385 386
3 387 388 389
3 390 391 392
3 393 394 395
3 396 397 398
3 399 400 401
3 402 403 404
3 405 406 407
3 408 409 410
3 411 412 413
3 414 415 416
3 417 418 419
3 420 421 422
3 423 424 425
3 426 427 428
3 429 430 431
3 432 433 434
3 435 436 437
3 438 439 440
3 441 442 443
3 444 445 446
3 447 448 449
3 450 451 452
3 453 454 455
3 456 457 458
3 459 460 461
3 462 463 464
3 465 466 467
3 468 469 470
3 471 472 473
3 474 475 476
3 477 478 479
3 480 481 482
3 483 484 485
3 486 487 488
3 489 490 491
3 492 493 494
3 495 496 497
3 498 499 500
3 501 502 503
3 504 505 506
3 507 508 509
3 510 511 512
3 513 514 515
3 516 517 518
3 519 520 521
3 522 523 524
3 525 526 527
3 528 529 530
3 531 532 533
3 534 535 536
3 537 538 539
3 540 541 542
3 543 544 545
3 546 547 548
3 549 550 551
3 552 553 554
3 555 556 557
3 558 559 560
3 561 562 563
3 564 565 566
3 567 568 569
3 570 571 572
3 573 574 575
3 576 577 578
3 579 580 581
3 582 583 584
3 585 586 587
3 588 589 590
3 591 592 593
3 594 595 596
3 597 598 599
3 600 601 602
3 603 604 605
3 606 607 608
3 609 610 611
3 612 613 614
3 615 616 617
3 618 619 620
3 621 622 623
3 624 625 626
3 627 628 629
3 630 631 632
3 633 634 635
3 636 637 638
3 639 640 641
3 642 643 644
3 645 646 647
3 648 649 650
3 651 652 653
3 654 655 656
3 657 658 659
3 660 661 662
3 663 664 665
3 666 667 668
3 669 670 671
3 672 673 674
3 675 676 677
3 678 679 680
3 681 682 683
3 684 685 686
3 687 688 689
3 690 691 692
3 693 694 695
3 696 697 698
3 699 700 701
3 702 703 704
3 705 706 707
3 708 709 710
3 711 712 713
3 714 715 716
3 717 718 719
3 720 721 722
3 723 724 725
3 726 727 728
3 729 730 731
3 732 733 734
3 735 736 737
3 738 739 740
3 741 742 743
3 744 745 746
3 747 748 749
3 750 751 752
3 753 754 755
3 756 757 758
3 759 760 761
3 762 763 764
3 765 766 767
3 768 769 770
3 771 772 773
3 774 775 776
3 777 778 779
3 780 781 782
3 783 784 785
3 786 787 788
3 789 790 791
3 792 793 794
3 795 796 797
3 798 799 800
3 801 802 803
3 804 805 806
3 807 808 809
3 810 811 812
3 813 814 815
3 816 817 818
3 819 820 821
3 822 823 824
3 825 826 827
3 828 829 830
3 831 832 833
3 834 835 836
3 837 838 839
3 840 841 842
3 843 844 845
3 846 847 848
3 849 850 851
3 852 853 854
3 855 856 857
3 858 859 860
3 861 862 863
3 864 865 866
3 867 868 869
3 870 871 872
3 873 874 875
3 876 877 878
3 879 880 881
3 882 883 884
3 885 886 887
3 888 889 890
3 891 892 893
3 894 895 896
3 897 898 899
3 900 901 902
3 903 904 905
3 906 907 908
3 909 910 911
3 912 913 914
3 915 916 917
3 918 919 920
3 921 922 923
3 924 925 926
3 927 928 929
3 930 931 932
3 933 934 935
3 936 937 938
3 939 940 941
3 942 943 944
3 945 946 947
3 948 949 950
3 951 952 953
3 954 955 956
3 957 958 959
3 960 961 962
3 963 964 965
3 966 967 968
3 969 970 971
3 972 973 974
3 975 976 977
3 978 979 980
3 981 982 983
3 984 985 986
3 987 988 989
3 990 991 992
3 993 994 995
3 996 997 998
3 999 1000 1001
3 1002 1003 1004
3 1005 1006 1007
3 1008 1009 1010
3 1011 1012 1013
3 1014 1015 1016
3 1017 1018 1019
3 1020 1021 1022
3 1023 1024 1025
3 1026 1027 1028
3 1029 1030 1031
3 1032 1033 1034
3 1035 1036 1037
3 1038 1039 1040
3 1041 1042 1043
3 1044 1045 1046
3 1047 1048 1049
3 1050 1051 1052
3 1053 1054 1055
3 1056 1057 1058
3 1059 1060 1061
3 1062 1063 1064
3 1065 1066 1067
3 1068 1069 1070
3 1071 1072 1073
3 1074 1075 1076
3 1077 1078 1079
3 1080 1081 1082
3 1083 1084 1085
3 1086 1087 1088
3 1089 1090 1091
3 1092 1093 1094
3 1095 1096 1097
3 1098 1099 1100
3 1101 1102 1103
3 1104 1105 1106
3 1107 1108 1109
3 1110 1111 1112
3 1113 1114 1115
3 1116 1117 1118
3 1119 1120 1121
3 1122 1123 1124
3 1125 1126 1127
3 1128 1129 1130
3 1131 1132 1133
3 1134 1135 1136
3 1137 1138 1139
3 1140 1141 1142
3 1143 1144 1145
3 1146 1147 1148
3 1149 1150 1151
3 1152 1153 1154
3 1155 1156 1157
3 1158 1159 1160
3 1161 1162 1163
3 1164 1165 1166
3 1167 1168 1169
3 1170 1171 1172
3 1173 1174 1175
3 1176 1177 1178
3 1179 1180 1181
3 1182 1183 1184
3 1185 1186 1187
3 1188 1189 1190
3 1191 1192 1193
3 1194 1195 1196
3 1197 1198 1199
3 1200 1201 1202
3 1203 1204 1205
3 1206 1207 1208
3 1209 1210 1211
3 1212 1213 1214
3 1215 1216 1217
3 1218 1219 1220
3 1221 1222 1223
3 1224 1225 1226
3 1227 1228 1229
3 1230 1231 1232
3 1233 1234 1235
3 1236 1237 1238
3 1239 1240 1241
3 1242 1243 1244
3 1245 1246 1247
3 1248 1249 1250
3 1251 1252 1253
3 1254 1255 1256
3 1257 1258 1259
3 1260 1261 1262
3 1263 1264 1265
3 1266 1267 1268
3 1269 1270 1271
3 1272 1273 1274
3 1275 1276 1277
3 1278 1279 1280
3 1281 1282 1283
3 1284 1285 1286
3 1287 1288 1289
3 1290 1291 1292
3 1293 1294 1295
3 1296 1297 1298
3 1299 1300 1301
3 1302 1303 1304
3 1305 1306 1307
3 1308 1309 1310
3 1311 1312 1313
3 1314 1315 1316
3 1317 1318 1319
3 1320 1321 1322
3 1323 1324 1325
3 1326 1327 1328
3 1329 1330 1331
3 1332 1333 1334
3 1335 1336 1337
3 1338 1339 1340
3 1341 1342 1343
3 1344 1345 1346
3 1347 1348 1349
3 1350 1351 1352
3 1353 1354 1355
3 1356 1357 1358
3 1359 1360 1361
3 1362 1363 1364
3 1365 1366 1367
3 1368 1369 1370
3 1371 1372 1373
3 1374 1375 1376
3 1377 1378 1379
3 1380 1381 1382
3 1383 1384 1385
3 1386 1387 1388
3 1389 1390 1391
3 1392 1393 1394
3 1395 1396 1397
3 1398 1399 1400
3 1401 1402 1403
3 1404 1405 1406
3 1407 1408 1409
3 1410 1411 1412
3 1413 1414 1415
3 1416 1417 1418
3 1419 1420 1421
3 1422 1423 1424
3 1425 1426 1427
3 1428 1429 1430
3 1431 1432 1433
3 1434 1435 1436
3 1437 1438 1439
3 1440 1441 1442
3 1443 1444 1445
3 1446 1447 1448
3 1449 1450 1451
3 1452 1453 1454
3 1455 1456 1457
3 1458 1459 1460
3 1461 1462 1463
3 1464 1465 1466
3 1467 1468 1469
3 1470 1471 1472
3 1473 1474 1475
3 1476 1477 1478
3 1479 1480 1481
3 1482 1483 1484
3 1485 1486 1487
3 1488 1489 1490
3 1491 1492 1493
3 1494 1495 1496
3 1497 1498 1499
3 1500 1501 1502
3 1503 1504 1505
3 1506 1507 1508
3 1509 1510 1511
3 1512 1513 1514
3 1515 1516 1517
3 1518 1519 1520
3 1521 1522 1523
3 1524 1525 1526
3 1527 1528 1529
3 1530 1531 1532
3 1533 1534 1535
3 1536 1537 1538
3 1539 1540 1541
3 1542 1543 1544
3 1545 1546 1547
3 1548 1549 1550
3 1551 1552 1553
3 1554 1555 1556
3 1557 1558 1559
3 1560 1561 1562
3 1563 1564 1565
3 1566 1567 1568
3 1569 1570 1571
3 1572 1573 1574
3 1575 1576 1577
3 1578 1579 1580
3 1581 1582 1583
3 1584 1585 1586
3 1587 1588 1589
3 1590 1591 1592
3 1593 1594 1595
3 1596 1597 1598
3 1599 1600 1601
3 1602 1603 1604
3 1605 1606 1607
3 1608 1609 1610
3 1611 1612 1613
3 1614 1615 1616
3 1617 1618 1619
3 1620 1621 1622
3 1623 1624 1625
3 1626 1627 1628
3 1629 1630 1631
3 1632 1633 1634
3 1635 1636 1637
3 1638 1639 1640
3 1641 1642 1643
3 1644 1645 1646
3 1647 1648 1649
3 1650 1651 1652
3 1653 1654 1655
3 1656 1657 1658
3 1659 1660 1661
3 1662 1663 1664
3 1665 1666 1667
3 1668 1669 1670
3 1671 1672 1673
3 1674 1675 1676
3 1677 1678 1679
3 1680 1681 1682
3 1683 1684 1685
3 1686 1687 1688
3 1689 1690 1691
3 1692 1693 1694
3 1695 1696 1697
3 1698 1699 1700
3 1701 1702 1703
3 1704 1705 1706
3 1707 1708 1709
3 1710 1711 1712
3 1713 1714 1715
3 1716 1717 1718
3 1719 1720 1721
3 1722 1723 1724
3 1725 1726 1727
3 1728 1729 1730
3 1731 1732 1733
3 1734 1735 1736
3 1737 1738 1739
3 1740 1741 1742
3 1743 1744 1745
3 1746 1747 1748
3 1749 1750 1751
3 1752 1753 1754
3 1755 1756 1757
3 1758 1759 1760
3 1761 1762 1763
3 1764 1765 1766
3 1767 1768 1769
3 1770 1771 1772
3 1773 1774 1775
3 1776 1777 1778
3 1779 1780 1781
3 1782 1783 1784
3 1785 1786 1787
3 1788 1789 1790
3 1791 1792 1793
3 1794 1795 1796
3 1797 1798 1799
3 1800 1801 1802
3 1803 1804 1805
3 1806 1807 1808
3 1809 1810 1811
3 1812 1813 1814
3 1815 1816 1817
3 1818 1819 1820
3 1821 1822 1823
3 1824 1825 1826
3 1827 1828 1829
3 1830 1831 1832
3 1833 1834 1835
3 1836 1837 1838
3 1839 1840 1841
3 1842 1843 1844
3 1845 1846 1847
3 1848 1849 1850
3 1851 1852 1853
3 1854 1855 1856
3 1857 1858 1859
3 1860 1861 1862
3 1863 1864 1865
3 1866 1867 1868
3 1869 1870 1871
3 1872 1873 1874
3 1875 1876 1877
3 1878 1879 1880
3 1881 1882 1883
3 1884 1885 1886
3 1887 1888 1889
3 1890 1891 1892
3 1893 1894 1895
3 1896 1897 1898
3 1899 1900 1901
3 1902 1903 1904
3 1905 1906 1907
3 1908 1909 1910
3 1911 1912 1913
3 1914 1915 1916
3 1917 1918 1919
3 1920 1921 1922
3 1923 1924 1925
3 1926 1927 1928
3 1929 1930 1931
3 1932 1933 1934
3 1935 1936 1937
3 1938 1939 1940
3 1941 1942 1943
3 1944 1945 1946
3 1947 1948 1949
3 1950 1951 1952
3 1953 1954 1955
3 1956 1957 1958
3 1959 1960 1961
3 1962 1963 1964
3 1965 1966 1967
3 1968 1969 1970
3 1971 1972 1973
3 1974 1975 1976
3 1977 1978 1979
3 1980 1981 1982
3 1983 1984 1985
3 1986 1987 1988
3 1989 1990 1991
3 1992 1993 1994
3 1995 1996 1997
3 1998 1999 2000
3 2001 2002 2003
3 2004 2005 2006
3 2007 2008 2009
3 2010 2011 2012
3 2013 2014 2015
3 2016 2017 2018
3 2019 2020 2021
3 2022 2023 2024
3 2025 2026 2027
3 2028 2029 2030
3 2031 2032 2033
3 2034 2035 2036
3 2037 2038 2039
3 2040 2041 2042
3 2043 2044 2045
3 2046 2047 2048
3 2049 2050 2051
3 2052 2053 2054
3 2055 2056 2057
3 2058 2059 2060
3 2061 2062 2063
3 2064 2065 2066
3 2067 2068 2069
3 2070 2071 2072
3 2073 2074 2075
3 2076 2077 2078
3 2079 2080 2081
3 2082 2083 2084
3 2085 2086 2087
3 2088 2089 2090
3 2091 2092 2093
3 2094 2095 2096
3 2097 2098 2099
3 2100 2101 2102
3 2103 2104 2105
3 2106 2107 2108
3 2109 2110 2111
3 2112 2113 2114
3 2115 2116 2117
3 2118 2119 2120
3 2121 2122 2123
3 2124 2125 2126
3 2127 2128 2129
3 2130 2131 2132
3 2133 2134 2135
3 2136 2137 2138
3 2139 2140 2141
3 2142 2143 2144
3 2145 2146 2147
3 2148 2149 2150
3 2151 2152 2153
3 2154 2155 2156
3 2157 2158 2159
3 2160 2161 2162
3 2163 2164 2165
3 2166 2167 2168
3 2169 2170 2171
3 2172 2173 2174
3 2175 2176 2177
3 2178 2179 2180
3 2181 2182 2183
3 2184 2185 2186
3 2187 2188 2189
3 2190 2191 2192
3 2193 2194 2195
3 2196 2197 2198
3 2199 2200 2201
3 2202 2203 2204
3 2205 2206 2207
3 2208 2209 2210
3 2211 2212 2213
3 2214 2215 2216
3 2217 2218 2219
3 2220 2221 2222
3 2223 2224 2225
3 2226 2227 2228
3 2229 2230 2231
3 2232 2233 2234
3 2235 2236 2237
3 2238 2239 2240
3 2241 2242 2243
3 2244 2245 2246
3 2247 2248 2249
3 2250 2251 2252
3 2253 2254 2255
3 2256 2257 2258
3 2259 2260 2261
3 2262 2263 2264
3 2265 2266 2267
3 2268 2269 2270
3 2271 2272 2273
3 2274 2275 2276
3 2277 2278 2279
3 2280 2281 2282
3 2283 2284 2285
3 2286 2287 2288
3 2289 2290 2291
3 2292 2293 2294
3 2295 2296 2297
3 2298 2299 2300
3 2301 2302 2303
3 2304 2305 2306
3 2307 2308 2309
3 2310 2311 2312
3 2313 2314 2315
3 2316 2317 2318
3 2319 2320 2321
3 2322 2323 2324
3 2325 2326 2327
3 2328 2329 2330
3 2331 2332 2333
3 2334 2335 2336
3 2337 2338 2339
3 2340 2341 2342
3 2343 2344 2345
3 2346 2347 2348
3 2349 2350 2351
3 2352 2353 2354
3 2355 2356 2357
3 2358 2359 2360
3 2361 2362 2363
3 2364 2365 2366
3 2367 2368 2369
3 2370 2371 2372
3 2373 2374 2375
3 2376 2377 2378
3 2379 2380 2381
3 2382 2383 2384
3 2385 2386 2387
3 2388 2389 2390
3 2391 2392 2393
3 2394 2395 2396
3 2397 2398 2399
