ply
format ascii 1.0
comment Created for BetterNecromancy boss visual overlay; world Z remapped to Colony Y
element vertex 2400
property float x
property float y
property float z
property float nx
property float ny
property float nz
property uchar red
property uchar green
property uchar blue
property uchar alpha
element face 800
property list uchar uint vertex_indices
end_header
0.0131281 0.5235974 0.2428619 0.8405820 -0.4514596 -0.2993426 117 121 95 255
0.0162232 0.5612021 0.2581280 0.5574530 0.5434028 -0.6276621 152 155 124 255
0.0539847 0.5719830 0.2950839 0.0134346 0.3734171 -0.9275663 119 93 79 255
-0.1025844 1.3142436 -0.0165089 -0.8880392 0.4241239 0.1774976 46 51 70 255
-0.0209678 1.4312021 0.0447410 -0.7247837 0.4654205 -0.5080081 64 76 102 255
-0.0484814 1.3521292 -0.0418752 -0.3174339 0.7449777 -0.5867231 59 60 86 255
-0.1903349 0.5518031 -0.2190083 -0.4237964 -0.8106312 -0.4040714 128 130 106 255
-0.1705648 0.5661328 -0.2266039 -0.0278020 -0.4379486 -0.8985699 68 67 46 255
-0.1371191 0.5479559 -0.2040886 0.0243885 -0.9435568 -0.3303115 65 63 42 255
-0.1460989 1.6148510 0.2369889 -0.6800457 -0.2002004 -0.7053068 49 64 88 255
-0.1622395 1.6001186 0.2567331 -0.7377493 0.1968416 0.6457394 49 64 88 255
-0.1597489 1.6417514 0.2425145 -0.7750046 0.2329147 0.5874680 52 64 90 255
-0.1028414 1.3166939 0.0411605 -0.8501716 0.5164915 0.1021996 6 5 10 255
-0.0209678 1.4312021 0.0447410 -0.7129515 0.4681931 -0.5220107 66 77 97 255
-0.1025844 1.3142436 -0.0165089 -0.5770347 0.7624828 0.2926619 55 66 87 255
-0.1591180 1.1844547 -0.1381818 -0.7742683 0.5280654 -0.3487915 63 74 92 255
-0.1548827 1.0821693 -0.2515594 -0.5190763 0.3809094 -0.7651585 53 64 83 255
-0.1970494 1.0662592 -0.1928865 -0.9392558 0.3323765 -0.0855821 50 62 85 255
0.0096073 0.7044240 -0.0279621 -0.7946884 -0.3671259 0.4834138 65 76 103 255
-0.0159812 0.7844992 -0.0196010 -0.7894849 -0.4840032 0.3774312 43 50 66 255
-0.0399785 0.7825220 -0.1543549 -0.9375153 -0.1429651 -0.3172162 25 29 38 255
-0.2182688 1.6497283 0.1933392 -0.9004034 0.2964650 0.3184057 52 63 83 255
-0.1961489 1.6668094 0.1163126 -0.8863372 0.2661956 -0.3788749 46 57 75 255
-0.2168805 1.5834894 0.1274651 -0.8564717 -0.2249434 -0.4646039 25 28 40 255
0.1097203 1.6209117 0.0551888 0.6861174 -0.3695947 -0.6266121 42 43 47 255
0.0412274 1.6722052 -0.0228118 0.4448697 0.2724575 -0.8531460 39 46 60 255
0.1204099 1.7031986 0.0717787 0.8478671 0.3574550 -0.3915958 40 49 64 255
-0.0685709 0.7162194 -0.0957230 0.9906442 -0.1054445 -0.0866352 40 29 25 255
-0.0759785 0.7386046 -0.1775559 0.9354628 -0.3026507 0.1825158 35 25 24 255
-0.0605427 0.8060317 -0.1129476 0.9801819 -0.1980785 0.0029234 32 29 23 255
0.0373373 1.4770730 0.0866119 0.7902466 -0.3372557 -0.5116335 30 35 49 255
0.1097203 1.6209117 0.0551888 0.6861174 -0.3695947 -0.6266121 42 43 47 255
0.1272109 1.5981710 0.1355401 0.9350305 -0.3503931 -0.0542452 172 170 174 255
-0.1356040 1.7668712 0.0727671 -0.6797878 0.6094655 -0.4079712 40 53 73 255
-0.1142999 1.7802539 0.1600789 -0.5773369 0.7637611 0.2887056 23 23 25 255
-0.0912698 1.7987256 0.1143385 -0.1511029 0.9611822 -0.2308608 32 41 56 255
0.0154295 0.5939565 0.3267697 -0.0352764 -0.5080781 0.8605883 230 231 230 255
0.0095373 0.5925355 0.3013026 -0.4135413 0.5573518 -0.7199602 73 89 119 255
0.0184383 0.5491160 0.2810301 -0.4711294 -0.6872672 0.5529022 73 88 119 255
-0.0690124 1.2238828 0.0926064 -0.8059159 -0.0742270 0.5873584 11 11 13 255
-0.1044355 1.2090074 0.0662166 -0.7444443 -0.0079676 0.6676372 32 35 45 255
-0.1297699 1.1641464 0.0326523 -0.9383033 -0.0768842 0.3371586 28 27 31 255
-0.0392062 1.8016090 0.1994878 0.1426449 0.9547426 0.2609965 41 52 69 255
0.0477866 1.7903217 0.0994550 0.3249080 0.9417705 -0.0866208 42 50 69 255
-0.0643837 1.7974508 0.1814693 -0.2158009 0.9280639 0.3035249 44 55 73 255
0.0523085 0.5913375 0.2807249 -0.1623004 0.2316204 -0.9591718 61 47 43 255
0.0539847 0.5719830 0.2950839 0.0134739 0.3734027 -0.9275715 119 93 79 255
0.0162232 0.5612021 0.2581280 0.5574399 0.5434679 -0.6276174 152 155 124 255
0.0477119 0.1425749 -0.3167058 0.7683844 0.3441600 -0.5395733 3 3 4 255
0.0072511 0.4254179 -0.1698002 0.9223638 0.2557312 -0.2895628 68 83 113 255
0.0634626 0.1396820 -0.2940360 0.9990249 0.0419572 -0.0137385 17 20 26 255
0.0384431 1.3884826 0.1482710 0.2466172 0.2590860 0.9338385 45 56 74 255
0.0062959 1.4072964 0.1688226 0.5378652 -0.6228395 0.5681303 49 60 80 255
-0.0088175 1.3476926 0.1424197 -0.6222364 -0.0231714 0.7824864 50 61 81 255
0.1556726 1.1658386 0.1087064 -0.4889290 -0.2308278 -0.8412295 49 59 79 255
0.0529020 1.1452893 0.2042099 -0.9050750 -0.1238919 -0.4068047 43 54 72 255
0.1006333 1.2575530 0.1554679 -0.6868140 0.0261185 -0.7263638 44 52 71 255
-0.0127602 0.5482792 0.1992999 -0.8235253 0.4814391 0.3000374 131 129 105 255
0.0131281 0.5235974 0.2428619 -0.9312516 -0.0680676 0.3579628 136 137 108 255
0.0162232 0.5612021 0.2581280 -0.9426070 -0.1454778 0.3005465 98 99 81 255
0.0517030 1.4813217 0.1346327 0.8515905 -0.4617529 0.2481486 18 19 24 255
0.1272109 1.5981710 0.1355401 0.9350305 -0.3503931 -0.0542452 172 170 174 255
0.0906305 1.5786449 0.1937543 0.7971721 -0.4271674 0.4266667 17 16 20 255
-0.0126745 0.9728090 0.0773815 -0.0053168 -0.4615400 0.8871033 92 90 85 255
0.0022791 1.0291308 0.1111873 -0.7272502 -0.4073713 0.5524091 81 81 86 255
-0.0355501 1.0614306 0.1153795 -0.8221203 -0.2402610 0.5161327 106 107 117 255
-0.0426192 0.5703104 0.2861723 -0.4793655 0.7218191 -0.4991853 177 176 154 255
0.0095373 0.5925355 0.3013026 -0.4135832 0.5573278 -0.7199547 152 155 124 255
-0.0195826 0.5770120 0.2694839 -0.4032966 0.8934069 -0.1979295 136 137 99 255
0.0131281 0.5235974 0.2428619 0.8406392 -0.4513418 -0.2993595 117 121 95 255
-0.0127602 0.5482792 0.1992999 0.1706481 -0.8103495 -0.5605469 110 114 83 255
0.0151352 0.5544496 0.1988720 0.8235692 -0.4813735 -0.3000221 124 122 97 255
-0.0383053 1.5898107 0.3149813 0.4821112 -0.1625179 0.8609046 99 97 70 255
0.0386894 1.5529323 0.2217234 0.4718086 -0.4053993 0.7829739 50 61 79 255
0.0683505 1.6276382 0.2218491 0.6320038 -0.1059470 0.7676889 66 64 39 255
0.0597818 0.5359904 -0.0057255 -0.7501858 -0.1935574 -0.6322633 41 39 42 255
0.0715074 0.6758625 0.0039538 -0.9306860 -0.0162426 0.3654584 47 45 46 255
0.0648322 0.6571354 -0.0536250 -0.4982904 -0.7534400 -0.4289929 48 44 45 255
0.0913912 1.7627543 0.1454180 0.7462467 0.6186641 0.2457041 38 46 64 255
0.0213756 1.7711648 0.2307173 0.4404381 0.7613612 0.4757557 41 50 67 255
0.0638071 1.7039433 0.2342757 0.5954522 0.2436449 0.7655546 25 32 43 255
-0.0364845 0.5335115 0.2345592 -0.8023599 -0.5269173 0.2803153 137 139 101 255
-0.0426192 0.5703104 0.2861723 -0.4793655 0.7218191 -0.4991853 177 176 154 255
-0.0327811 0.5569540 0.2269248 -0.8160322 0.5198396 -0.2527016 154 131 98 255
0.0906305 1.5786449 0.1937543 0.7931852 -0.4337367 0.4274689 54 65 86 255
0.0621821 1.5510882 0.2289344 0.5234469 -0.8228263 -0.2212697 55 66 87 255
0.0386894 1.5529323 0.2217234 0.4688079 -0.4133997 0.7805893 57 70 89 255
0.0293312 0.5429968 0.2106093 0.3329173 -0.9349165 0.1228709 122 125 101 255
0.0494703 0.5558663 0.1847378 0.5026615 -0.8636338 -0.0383146 78 75 53 255
0.0832144 0.5712863 0.2798628 0.3284281 -0.9346458 0.1362797 81 84 102 255
0.0657255 0.5904940 0.1974078 -0.4976474 0.6676490 0.5537076 76 73 63 255
0.1002381 0.5722495 0.2504359 -0.5987182 0.7836254 -0.1657346 60 58 63 255
0.0882873 0.5908153 0.1901203 0.0766278 0.9571059 0.2794218 145 144 122 255
-0.1970494 1.0662592 -0.1928865 -0.9392558 0.3323765 -0.0855821 50 62 85 255
-0.1548827 1.0821693 -0.2515594 -0.5190763 0.3809094 -0.7651585 53 64 83 255
-0.2378624 0.9217072 -0.2062894 -0.8062005 0.2507136 -0.5358950 66 77 97 255
0.0521530 0.7942433 0.0696427 -0.3749565 -0.5384039 0.7546713 35 41 56 255
0.0109391 0.7840053 0.0418612 -0.6801950 -0.4884462 0.5465850 44 53 70 255
0.0881939 0.7768980 0.0751745 -0.4453010 -0.5303966 0.7213781 32 36 48 255
0.0545842 0.3585414 0.1215988 -0.4215567 -0.0911253 0.9022118 74 90 124 255
0.0611164 0.3058503 0.1137680 -0.7812838 -0.3996194 0.4794788 70 86 120 255
0.0748716 0.3108574 0.1437746 -0.2836141 -0.1526489 0.9467108 70 85 119 255
0.0154295 0.5939565 0.3267697 -0.0351953 -0.5080357 0.8606167 230 231 230 255
-0.0105352 0.5505694 0.2786111 0.6277967 -0.7632973 0.1524750 52 65 88 255
0.0095373 0.5925355 0.3013026 0.9216817 -0.3356563 -0.1945192 73 88 117 255
0.1779106 0.7697868 0.0574106 -0.4762942 -0.2836098 -0.8322915 47 55 69 255
0.1584369 0.6997873 0.0914344 -0.1940504 -0.2965467 -0.9350960 92 88 79 255
0.1409681 0.7699834 0.0749520 -0.0062545 -0.1552477 -0.9878557 84 75 64 255
-0.0872433 1.0095896 -0.0847038 -0.9610099 -0.0872666 -0.2623827 205 204 204 255
-0.1226480 1.1407909 -0.0407189 -0.8627019 0.0919915 -0.4972757 9 8 15 255
-0.0437338 0.9674922 -0.1456426 -0.5795613 0.1691722 -0.7971759 124 116 109 255
0.0839350 0.5914053 0.2729193 0.0968114 0.7208762 -0.6862689 152 119 112 255
0.0523085 0.5913375 0.2807249 -0.1623004 0.2316204 -0.9591718 61 47 43 255
0.1195971 0.5838696 0.2800392 0.0614975 0.3160166 -0.9467585 18 14 11 255
0.1337022 0.2084433 0.0408388 -0.1603268 -0.0739154 -0.9842926 70 88 125 255
0.2062698 0.1445585 0.0154179 -0.5643148 -0.7647563 0.3109610 72 90 126 255
0.1942913 0.1655327 0.0452625 -0.5261609 -0.5071918 -0.6825768 65 87 124 255
0.1005123 1.5896342 0.2315181 -0.2173814 0.1072971 0.9701715 77 76 51 255
0.0386894 1.5529323 0.2217234 0.4718086 -0.4053993 0.7829739 50 61 79 255
0.0621821 1.5510882 0.2289344 -0.2721114 0.2076153 0.9396017 38 49 66 255
-0.2304892 0.7531841 -0.1444293 0.8815824 0.1508760 0.4472684 170 160 143 255
-0.2001487 0.6749002 -0.2415468 0.9949394 0.0628130 0.0784229 46 34 32 255
-0.2131545 0.7752518 -0.2008253 0.9915922 -0.0876612 -0.0951858 49 55 73 255
-0.0426192 0.5703104 0.2861723 -0.4793655 0.7218191 -0.4991853 177 176 154 255
-0.0185742 0.6171262 0.3194846 -0.3646909 0.0796665 -0.9277142 168 172 144 255
0.0095373 0.5925355 0.3013026 -0.4135832 0.5573278 -0.7199547 152 155 124 255
-0.0268533 0.6897729 0.3095456 -0.8215188 0.5491726 0.1533503 97 95 70 255
0.0535372 0.7642452 0.3442584 -0.9073703 0.2033024 0.3678958 167 32 38 255
0.0236276 0.7366696 0.3202471 -0.0774427 0.2919869 -0.9532819 156 32 37 255
-0.2001487 0.6749002 -0.2415468 0.9949394 0.0628130 0.0784229 46 34 32 255
-0.2304892 0.7531841 -0.1444293 0.8815824 0.1508760 0.4472684 170 160 143 255
-0.2259517 0.6785994 -0.1431793 0.9480839 -0.1587961 0.2755370 56 47 45 255
-0.0637865 1.3760786 0.1301371 -0.1400000 -0.9684598 0.2061197 63 69 85 255
-0.1002999 1.4207566 0.2833320 0.2947526 -0.6574977 0.6934102 27 22 25 255
-0.1988767 1.4187192 0.2104956 -0.6252778 -0.7273512 -0.2828214 64 75 93 255
0.2007686 0.2188655 0.0466179 0.6359373 0.2628989 -0.7255810 62 52 51 255
0.1197769 0.4224126 0.0902294 0.9966211 -0.0766670 -0.0294677 9 7 5 255
0.2235384 0.1958900 0.0879465 0.8809206 0.3630545 0.3035958 57 53 53 255
0.1197769 0.4224126 0.0902294 0.9966211 -0.0766670 -0.0294677 9 7 5 255
0.1020138 0.3971936 0.1448718 0.4689077 0.2723552 0.8402072 71 87 121 255
0.2235384 0.1958900 0.0879465 0.8809206 0.3630545 0.3035958 57 53 53 255
0.0293312 0.5429968 0.2106093 0.3329173 -0.9349165 0.1228709 122 125 101 255
0.0832144 0.5712863 0.2798628 0.3284281 -0.9346458 0.1362797 81 84 102 255
0.0539847 0.5719830 0.2950839 0.3007665 -0.5607513 0.7714256 108 114 135 255
-0.0383053 1.5898107 0.3149813 0.4821112 -0.1625179 0.8609046 99 97 70 255
-0.1076711 1.6511676 0.3144017 -0.4222536 0.3338744 0.8427513 136 138 111 255
-0.0863896 1.5988495 0.3067921 -0.4550450 -0.0735045 0.8874295 94 93 66 255
0.0545842 0.3585414 0.1215988 -0.4215567 -0.0911253 0.9022118 74 90 124 255
0.0255979 0.3846686 0.1369036 -0.7370799 0.1108430 0.6666537 65 79 107 255
0.0248016 0.3468985 0.0975481 -0.9314237 -0.2579440 -0.2567390 73 88 120 255
0.1558430 1.0428112 0.2787780 0.1438220 0.3251154 0.9346738 49 60 78 255
0.0681077 1.1734827 0.2514201 -0.3864070 0.2257983 0.8942621 51 62 82 255
0.0938931 1.0260239 0.2542328 -0.7266334 0.1638666 0.6671969 54 65 85 255
0.0005675 0.8285416 0.0419585 -0.5923172 -0.2118316 0.7773594 159 164 132 255
-0.0139729 1.0792226 0.1511716 -0.5384589 -0.2649973 0.7998989 51 65 87 255
0.0167645 0.9237378 0.0724581 -0.9907231 -0.0473589 -0.1273769 26 27 31 255
0.0494703 0.5558663 0.1847378 0.1664360 0.9127158 -0.3731608 34 29 34 255
0.0499468 0.5678029 0.2462922 -0.3221205 0.9148269 -0.2435777 51 61 80 255
0.0832144 0.5712863 0.2798628 -0.2194361 0.9180399 -0.3302280 25 30 41 255
0.0539699 1.4323559 0.1043416 0.7746056 0.5004312 0.3867231 55 67 91 255
0.0062959 1.4072964 0.1688226 0.5624982 -0.6245976 0.5417321 50 62 80 255
0.0384431 1.3884826 0.1482710 0.1974750 0.4276411 0.8821149 50 61 79 255
-0.0332151 0.9615450 0.0981535 -0.4415659 -0.3475901 0.8271643 122 120 94 255
-0.0458736 0.9228966 0.0626460 -0.1419861 -0.6223522 0.7697517 68 63 44 255
-0.0165663 0.9356955 0.0409843 -0.7683430 -0.4624887 0.4424399 108 101 80 255
0.0539847 0.5719830 0.2950839 0.0134739 0.3734027 -0.9275715 119 93 79 255
0.0499468 0.5678029 0.2462922 -0.3221231 0.9148169 -0.2436122 139 107 101 255
0.0293312 0.5429968 0.2106093 -0.9400328 0.3409984 -0.0076406 158 123 114 255
0.0721227 1.2973142 0.1969858 -0.1044357 0.7640206 0.6366833 86 91 118 255
0.0681077 1.1734827 0.2514201 -0.3864070 0.2257983 0.8942621 51 62 82 255
0.1558430 1.0428112 0.2787780 0.1438220 0.3251154 0.9346738 49 60 78 255
-0.0477355 1.7600838 0.2623228 -0.1793548 0.6989602 0.6923053 60 71 94 255
-0.1142999 1.7802539 0.1600789 -0.5773369 0.7637611 0.2887056 23 23 25 255
-0.1929616 1.7249681 0.1514522 -0.7610720 0.6000270 0.2464487 5 6 8 255
0.1005123 1.5896342 0.2315181 0.9693530 -0.0988736 -0.2248977 50 59 79 255
0.0621821 1.5510882 0.2289344 0.5234469 -0.8228263 -0.2212697 55 66 87 255
0.0906305 1.5786449 0.1937543 0.7931852 -0.4337367 0.4274689 54 65 86 255
-0.0505190 0.8360625 -0.0561291 -0.8607348 -0.0179256 0.5087378 75 39 40 255
-0.0165663 0.9356955 0.0409843 -0.7763107 -0.4274096 0.4633172 0 0 2 255
-0.0393783 0.9034399 -0.0282367 -0.9185051 -0.1377272 0.3706475 52 61 77 255
-0.0858225 0.4058836 -0.2022911 0.3930287 -0.1458682 0.9078827 34 34 37 255
-0.0795169 0.3157967 -0.2193824 0.3911568 -0.1449136 0.9088435 40 39 26 255
-0.0618651 0.3293994 -0.2265490 0.4598909 -0.1343375 0.8777549 21 22 17 255
-0.1831227 0.9196838 -0.1227075 0.0280200 0.0412187 0.9987571 43 35 23 255
-0.2346766 0.8376848 -0.1160952 -0.2482917 -0.0551579 0.9671137 164 165 135 255
-0.1851693 0.8595341 -0.1372577 0.5622919 -0.3697320 0.7396796 0 0 0 255
-0.0795169 0.3157967 -0.2193824 0.3911568 -0.1449136 0.9088435 40 39 26 255
-0.0858225 0.4058836 -0.2022911 0.3930287 -0.1458682 0.9078827 34 34 37 255
-0.0939844 0.3921397 -0.2026616 0.2348501 -0.1652927 0.9578747 34 34 37 255
-0.0426192 0.5703104 0.2861723 -0.4793655 0.7218191 -0.4991853 177 176 154 255
-0.0195826 0.5770120 0.2694839 -0.4032966 0.8934069 -0.1979295 136 137 99 255
-0.0327811 0.5569540 0.2269248 -0.8160322 0.5198396 -0.2527016 154 131 98 255
0.0339302 0.5749428 0.1985823 0.7164094 0.6838633 -0.1381611 57 53 55 255
0.0499468 0.5678029 0.2462922 -0.3221205 0.9148269 -0.2435777 51 61 80 255
0.0494703 0.5558663 0.1847378 0.1664360 0.9127158 -0.3731608 34 29 34 255
0.0636420 0.8122602 0.3623291 -0.4523111 0.3515731 0.8196408 188 193 166 255
0.1066284 0.8181951 0.3746251 0.1509514 0.3032920 0.9408653 166 172 136 255
0.0938931 1.0260239 0.2542328 -0.7634484 0.3762898 0.5249310 3 0 0 255
-0.1028414 1.3166939 0.0411605 -0.8524582 0.5151777 0.0889214 24 32 45 255
-0.1087320 1.2907643 0.0247198 -0.9843234 0.1740976 -0.0282424 41 55 74 255
-0.0915061 1.3149982 0.0679621 -0.8454056 0.2386936 0.4778228 31 40 55 255
-0.2360995 0.8301219 -0.2221617 -0.8640543 -0.0293294 -0.5025432 114 113 76 255
-0.2788693 0.8433230 -0.1775898 -0.9488694 0.1947081 -0.2484666 59 63 68 255
-0.2297658 0.8842154 -0.2208704 -0.7812988 0.1141922 -0.6136224 107 113 84 255
-0.0268533 0.6897729 0.3095456 -0.8215188 0.5491726 0.1533503 97 95 70 255
0.0236276 0.7366696 0.3202471 -0.0774427 0.2919869 -0.9532819 156 32 37 255
-0.0594200 0.6524059 0.2562839 -0.8514143 0.4950253 0.1733315 163 167 141 255
-0.0247338 0.7609328 -0.2388281 0.5579625 -0.4847033 0.6736027 112 115 91 255
0.0797690 0.7689558 -0.2747730 -0.0102050 -0.5793536 0.8150125 24 19 16 255
0.0255265 0.8216265 -0.2269627 0.3679056 -0.5403873 0.7567213 35 36 41 255
-0.0437338 0.9674922 -0.1456426 -0.5795613 0.1691722 -0.7971759 124 116 109 255
0.0965362 0.9298715 -0.2220889 0.1255523 0.4337860 -0.8922255 38 41 49 255
-0.0494544 0.8905332 -0.1723632 -0.6556369 0.2778340 -0.7021030 180 175 167 255
-0.2227901 0.6660904 -0.1225179 0.9906924 -0.0330869 -0.1320368 74 66 66 255
-0.1904252 0.6135088 -0.0924994 0.9875252 0.1567850 0.0145721 126 126 96 255
-0.2181987 0.6098800 -0.1125685 -0.4159510 -0.5363550 -0.7343760 106 111 76 255
-0.0152069 0.1102526 -0.2821678 -0.9560164 0.2741510 0.1042786 64 76 100 255
0.0127201 0.1330987 -0.3272403 -0.6578222 0.2423311 -0.7131238 0 0 0 255
-0.0449111 0.0872439 -0.2637852 -0.3990298 0.8946223 0.2010627 47 59 75 255
0.0523085 0.5913375 0.2807249 -0.1623004 0.2316204 -0.9591718 61 47 43 255
0.0499468 0.5678029 0.2462922 -0.3221231 0.9148169 -0.2436122 139 107 101 255
0.0539847 0.5719830 0.2950839 0.0134739 0.3734027 -0.9275715 119 93 79 255
-0.1176024 1.5651935 -0.0058709 -0.6063659 -0.4538112 -0.6529747 24 27 35 255
-0.1122415 1.6074288 0.0165159 -0.9106773 0.0538895 -0.4095887 10 11 13 255
-0.0844810 1.6020265 -0.0008112 -0.4126248 -0.2629436 -0.8721247 12 12 14 255
0.2354246 0.7490912 -0.1689306 -0.7294683 -0.6469512 0.2221038 60 70 87 255
0.2770814 0.7322610 -0.0678953 -0.9064412 -0.4131807 -0.0874418 55 65 84 255
0.2420757 0.7703123 -0.0852720 -0.7378250 -0.6197963 0.2673329 56 67 86 255
0.0496890 0.1168635 -0.2544419 0.7668099 -0.1463517 0.6249670 98 110 136 255
0.0634626 0.1396820 -0.2940360 0.9990249 0.0419572 -0.0137385 17 20 26 255
0.0072511 0.4254179 -0.1698002 0.9223638 0.2557312 -0.2895628 68 83 113 255
-0.1366951 0.0259065 -0.1975054 -0.0637595 -0.9916283 -0.1122860 57 67 92 255
0.0305948 0.0283968 -0.2558872 -0.0242487 -0.9924404 -0.1203082 30 36 48 255
-0.0722457 0.0056610 -0.0859252 -0.1098257 -0.9935190 -0.0292964 15 19 30 255
0.0162232 0.5612021 0.2581280 0.5574453 0.5435250 -0.6275632 8 7 12 255
0.0151352 0.5544496 0.1988720 -0.2163023 0.9704875 -0.1066176 17 16 14 255
-0.0127602 0.5482792 0.1992999 -0.8235995 0.4813277 0.3000128 28 28 16 255
-0.1593591 1.4870591 0.2012583 0.2665597 0.9611071 -0.0722428 15 16 20 255
-0.0943962 1.4795898 0.2088627 -0.4120595 0.8849571 0.2169282 20 20 26 255
-0.1123475 1.5005663 0.1683022 0.3519161 0.2826391 0.8923398 28 31 43 255
0.0535372 0.7642452 0.3442584 -0.8959439 0.2527436 0.3652466 174 184 157 255
0.0930914 0.7771031 0.3673056 0.2238380 -0.1716117 0.9593987 187 193 167 255
0.0636420 0.8122602 0.3623291 -0.4523111 0.3515731 0.8196408 188 193 166 255
0.1601689 0.8472871 0.1044260 0.5428237 0.0166823 0.8396810 48 39 39 255
0.1027871 0.9190820 0.1170393 0.0594647 -0.2479319 0.9669507 28 32 41 255
0.0937017 0.8369189 0.1119317 -0.2140575 -0.1014511 0.9715384 43 54 75 255
-0.0753074 1.0385755 0.0666858 -0.3493907 -0.1951265 0.9164342 158 162 137 255
-0.0741820 0.9704217 0.0547894 -0.9123970 -0.2969790 0.2816651 124 124 95 255
-0.0696161 1.2389573 0.1261114 -0.8111482 -0.0484352 0.5828316 58 72 101 255
0.0683505 1.6276382 0.2218491 0.6320226 -0.1059624 0.7676715 50 55 67 255
0.0906305 1.5786449 0.1937543 0.7971721 -0.4271674 0.4266667 17 16 20 255
0.1304439 1.6684407 0.1812683 0.9087095 0.1297620 0.3967480 48 59 77 255
0.0517030 1.4813217 0.1346327 0.8515905 -0.4617529 0.2481486 18 19 24 255
0.0373373 1.4770730 0.0866119 0.7902466 -0.3372557 -0.5116335 30 35 49 255
0.1272109 1.5981710 0.1355401 0.9350305 -0.3503931 -0.0542452 172 170 174 255
0.1584369 0.6997873 0.0914344 0.2714742 -0.1107568 0.9560516 37 37 46 255
0.0937017 0.8369189 0.1119317 -0.2170994 -0.0498249 0.9748771 63 76 95 255
0.0880436 0.6915830 0.0890492 -0.2655577 -0.1697601 0.9490314 33 34 39 255
-0.0247338 0.7609328 -0.2388281 -0.7850032 0.1575251 -0.5991291 125 129 94 255
-0.0759785 0.7386046 -0.1775559 -0.9555309 0.0901797 -0.2807638 136 140 107 255
-0.0494544 0.8905332 -0.1723632 -0.6556369 0.2778340 -0.7021030 180 175 167 255
-0.0570544 0.8182877 -0.0582899 -0.8740771 -0.3563598 0.3301467 47 52 65 255
-0.0399785 0.7825220 -0.1543549 -0.9375153 -0.1429651 -0.3172162 25 29 38 255
-0.0159812 0.7844992 -0.0196010 -0.7894849 -0.4840032 0.3774312 43 50 66 255
-0.1371191 0.5479559 -0.2040886 0.0243885 -0.9435568 -0.3303115 65 63 42 255
-0.1631228 0.5531094 -0.1888598 -0.4824280 -0.7407264 0.4675339 162 166 136 255
-0.1903349 0.5518031 -0.2190083 -0.4237964 -0.8106312 -0.4040714 128 130 106 255
0.0965362 0.9298715 -0.2220889 0.1255523 0.4337860 -0.8922255 38 41 49 255
-0.0247338 0.7609328 -0.2388281 -0.3601498 0.3446021 -0.8669150 125 129 94 255
-0.0494544 0.8905332 -0.1723632 -0.6556369 0.2778340 -0.7021030 180 175 167 255
-0.0594200 0.6524059 0.2562839 -0.8514143 0.4950253 0.1733315 163 167 141 255
-0.0434301 0.6350887 0.2809683 -0.6477475 -0.1892748 0.7379691 45 49 53 255
-0.0268533 0.6897729 0.3095456 -0.8215188 0.5491726 0.1533503 97 95 70 255
0.2086950 1.2636706 0.1348971 0.7648722 0.5463500 0.3412802 59 73 102 255
0.2048209 1.2632147 0.0735387 0.7527030 0.6345919 -0.1753035 63 78 111 255
0.0294735 1.2958042 -0.1326905 0.3283495 0.8377464 -0.4363112 141 144 113 255
-0.0594200 0.6524059 0.2562839 0.7182592 -0.2187664 -0.6604884 116 119 83 255
0.0236276 0.7366696 0.3202471 -0.1244773 0.3316866 -0.9351413 141 149 107 255
-0.0109760 0.6697047 0.3032361 0.4435219 -0.1267027 -0.8872625 151 157 119 255
-0.1725792 1.5515057 0.2106630 0.2091482 -0.9109643 0.3555294 34 34 38 255
-0.1220762 1.5436282 0.1721715 0.0795747 -0.8604788 0.5032336 17 19 24 255
-0.1046514 1.5521880 0.2513782 -0.4470451 -0.7411000 -0.5009209 11 12 16 255
0.0151352 0.5544496 0.1988720 0.8235692 -0.4813735 -0.3000221 124 122 97 255
0.0162232 0.5612021 0.2581280 0.5574127 0.5435672 -0.6275554 152 155 124 255
0.0131281 0.5235974 0.2428619 0.8406392 -0.4513418 -0.2993595 117 121 95 255
-0.2181987 0.6098800 -0.1125685 -0.4159510 -0.5363550 -0.7343760 106 111 76 255
-0.1904252 0.6135088 -0.0924994 0.9875252 0.1567850 0.0145721 126 126 96 255
-0.2141111 0.6079171 -0.0849458 -0.4968165 -0.2259606 0.8379232 134 137 89 255
0.0922952 0.6231998 -0.1491481 0.8654358 -0.3878154 0.3172066 128 131 105 255
0.0072511 0.4254179 -0.1698002 0.9371120 -0.2698808 -0.2213264 88 78 53 255
0.0738586 0.5992891 -0.2129847 0.5784019 -0.3410047 -0.7410581 138 142 115 255
0.0875002 0.4750354 0.1334237 0.0491619 0.2163518 0.9750769 54 66 90 255
0.1020138 0.3971936 0.1448718 0.4689077 0.2723552 0.8402072 71 87 121 255
0.1779106 0.7697868 0.0574106 0.7209024 0.0057608 0.6930127 28 26 19 255
0.0880436 0.6915830 0.0890492 0.0998114 -0.6332706 -0.7674673 61 52 52 255
0.0704426 0.7089961 0.0723921 0.3182682 -0.0364407 -0.9473001 68 58 57 255
0.1584369 0.6997873 0.0914344 -0.1940504 -0.2965467 -0.9350960 92 88 79 255
0.0881939 0.7768980 0.0751745 0.0657180 0.0224002 -0.9975868 73 60 58 255
0.0704426 0.7089961 0.0723921 0.3182682 -0.0364407 -0.9473001 68 58 57 255
0.0521530 0.7942433 0.0696427 0.3966898 0.0561840 -0.9162317 34 28 28 255
0.0184383 0.5491160 0.2810301 -0.4711294 -0.6872672 0.5529022 73 88 119 255
0.0095373 0.5925355 0.3013026 -0.4135413 0.5573518 -0.7199602 73 89 119 255
0.0162232 0.5612021 0.2581280 -0.9422905 -0.1474113 0.3005967 72 88 120 255
0.0715074 0.6758625 0.0039538 -0.8036703 -0.4307514 0.4105694 212 213 212 255
0.1409681 0.7699834 0.0749520 -0.2459981 -0.3240338 0.9135026 203 205 209 255
0.0881939 0.7768980 0.0751745 -0.4453010 -0.5303966 0.7213781 32 36 48 255
0.0154295 0.5939565 0.3267697 -0.0351953 -0.5080357 0.8606167 230 231 230 255
-0.0426192 0.5703104 0.2861723 -0.3472828 -0.6042628 0.7171201 53 49 57 255
-0.0105352 0.5505694 0.2786111 0.6277967 -0.7632973 0.1524750 52 65 88 255
-0.1988767 1.4187192 0.2104956 -0.6252778 -0.7273512 -0.2828214 64 75 93 255
-0.1821016 1.5048709 0.1718360 -0.8320111 -0.2779447 -0.4801085 42 53 71 255
-0.0923432 1.4684374 0.0748879 -0.6268602 -0.2942267 -0.7214409 46 52 68 255
0.0213756 1.7711648 0.2307173 0.4404381 0.7613612 0.4757557 41 50 67 255
0.0913912 1.7627543 0.1454180 0.7462467 0.6186641 0.2457041 38 46 64 255
0.0477866 1.7903217 0.0994550 0.3249080 0.9417705 -0.0866208 42 50 69 255
0.0539847 0.5719830 0.2950839 0.3007665 -0.5607513 0.7714256 108 114 135 255
0.0312067 0.6867440 0.3587898 0.0772283 -0.2417700 0.9672555 183 193 168 255
0.0154295 0.5939565 0.3267697 -0.0351953 -0.5080357 0.8606167 230 231 230 255
0.0768911 1.1559920 0.1940395 0.5068076 -0.1434491 0.8500402 123 129 95 255
0.0029997 1.1691036 0.1951066 -0.2979861 -0.1644899 0.9402910 81 97 129 255
0.1027871 0.9190820 0.1170393 0.0594647 -0.2479319 0.9669507 28 32 41 255
-0.0137161 0.1007721 -0.2249833 0.0630272 0.9267298 0.3704044 56 70 96 255
-0.0620381 0.0793921 -0.1939515 -0.2790467 0.9496010 0.1427967 59 69 94 255
0.0298855 0.0798576 -0.2524713 0.7678239 0.3077522 0.5619031 59 71 95 255
-0.0377712 0.0352316 -0.3277363 -0.0460428 -0.9902672 -0.1313427 61 70 92 255
0.0779862 0.0325702 -0.3292609 -0.0238382 -0.9972803 -0.0697390 28 28 37 255
0.0305948 0.0283968 -0.2558872 -0.0242487 -0.9924404 -0.1203082 30 36 48 255
0.1464617 0.7562750 0.2909418 0.7354971 -0.5199170 -0.4344311 88 85 47 255
0.1090629 0.7770484 0.2627050 -0.2642476 -0.4550090 -0.8503764 171 168 164 255
0.1559890 0.8887914 0.2154993 0.0727102 -0.3862457 -0.9195256 67 77 97 255
0.1197769 0.4224126 0.0902294 0.9966211 -0.0766670 -0.0294677 9 7 5 255
0.1005119 0.4182446 0.0413274 0.5434744 -0.1898936 -0.8176649 73 73 54 255
0.2056106 0.6030569 -0.0161811 0.9471503 -0.2980202 0.1187019 38 45 59 255
0.0539847 0.5719830 0.2950839 0.3007665 -0.5607513 0.7714256 108 114 135 255
0.0832144 0.5712863 0.2798628 0.3284281 -0.9346458 0.1362797 81 84 102 255
0.1195971 0.5838696 0.2800392 0.4683738 -0.3662102 0.8040621 141 143 126 255
-0.0753074 1.0385755 0.0666858 -0.9064995 -0.1907546 0.3766582 96 91 70 255
-0.0690124 1.2238828 0.0926064 -0.8059159 -0.0742270 0.5873584 11 11 13 255
-0.1297699 1.1641464 0.0326523 -0.9383033 -0.0768842 0.3371586 28 27 31 255
0.0095373 0.5925355 0.3013026 -0.4136385 0.5574420 -0.7198343 37 48 66 255
-0.0105352 0.5505694 0.2786111 0.6277934 -0.7633300 0.1523252 40 48 67 255
-0.0195826 0.5770120 0.2694839 0.8418443 0.1053595 -0.5293370 38 49 67 255
-0.0139729 1.0792226 0.1511716 -0.5384589 -0.2649973 0.7998989 51 65 87 255
-0.0464364 1.2034812 0.1309625 -0.5460589 -0.1134758 0.8300258 64 79 110 255
-0.0355501 1.0614306 0.1153795 -0.8221203 -0.2402610 0.5161327 106 107 117 255
-0.0109760 0.6697047 0.3032361 0.4435219 -0.1267027 -0.8872625 151 157 119 255
0.0160464 0.6845026 0.2957467 -0.2341910 0.0889693 -0.9681112 137 142 109 255
-0.0185742 0.6171262 0.3194846 -0.3646909 0.0796665 -0.9277142 168 172 144 255
-0.0449111 0.0872439 -0.2637852 -0.3990298 0.8946223 0.2010627 47 59 75 255
-0.0027875 0.1028724 -0.2649800 -0.5184749 0.4207587 0.7444097 61 73 97 255
-0.0152069 0.1102526 -0.2821678 -0.9560164 0.2741510 0.1042786 64 76 100 255
-0.0923432 1.4684374 0.0748879 -0.6268602 -0.2942267 -0.7214409 46 52 68 255
-0.1203091 1.5532601 0.0663704 -0.7119132 -0.3435448 -0.6125003 37 46 60 255
-0.0835834 1.5518346 0.0285422 -0.2834880 -0.5386322 -0.7934166 27 31 43 255
0.0194273 0.1152587 -0.2500821 0.0271827 -0.4625694 0.8861664 67 79 100 255
0.0477119 0.1425749 -0.3167058 0.7683844 0.3441600 -0.5395733 3 3 4 255
0.0634626 0.1396820 -0.2940360 0.9990249 0.0419572 -0.0137385 17 20 26 255
0.0704426 0.7089961 0.0723921 -0.7450039 -0.2810991 0.6049401 15 11 8 255
0.0880436 0.6915830 0.0890492 -0.2655577 -0.1697601 0.9490314 33 34 39 255
0.0482285 0.7905772 0.0831596 -0.6133505 -0.1303019 0.7789882 46 57 75 255
-0.0327811 0.5569540 0.2269248 0.9163289 -0.0358688 -0.3988167 44 53 72 255
-0.0195826 0.5770120 0.2694839 0.8418443 0.1053595 -0.5293370 38 49 67 255
-0.0105352 0.5505694 0.2786111 0.6277934 -0.7633300 0.1523252 40 48 67 255
-0.0364845 0.5335115 0.2345592 0.8716245 -0.2707747 -0.4085974 41 50 67 255
-0.0327811 0.5569540 0.2269248 0.9163289 -0.0358688 -0.3988167 44 53 72 255
-0.0105352 0.5505694 0.2786111 0.6277934 -0.7633300 0.1523252 40 48 67 255
0.1469307 0.1070450 0.0658900 -0.8489683 -0.4250957 -0.3139212 63 70 92 255
0.0611164 0.3058503 0.1137680 -0.7812838 -0.3996194 0.4794788 70 86 120 255
0.0248016 0.3468985 0.0975481 -0.9314237 -0.2579440 -0.2567390 73 88 120 255
-0.1787587 1.1257207 -0.1216623 -0.9909394 0.1289295 -0.0376355 50 63 82 255
-0.1415471 1.0959166 -0.1024171 -0.4913329 -0.8344177 0.2496782 49 62 81 255
-0.1801522 1.1055888 -0.1036760 -0.1415421 -0.6608860 -0.7370180 49 62 81 255
-0.0383053 1.5898107 0.3149813 0.4821112 -0.1625179 0.8609046 99 97 70 255
0.0683505 1.6276382 0.2218491 0.6320038 -0.1059470 0.7676889 66 64 39 255
0.0638071 1.7039433 0.2342757 0.5954471 0.2435878 0.7655768 77 71 47 255
-0.0858228 0.4058812 -0.2022904 -0.3972096 0.2596973 -0.8802168 46 53 70 255
0.0127201 0.1330987 -0.3272403 -0.6578222 0.2423311 -0.7131238 0 0 0 255
-0.0939844 0.3921397 -0.2026616 -0.6399019 0.1068124 -0.7609972 33 36 49 255
-0.1622395 1.6001186 0.2567331 -0.7377714 0.1968067 0.6457248 49 64 88 255
-0.0863896 1.5988495 0.3067921 -0.4550450 -0.0735045 0.8874295 94 93 66 255
-0.1239071 1.6123729 0.2661132 -0.7228012 0.1927606 0.6636277 54 68 92 255
-0.2438741 0.5900846 -0.1793846 0.5137908 -0.4812274 0.7102388 58 57 73 255
-0.1940585 0.5265344 -0.1717395 0.2119274 0.1170461 0.9702511 124 127 101 255
-0.2021490 0.5687864 -0.1903015 0.6684980 0.7372133 0.0981172 50 59 76 255
0.0482285 0.7905772 0.0831596 -0.6133505 -0.1303019 0.7789882 46 57 75 255
0.0880436 0.6915830 0.0890492 -0.2655577 -0.1697601 0.9490314 33 34 39 255
0.0937017 0.8369189 0.1119317 -0.2170994 -0.0498249 0.9748771 63 76 95 255
-0.1897371 0.6115226 -0.2468010 0.8465270 0.5305270 0.0439668 46 36 37 255
-0.1461465 0.5987276 -0.2170736 0.4433081 0.8501443 -0.2841346 47 49 58 255
-0.1304098 0.5860472 -0.2304610 0.4515715 0.8055183 -0.3836970 36 39 51 255
0.0095373 0.5925355 0.3013026 -0.4135832 0.5573278 -0.7199547 152 155 124 255
0.0523085 0.5913375 0.2807249 -0.1623004 0.2316204 -0.9591718 61 47 43 255
0.0162232 0.5612021 0.2581280 0.5574399 0.5434679 -0.6276174 152 155 124 255
-0.0601066 1.3592986 0.0846299 -0.9189811 0.0720006 0.3876722 56 62 76 255
-0.0637865 1.3760786 0.1301371 -0.1400000 -0.9684598 0.2061197 63 69 85 255
-0.0762377 1.4012685 0.1011938 -0.6210611 -0.4559259 -0.6375067 61 67 83 255
0.1097203 1.6209117 0.0551888 0.6861174 -0.3695947 -0.6266121 42 43 47 255
0.1204099 1.7031986 0.0717787 0.8478671 0.3574550 -0.3915958 40 49 64 255
0.1272109 1.5981710 0.1355401 0.9350305 -0.3503931 -0.0542452 172 170 174 255
0.1272109 1.5981710 0.1355401 0.9350305 -0.3503931 -0.0542452 172 170 174 255
0.1204099 1.7031986 0.0717787 0.8478671 0.3574550 -0.3915958 40 49 64 255
0.1304439 1.6684407 0.1812683 0.9087095 0.1297620 0.3967480 48 59 77 255
-0.0749498 0.3003661 -0.1562392 -0.7947751 -0.3553663 0.4919830 56 61 79 255
-0.0152069 0.1102526 -0.2821678 -0.9580763 -0.2387482 -0.1583952 174 56 59 255
-0.0027875 0.1028724 -0.2649800 -0.4994918 -0.2609622 0.8260791 167 40 45 255
0.2329779 0.8970297 -0.0841180 0.8702610 0.3466789 -0.3499421 54 55 64 255
0.1556078 1.0432528 -0.0806686 0.7459064 0.2793038 -0.6046594 21 24 34 255
0.2219681 0.9697133 0.0209392 0.9669740 0.1035470 0.2328936 21 25 33 255
-0.0185742 0.6171262 0.3194846 -0.5918409 -0.0851394 0.8015459 192 193 195 255
0.0154295 0.5939565 0.3267697 -0.0351953 -0.5080357 0.8606167 230 231 230 255
0.0312067 0.6867440 0.3587898 0.0772283 -0.2417700 0.9672555 183 193 168 255
-0.0749498 0.3003661 -0.1562392 -0.7947751 -0.3553663 0.4919830 56 61 79 255
-0.0399785 0.7825220 -0.1543549 -0.9615450 -0.1004387 -0.2556237 161 166 138 255
-0.0704294 0.5276896 -0.1926647 -0.9606678 0.1031498 -0.2578321 71 88 122 255
-0.1607033 0.5423244 -0.1670543 0.3515100 -0.8554186 0.3803942 55 54 58 255
-0.1940585 0.5265344 -0.1717395 0.2120392 0.1169440 0.9702388 43 36 40 255
-0.1719019 0.5235227 -0.1989862 -0.5736116 -0.8087330 -0.1300792 52 49 40 255
0.1304439 1.6684407 0.1812683 0.9087095 0.1297620 0.3967480 48 59 77 255
0.0913912 1.7627543 0.1454180 0.7462467 0.6186641 0.2457041 38 46 64 255
0.0638071 1.7039433 0.2342757 0.5954522 0.2436449 0.7655546 25 32 43 255
-0.1986034 0.5908958 -0.2531282 -0.5922409 -0.8026072 -0.0712224 50 40 41 255
-0.1897371 0.6115226 -0.2468010 0.8465270 0.5305270 0.0439668 46 36 37 255
-0.2080473 0.6031298 -0.2287863 0.7338590 0.2707929 0.6229945 60 56 55 255
0.0294735 1.2958042 -0.1326905 0.6941140 0.2785707 -0.6637801 165 35 43 255
0.2048209 1.2632147 0.0735387 0.9663534 0.1454531 -0.2121429 96 98 74 255
0.1556078 1.0432528 -0.0806686 0.7459064 0.2793038 -0.6046594 21 24 34 255
-0.0440527 0.8096199 -0.1707510 0.7378039 -0.4869244 0.4674933 58 50 46 255
-0.0605427 0.8060317 -0.1129476 0.9801819 -0.1980785 0.0029234 32 29 23 255
-0.0759785 0.7386046 -0.1775559 0.9354628 -0.3026507 0.1825158 35 25 24 255
-0.0109760 0.6697047 0.3032361 -0.7059898 -0.0954820 0.7017560 33 35 43 255
-0.0268533 0.6897729 0.3095456 -0.5909383 0.0221321 0.8064131 161 166 140 255
-0.0434301 0.6350887 0.2809683 -0.6477262 -0.1893012 0.7379810 52 61 76 255
-0.0570544 0.8182877 -0.0582899 -0.8740771 -0.3563598 0.3301467 47 52 65 255
-0.0329909 0.8310416 -0.0067109 -0.8724893 -0.0401676 0.4869794 51 59 74 255
-0.0505190 0.8360625 -0.0561291 -0.8607348 -0.0179256 0.5087378 75 39 40 255
-0.2708195 0.8470562 -0.1530806 -0.8123056 0.2344518 0.5340337 58 63 70 255
-0.2448514 0.9014514 -0.1637183 -0.8838658 0.3531686 0.3066809 74 77 58 255
-0.2788693 0.8433230 -0.1775898 -0.9488694 0.1947081 -0.2484666 59 63 68 255
-0.2219535 0.7844790 -0.1529442 0.5302861 -0.5023450 0.6829687 43 35 21 255
-0.2346766 0.8376848 -0.1160952 -0.2482917 -0.0551579 0.9671137 164 165 135 255
-0.2606229 0.8076066 -0.1539730 -0.6223631 -0.0463338 0.7813561 50 47 30 255
0.1849851 0.1566504 0.1281117 0.0507369 -0.1243151 0.9909448 150 152 114 255
0.1100136 0.2185396 0.1196352 -0.5752036 -0.5267065 0.6258762 55 69 96 255
0.1512945 0.1604095 0.0733939 -0.8208976 -0.5428395 -0.1773483 45 56 77 255
-0.0749498 0.3003661 -0.1562392 -0.7947751 -0.3553663 0.4919830 56 61 79 255
-0.0600560 0.4465021 -0.0846714 -0.4451763 -0.1200808 0.8873548 57 70 96 255
-0.0280100 0.7281700 -0.1219732 -0.8156556 -0.0453555 0.5767571 148 150 122 255
-0.0109760 0.6697047 0.3032361 0.4435219 -0.1267027 -0.8872625 151 157 119 255
0.0236276 0.7366696 0.3202471 -0.1244773 0.3316866 -0.9351413 141 149 107 255
0.0160464 0.6845026 0.2957467 -0.2341910 0.0889693 -0.9681112 137 142 109 255
-0.0399785 0.7825220 -0.1543549 -0.9615450 -0.1004387 -0.2556237 161 166 138 255
-0.0605427 0.8060317 -0.1129476 -0.7954990 -0.6036825 -0.0524311 158 164 130 255
-0.0440527 0.8096199 -0.1707510 -0.6809944 -0.4523120 -0.5758998 163 169 136 255
0.0937017 0.8369189 0.1119317 -0.2140575 -0.1014511 0.9715384 43 54 75 255
0.1584369 0.6997873 0.0914344 0.2679004 -0.1081112 0.9573616 44 34 35 255
0.1601689 0.8472871 0.1044260 0.5428237 0.0166823 0.8396810 48 39 39 255
0.0566097 0.0359460 -0.3746251 0.4316288 -0.2888519 -0.8545531 31 30 36 255
-0.0377712 0.0352316 -0.3277363 -0.0460428 -0.9902672 -0.1313427 61 70 92 255
0.0332672 0.0550620 -0.3736116 -0.4333799 0.1705735 -0.8849218 48 50 49 255
-0.0399785 0.7825220 -0.1543549 -0.9615450 -0.1004387 -0.2556237 161 166 138 255
-0.0749498 0.3003661 -0.1562392 -0.7947751 -0.3553663 0.4919830 56 61 79 255
-0.0280100 0.7281700 -0.1219732 -0.8156556 -0.0453555 0.5767571 148 150 122 255
0.1353162 0.0700019 0.1927472 -0.3054186 0.9473056 0.0966000 168 171 139 255
0.0995253 0.0396194 0.1709543 -0.8310541 0.2846772 -0.4778160 119 119 91 255
0.0468553 0.0376960 0.2716004 -0.5877421 0.8081157 0.0388360 70 68 45 255
0.1734724 0.0671696 0.0666751 -0.8130563 0.1096689 -0.5717622 134 139 102 255
0.2006075 0.1146856 0.0463017 -0.6897814 0.0170423 -0.7238171 133 134 112 255
0.2213155 0.0137153 0.0183893 -0.4355941 0.0589405 -0.8982114 131 135 108 255
0.2415682 0.7149565 0.0372428 0.7775121 0.0208194 0.6285232 46 36 36 255
0.2495800 0.8815066 0.0058936 0.9095659 0.1444040 0.3896630 36 27 25 255
0.1601689 0.8472871 0.1044260 0.5428237 0.0166823 0.8396810 48 39 39 255
0.1551958 0.0879265 0.1292261 -0.6151654 0.7781552 -0.1266731 170 174 146 255
0.1805126 0.1007742 0.0946053 -0.9251740 0.3296763 0.1880600 161 164 130 255
0.1734724 0.0671696 0.0666751 -0.8130563 0.1096689 -0.5717622 134 139 102 255
-0.0399785 0.7825220 -0.1543549 -0.9615450 -0.1004387 -0.2556237 161 166 138 255
0.0255265 0.8216265 -0.2269627 -0.5589186 0.0463663 -0.8279253 61 75 101 255
-0.0704294 0.5276896 -0.1926647 -0.9606678 0.1031498 -0.2578321 71 88 122 255
0.0768911 1.1559920 0.1940395 0.5068076 -0.1434491 0.8500402 123 129 95 255
0.1006333 1.2575530 0.1554679 0.7130365 -0.0305471 0.7004611 157 163 125 255
0.0581142 1.2696706 0.1888567 -0.3484698 -0.2438555 0.9050432 154 160 122 255
0.0683505 1.6276382 0.2218491 0.6320226 -0.1059624 0.7676715 50 55 67 255
0.1304439 1.6684407 0.1812683 0.9087095 0.1297620 0.3967480 48 59 77 255
0.0638071 1.7039433 0.2342757 0.5954522 0.2436449 0.7655546 25 32 43 255
-0.0437338 0.9674922 -0.1456426 -0.5795613 0.1691722 -0.7971759 124 116 109 255
0.0506967 1.0082297 -0.1785914 0.1394854 0.2770836 -0.9506674 51 43 48 255
0.0965362 0.9298715 -0.2220889 0.1255523 0.4337860 -0.8922255 38 41 49 255
0.0748716 0.3108574 0.1437746 -0.2836141 -0.1526489 0.9467108 70 85 119 255
0.0611164 0.3058503 0.1137680 -0.7812838 -0.3996194 0.4794788 70 86 120 255
0.1100136 0.2185396 0.1196352 -0.5752036 -0.5267065 0.6258762 55 69 96 255
0.0127201 0.1330987 -0.3272403 -0.6578222 0.2423311 -0.7131238 0 0 0 255
0.0332672 0.0550620 -0.3736116 -0.3475967 0.3310133 -0.8772722 8 8 10 255
-0.0377712 0.0352316 -0.3277363 -0.6926908 0.3593295 -0.6253492 61 73 97 255
-0.0594200 0.6524059 0.2562839 0.7182592 -0.2187664 -0.6604884 116 119 83 255
-0.0109760 0.6697047 0.3032361 0.4435219 -0.1267027 -0.8872625 151 157 119 255
-0.0434301 0.6350887 0.2809683 0.7183316 -0.2577997 -0.6461726 114 114 81 255
-0.0268533 0.6897729 0.3095456 -0.5909383 0.0221321 0.8064131 161 166 140 255
-0.0109760 0.6697047 0.3032361 -0.7059898 -0.0954820 0.7017560 33 35 43 255
0.0312067 0.6867440 0.3587898 0.0772283 -0.2417700 0.9672555 183 193 168 255
-0.0382954 0.4233932 -0.2093416 0.0413733 0.4665303 -0.8835371 71 84 112 255
0.0072511 0.4254179 -0.1698002 0.9223638 0.2557312 -0.2895628 68 83 113 255
0.0477119 0.1425749 -0.3167058 0.7683844 0.3441600 -0.5395733 3 3 4 255
0.1625562 0.5766296 -0.0649740 0.2041889 -0.5603991 -0.8026579 36 32 33 255
0.1005119 0.4182446 0.0413274 0.9375818 0.0164602 -0.3473751 13 12 8 255
0.0597818 0.5359904 -0.0057255 -0.7501858 -0.1935574 -0.6322633 41 39 42 255
0.0911932 0.8282583 -0.2315830 -0.2292415 -0.5439091 0.8072243 34 37 47 255
0.0797690 0.7689558 -0.2747730 -0.0158270 -0.5828431 0.8124306 24 19 16 255
0.1410527 0.7872695 -0.2176677 -0.4602980 -0.6830490 0.5670712 29 34 46 255
-0.0753074 1.0385755 0.0666858 -0.9064995 -0.1907546 0.3766582 96 91 70 255
-0.0538087 0.9107803 -0.0130669 -0.4662690 -0.4801447 0.7430036 71 82 102 255
-0.0509224 0.9978433 0.0329434 -0.3683062 -0.4737699 0.7999329 94 92 64 255
-0.2506559 0.5955213 -0.2077161 -0.9120741 -0.1047193 -0.3964276 164 170 144 255
-0.1719019 0.5235227 -0.1989862 -0.5737221 -0.8086501 -0.1301069 172 171 166 255
-0.2438741 0.5900846 -0.1793846 0.5137532 -0.4812452 0.7102540 160 164 137 255
-0.2037368 1.4508485 0.2466556 -0.8976872 0.2240898 0.3793961 62 73 91 255
-0.1821016 1.5048709 0.1718360 -0.8320111 -0.2779447 -0.4801085 42 53 71 255
-0.1988767 1.4187192 0.2104956 -0.6252778 -0.7273512 -0.2828214 64 75 93 255
-0.0795169 0.3157967 -0.2193824 -0.9315722 -0.1022837 -0.3488715 71 81 102 255
-0.0749498 0.3003661 -0.1562392 -0.7947751 -0.3553663 0.4919830 56 61 79 255
-0.0673522 0.3442069 -0.1587325 -0.9835008 -0.0791811 -0.1626536 74 70 64 255
-0.0690407 1.5185655 0.2109841 -0.9592922 0.1352783 -0.2479076 36 36 48 255
-0.0827804 1.5483435 0.2103211 -0.5259469 -0.8307967 0.1820896 31 34 45 255
-0.0930268 1.5271281 0.1706558 -0.7090406 -0.0142142 0.7050244 44 48 35 255
-0.0109760 0.6697047 0.3032361 -0.7059898 -0.0954820 0.7017560 33 35 43 255
-0.0185742 0.6171262 0.3194846 -0.5918409 -0.0851394 0.8015459 192 193 195 255
0.0312067 0.6867440 0.3587898 0.0772283 -0.2417700 0.9672555 183 193 168 255
-0.0570544 0.8182877 -0.0582899 -0.8740771 -0.3563598 0.3301467 47 52 65 255
-0.0159812 0.7844992 -0.0196010 -0.7894849 -0.4840032 0.3774312 43 50 66 255
-0.0329909 0.8310416 -0.0067109 -0.8724893 -0.0401676 0.4869794 51 59 74 255
-0.1904252 0.6135088 -0.0924994 0.9875252 0.1567850 0.0145721 126 126 96 255
-0.2227901 0.6660904 -0.1225179 0.9906924 -0.0330869 -0.1320368 74 66 66 255
-0.2324744 0.6983933 -0.0971602 0.8886541 0.2959160 0.3503251 106 103 74 255
0.0995253 0.0396194 0.1709543 -0.8310541 0.2846772 -0.4778160 119 119 91 255
0.1734724 0.0671696 0.0666751 -0.8130563 0.1096689 -0.5717622 134 139 102 255
0.1754147 0.0175115 0.0816783 -0.1147697 -0.9786898 -0.1702773 167 172 138 255
0.2056106 0.6030569 -0.0161811 0.9471503 -0.2980202 0.1187019 38 45 59 255
0.2420757 0.7703123 -0.0852720 0.8890430 -0.2776317 -0.3640373 112 110 106 255
0.2371935 0.7879640 -0.0032381 0.9564118 -0.1708296 0.2368408 90 90 60 255
-0.0509224 0.9978433 0.0329434 -0.5807882 -0.1428923 -0.8014156 118 120 87 255
-0.0741820 0.9704217 0.0547894 -0.9123970 -0.2969790 0.2816651 124 124 95 255
-0.0753074 1.0385755 0.0666858 -0.3493907 -0.1951265 0.9164342 158 162 137 255
0.0184383 0.5491160 0.2810301 -0.4711448 -0.6872231 0.5529439 7 6 11 255
0.0163375 0.5608229 0.2586437 -0.9928886 0.0377310 0.1129097 190 195 199 255
0.0131281 0.5235974 0.2428619 -0.9313093 -0.0679930 0.3578266 189 191 198 255
0.1469307 0.1070450 0.0658900 -0.8705847 -0.3685414 -0.3259749 111 111 85 255
0.0597818 0.5359904 -0.0057255 -0.7501858 -0.1935574 -0.6322633 41 39 42 255
0.1337022 0.2084433 0.0408388 -0.3675022 -0.1126484 -0.9231752 100 101 70 255
-0.1719019 0.5235227 -0.1989862 0.5865477 0.5123174 -0.6272900 121 123 86 255
-0.2506559 0.5955213 -0.2077161 -0.9122455 -0.1041120 -0.3961930 72 43 47 255
-0.2021490 0.5687864 -0.1903015 0.6684980 0.7372133 0.0981172 50 59 76 255
0.0312067 0.6867440 0.3587898 0.0772283 -0.2417700 0.9672555 183 193 168 255
0.0535372 0.7642452 0.3442584 -0.8959439 0.2527436 0.3652466 174 184 157 255
-0.0268533 0.6897729 0.3095456 -0.5909383 0.0221321 0.8064131 161 166 140 255
-0.0741820 0.9704217 0.0547894 -0.9123970 -0.2969790 0.2816651 124 124 95 255
-0.0165663 0.9356955 0.0409843 -0.7636559 -0.4639536 0.4489731 72 26 21 255
-0.0458736 0.9228966 0.0626460 -0.4305515 -0.3909367 -0.8135072 85 84 54 255
-0.2604216 0.8098154 -0.1943244 -0.8774318 0.0643604 -0.4753644 49 61 80 255
-0.2788693 0.8433230 -0.1775898 -0.9407015 0.2105692 -0.2659723 168 172 146 255
-0.2360995 0.8301219 -0.2221617 -0.8541697 -0.0310099 -0.5190688 149 153 127 255
0.0938931 1.0260239 0.2542328 -0.8123056 0.1847872 0.5531847 51 60 75 255
0.0529020 1.1452893 0.2042099 -0.9050750 -0.1238919 -0.4068047 43 54 72 255
0.0972481 1.0168535 0.1993917 -0.5804855 -0.2652014 -0.7698731 53 62 79 255
-0.1705648 0.5661328 -0.2266039 -0.0278020 -0.4379486 -0.8985699 68 67 46 255
-0.1903349 0.5518031 -0.2190083 -0.4237964 -0.8106312 -0.4040714 128 130 106 255
-0.2080473 0.6031298 -0.2287863 -0.4829093 -0.4519220 -0.7500434 169 174 150 255
0.0160464 0.6845026 0.2957467 -0.2341910 0.0889693 -0.9681112 137 142 109 255
0.0236276 0.7366696 0.3202471 -0.1244773 0.3316866 -0.9351413 141 149 107 255
0.0523085 0.5913375 0.2807249 -0.1623004 0.2316204 -0.9591718 61 47 43 255
-0.0690124 1.2238828 0.0926064 -0.8059159 -0.0742270 0.5873584 11 11 13 255
-0.0696161 1.2389573 0.1261114 -0.8162314 -0.0273931 0.5770754 11 11 13 255
-0.0670809 1.2537876 0.1032912 -0.6786721 0.1551663 0.7178632 38 47 63 255
0.0913912 1.7627543 0.1454180 0.7462467 0.6186641 0.2457041 38 46 64 255
0.1204099 1.7031986 0.0717787 0.8478671 0.3574550 -0.3915958 40 49 64 255
0.0477866 1.7903217 0.0994550 0.3249080 0.9417705 -0.0866208 42 50 69 255
-0.2440296 0.5906294 -0.1794380 -0.6645403 -0.5753714 -0.4767954 51 60 75 255
-0.1719019 0.5235227 -0.1989862 -0.5736709 -0.8086674 -0.1302261 27 33 46 255
-0.1940585 0.5265344 -0.1717395 -0.6645403 -0.5753714 -0.4767954 34 40 56 255
0.1957389 0.8564714 -0.1494774 0.6957754 0.3390544 -0.6331973 69 59 59 255
0.2354246 0.7490912 -0.1689306 0.7996759 0.2689113 -0.5368474 20 9 5 255
0.1872889 0.8041118 -0.1535171 0.7687733 -0.1262485 -0.6269361 45 34 33 255
-0.1415471 1.0959166 -0.1024171 -0.4958311 -0.8382068 0.2270703 150 153 118 255
-0.1680430 1.0692747 -0.1319140 -0.6214132 -0.4241366 0.6587517 57 52 48 255
-0.0984506 1.0778226 -0.1239363 0.2503400 -0.6703514 0.6985406 42 44 53 255
-0.2219535 0.7844790 -0.1529442 0.6140960 -0.3927726 0.6845552 110 111 80 255
-0.2606229 0.8076066 -0.1539730 -0.7190283 -0.4868833 0.4959264 74 82 79 255
-0.2304892 0.7531841 -0.1444293 0.8887469 0.1073330 0.4456551 176 176 142 255
-0.1890915 1.5938886 0.2041820 -0.8398164 0.0485183 0.5406980 143 145 111 255
-0.1622395 1.6001186 0.2567331 -0.7378180 0.1967783 0.6456803 155 155 121 255
-0.1597489 1.6417514 0.2425145 -0.7750640 0.2328815 0.5874028 60 58 63 255
0.0378337 0.6502044 -0.2373270 -0.0974796 0.0683760 -0.9928859 150 155 123 255
0.0911932 0.8282583 -0.2315830 0.0845277 -0.0668555 -0.9941757 151 155 149 255
0.0738586 0.5992891 -0.2129847 0.5784019 -0.3410047 -0.7410581 138 142 115 255
-0.0012612 1.2669965 -0.1076661 -0.1350830 -0.9723629 -0.1904288 58 66 85 255
-0.0931652 1.2723157 -0.0116969 -0.4254975 -0.6262364 0.6532839 61 32 36 255
0.0081853 1.2235422 -0.1410733 0.8174393 -0.4371350 0.3751079 54 65 82 255
-0.0795169 0.3157967 -0.2193824 -0.9315722 -0.1022837 -0.3488715 71 81 102 255
-0.0673522 0.3442069 -0.1587325 -0.9835008 -0.0791811 -0.1626536 74 70 64 255
-0.0618651 0.3293994 -0.2265490 -0.9963228 -0.0491389 -0.0701871 39 42 51 255
-0.0303979 1.2944831 -0.1567773 0.0479216 0.6030632 -0.7962526 108 112 84 255
0.0673790 1.4013784 0.0026721 0.4948438 0.6886656 -0.5299711 55 63 84 255
0.2086950 1.2636706 0.1348971 0.7648722 0.5463500 0.3412802 59 73 102 255
-0.1407300 1.0299848 -0.1431333 0.0310283 0.2313282 0.9723808 44 43 45 255
-0.1680430 1.0692747 -0.1319140 -0.6214132 -0.4241366 0.6587517 57 52 48 255
-0.1805368 1.0740872 -0.1777099 -0.7176072 0.1129867 0.6872219 157 165 124 255
-0.1631228 0.5531094 -0.1888598 0.4237537 0.8106486 0.4040810 38 49 67 255
-0.1705648 0.5661328 -0.2266039 0.5688844 0.8055374 0.1657704 36 47 65 255
-0.2080473 0.6031298 -0.2287863 0.7339225 0.2707047 0.6229579 37 46 61 255
-0.1203091 1.5532601 0.0663704 -0.7119132 -0.3435448 -0.6125003 37 46 60 255
-0.1821016 1.5048709 0.1718360 -0.8320111 -0.2779447 -0.4801085 42 53 71 255
-0.2168805 1.5834894 0.1274651 -0.8564717 -0.2249434 -0.4646039 25 28 40 255
0.2349122 0.1228386 0.0423704 0.7507609 0.5558809 -0.3568676 29 31 40 255
0.2282774 0.1044716 0.0949374 0.6240284 0.4027717 0.6695995 119 123 89 255
0.2639555 0.0347230 0.1262366 0.7226243 0.5523738 0.4155687 49 61 79 255
0.0965362 0.9298715 -0.2220889 0.1231710 0.4302061 -0.8942884 68 60 60 255
0.1556078 1.0432528 -0.0806686 0.7459064 0.2793038 -0.6046594 21 24 34 255
0.1957389 0.8564714 -0.1494774 0.6957754 0.3390544 -0.6331973 69 59 59 255
-0.1891743 1.0278384 -0.1315609 -0.5649331 0.3352679 0.7539536 160 169 126 255
-0.1805368 1.0740872 -0.1777099 -0.7176072 0.1129867 0.6872219 157 165 124 255
-0.1970494 1.0662592 -0.1928865 -0.9359289 0.3521470 0.0054511 64 68 82 255
0.1410857 0.7638521 -0.2603363 0.5963396 0.3493359 -0.7227334 73 89 125 255
0.0797690 0.7689558 -0.2747730 -0.1221624 0.3216763 -0.9389360 74 90 126 255
0.0965362 0.9298715 -0.2220889 0.1519576 0.3784576 -0.9130601 38 41 49 255
-0.2317858 0.5989263 -0.2210306 0.1156455 0.6810257 0.7230699 39 45 63 255
-0.1631228 0.5531094 -0.1888598 0.4237537 0.8106486 0.4040810 38 49 67 255
-0.2080473 0.6031298 -0.2287863 0.7339225 0.2707047 0.6229579 37 46 61 255
0.0029997 1.1691036 0.1951066 -0.2979861 -0.1644899 0.9402910 81 97 129 255
0.0304500 1.3029723 0.1890019 -0.1906034 0.2869039 0.9388060 0 0 0 255
0.0067289 1.2992549 0.1742166 -0.7530450 0.1902066 0.6298768 67 84 114 255
0.0477866 1.7903217 0.0994550 0.3249080 0.9417705 -0.0866208 42 50 69 255
0.0118115 1.7810261 0.0398210 0.3556817 0.7627034 -0.5401610 41 51 68 255
-0.0912698 1.7987256 0.1143385 -0.1511029 0.9611822 -0.2308608 32 41 56 255
0.0248016 0.3468985 0.0975481 -0.8643171 -0.2621192 -0.4292431 184 190 149 255
0.0597818 0.5359904 -0.0057255 -0.7501858 -0.1935574 -0.6322633 41 39 42 255
0.1469307 0.1070450 0.0658900 -0.8705847 -0.3685414 -0.3259749 111 111 85 255
-0.1226480 1.1407909 -0.0407189 -0.8627019 0.0919915 -0.4972757 9 8 15 255
-0.1297699 1.1641464 0.0326523 -0.9383033 -0.0768842 0.3371586 28 27 31 255
-0.1087320 1.2907643 0.0247198 -0.9843234 0.1740976 -0.0282424 41 55 74 255
0.1195971 0.5838696 0.2800392 0.4683738 -0.3662102 0.8040621 141 143 126 255
0.1199921 0.7340911 0.3312052 0.5038308 -0.2591659 0.8240070 170 181 157 255
0.0312067 0.6867440 0.3587898 0.0772283 -0.2417700 0.9672555 183 193 168 255
-0.2181987 0.6098800 -0.1125685 -0.4159530 -0.5363727 -0.7343621 105 94 72 255
-0.2425865 0.6739763 -0.1071166 -0.8060526 -0.1872966 0.5614260 141 146 112 255
-0.2227901 0.6660904 -0.1225179 -0.6481434 -0.1837455 -0.7390181 120 116 85 255
-0.1621112 1.6778325 0.1945213 -0.8387595 0.2517990 0.4827832 50 61 79 255
-0.1961489 1.6668094 0.1163126 -0.8863242 0.2662434 -0.3788720 50 61 83 255
-0.2182688 1.6497283 0.1933392 -0.9004391 0.2964639 0.3183054 50 62 86 255
0.0312067 0.6867440 0.3587898 0.0772283 -0.2417700 0.9672555 183 193 168 255
0.1199921 0.7340911 0.3312052 0.5038308 -0.2591659 0.8240070 170 181 157 255
0.0930914 0.7771031 0.3673056 0.2238380 -0.1716117 0.9593987 187 193 167 255
-0.1929616 1.7249681 0.1514522 -0.7610720 0.6000270 0.2464487 5 6 8 255
-0.1356040 1.7668712 0.0727671 -0.6797878 0.6094655 -0.4079712 40 53 73 255
-0.1961489 1.6668094 0.1163126 -0.8863372 0.2661956 -0.3788749 46 57 75 255
0.0947137 0.5477995 0.2477077 0.6083260 -0.7671475 -0.2035296 104 105 79 255
0.1195971 0.5838696 0.2800392 0.4683738 -0.3662102 0.8040621 141 143 126 255
0.0832144 0.5712863 0.2798628 0.3284281 -0.9346458 0.1362797 81 84 102 255
-0.2037368 1.4508485 0.2466556 -0.8976872 0.2240898 0.3793961 62 73 91 255
-0.1864140 1.4975522 0.2222508 -0.5565343 0.5018262 0.6621480 49 60 78 255
-0.1821016 1.5048709 0.1718360 -0.8320111 -0.2779447 -0.4801085 42 53 71 255
-0.0858225 0.4058836 -0.2022911 -0.6557230 0.2095421 -0.7253409 46 53 70 255
-0.0382954 0.4233932 -0.2093416 0.0413733 0.4665303 -0.8835371 71 84 112 255
0.0052508 0.1906740 -0.3129514 -0.0874396 0.3647678 -0.9269837 3 3 5 255
-0.1864140 1.4975522 0.2222508 -0.5565503 0.5017613 0.6621839 119 116 95 255
-0.1123475 1.5005663 0.1683022 0.3519002 0.2826631 0.8923384 33 33 32 255
-0.1911334 1.5417618 0.2160879 -0.7707325 -0.1511738 0.6189653 61 62 66 255
-0.1123475 1.5005663 0.1683022 0.3519002 0.2826631 0.8923384 33 33 32 255
-0.1725792 1.5515057 0.2106630 0.2091482 -0.9109643 0.3555294 34 34 38 255
-0.1911334 1.5417618 0.2160879 -0.7707325 -0.1511738 0.6189653 61 62 66 255
0.2062698 0.1445585 0.0154179 0.0190543 0.3882737 -0.9213470 56 60 72 255
0.1337022 0.2084433 0.0408388 -0.1544221 -0.0862343 -0.9842345 115 117 101 255
0.2007686 0.2188655 0.0466179 0.6359373 0.2628989 -0.7255810 62 52 51 255
0.1483865 0.7701688 0.3225571 0.4817492 -0.5310599 0.6970603 166 172 145 255
0.1464617 0.7562750 0.2909418 0.6989312 -0.5137587 -0.4975411 157 164 138 255
0.1600492 0.7757892 0.3423270 0.9148167 -0.1528239 0.3738384 163 169 136 255
0.0294735 1.2958042 -0.1326905 0.3283495 0.8377464 -0.4363112 141 144 113 255
-0.0303979 1.2944831 -0.1567773 0.0479216 0.6030632 -0.7962526 108 112 84 255
0.2086950 1.2636706 0.1348971 0.7648722 0.5463500 0.3412802 59 73 102 255
-0.2647855 0.6274203 -0.1354481 0.7259011 -0.1030609 0.6800339 19 9 7 255
-0.2431987 0.5539413 -0.1334077 0.3780069 0.2734888 0.8844855 20 11 6 255
-0.2237383 0.5703353 -0.1467932 0.8118279 0.5131661 0.2785610 19 10 5 255
-0.2420070 0.6113904 -0.1535028 0.9813745 -0.0534010 0.1845333 25 14 11 255
-0.2647855 0.6274203 -0.1354481 0.7259011 -0.1030609 0.6800339 19 9 7 255
-0.2237383 0.5703353 -0.1467932 0.8118279 0.5131661 0.2785610 19 10 5 255
-0.1123475 1.5005663 0.1683022 0.3519002 0.2826631 0.8923384 33 33 32 255
-0.1220762 1.5436282 0.1721715 0.0795747 -0.8604788 0.5032336 17 19 24 255
-0.1725792 1.5515057 0.2106630 0.2091482 -0.9109643 0.3555294 34 34 38 255
-0.1593591 1.4870591 0.2012583 0.2665757 0.9611045 -0.0722191 90 93 85 255
-0.1123475 1.5005663 0.1683022 0.3519002 0.2826631 0.8923384 33 33 32 255
-0.1864140 1.4975522 0.2222508 -0.5565503 0.5017613 0.6621839 119 116 95 255
0.0450665 0.6600721 -0.0865268 0.4847960 -0.3536873 0.7999238 42 39 33 255
0.0922952 0.6231998 -0.1491481 0.8654358 -0.3878154 0.3172066 128 131 105 255
0.1369414 0.6739203 -0.1694349 0.6760769 -0.6922469 -0.2524171 105 75 63 255
-0.2182688 1.6497283 0.1933392 -0.9004391 0.2964639 0.3183054 50 62 86 255
-0.1890915 1.5938886 0.2041820 -0.8397976 0.0484966 0.5407293 48 61 80 255
-0.1621112 1.6778325 0.1945213 -0.8387595 0.2517990 0.4827832 50 61 79 255
0.0704426 0.7089961 0.0723921 0.3182682 -0.0364407 -0.9473001 68 58 57 255
0.1409681 0.7699834 0.0749520 -0.0062545 -0.1552477 -0.9878557 84 75 64 255
0.1584369 0.6997873 0.0914344 -0.1940504 -0.2965467 -0.9350960 92 88 79 255
-0.2346766 0.8376848 -0.1160952 -0.2482917 -0.0551579 0.9671137 164 165 135 255
-0.2708195 0.8470562 -0.1530806 -0.8123056 0.2344518 0.5340337 58 63 70 255
-0.2606229 0.8076066 -0.1539730 -0.6223631 -0.0463338 0.7813561 50 47 30 255
0.0455401 0.8278173 0.2816643 -0.8075564 -0.3272855 -0.4906493 153 153 151 255
0.0478258 0.9217789 0.2346824 -0.7422325 -0.0598707 -0.6674626 60 69 84 255
0.1090629 0.7770484 0.2627050 -0.2642476 -0.4550090 -0.8503764 171 168 164 255
-0.2708195 0.8470562 -0.1530806 -0.8123056 0.2344518 0.5340337 58 63 70 255
-0.2346766 0.8376848 -0.1160952 -0.2482917 -0.0551579 0.9671137 164 165 135 255
-0.1891743 1.0278384 -0.1315609 -0.5649331 0.3352679 0.7539536 160 169 126 255
-0.1419770 1.5571387 0.2787851 -0.6645731 -0.2434095 0.7064661 69 72 70 255
-0.1911334 1.5417618 0.2160879 -0.7707325 -0.1511738 0.6189653 61 62 66 255
-0.1725792 1.5515057 0.2106630 0.2091482 -0.9109643 0.3555294 34 34 38 255
0.1369414 0.6739203 -0.1694349 0.6760769 -0.6922469 -0.2524171 105 75 63 255
0.1790728 0.6779231 -0.1335083 0.6903552 -0.4158468 -0.5920146 19 16 13 255
0.0648322 0.6571354 -0.0536250 -0.4982904 -0.7534400 -0.4289929 48 44 45 255
-0.1226480 1.1407909 -0.0407189 -0.8627019 0.0919915 -0.4972757 9 8 15 255
-0.0930339 1.2687085 -0.0053574 -0.7309704 0.2598489 -0.6309999 42 54 78 255
-0.0012612 1.2669965 -0.1076661 -0.7350045 0.0676443 -0.6746796 150 155 131 255
0.0096073 0.7044240 -0.0279621 -0.7946884 -0.3671259 0.4834138 65 76 103 255
0.0881939 0.7768980 0.0751745 -0.4453010 -0.5303966 0.7213781 32 36 48 255
-0.0159812 0.7844992 -0.0196010 -0.7894849 -0.4840032 0.3774312 43 50 66 255
0.0972481 1.0168535 0.1993917 -0.5804855 -0.2652014 -0.7698731 53 62 79 255
0.1559890 0.8887914 0.2154993 0.0727102 -0.3862457 -0.9195256 67 77 97 255
0.0478258 0.9217789 0.2346824 -0.7422325 -0.0598707 -0.6674626 60 69 84 255
0.0127201 0.1330987 -0.3272403 -0.6578222 0.2423311 -0.7131238 0 0 0 255
-0.0795169 0.3157967 -0.2193824 -0.9370611 -0.1068930 -0.3324008 13 14 18 255
-0.0939844 0.3921397 -0.2026616 -0.6399019 0.1068124 -0.7609972 33 36 49 255
0.0298855 0.0798576 -0.2524713 0.7046041 0.3101215 0.6382457 0 0 0 255
0.0477119 0.1425749 -0.3167058 0.7683844 0.3441600 -0.5395733 3 3 4 255
0.0194273 0.1152587 -0.2500821 0.0271827 -0.4625694 0.8861664 67 79 100 255
-0.2168805 1.5834894 0.1274651 -0.8564717 -0.2249434 -0.4646039 25 28 40 255
-0.1212537 1.6894596 0.0286292 -0.7518592 -0.0212966 -0.6589795 14 16 22 255
-0.1203091 1.5532601 0.0663704 -0.7119132 -0.3435448 -0.6125003 37 46 60 255
-0.1903349 0.5518031 -0.2190083 -0.4237964 -0.8106312 -0.4040714 128 130 106 255
-0.2317858 0.5989263 -0.2210306 -0.4206633 -0.8162045 -0.3960462 165 171 145 255
-0.2080473 0.6031298 -0.2287863 -0.4829093 -0.4519220 -0.7500434 169 174 150 255
0.0648322 0.6571354 -0.0536250 -0.4982904 -0.7534400 -0.4289929 48 44 45 255
0.1790728 0.6779231 -0.1335083 0.6903552 -0.4158468 -0.5920146 19 16 13 255
0.1374864 0.6413925 -0.1042358 -0.3546564 -0.3315392 -0.8742428 32 31 29 255
0.1027871 0.9190820 0.1170393 0.0594647 -0.2479319 0.9669507 28 32 41 255
0.0029997 1.1691036 0.1951066 -0.2979861 -0.1644899 0.9402910 81 97 129 255
-0.0139729 1.0792226 0.1511716 -0.5384589 -0.2649973 0.7998989 51 65 87 255
-0.0762377 1.4012685 0.1011938 -0.6210611 -0.4559259 -0.6375067 61 67 83 255
-0.1988767 1.4187192 0.2104956 -0.6252778 -0.7273512 -0.2828214 64 75 93 255
-0.0923432 1.4684374 0.0748879 -0.6268602 -0.2942267 -0.7214409 46 52 68 255
0.2354246 0.7490912 -0.1689306 0.7996759 0.2689113 -0.5368474 20 9 5 255
0.1957389 0.8564714 -0.1494774 0.6957754 0.3390544 -0.6331973 69 59 59 255
0.2329779 0.8970297 -0.0841180 0.8702610 0.3466789 -0.3499421 54 55 64 255
0.2788693 0.0250953 0.0265254 0.8147482 0.4187680 -0.4010220 62 53 61 255
0.2349122 0.1228386 0.0423704 0.7507609 0.5558809 -0.3568676 29 31 40 255
0.2639555 0.0347230 0.1262366 0.7226243 0.5523738 0.4155687 49 61 79 255
-0.2710667 0.7446865 -0.1398538 -0.9956470 0.0528836 -0.0767508 193 199 171 255
-0.2213815 0.6601766 -0.2738096 -0.8619199 -0.0691694 -0.5023044 183 193 169 255
-0.2506559 0.5955213 -0.2077161 -0.9120741 -0.1047193 -0.3964276 164 170 144 255
-0.2710667 0.7446865 -0.1398538 -0.9956470 0.0528836 -0.0767508 193 199 171 255
-0.2304892 0.7531841 -0.1444293 0.8887469 0.1073330 0.4456551 176 176 142 255
-0.2606229 0.8076066 -0.1539730 -0.7190283 -0.4868833 0.4959264 74 82 79 255
-0.1891743 1.0278384 -0.1315609 -0.5649331 0.3352679 0.7539536 160 169 126 255
-0.2448514 0.9014514 -0.1637183 -0.8838658 0.3531686 0.3066809 74 77 58 255
-0.2708195 0.8470562 -0.1530806 -0.8123056 0.2344518 0.5340337 58 63 70 255
0.0305948 0.0283968 -0.2558872 -0.0242487 -0.9924404 -0.1203082 30 36 48 255
-0.1366951 0.0259065 -0.1975054 -0.0637595 -0.9916283 -0.1122860 57 67 92 255
-0.0377712 0.0352316 -0.3277363 -0.0460428 -0.9902672 -0.1313427 61 70 92 255
0.1584369 0.6997873 0.0914344 0.2679004 -0.1081112 0.9573616 44 34 35 255
0.2415682 0.7149565 0.0372428 0.7775121 0.0208194 0.6285232 46 36 36 255
0.1601689 0.8472871 0.1044260 0.5428237 0.0166823 0.8396810 48 39 39 255
0.0715074 0.6758625 0.0039538 -0.9878914 0.0959043 0.1219549 40 46 60 255
0.0248016 0.3468985 0.0975481 -0.9314237 -0.2579440 -0.2567390 73 88 120 255
0.0255979 0.3846686 0.1369036 -0.7370799 0.1108430 0.6666537 65 79 107 255
-0.0872433 1.0095896 -0.0847038 -0.9610099 -0.0872666 -0.2623827 205 204 204 255
-0.0802378 0.9510073 -0.0085348 -0.9428462 -0.2981085 0.1489043 184 184 184 255
-0.1226480 1.1407909 -0.0407189 -0.8627019 0.0919915 -0.4972757 9 8 15 255
-0.1680430 1.0692747 -0.1319140 -0.6214132 -0.4241366 0.6587517 57 52 48 255
-0.1407300 1.0299848 -0.1431333 0.0310283 0.2313282 0.9723808 44 43 45 255
-0.1053709 1.0427793 -0.1494917 0.8158000 -0.3006039 0.4940726 65 58 40 255
-0.0759785 0.7386046 -0.1775559 -0.9555309 0.0901797 -0.2807638 136 140 107 255
-0.0685709 0.7162194 -0.0957230 -0.9763511 -0.0688362 0.2049388 157 114 110 255
-0.0787696 0.8762127 -0.0909010 -0.9977605 -0.0277858 -0.0608414 88 69 80 255
-0.0209678 1.4312021 0.0447410 -0.7129515 0.4681931 -0.5220107 66 77 97 255
-0.1028414 1.3166939 0.0411605 -0.8501716 0.5164915 0.1021996 6 5 10 255
-0.0915061 1.3149982 0.0679621 -0.8456626 0.2752866 0.4572441 13 13 13 255
-0.0152069 0.1102526 -0.2821678 -0.9580763 -0.2387482 -0.1583952 174 56 59 255
-0.0749498 0.3003661 -0.1562392 -0.7947751 -0.3553663 0.4919830 56 61 79 255
-0.0795169 0.3157967 -0.2193824 -0.9315722 -0.1022837 -0.3488715 71 81 102 255
-0.0334060 1.6880863 0.2929310 0.1294023 0.3406559 0.9312403 58 69 91 255
-0.1343027 1.7190274 0.2560712 -0.6023640 0.3580314 0.7134221 64 79 108 255
-0.1138651 1.6737067 0.2511677 -0.5580269 0.3086098 0.7703025 108 109 79 255
-0.0139729 1.0792226 0.1511716 -0.5384589 -0.2649973 0.7998989 51 65 87 255
0.0029997 1.1691036 0.1951066 -0.2979861 -0.1644899 0.9402910 81 97 129 255
-0.0203494 1.2244637 0.1496252 -0.7504807 0.0787783 0.6561804 76 93 125 255
-0.1297699 1.1641464 0.0326523 -0.9383033 -0.0768842 0.3371586 28 27 31 255
-0.1044355 1.2090074 0.0662166 -0.7444443 -0.0079676 0.6676372 32 35 45 255
-0.0915061 1.3149982 0.0679621 -0.8454056 0.2386936 0.4778228 31 40 55 255
0.1030043 0.0350994 0.3176330 -0.1183277 -0.7817360 0.6122807 144 141 111 255
0.0436021 0.0000000 0.2613415 -0.2235698 -0.9744725 -0.0204782 91 88 62 255
0.1685442 0.0170320 0.2687372 0.1505607 -0.9858325 0.0739320 166 168 144 255
-0.0458736 0.9228966 0.0626460 -0.1419861 -0.6223522 0.7697517 68 63 44 255
-0.0332151 0.9615450 0.0981535 -0.4415659 -0.3475901 0.8271643 122 120 94 255
-0.0741820 0.9704217 0.0547894 -0.9123970 -0.2969790 0.2816651 124 124 95 255
0.2075280 0.7704228 0.0377828 -0.6076885 -0.3650327 -0.7053126 46 56 73 255
0.2415682 0.7149565 0.0372428 -0.7122039 -0.2967987 -0.6361416 58 69 86 255
0.1779106 0.7697868 0.0574106 -0.4762942 -0.2836098 -0.8322915 47 55 69 255
-0.1044355 1.2090074 0.0662166 -0.7444443 -0.0079676 0.6676372 32 35 45 255
-0.0690124 1.2238828 0.0926064 -0.8059159 -0.0742270 0.5873584 11 11 13 255
-0.0670809 1.2537876 0.1032912 -0.6786721 0.1551663 0.7178632 38 47 63 255
-0.2506559 0.5955213 -0.2077161 -0.9120741 -0.1047193 -0.3964276 164 170 144 255
-0.2647855 0.6274203 -0.1354481 -0.9774615 -0.1278462 0.1680015 140 150 126 255
-0.2710667 0.7446865 -0.1398538 -0.9956470 0.0528836 -0.0767508 193 199 171 255
-0.1680430 1.0692747 -0.1319140 -0.6214132 -0.4241366 0.6587517 57 52 48 255
-0.1415471 1.0959166 -0.1024171 -0.4958311 -0.8382068 0.2270703 150 153 118 255
-0.1679394 1.1230661 -0.1555637 -0.8708677 -0.0645272 0.4872637 150 153 118 255
0.0721227 1.2973142 0.1969858 -0.1044357 0.7640206 0.6366833 86 91 118 255
0.0581142 1.2696706 0.1888567 -0.7804570 -0.2097876 0.5889620 58 60 81 255
0.0681077 1.1734827 0.2514201 -0.3864070 0.2257983 0.8942621 51 62 82 255
0.1204099 1.7031986 0.0717787 0.8478671 0.3574550 -0.3915958 40 49 64 255
0.0118115 1.7810261 0.0398210 0.3556817 0.7627034 -0.5401610 41 51 68 255
0.0477866 1.7903217 0.0994550 0.3249080 0.9417705 -0.0866208 42 50 69 255
0.1469307 0.1070450 0.0658900 0.9467047 -0.1199202 0.2989475 83 48 34 255
0.1512945 0.1604095 0.0733939 0.9490974 -0.1192796 0.2915244 22 23 28 255
0.1100136 0.2185396 0.1196352 -0.5771964 -0.5279987 0.6229460 25 27 39 255
-0.0332151 0.9615450 0.0981535 -0.4415659 -0.3475901 0.8271643 122 120 94 255
-0.0464364 1.2034812 0.1309625 -0.5460589 -0.1134758 0.8300258 64 79 110 255
-0.0696161 1.2389573 0.1261114 -0.8111482 -0.0484352 0.5828316 58 72 101 255
-0.0383053 1.5898107 0.3149813 0.4821112 -0.1625179 0.8609046 99 97 70 255
-0.0863896 1.5988495 0.3067921 -0.4550450 -0.0735045 0.8874295 94 93 66 255
-0.0893333 1.5472121 0.2933296 0.3344255 -0.2928024 0.8957826 23 25 25 255
0.0704426 0.7089961 0.0723921 0.3182682 -0.0364407 -0.9473001 68 58 57 255
0.0881939 0.7768980 0.0751745 0.0657180 0.0224002 -0.9975868 73 60 58 255
0.1409681 0.7699834 0.0749520 -0.0062545 -0.1552477 -0.9878557 84 75 64 255
0.0392559 1.4419487 0.0672687 0.6118547 0.6509304 -0.4493591 62 76 104 255
0.1151314 1.3755862 0.0874144 0.7250801 0.6821002 0.0948592 67 73 96 255
0.0673790 1.4013784 0.0026721 0.4948438 0.6886656 -0.5299711 55 63 84 255
0.1030043 0.0350994 0.3176330 -0.1183277 -0.7817360 0.6122807 144 141 111 255
0.0468553 0.0376960 0.2716004 -0.5877421 0.8081157 0.0388360 70 68 45 255
0.0436021 0.0000000 0.2613415 -0.2235698 -0.9744725 -0.0204782 91 88 62 255
0.1030043 0.0350994 0.3176330 0.1521634 0.9161764 0.3707654 78 76 51 255
0.1685442 0.0170320 0.2687372 0.5841618 0.6494147 0.4868425 76 74 49 255
0.1875985 0.0882001 0.1509441 0.4000329 0.8019075 0.4437546 132 135 97 255
0.0995253 0.0396194 0.1709543 -0.8310541 0.2846772 -0.4778160 119 119 91 255
0.0436021 0.0000000 0.2613415 -0.2235698 -0.9744725 -0.0204782 91 88 62 255
0.0468553 0.0376960 0.2716004 -0.5877421 0.8081157 0.0388360 70 68 45 255
0.0436021 0.0000000 0.2613415 -0.2235698 -0.9744725 -0.0204782 91 88 62 255
0.0995253 0.0396194 0.1709543 -0.8310541 0.2846772 -0.4778160 119 119 91 255
0.1754147 0.0175115 0.0816783 -0.1147697 -0.9786898 -0.1702773 167 172 138 255
0.0005675 0.8285416 0.0419585 -0.6081292 -0.0981596 0.7877459 51 60 78 255
0.0142871 0.8312138 0.0317057 -0.8472049 -0.0545307 0.5284604 54 63 80 255
-0.0329909 0.8310416 -0.0067109 -0.8724893 -0.0401676 0.4869794 51 59 74 255
0.2770814 0.7322610 -0.0678953 -0.9064412 -0.4131807 -0.0874418 55 65 84 255
0.2371935 0.7879640 -0.0032381 -0.8595812 -0.3121649 -0.4045656 47 59 79 255
0.2464064 0.7978729 -0.0487758 -0.9005029 -0.4331595 0.0383074 50 61 81 255
0.0052508 0.1906740 -0.3129514 -0.0874396 0.3647678 -0.9269837 3 3 5 255
0.0477119 0.1425749 -0.3167058 0.7683844 0.3441600 -0.5395733 3 3 4 255
0.0127201 0.1330987 -0.3272403 -0.6578222 0.2423311 -0.7131238 0 0 0 255
0.0186615 0.6748453 -0.0826715 -0.5697784 -0.3462566 0.7452911 71 69 56 255
0.0450665 0.6600721 -0.0865268 0.4847960 -0.3536873 0.7999238 42 39 33 255
0.0648322 0.6571354 -0.0536250 -0.4982904 -0.7534400 -0.4289929 48 44 45 255
0.0715074 0.6758625 0.0039538 -0.9306860 -0.0162426 0.3654584 47 45 46 255
0.0186615 0.6748453 -0.0826715 -0.5697784 -0.3462566 0.7452911 71 69 56 255
0.0648322 0.6571354 -0.0536250 -0.4982904 -0.7534400 -0.4289929 48 44 45 255
0.0142871 0.8312138 0.0317057 -0.8472049 -0.0545307 0.5284604 54 63 80 255
-0.0165663 0.9356955 0.0409843 -0.7763107 -0.4274096 0.4633172 0 0 2 255
-0.0505190 0.8360625 -0.0561291 -0.8607348 -0.0179256 0.5087378 75 39 40 255
0.0067289 1.2992549 0.1742166 -0.6920640 0.2285457 0.6847000 49 56 76 255
0.0304500 1.3029723 0.1890019 -0.2612334 0.3148359 0.9124885 46 54 73 255
0.0384431 1.3884826 0.1482710 0.2466172 0.2590860 0.9338385 45 56 74 255
0.0005675 0.8285416 0.0419585 -0.6081292 -0.0981596 0.7877459 51 60 78 255
-0.0329909 0.8310416 -0.0067109 -0.8724893 -0.0401676 0.4869794 51 59 74 255
0.0109391 0.7840053 0.0418612 -0.6801950 -0.4884462 0.5465850 44 53 70 255
-0.0437338 0.9674922 -0.1456426 -0.5795613 0.1691722 -0.7971759 124 116 109 255
-0.0012612 1.2669965 -0.1076661 -0.7350045 0.0676443 -0.6746796 150 155 131 255
0.0506967 1.0082297 -0.1785914 0.1394854 0.2770836 -0.9506674 51 43 48 255
0.0142871 0.8312138 0.0317057 -0.8472049 -0.0545307 0.5284604 54 63 80 255
0.0167645 0.9237378 0.0724581 -0.9970968 -0.0474614 -0.0595432 37 42 55 255
-0.0165663 0.9356955 0.0409843 -0.7763107 -0.4274096 0.4633172 0 0 2 255
-0.1948997 0.5295475 -0.1350521 0.6500540 0.5954483 0.4720923 22 13 8 255
-0.2237383 0.5703353 -0.1467932 0.8118279 0.5131661 0.2785610 19 10 5 255
-0.2431987 0.5539413 -0.1334077 0.3780069 0.2734888 0.8844855 20 11 6 255
0.0881939 0.7768980 0.0751745 -0.4453010 -0.5303966 0.7213781 32 36 48 255
0.0109391 0.7840053 0.0418612 -0.6801950 -0.4884462 0.5465850 44 53 70 255
-0.0159812 0.7844992 -0.0196010 -0.7894849 -0.4840032 0.3774312 43 50 66 255
-0.0605427 0.8060317 -0.1129476 -0.8193620 -0.5700060 -0.0611472 30 33 42 255
-0.0399785 0.7825220 -0.1543549 -0.9375153 -0.1429651 -0.3172162 25 29 38 255
-0.0570544 0.8182877 -0.0582899 -0.8740771 -0.3563598 0.3301467 47 52 65 255
-0.2788693 0.8433230 -0.1775898 -0.9488694 0.1947081 -0.2484666 59 63 68 255
-0.2378624 0.9217072 -0.2062894 -0.8262008 0.2413177 -0.5090757 59 60 49 255
-0.2297658 0.8842154 -0.2208704 -0.7812988 0.1141922 -0.6136224 107 113 84 255
0.0312067 0.6867440 0.3587898 0.0772283 -0.2417700 0.9672555 183 193 168 255
0.0539847 0.5719830 0.2950839 0.3007665 -0.5607513 0.7714256 108 114 135 255
0.1195971 0.5838696 0.2800392 0.4683738 -0.3662102 0.8040621 141 143 126 255
0.0450665 0.6600721 -0.0865268 0.4847960 -0.3536873 0.7999238 42 39 33 255
0.0186615 0.6748453 -0.0826715 -0.5697784 -0.3462566 0.7452911 71 69 56 255
-0.0600560 0.4465021 -0.0846714 -0.4451763 -0.1200808 0.8873548 57 70 96 255
-0.0792649 1.6732830 -0.0274957 -0.3233115 0.2432750 -0.9144872 10 11 12 255
-0.1116952 1.6767730 0.0119182 -0.7484211 -0.0062952 -0.6631939 3 3 5 255
-0.1268750 1.7397782 0.0498971 -0.5833950 0.4047163 -0.7041697 41 56 79 255
0.1600492 0.7757892 0.3423270 0.9198808 -0.1368557 0.3675456 185 184 182 255
0.2188206 1.0326427 0.2468022 0.7946790 0.2290868 0.5621427 49 60 78 255
0.1066284 0.8181951 0.3746251 0.1602253 0.2954023 0.9418414 75 77 97 255
-0.0088175 1.3476926 0.1424197 -0.6222364 -0.0231714 0.7824864 50 61 81 255
0.0067289 1.2992549 0.1742166 -0.6920640 0.2285457 0.6847000 49 56 76 255
0.0384431 1.3884826 0.1482710 0.2466172 0.2590860 0.9338385 45 56 74 255
0.0468553 0.0376960 0.2716004 -0.5877421 0.8081157 0.0388360 70 68 45 255
0.1030043 0.0350994 0.3176330 0.1521634 0.9161764 0.3707654 78 76 51 255
0.1353162 0.0700019 0.1927472 -0.3054186 0.9473056 0.0966000 168 171 139 255
0.2349122 0.1228386 0.0423704 0.8215194 0.4780432 -0.3107738 48 39 37 255
0.2788693 0.0250953 0.0265254 0.8225985 0.4272404 -0.3752297 14 15 19 255
0.2213155 0.0137153 0.0183893 -0.4102525 0.1098855 -0.9053277 12 13 17 255
0.0768911 1.1559920 0.1940395 0.5068076 -0.1434491 0.8500402 123 129 95 255
0.0581142 1.2696706 0.1888567 -0.3484698 -0.2438555 0.9050432 154 160 122 255
0.0029997 1.1691036 0.1951066 -0.2979861 -0.1644899 0.9402910 81 97 129 255
-0.1203091 1.5532601 0.0663704 -0.7119132 -0.3435448 -0.6125003 37 46 60 255
-0.1122415 1.6074288 0.0165159 -0.9106773 0.0538895 -0.4095887 10 11 13 255
-0.1176024 1.5651935 -0.0058709 -0.6063659 -0.4538112 -0.6529747 24 27 35 255
0.1337022 0.2084433 0.0408388 -0.1544221 -0.0862343 -0.9842345 115 117 101 255
0.1005119 0.4182446 0.0413274 0.5434744 -0.1898936 -0.8176649 73 73 54 255
0.2007686 0.2188655 0.0466179 0.6359373 0.2628989 -0.7255810 62 52 51 255
-0.1268750 1.7397782 0.0498971 -0.5833950 0.4047163 -0.7041697 41 56 79 255
-0.1356040 1.7668712 0.0727671 -0.6797878 0.6094655 -0.4079712 40 53 73 255
-0.0407195 1.7646203 0.0063311 -0.1404619 0.6547832 -0.7426502 35 44 60 255
-0.2438741 0.5900846 -0.1793846 0.5137532 -0.4812452 0.7102540 160 164 137 255
-0.2613399 0.5970969 -0.1665307 -0.9394752 -0.3397794 -0.0440020 119 120 86 255
-0.2506559 0.5955213 -0.2077161 -0.9120741 -0.1047193 -0.3964276 164 170 144 255
-0.0280100 0.7281700 -0.1219732 -0.8156556 -0.0453555 0.5767571 148 150 122 255
0.0096073 0.7044240 -0.0279621 -0.7618529 -0.4871926 0.4268765 43 41 45 255
-0.0399785 0.7825220 -0.1543549 -0.9615450 -0.1004387 -0.2556237 161 166 138 255
0.1337022 0.2084433 0.0408388 -0.1603268 -0.0739154 -0.9842926 70 88 125 255
0.1942913 0.1655327 0.0452625 -0.5261609 -0.5071918 -0.6825768 65 87 124 255
0.1512945 0.1604095 0.0733939 -0.7866206 -0.5969393 -0.1577704 54 45 49 255
0.2006075 0.1146856 0.0463017 -0.5583225 0.0264717 -0.8292015 45 41 42 255
0.1512945 0.1604095 0.0733939 -0.7866206 -0.5969393 -0.1577704 54 45 49 255
0.1942913 0.1655327 0.0452625 -0.5261609 -0.5071918 -0.6825768 65 87 124 255
-0.0696161 1.2389573 0.1261114 -0.8162314 -0.0273931 0.5770754 11 11 13 255
-0.0690124 1.2238828 0.0926064 -0.8059159 -0.0742270 0.5873584 11 11 13 255
-0.0753074 1.0385755 0.0666858 -0.9064995 -0.1907546 0.3766582 96 91 70 255
0.1849851 0.1566504 0.1281117 0.0529411 -0.2098868 0.9762914 172 178 142 255
0.1805126 0.1007742 0.0946053 -0.9251740 0.3296763 0.1880600 161 164 130 255
0.2282774 0.1044716 0.0949374 0.7371337 0.5376222 0.4093852 106 100 66 255
-0.1995143 0.5271723 -0.1597840 0.6819813 0.5333606 -0.5004277 22 13 8 255
-0.2354969 0.5513874 -0.1670917 0.5499293 0.3241927 -0.7697252 20 11 6 255
-0.2237383 0.5703353 -0.1467932 0.8118279 0.5131661 0.2785610 19 10 5 255
0.0539699 1.4323559 0.1043416 0.7746056 0.5004312 0.3867231 55 67 91 255
0.1151314 1.3755862 0.0874144 0.7250801 0.6821002 0.0948592 67 73 96 255
0.0392559 1.4419487 0.0672687 0.6118547 0.6509304 -0.4493591 62 76 104 255
0.1353162 0.0700019 0.1927472 -0.3054186 0.9473056 0.0966000 168 171 139 255
0.1030043 0.0350994 0.3176330 0.1521634 0.9161764 0.3707654 78 76 51 255
0.1875985 0.0882001 0.1509441 0.4000329 0.8019075 0.4437546 132 135 97 255
0.0748716 0.3108574 0.1437746 -0.2836141 -0.1526489 0.9467108 70 85 119 255
0.1849851 0.1566504 0.1281117 0.0507369 -0.1243151 0.9909448 150 152 114 255
0.1020138 0.3971936 0.1448718 0.4689077 0.2723552 0.8402072 71 87 121 255
-0.2256014 0.6061940 -0.2008475 0.9194854 -0.2088786 0.3330408 58 51 56 255
-0.2080473 0.6031298 -0.2287863 0.7338590 0.2707929 0.6229945 60 56 55 255
-0.2001487 0.6749002 -0.2415468 0.9949394 0.0628130 0.0784229 46 34 32 255
-0.1220762 1.5436282 0.1721715 0.0795747 -0.8604788 0.5032336 17 19 24 255
-0.0930268 1.5271281 0.1706558 -0.7090406 -0.0142142 0.7050244 44 48 35 255
-0.0827804 1.5483435 0.2103211 -0.5259469 -0.8307967 0.1820896 31 34 45 255
0.0779862 0.0325702 -0.3292609 -0.0238382 -0.9972803 -0.0697390 28 28 37 255
-0.0377712 0.0352316 -0.3277363 -0.0460428 -0.9902672 -0.1313427 61 70 92 255
0.0566097 0.0359460 -0.3746251 0.4316288 -0.2888519 -0.8545531 31 30 36 255
0.1337022 0.2084433 0.0408388 -0.3675022 -0.1126484 -0.9231752 100 101 70 255
0.0597818 0.5359904 -0.0057255 -0.7501858 -0.1935574 -0.6322633 41 39 42 255
0.1005119 0.4182446 0.0413274 0.9375818 0.0164602 -0.3473751 13 12 8 255
0.0062959 1.4072964 0.1688226 0.5624982 -0.6245976 0.5417321 50 62 80 255
0.0517030 1.4813217 0.1346327 0.8703057 -0.4117230 0.2702815 58 70 96 255
0.0113330 1.4725355 0.2063009 0.6343568 -0.3384734 0.6950016 55 68 87 255
0.1353162 0.0700019 0.1927472 -0.3054186 0.9473056 0.0966000 168 171 139 255
0.1875985 0.0882001 0.1509441 0.4000329 0.8019075 0.4437546 132 135 97 255
0.1551958 0.0879265 0.1292261 -0.6151654 0.7781552 -0.1266731 170 174 146 255
0.1849851 0.1566504 0.1281117 0.0507369 -0.1243151 0.9909448 150 152 114 255
0.0748716 0.3108574 0.1437746 -0.2836141 -0.1526489 0.9467108 70 85 119 255
0.1100136 0.2185396 0.1196352 -0.5752036 -0.5267065 0.6258762 55 69 96 255
0.1112727 1.3164396 0.1669382 0.4818370 0.7452288 0.4609415 50 60 80 255
0.2188206 1.0326427 0.2468022 0.7946790 0.2290868 0.5621427 49 60 78 255
0.2086950 1.2636706 0.1348971 0.7648722 0.5463500 0.3412802 59 73 102 255
0.1469307 0.1070450 0.0658900 -0.8489683 -0.4250957 -0.3139212 63 70 92 255
0.1100136 0.2185396 0.1196352 -0.5752036 -0.5267065 0.6258762 55 69 96 255
0.0611164 0.3058503 0.1137680 -0.7812838 -0.3996194 0.4794788 70 86 120 255
0.1942913 0.1655327 0.0452625 0.9639509 0.2370482 -0.1208595 154 161 120 255
0.2062698 0.1445585 0.0154179 0.8896173 -0.1192467 0.4408644 56 60 72 255
0.2007686 0.2188655 0.0466179 0.6284608 0.2759005 -0.7272661 62 52 51 255
0.1875985 0.0882001 0.1509441 0.4000329 0.8019075 0.4437546 132 135 97 255
0.1805126 0.1007742 0.0946053 -0.9251740 0.3296763 0.1880600 161 164 130 255
0.1551958 0.0879265 0.1292261 -0.6151654 0.7781552 -0.1266731 170 174 146 255
-0.0749498 0.3003661 -0.1562392 -0.7947751 -0.3553663 0.4919830 56 61 79 255
-0.0027875 0.1028724 -0.2649800 -0.4994918 -0.2609622 0.8260791 167 40 45 255
0.0194273 0.1152587 -0.2500821 -0.0644844 -0.5509488 0.8320439 153 126 133 255
0.2213155 0.0137153 0.0183893 -0.4355941 0.0589405 -0.8982114 131 135 108 255
0.1754147 0.0175115 0.0816783 -0.1147697 -0.9786898 -0.1702773 167 172 138 255
0.1734724 0.0671696 0.0666751 -0.8130563 0.1096689 -0.5717622 134 139 102 255
-0.0538087 0.9107803 -0.0130669 -0.4662690 -0.4801447 0.7430036 71 82 102 255
-0.0753074 1.0385755 0.0666858 -0.9064995 -0.1907546 0.3766582 96 91 70 255
-0.0802378 0.9510073 -0.0085348 -0.9428462 -0.2981085 0.1489043 184 184 184 255
0.2420757 0.7703123 -0.0852720 0.9345892 -0.2085657 -0.2881727 46 43 35 255
0.2056106 0.6030569 -0.0161811 0.9280058 -0.2366725 0.2877351 16 14 15 255
0.1790728 0.6779231 -0.1335083 0.6903552 -0.4158468 -0.5920146 19 16 13 255
0.1734724 0.0671696 0.0666751 -0.8130563 0.1096689 -0.5717622 134 139 102 255
0.1805126 0.1007742 0.0946053 -0.9251740 0.3296763 0.1880600 161 164 130 255
0.2006075 0.1146856 0.0463017 -0.6897814 0.0170423 -0.7238171 133 134 112 255
-0.0604986 1.3157775 -0.1052998 -0.3773300 0.8456607 -0.3774651 41 49 67 255
-0.1548827 1.0821693 -0.2515594 -0.5190763 0.3809094 -0.7651585 53 64 83 255
-0.1591180 1.1844547 -0.1381818 -0.7742683 0.5280654 -0.3487915 63 74 92 255
0.1805126 0.1007742 0.0946053 -0.9303296 0.0042770 0.3666995 149 136 122 255
0.1512945 0.1604095 0.0733939 -0.7866206 -0.5969393 -0.1577704 54 45 49 255
0.2006075 0.1146856 0.0463017 -0.5583225 0.0264717 -0.8292015 45 41 42 255
-0.2420070 0.6113904 -0.1535028 0.9813745 -0.0534010 0.1845333 25 14 11 255
-0.2354969 0.5513874 -0.1670917 0.5499293 0.3241927 -0.7697252 20 11 6 255
-0.2613399 0.5970969 -0.1665307 0.6125370 -0.1157518 -0.7819206 30 17 14 255
0.1020138 0.3971936 0.1448718 0.4689077 0.2723552 0.8402072 71 87 121 255
0.0875002 0.4750354 0.1334237 0.0491619 0.2163518 0.9750769 54 66 90 255
0.0797173 0.4497473 0.1202551 0.1360472 -0.0262437 0.9903547 71 87 122 255
-0.2606229 0.8076066 -0.1539730 -0.7190283 -0.4868833 0.4959264 74 82 79 255
-0.2604216 0.8098154 -0.1943244 -0.8774318 0.0643604 -0.4753644 49 61 80 255
-0.2710667 0.7446865 -0.1398538 -0.9956470 0.0528836 -0.0767508 193 199 171 255
-0.1002999 1.4207566 0.2833320 0.2947526 -0.6574977 0.6934102 27 22 25 255
-0.0893333 1.5472121 0.2933296 0.3353610 -0.2957592 0.8944606 61 69 84 255
-0.1343194 1.4990491 0.2815081 -0.4256534 0.2758484 0.8618159 64 79 101 255
-0.0670809 1.2537876 0.1032912 -0.6914383 0.1626210 0.7038946 51 61 80 255
-0.0696161 1.2389573 0.1261114 -0.8161224 -0.0388909 0.5765689 51 61 80 255
-0.0203494 1.2244637 0.1496252 -0.7309324 0.0938966 0.6759596 48 58 75 255
0.0298855 0.0798576 -0.2524713 0.7678239 0.3077522 0.5619031 59 71 95 255
-0.0935063 0.0450266 -0.0737528 0.2063438 0.8017382 0.5609262 99 62 67 255
-0.0722457 0.0056610 -0.0859252 0.8282256 0.1027206 0.5509003 92 66 74 255
0.0506967 1.0082297 -0.1785914 0.1394854 0.2770836 -0.9506674 51 43 48 255
-0.0012612 1.2669965 -0.1076661 -0.7350045 0.0676443 -0.6746796 150 155 131 255
0.0199510 1.2722533 -0.1276356 -0.6071985 -0.0928505 -0.7891062 124 125 90 255
0.0248016 0.3468985 0.0975481 -0.8643171 -0.2621192 -0.4292431 184 190 149 255
0.0715074 0.6758625 0.0039538 -0.9306860 -0.0162426 0.3654584 47 45 46 255
0.0597818 0.5359904 -0.0057255 -0.7501858 -0.1935574 -0.6322633 41 39 42 255
-0.0203494 1.2244637 0.1496252 -0.7504807 0.0787783 0.6561804 76 93 125 255
0.0029997 1.1691036 0.1951066 -0.2979861 -0.1644899 0.9402910 81 97 129 255
0.0067289 1.2992549 0.1742166 -0.7530450 0.1902066 0.6298768 67 84 114 255
-0.1122415 1.6074288 0.0165159 -0.9106773 0.0538895 -0.4095887 10 11 13 255
-0.1203091 1.5532601 0.0663704 -0.7119132 -0.3435448 -0.6125003 37 46 60 255
-0.1212537 1.6894596 0.0286292 -0.7518592 -0.0212966 -0.6589795 14 16 22 255
-0.0835834 1.5518346 0.0285422 -0.2834880 -0.5386322 -0.7934166 27 31 43 255
-0.1176024 1.5651935 -0.0058709 -0.6063659 -0.4538112 -0.6529747 24 27 35 255
-0.0844810 1.6020265 -0.0008112 -0.4126248 -0.2629436 -0.8721247 12 12 14 255
0.2022621 0.1904951 0.0985771 0.8433402 0.1825874 0.5054097 68 66 68 255
0.2282774 0.1044716 0.0949374 0.6240284 0.4027717 0.6695995 119 123 89 255
0.2349122 0.1228386 0.0423704 0.7507609 0.5558809 -0.3568676 29 31 40 255
-0.2606229 0.8076066 -0.1539730 -0.7190283 -0.4868833 0.4959264 74 82 79 255
-0.2788693 0.8433230 -0.1775898 -0.9407015 0.2105692 -0.2659723 168 172 146 255
-0.2604216 0.8098154 -0.1943244 -0.8774318 0.0643604 -0.4753644 49 61 80 255
0.0529020 1.1452893 0.2042099 -0.8531848 -0.1672771 -0.4940587 50 61 80 255
0.0581142 1.2696706 0.1888567 -0.7804570 -0.2097876 0.5889620 58 60 81 255
0.1006333 1.2575530 0.1554679 -0.4917517 -0.1784563 -0.8522522 33 37 49 255
0.0875002 0.4750354 0.1334237 0.0491619 0.2163518 0.9750769 54 66 90 255
0.1409681 0.7699834 0.0749520 -0.4253904 0.2251657 0.8765520 41 50 68 255
0.0255979 0.3846686 0.1369036 -0.7370799 0.1108430 0.6666537 65 79 107 255
-0.1621112 1.6778325 0.1945213 -0.8387595 0.2517990 0.4827832 50 61 79 255
-0.1890915 1.5938886 0.2041820 -0.8397976 0.0484966 0.5407293 48 61 80 255
-0.1597489 1.6417514 0.2425145 -0.7750357 0.2329050 0.5874307 52 64 90 255
0.0938931 1.0260239 0.2542328 -0.7266334 0.1638666 0.6671969 54 65 85 255
0.0681077 1.1734827 0.2514201 -0.3864070 0.2257983 0.8942621 51 62 82 255
0.0529020 1.1452893 0.2042099 -0.8531848 -0.1672771 -0.4940587 50 61 80 255
0.0167645 0.9237378 0.0724581 -0.9970968 -0.0474614 -0.0595432 37 42 55 255
0.0142871 0.8312138 0.0317057 -0.8472049 -0.0545307 0.5284604 54 63 80 255
0.0005675 0.8285416 0.0419585 -0.6081292 -0.0981596 0.7877459 51 60 78 255
0.0704426 0.7089961 0.0723921 -0.7450039 -0.2810991 0.6049401 15 11 8 255
0.0482285 0.7905772 0.0831596 -0.6133505 -0.1303019 0.7789882 46 57 75 255
0.0109391 0.7840053 0.0418612 -0.6801950 -0.4884462 0.5465850 44 53 70 255
0.0167645 0.9237378 0.0724581 -0.9907231 -0.0473589 -0.1273769 26 27 31 255
-0.0139729 1.0792226 0.1511716 -0.5384589 -0.2649973 0.7998989 51 65 87 255
0.0022791 1.0291308 0.1111873 -0.7272502 -0.4073713 0.5524091 81 81 86 255
0.2420757 0.7703123 -0.0852720 -0.7378250 -0.6197963 0.2673329 56 67 86 255
0.1872889 0.8041118 -0.1535171 -0.6141371 -0.6980921 0.3681071 51 48 63 255
0.2354246 0.7490912 -0.1689306 -0.7294683 -0.6469512 0.2221038 60 70 87 255
0.1625562 0.5766296 -0.0649740 0.2041889 -0.5603991 -0.8026579 36 32 33 255
0.1790728 0.6779231 -0.1335083 0.6903552 -0.4158468 -0.5920146 19 16 13 255
0.2056106 0.6030569 -0.0161811 0.9280058 -0.2366725 0.2877351 16 14 15 255
0.1685442 0.0170320 0.2687372 0.1505607 -0.9858325 0.0739320 166 168 144 255
0.0436021 0.0000000 0.2613415 -0.2235698 -0.9744725 -0.0204782 91 88 62 255
0.1754147 0.0175115 0.0816783 -0.1147697 -0.9786898 -0.1702773 167 172 138 255
0.0715074 0.6758625 0.0039538 -0.9878914 0.0959043 0.1219549 40 46 60 255
0.0255979 0.3846686 0.1369036 -0.7370799 0.1108430 0.6666537 65 79 107 255
0.1409681 0.7699834 0.0749520 -0.4253904 0.2251657 0.8765520 41 50 68 255
-0.0787696 0.8762127 -0.0909010 -0.9977605 -0.0277858 -0.0608414 88 69 80 255
-0.0437338 0.9674922 -0.1456426 -0.5795613 0.1691722 -0.7971759 124 116 109 255
-0.0494544 0.8905332 -0.1723632 -0.6556369 0.2778340 -0.7021030 180 175 167 255
-0.0759785 0.7386046 -0.1775559 -0.9555309 0.0901797 -0.2807638 136 140 107 255
-0.0787696 0.8762127 -0.0909010 -0.9977605 -0.0277858 -0.0608414 88 69 80 255
-0.0494544 0.8905332 -0.1723632 -0.6556369 0.2778340 -0.7021030 180 175 167 255
0.1256454 0.6602238 0.2861410 0.0693982 0.2308907 -0.9705016 119 120 85 255
0.1027279 0.7353968 0.3085138 0.1677274 -0.2528967 -0.9528437 163 172 148 255
0.1199921 0.7340911 0.3312052 0.5038308 -0.2591659 0.8240070 170 181 157 255
0.1027871 0.9190820 0.1170393 0.0594647 -0.2479319 0.9669507 28 32 41 255
-0.0139729 1.0792226 0.1511716 -0.5384589 -0.2649973 0.7998989 51 65 87 255
0.0005675 0.8285416 0.0419585 -0.5923172 -0.2118316 0.7773594 159 164 132 255
0.0306675 0.6881151 0.0412203 0.5713625 0.1229733 -0.8114323 60 54 51 255
0.0109391 0.7840053 0.0418612 0.5578611 0.1087245 -0.8227817 69 60 55 255
0.0704426 0.7089961 0.0723921 0.3016751 -0.0241395 -0.9531051 68 58 57 255
-0.2213815 0.6601766 -0.2738096 -0.8619199 -0.0691694 -0.5023044 183 193 169 255
-0.2710667 0.7446865 -0.1398538 -0.9956470 0.0528836 -0.0767508 193 199 171 255
-0.2604216 0.8098154 -0.1943244 -0.8774318 0.0643604 -0.4753644 49 61 80 255
0.0704426 0.7089961 0.0723921 0.3182682 -0.0364407 -0.9473001 68 58 57 255
0.0109391 0.7840053 0.0418612 0.5580786 0.1044236 -0.8231913 69 60 55 255
0.0521530 0.7942433 0.0696427 0.3966898 0.0561840 -0.9162317 34 28 28 255
0.0306675 0.6881151 0.0412203 -0.5732757 -0.1233514 0.8100243 56 59 50 255
0.0703496 0.7088901 0.0724682 -0.5732757 -0.1233514 0.8100243 15 11 8 255
0.0109399 0.7840043 0.0418612 -0.5732757 -0.1233514 0.8100243 44 53 70 255
0.2127812 1.0067462 0.2047726 0.8748742 -0.2713272 -0.4012192 43 48 56 255
0.2048209 1.2632147 0.0735387 0.7527030 0.6345919 -0.1753035 63 78 111 255
0.2086950 1.2636706 0.1348971 0.7648722 0.5463500 0.3412802 59 73 102 255
-0.2354969 0.5513874 -0.1670917 -0.7381985 -0.6641050 -0.1184374 78 76 51 255
-0.1995143 0.5271723 -0.1597840 -0.5014102 -0.8639646 0.0463992 71 69 48 255
-0.2431987 0.5539413 -0.1334077 -0.7975474 -0.6021084 0.0371976 83 82 52 255
0.0412274 1.6722052 -0.0228118 0.4448697 0.2724575 -0.8531460 39 46 60 255
0.0118115 1.7810261 0.0398210 0.3556817 0.7627034 -0.5401610 41 51 68 255
0.1204099 1.7031986 0.0717787 0.8478671 0.3574550 -0.3915958 40 49 64 255
0.2420757 0.7703123 -0.0852720 0.9345892 -0.2085657 -0.2881727 46 43 35 255
0.1790728 0.6779231 -0.1335083 0.6903552 -0.4158468 -0.5920146 19 16 13 255
0.1872889 0.8041118 -0.1535171 0.7728693 -0.1405310 -0.6188086 154 157 126 255
0.0298855 0.0798576 -0.2524713 0.7678239 0.3077522 0.5619031 59 71 95 255
0.0194273 0.1152587 -0.2500821 -0.1177468 -0.4973131 0.8595438 58 70 94 255
-0.0027875 0.1028724 -0.2649800 -0.5184749 0.4207587 0.7444097 61 73 97 255
-0.0722457 0.0056610 -0.0859252 -0.1098257 -0.9935190 -0.0292964 15 19 30 255
-0.1617881 0.0256080 -0.1001116 -0.2463150 -0.9411697 0.2313623 56 71 94 255
-0.1366951 0.0259065 -0.1975054 -0.0637595 -0.9916283 -0.1122860 57 67 92 255
-0.1864140 1.4975522 0.2222508 -0.5565503 0.5017613 0.6621839 119 116 95 255
-0.1565819 1.5185051 0.2599620 0.3668514 0.8641353 -0.3445147 55 48 51 255
-0.1593591 1.4870591 0.2012583 0.2665757 0.9611045 -0.0722191 90 93 85 255
-0.1343027 1.7190274 0.2560712 -0.6023640 0.3580314 0.7134221 64 79 108 255
-0.0334060 1.6880863 0.2929310 0.1294023 0.3406559 0.9312403 58 69 91 255
-0.0477355 1.7600838 0.2623228 -0.1793560 0.6989350 0.6923304 139 146 124 255
0.2639555 0.0347230 0.1262366 0.7502323 0.5637830 0.3453986 133 136 104 255
0.1875985 0.0882001 0.1509441 0.4000329 0.8019075 0.4437546 132 135 97 255
0.1685442 0.0170320 0.2687372 0.5841618 0.6494147 0.4868425 76 74 49 255
-0.0931652 1.2723157 -0.0116969 -0.4254975 -0.6262364 0.6532839 61 32 36 255
-0.0930339 1.2687085 -0.0053574 -0.7560664 0.1646573 -0.6334441 63 37 42 255
-0.1087320 1.2907643 0.0247198 -0.9974756 0.0575295 -0.0416268 42 46 65 255
-0.2168805 1.5834894 0.1274651 -0.8564717 -0.2249434 -0.4646039 25 28 40 255
-0.1821016 1.5048709 0.1718360 -0.8320111 -0.2779447 -0.4801085 42 53 71 255
-0.1911334 1.5417618 0.2160879 -0.7707377 -0.1511911 0.6189545 28 35 50 255
-0.2213815 0.6601766 -0.2738096 -0.8619199 -0.0691694 -0.5023044 183 193 169 255
-0.2317858 0.5989263 -0.2210306 -0.4206272 -0.8162152 -0.3960625 165 171 145 255
-0.2506559 0.5955213 -0.2077161 -0.9120741 -0.1047193 -0.3964276 164 170 144 255
0.1754147 0.0175115 0.0816783 -0.1147697 -0.9786898 -0.1702773 167 172 138 255
0.2639555 0.0347230 0.1262366 0.1687870 -0.9836316 0.0630869 118 115 80 255
0.1685442 0.0170320 0.2687372 0.1505607 -0.9858325 0.0739320 166 168 144 255
0.2282774 0.1044716 0.0949374 0.7371337 0.5376222 0.4093852 106 100 66 255
0.1805126 0.1007742 0.0946053 -0.9251740 0.3296763 0.1880600 161 164 130 255
0.1875985 0.0882001 0.1509441 0.4000329 0.8019075 0.4437546 132 135 97 255
-0.2259517 0.6785994 -0.1431793 0.9480839 -0.1587961 0.2755370 56 47 45 255
-0.2438741 0.5900846 -0.1793846 0.5137513 -0.4812403 0.7102587 26 20 20 255
-0.2256014 0.6061940 -0.2008475 0.9194854 -0.2088786 0.3330408 58 51 56 255
-0.0332151 0.9615450 0.0981535 -0.4415659 -0.3475901 0.8271643 122 120 94 255
-0.0355501 1.0614306 0.1153795 -0.8221203 -0.2402610 0.5161327 106 107 117 255
-0.0464364 1.2034812 0.1309625 -0.5460589 -0.1134758 0.8300258 64 79 110 255
0.2188206 1.0326427 0.2468022 0.7946790 0.2290868 0.5621427 49 60 78 255
0.1112727 1.3164396 0.1669382 0.4818370 0.7452288 0.4609415 50 60 80 255
0.1558430 1.0428112 0.2787780 0.1438220 0.3251154 0.9346738 49 60 78 255
0.0721227 1.2973142 0.1969858 -0.1044357 0.7640206 0.6366833 86 91 118 255
0.1558430 1.0428112 0.2787780 0.1438220 0.3251154 0.9346738 49 60 78 255
0.1112727 1.3164396 0.1669382 0.4818370 0.7452288 0.4609415 50 60 80 255
-0.2425865 0.6739763 -0.1071166 -0.8060526 -0.1872966 0.5614260 141 146 112 255
-0.2647855 0.6274203 -0.1354481 -0.9774615 -0.1278462 0.1680015 140 150 126 255
-0.2227901 0.6660904 -0.1225179 0.9907119 -0.0346379 -0.1314924 91 85 61 255
-0.0159812 0.7844992 -0.0196010 -0.7894849 -0.4840032 0.3774312 43 50 66 255
0.0109391 0.7840053 0.0418612 -0.6801950 -0.4884462 0.5465850 44 53 70 255
-0.0329909 0.8310416 -0.0067109 -0.8724893 -0.0401676 0.4869794 51 59 74 255
0.0142871 0.8312138 0.0317057 -0.8472049 -0.0545307 0.5284604 54 63 80 255
-0.0505190 0.8360625 -0.0561291 -0.8607348 -0.0179256 0.5087378 75 39 40 255
-0.0329909 0.8310416 -0.0067109 -0.8724893 -0.0401676 0.4869794 51 59 74 255
-0.0203494 1.2244637 0.1496252 -0.7504807 0.0787783 0.6561804 76 93 125 255
-0.0696161 1.2389573 0.1261114 -0.8111482 -0.0484352 0.5828316 58 72 101 255
-0.0464364 1.2034812 0.1309625 -0.5460589 -0.1134758 0.8300258 64 79 110 255
0.1002381 0.5722495 0.2504359 -0.5986231 0.7836781 -0.1658284 122 91 82 255
0.0832144 0.5712863 0.2798628 0.3284853 -0.9346282 0.1362623 144 103 96 255
0.0839350 0.5914053 0.2729193 0.0968114 0.7208762 -0.6862689 152 119 112 255
-0.1864140 1.4975522 0.2222508 -0.5565343 0.5018262 0.6621480 49 60 78 255
-0.2037368 1.4508485 0.2466556 -0.8976872 0.2240898 0.3793961 62 73 91 255
-0.1343194 1.4990491 0.2815081 -0.4256534 0.2758484 0.8618159 64 79 101 255
-0.0040126 0.3909151 -0.1264266 0.6208268 -0.3097995 0.7201377 66 81 111 255
0.0496890 0.1168635 -0.2544419 0.7226853 -0.1620677 0.6719078 185 182 187 255
0.0072511 0.4254179 -0.1698002 0.9371120 -0.2698808 -0.2213264 88 78 53 255
0.0965362 0.9298715 -0.2220889 0.1231710 0.4302061 -0.8942884 68 60 60 255
0.0506967 1.0082297 -0.1785914 0.1975157 0.2335523 -0.9520719 55 64 81 255
0.1556078 1.0432528 -0.0806686 0.7459064 0.2793038 -0.6046594 21 24 34 255
-0.0637865 1.3760786 0.1301371 -0.1400000 -0.9684598 0.2061197 63 69 85 255
-0.1988767 1.4187192 0.2104956 -0.6252778 -0.7273512 -0.2828214 64 75 93 255
-0.0762377 1.4012685 0.1011938 -0.6210611 -0.4559259 -0.6375067 61 67 83 255
-0.1142999 1.7802539 0.1600789 -0.5773369 0.7637611 0.2887056 23 23 25 255
-0.1356040 1.7668712 0.0727671 -0.6797878 0.6094655 -0.4079712 40 53 73 255
-0.1929616 1.7249681 0.1514522 -0.7610720 0.6000270 0.2464487 5 6 8 255
-0.0382954 0.4233932 -0.2093416 0.2080048 -0.1670796 -0.9637523 7 6 4 255
0.0378337 0.6502044 -0.2373270 -0.0974796 0.0683760 -0.9928859 150 155 123 255
0.0738586 0.5992891 -0.2129847 0.5784019 -0.3410047 -0.7410581 138 142 115 255
0.0906305 1.5786449 0.1937543 0.7971721 -0.4271674 0.4266667 17 16 20 255
0.1272109 1.5981710 0.1355401 0.9350305 -0.3503931 -0.0542452 172 170 174 255
0.1304439 1.6684407 0.1812683 0.9087095 0.1297620 0.3967480 48 59 77 255
0.0911932 0.8282583 -0.2315830 0.0845277 -0.0668555 -0.9941757 151 155 149 255
0.0378337 0.6502044 -0.2373270 -0.0974796 0.0683760 -0.9928859 150 155 123 255
-0.0704294 0.5276896 -0.1926647 -0.7898290 0.1438011 -0.5962309 99 101 73 255
0.0496890 0.1168635 -0.2544419 -0.0272194 -0.8619712 -0.5062261 3 3 5 255
0.0194273 0.1152587 -0.2500821 0.0271827 -0.4625694 0.8861664 67 79 100 255
0.0634626 0.1396820 -0.2940360 0.9990249 0.0419572 -0.0137385 17 20 26 255
0.0298855 0.0798576 -0.2524713 0.7046041 0.3101215 0.6382457 0 0 0 255
0.0779862 0.0325702 -0.3292609 0.9498168 0.2234204 0.2189324 23 25 35 255
0.0477119 0.1425749 -0.3167058 0.7683844 0.3441600 -0.5395733 3 3 4 255
-0.0601066 1.3592986 0.0846299 -0.9189811 0.0720006 0.3876722 56 62 76 255
-0.0088175 1.3476926 0.1424197 -0.6222364 -0.0231714 0.7824864 50 61 81 255
-0.0637865 1.3760786 0.1301371 -0.1400000 -0.9684598 0.2061197 63 69 85 255
-0.2256014 0.6061940 -0.2008475 0.9195071 -0.2089350 0.3329453 75 39 39 255
-0.2021490 0.5687864 -0.1903015 0.6684980 0.7372133 0.0981172 50 59 76 255
-0.2506559 0.5955213 -0.2077161 -0.9122455 -0.1041120 -0.3961930 72 43 47 255
0.0947137 0.5477995 0.2477077 0.6083260 -0.7671475 -0.2035296 104 105 79 255
0.1002381 0.5722495 0.2504359 0.8662781 0.1738443 -0.4683377 102 102 78 255
0.1195971 0.5838696 0.2800392 0.4683738 -0.3662102 0.8040621 141 143 126 255
-0.0835834 1.5518346 0.0285422 -0.2834880 -0.5386322 -0.7934166 27 31 43 255
-0.0844810 1.6020265 -0.0008112 -0.4126248 -0.2629436 -0.8721247 12 12 14 255
-0.0190412 1.6219603 -0.0404795 0.2105758 -0.4189034 -0.8832767 39 43 55 255
-0.0893333 1.5472121 0.2933296 0.3344255 -0.2928024 0.8957826 23 25 25 255
-0.0863896 1.5988495 0.3067921 -0.4550450 -0.0735045 0.8874295 94 93 66 255
-0.1419770 1.5571387 0.2787851 -0.6645526 -0.2434367 0.7064762 28 32 41 255
-0.0863896 1.5988495 0.3067921 -0.4550450 -0.0735045 0.8874295 94 93 66 255
-0.1076711 1.6511676 0.3144017 -0.4222536 0.3338744 0.8427513 136 138 111 255
-0.1239071 1.6123729 0.2661132 -0.7228012 0.1927606 0.6636277 54 68 92 255
0.0478258 0.9217789 0.2346824 -0.7422325 -0.0598707 -0.6674626 60 69 84 255
0.0411232 0.8311407 0.3329512 -0.9104072 0.2569031 0.3242831 41 46 26 255
0.0938931 1.0260239 0.2542328 -0.8123056 0.1847872 0.5531847 51 60 75 255
-0.1343027 1.7190274 0.2560712 -0.6023640 0.3580314 0.7134221 64 79 108 255
-0.1621112 1.6778325 0.1945213 -0.8387595 0.2517990 0.4827832 50 61 79 255
-0.1597489 1.6417514 0.2425145 -0.7750357 0.2329050 0.5874307 52 64 90 255
-0.2354969 0.5513874 -0.1670917 -0.7381985 -0.6641050 -0.1184374 78 76 51 255
-0.2431987 0.5539413 -0.1334077 -0.7975474 -0.6021084 0.0371976 83 82 52 255
-0.2613399 0.5970969 -0.1665307 -0.9394752 -0.3397794 -0.0440020 119 120 86 255
-0.0185742 0.6171262 0.3194846 -0.3646909 0.0796665 -0.9277142 168 172 144 255
0.0523085 0.5913375 0.2807249 -0.1623004 0.2316204 -0.9591718 61 47 43 255
0.0095373 0.5925355 0.3013026 -0.4135832 0.5573278 -0.7199547 152 155 124 255
-0.0722457 0.0056610 -0.0859252 -0.1098257 -0.9935190 -0.0292964 15 19 30 255
-0.0935063 0.0450266 -0.0737528 0.2018644 0.8000191 0.5649958 25 25 29 255
-0.1617881 0.0256080 -0.1001116 -0.2463150 -0.9411697 0.2313623 56 71 94 255
0.2006075 0.1146856 0.0463017 -0.5583225 0.0264717 -0.8292015 45 41 42 255
0.1942913 0.1655327 0.0452625 -0.5261609 -0.5071918 -0.6825768 65 87 124 255
0.2349122 0.1228386 0.0423704 0.8215194 0.4780432 -0.3107738 48 39 37 255
-0.2037368 1.4508485 0.2466556 -0.8976872 0.2240898 0.3793961 62 73 91 255
-0.1592987 1.4296258 0.2987076 -0.4080943 -0.3900387 0.8254266 65 73 92 255
-0.1343194 1.4990491 0.2815081 -0.4256534 0.2758484 0.8618159 64 79 101 255
-0.0620381 0.0793921 -0.1939515 -0.2790467 0.9496010 0.1427967 59 69 94 255
-0.1366951 0.0259065 -0.1975054 -0.6914373 0.6468422 -0.3217288 60 70 94 255
-0.1617881 0.0256080 -0.1001116 -0.4579673 0.8886833 0.0225404 98 66 69 255
-0.0935063 0.0450266 -0.0737528 0.2063438 0.8017382 0.5609262 99 62 67 255
-0.0620381 0.0793921 -0.1939515 -0.2790467 0.9496010 0.1427967 59 69 94 255
-0.1617881 0.0256080 -0.1001116 -0.4579673 0.8886833 0.0225404 98 66 69 255
-0.1051941 1.0665056 -0.2497061 0.5921431 -0.0624056 -0.8034128 16 17 19 255
0.0081853 1.2235422 -0.1410733 0.8174393 -0.4371350 0.3751079 54 65 82 255
-0.0767172 1.0643948 -0.1823181 0.9229219 -0.3843338 0.0224215 49 49 56 255
0.1410527 0.7872695 -0.2176677 -0.4602980 -0.6830490 0.5670712 29 34 46 255
0.0797690 0.7689558 -0.2747730 -0.0158270 -0.5828431 0.8124306 24 19 16 255
0.1410857 0.7638521 -0.2603363 -0.3531638 -0.8205282 0.4494538 29 35 47 255
0.0673790 1.4013784 0.0026721 0.4948438 0.6886656 -0.5299711 55 63 84 255
-0.0604986 1.3157775 -0.1052998 -0.3773300 0.8456607 -0.3774651 41 49 67 255
-0.0484814 1.3521292 -0.0418752 -0.3174339 0.7449777 -0.5867231 59 60 86 255
0.1005119 0.4182446 0.0413274 0.9375818 0.0164602 -0.3473751 13 12 8 255
0.1625562 0.5766296 -0.0649740 0.2041889 -0.5603991 -0.8026579 36 32 33 255
0.2056106 0.6030569 -0.0161811 0.9280058 -0.2366725 0.2877351 16 14 15 255
-0.1203091 1.5532601 0.0663704 -0.7119132 -0.3435448 -0.6125003 37 46 60 255
-0.0923432 1.4684374 0.0748879 -0.6268602 -0.2942267 -0.7214409 46 52 68 255
-0.1821016 1.5048709 0.1718360 -0.8320111 -0.2779447 -0.4801085 42 53 71 255
-0.1407300 1.0299848 -0.1431333 0.0310283 0.2313282 0.9723808 44 43 45 255
-0.1831227 0.9196838 -0.1227075 0.0280200 0.0412187 0.9987571 43 35 23 255
-0.1402210 1.0170286 -0.1255790 0.3251382 -0.0063788 0.9456450 31 30 31 255
0.0545842 0.3585414 0.1215988 -0.4215567 -0.0911253 0.9022118 74 90 124 255
0.1020138 0.3971936 0.1448718 0.4689077 0.2723552 0.8402072 71 87 121 255
0.0797173 0.4497473 0.1202551 0.1360472 -0.0262437 0.9903547 71 87 122 255
0.0972481 1.0168535 0.1993917 -0.5804855 -0.2652014 -0.7698731 53 62 79 255
0.0529020 1.1452893 0.2042099 -0.9050750 -0.1238919 -0.4068047 43 54 72 255
0.1556726 1.1658386 0.1087064 -0.4889290 -0.2308278 -0.8412295 49 59 79 255
0.1849851 0.1566504 0.1281117 0.0507369 -0.1243151 0.9909448 150 152 114 255
0.2282774 0.1044716 0.0949374 0.6240284 0.4027717 0.6695995 119 123 89 255
0.2022621 0.1904951 0.0985771 0.8433402 0.1825874 0.5054097 68 66 68 255
0.1512945 0.1604095 0.0733939 0.9490974 -0.1192796 0.2915244 22 23 28 255
0.1469307 0.1070450 0.0658900 0.9467047 -0.1199202 0.2989475 83 48 34 255
0.1337022 0.2084433 0.0408388 -0.1706318 -0.0740855 -0.9825458 13 14 18 255
-0.1778756 0.8020228 -0.1986614 0.1705877 -0.9821957 -0.0786850 64 77 96 255
-0.2472401 0.8087559 -0.2339457 0.4272530 -0.7859906 -0.4468485 62 74 95 255
-0.2360474 0.8151429 -0.2548915 -0.1776893 -0.0732014 -0.9813603 66 77 95 255
0.0236276 0.7366696 0.3202471 -0.1244773 0.3316866 -0.9351413 141 149 107 255
0.1256454 0.6602238 0.2861410 0.0699170 0.2142799 -0.9742666 162 129 120 255
0.0523085 0.5913375 0.2807249 -0.1623004 0.2316204 -0.9591718 61 47 43 255
-0.1621112 1.6778325 0.1945213 -0.8387595 0.2517990 0.4827832 50 61 79 255
-0.1343027 1.7190274 0.2560712 -0.6023640 0.3580314 0.7134221 64 79 108 255
-0.1929616 1.7249681 0.1514522 -0.7610554 0.6000273 0.2464996 50 63 82 255
-0.1621112 1.6778325 0.1945213 -0.8387595 0.2517990 0.4827832 50 61 79 255
-0.1929616 1.7249681 0.1514522 -0.7610554 0.6000273 0.2464996 50 63 82 255
-0.1961489 1.6668094 0.1163126 -0.8863242 0.2662434 -0.3788720 50 61 83 255
0.0118115 1.7810261 0.0398210 0.3556817 0.7627034 -0.5401610 41 51 68 255
-0.0407195 1.7646203 0.0063311 -0.1404619 0.6547832 -0.7426502 35 44 60 255
-0.0912698 1.7987256 0.1143385 -0.1511029 0.9611822 -0.2308608 32 41 56 255
-0.1948997 0.5295475 -0.1350521 -0.4399743 -0.8823768 0.1668341 69 67 47 255
-0.2431987 0.5539413 -0.1334077 -0.7975474 -0.6021084 0.0371976 83 82 52 255
-0.1995143 0.5271723 -0.1597840 -0.5014102 -0.8639646 0.0463992 71 69 48 255
-0.2420070 0.6113904 -0.1535028 0.9813745 -0.0534010 0.1845333 25 14 11 255
-0.2613399 0.5970969 -0.1665307 0.6125370 -0.1157518 -0.7819206 30 17 14 255
-0.2438741 0.5900846 -0.1793846 0.5137513 -0.4812403 0.7102587 26 20 20 255
-0.1415471 1.0959166 -0.1024171 -0.4913329 -0.8344177 0.2496782 49 62 81 255
-0.1787587 1.1257207 -0.1216623 -0.9909394 0.1289295 -0.0376355 50 63 82 255
-0.1679394 1.1230661 -0.1555637 -0.9716055 0.0234444 0.2354428 50 62 85 255
-0.0749498 0.3003661 -0.1562392 -0.7947751 -0.3553663 0.4919830 56 61 79 255
-0.0905056 0.4013319 -0.1659135 -0.7351196 -0.0667737 0.6746410 49 63 86 255
-0.0673522 0.3442069 -0.1587325 -0.9835008 -0.0791811 -0.1626536 74 70 64 255
-0.0247338 0.7609328 -0.2388281 -0.3601498 0.3446021 -0.8669150 125 129 94 255
0.0965362 0.9298715 -0.2220889 0.1255523 0.4337860 -0.8922255 38 41 49 255
0.0797690 0.7689558 -0.2747730 -0.1346285 0.3190237 -0.9381360 74 90 126 255
-0.0912698 1.7987256 0.1143385 -0.1511029 0.9611822 -0.2308608 32 41 56 255
-0.1142999 1.7802539 0.1600789 -0.5773369 0.7637611 0.2887056 23 23 25 255
-0.0908450 1.8062196 0.1706914 -0.0477131 0.9981344 0.0380969 36 46 62 255
0.0305948 0.0283968 -0.2558872 0.8514823 -0.0226875 0.5238923 33 35 49 255
0.0779862 0.0325702 -0.3292609 0.9498168 0.2234204 0.2189324 23 25 35 255
0.0298855 0.0798576 -0.2524713 0.7046041 0.3101215 0.6382457 0 0 0 255
-0.0620381 0.0793921 -0.1939515 -0.2790467 0.9496010 0.1427967 59 69 94 255
-0.0449111 0.0872439 -0.2637852 -0.3990298 0.8946223 0.2010627 47 59 75 255
-0.1366951 0.0259065 -0.1975054 -0.6914373 0.6468422 -0.3217288 60 70 94 255
-0.1679394 1.1230661 -0.1555637 -0.9716055 0.0234444 0.2354428 50 62 85 255
-0.1787587 1.1257207 -0.1216623 -0.9909394 0.1289295 -0.0376355 50 63 82 255
-0.1591180 1.1844547 -0.1381818 -0.7742683 0.5280654 -0.3487915 63 74 92 255
0.2048209 1.2632147 0.0735387 0.4749914 -0.3450623 -0.8095154 55 63 82 255
0.2127812 1.0067462 0.2047726 0.6866022 -0.3004839 -0.6620324 62 74 98 255
0.1556726 1.1658386 0.1087064 -0.4889290 -0.2308278 -0.8412295 49 59 79 255
-0.1138651 1.6737067 0.2511677 -0.5580269 0.3086098 0.7703025 108 109 79 255
-0.1343027 1.7190274 0.2560712 -0.6023640 0.3580314 0.7134221 64 79 108 255
-0.1597489 1.6417514 0.2425145 -0.7750357 0.2329050 0.5874307 52 64 90 255
0.0506967 1.0082297 -0.1785914 0.1975157 0.2335523 -0.9520719 55 64 81 255
0.0294735 1.2958042 -0.1326905 0.6941140 0.2785707 -0.6637801 165 35 43 255
0.1556078 1.0432528 -0.0806686 0.7459064 0.2793038 -0.6046594 21 24 34 255
-0.1142999 1.7802539 0.1600789 -0.5773369 0.7637611 0.2887056 23 23 25 255
-0.0643837 1.7974508 0.1814693 -0.2158009 0.9280639 0.3035249 44 55 73 255
-0.0908450 1.8062196 0.1706914 -0.0477131 0.9981344 0.0380969 36 46 62 255
0.2464064 0.7978729 -0.0487758 -0.9005029 -0.4331595 0.0383074 50 61 81 255
0.2420757 0.7703123 -0.0852720 -0.7378250 -0.6197963 0.2673329 56 67 86 255
0.2770814 0.7322610 -0.0678953 -0.9064412 -0.4131807 -0.0874418 55 65 84 255
0.2127812 1.0067462 0.2047726 0.8748742 -0.2713272 -0.4012192 43 48 56 255
0.2086950 1.2636706 0.1348971 0.7648722 0.5463500 0.3412802 59 73 102 255
0.2188206 1.0326427 0.2468022 0.7946790 0.2290868 0.5621427 49 60 78 255
0.2329779 0.8970297 -0.0841180 0.8702610 0.3466789 -0.3499421 54 55 64 255
0.2770814 0.7322610 -0.0678953 0.9865824 0.1574852 -0.0430536 44 38 34 255
0.2354246 0.7490912 -0.1689306 0.7996759 0.2689113 -0.5368474 20 9 5 255
-0.1597489 1.6417514 0.2425145 0.6800477 0.2002018 0.7053044 72 70 46 255
-0.1622395 1.6001186 0.2567331 0.6800477 0.2002018 0.7053044 69 67 45 255
-0.1460989 1.6148510 0.2369889 0.6800477 0.2002018 0.7053044 65 63 42 255
-0.0935063 0.0450266 -0.0737528 0.2063438 0.8017382 0.5609262 99 62 67 255
0.0298855 0.0798576 -0.2524713 0.7678239 0.3077522 0.5619031 59 71 95 255
-0.0620381 0.0793921 -0.1939515 -0.2790467 0.9496010 0.1427967 59 69 94 255
0.2495800 0.8815066 0.0058936 0.9095659 0.1444040 0.3896630 36 27 25 255
0.2219681 0.9697133 0.0209392 0.9669740 0.1035470 0.2328936 21 25 33 255
0.1687543 0.9247185 0.0908469 0.6500667 -0.0037050 0.7598682 24 27 36 255
-0.2001487 0.6749002 -0.2415468 0.9949394 0.0628130 0.0784229 46 34 32 255
-0.2288946 0.7828674 -0.2118186 0.1268249 -0.0540050 -0.9904538 72 75 42 255
-0.2131545 0.7752518 -0.2008253 0.9915922 -0.0876612 -0.0951858 49 55 73 255
-0.1123475 1.5005663 0.1683022 0.3519002 0.2826631 0.8923384 33 33 32 255
-0.0930268 1.5271281 0.1706558 -0.7090406 -0.0142142 0.7050244 44 48 35 255
-0.1220762 1.5436282 0.1721715 0.0795747 -0.8604788 0.5032336 17 19 24 255
0.1556726 1.1658386 0.1087064 -0.4889290 -0.2308278 -0.8412295 49 59 79 255
0.1559890 0.8887914 0.2154993 0.0727102 -0.3862457 -0.9195256 67 77 97 255
0.0972481 1.0168535 0.1993917 -0.5804855 -0.2652014 -0.7698731 53 62 79 255
-0.1416467 1.5258980 0.2369291 0.4999527 -0.2473807 -0.8299699 72 75 80 255
-0.1725792 1.5515057 0.2106630 0.2091482 -0.9109643 0.3555294 34 34 38 255
-0.1046514 1.5521880 0.2513782 -0.4470451 -0.7411000 -0.5009209 11 12 16 255
0.0611164 0.3058503 0.1137680 -0.7812838 -0.3996194 0.4794788 70 86 120 255
0.0545842 0.3585414 0.1215988 -0.4215567 -0.0911253 0.9022118 74 90 124 255
0.0248016 0.3468985 0.0975481 -0.9314237 -0.2579440 -0.2567390 73 88 120 255
-0.0827804 1.5483435 0.2103211 -0.5259469 -0.8307967 0.1820896 31 34 45 255
-0.1046514 1.5521880 0.2513782 -0.4470451 -0.7411000 -0.5009209 11 12 16 255
-0.1220762 1.5436282 0.1721715 0.0795747 -0.8604788 0.5032336 17 19 24 255
-0.2324744 0.6983933 -0.0971602 -0.4732885 0.3140479 0.8230262 79 90 105 255
-0.2304892 0.7531841 -0.1444293 0.8887469 0.1073330 0.4456551 176 176 142 255
-0.2710667 0.7446865 -0.1398538 -0.9956470 0.0528836 -0.0767508 193 199 171 255
0.1805126 0.1007742 0.0946053 -0.9303296 0.0042770 0.3666995 149 136 122 255
0.1849851 0.1566504 0.1281117 0.0767219 -0.2095768 0.9747776 200 191 183 255
0.1512945 0.1604095 0.0733939 -0.7866206 -0.5969393 -0.1577704 54 45 49 255
0.0293312 0.5429968 0.2106093 -0.9400328 0.3409984 -0.0076406 158 123 114 255
0.0339302 0.5749428 0.1985823 -0.9905928 0.1355539 -0.0187367 154 118 109 255
0.0494703 0.5558663 0.1847378 0.1663055 0.9127458 -0.3731457 160 124 117 255
-0.1046514 1.5521880 0.2513782 -0.4470375 -0.7411314 -0.5008810 50 61 81 255
-0.1343194 1.4990491 0.2815081 -0.5978065 -0.1159901 -0.7932046 50 61 81 255
-0.1419770 1.5571387 0.2787851 -0.6645731 -0.2434095 0.7064661 69 72 70 255
-0.0722457 0.0056610 -0.0859252 0.8282256 0.1027206 0.5509003 92 66 74 255
0.0305948 0.0283968 -0.2558872 0.8519714 -0.0229241 0.5230861 59 73 99 255
0.0298855 0.0798576 -0.2524713 0.7678239 0.3077522 0.5619031 59 71 95 255
0.1556726 1.1658386 0.1087064 -0.4889290 -0.2308278 -0.8412295 49 59 79 255
0.1006333 1.2575530 0.1554679 -0.6868140 0.0261185 -0.7263638 44 52 71 255
0.1830931 1.2453519 0.0897158 -0.3209683 -0.8704466 -0.3732318 49 58 76 255
-0.1053709 1.0427793 -0.1494917 0.8158000 -0.3006039 0.4940726 65 58 40 255
-0.0984506 1.0778226 -0.1239363 0.2503400 -0.6703514 0.6985406 42 44 53 255
-0.1680430 1.0692747 -0.1319140 -0.6214132 -0.4241366 0.6587517 57 52 48 255
-0.0484814 1.3521292 -0.0418752 -0.3174339 0.7449777 -0.5867231 59 60 86 255
0.0066412 1.4381445 0.0403541 -0.0129041 0.7716939 -0.6358632 71 85 113 255
0.0673790 1.4013784 0.0026721 0.4948438 0.6886656 -0.5299711 55 63 84 255
-0.0620381 0.0793921 -0.1939515 -0.2790467 0.9496010 0.1427967 59 69 94 255
-0.0137161 0.1007721 -0.2249833 0.0630272 0.9267298 0.3704044 56 70 96 255
-0.0449111 0.0872439 -0.2637852 -0.3990298 0.8946223 0.2010627 47 59 75 255
0.1027871 0.9190820 0.1170393 0.0594647 -0.2479319 0.9669507 28 32 41 255
0.0005675 0.8285416 0.0419585 -0.5923172 -0.2118316 0.7773594 159 164 132 255
0.0937017 0.8369189 0.1119317 -0.2140575 -0.1014511 0.9715384 43 54 75 255
-0.1002999 1.4207566 0.2833320 0.2947526 -0.6574977 0.6934102 27 22 25 255
0.0113330 1.4725355 0.2063009 0.6570041 -0.3289399 0.6783393 43 54 72 255
-0.0893333 1.5472121 0.2933296 0.3353610 -0.2957592 0.8944606 61 69 84 255
-0.0449111 0.0872439 -0.2637852 -0.3990298 0.8946223 0.2010627 47 59 75 255
-0.0137161 0.1007721 -0.2249833 0.0630272 0.9267298 0.3704044 56 70 96 255
-0.0027875 0.1028724 -0.2649800 -0.5184749 0.4207587 0.7444097 61 73 97 255
-0.0027875 0.1028724 -0.2649800 -0.5184749 0.4207587 0.7444097 61 73 97 255
-0.0137161 0.1007721 -0.2249833 0.0630272 0.9267298 0.3704044 56 70 96 255
0.0298855 0.0798576 -0.2524713 0.7678239 0.3077522 0.5619031 59 71 95 255
-0.1002999 1.4207566 0.2833320 0.2947526 -0.6574977 0.6934102 27 22 25 255
0.0062959 1.4072964 0.1688226 0.5378652 -0.6228395 0.5681303 49 60 80 255
0.0113330 1.4725355 0.2063009 0.6570041 -0.3289399 0.6783393 43 54 72 255
0.0386894 1.5529323 0.2217234 0.4730691 -0.4087411 0.7804720 44 53 70 255
-0.0893333 1.5472121 0.2933296 0.3353610 -0.2957592 0.8944606 61 69 84 255
0.0113330 1.4725355 0.2063009 0.6570041 -0.3289399 0.6783393 43 54 72 255
-0.0749498 0.3003661 -0.1562392 -0.7947751 -0.3553663 0.4919830 56 61 79 255
0.0194273 0.1152587 -0.2500821 -0.0644844 -0.5509488 0.8320439 153 126 133 255
-0.0600560 0.4465021 -0.0846714 -0.4451763 -0.1200808 0.8873548 57 70 96 255
0.0167645 0.9237378 0.0724581 -0.9907231 -0.0473589 -0.1273769 26 27 31 255
-0.0126745 0.9728090 0.0773815 -0.0053168 -0.4615400 0.8871033 92 90 85 255
-0.0165663 0.9356955 0.0409843 -0.7683430 -0.4624887 0.4424399 108 101 80 255
-0.2431987 0.5539413 -0.1334077 -0.7975474 -0.6021084 0.0371976 83 82 52 255
-0.2647855 0.6274203 -0.1354481 -0.9774615 -0.1278462 0.1680015 140 150 126 255
-0.2613399 0.5970969 -0.1665307 -0.9394752 -0.3397794 -0.0440020 119 120 86 255
0.1112727 1.3164396 0.1669382 0.4818370 0.7452288 0.4609415 50 60 80 255
0.1151314 1.3755862 0.0874144 0.7250801 0.6821002 0.0948592 67 73 96 255
0.0539699 1.4323559 0.1043416 0.7746056 0.5004312 0.3867231 55 67 91 255
0.0386894 1.5529323 0.2217234 0.4718086 -0.4053993 0.7829739 50 61 79 255
-0.0383053 1.5898107 0.3149813 0.4821112 -0.1625179 0.8609046 99 97 70 255
-0.0893333 1.5472121 0.2933296 0.3344255 -0.2928024 0.8957826 23 25 25 255
0.2188206 1.0326427 0.2468022 0.7946790 0.2290868 0.5621427 49 60 78 255
0.1600492 0.7757892 0.3423270 0.9198808 -0.1368557 0.3675456 185 184 182 255
0.2127812 1.0067462 0.2047726 0.8748742 -0.2713272 -0.4012192 43 48 56 255
0.0184383 0.5491160 0.2810301 -0.4711724 -0.6872365 0.5529038 52 48 49 255
0.0131281 0.5235974 0.2428619 0.8406321 -0.4513950 -0.2992996 50 56 72 255
0.0540144 0.5719908 0.2950879 0.3233933 -0.8068179 0.4944308 72 67 73 255
0.1006333 1.2575530 0.1554679 0.7130365 -0.0305471 0.7004611 157 163 125 255
0.2219681 0.9697133 0.0209392 0.9669740 0.1035470 0.2328936 21 25 33 255
0.1830931 1.2453519 0.0897158 0.4103155 -0.3468817 0.8433945 115 121 86 255
-0.0382954 0.4233932 -0.2093416 0.2080048 -0.1670796 -0.9637523 7 6 4 255
-0.0704294 0.5276896 -0.1926647 -0.7898290 0.1438011 -0.5962309 99 101 73 255
0.0378337 0.6502044 -0.2373270 -0.0974796 0.0683760 -0.9928859 150 155 123 255
-0.0165663 0.9356955 0.0409843 -0.7636559 -0.4639536 0.4489731 72 26 21 255
-0.0741820 0.9704217 0.0547894 -0.9123970 -0.2969790 0.2816651 124 124 95 255
-0.0509224 0.9978433 0.0329434 -0.5807882 -0.1428923 -0.8014156 118 120 87 255
-0.1607033 0.5423244 -0.1670543 0.6466523 0.5362142 -0.5425082 95 94 63 255
-0.1719019 0.5235227 -0.1989862 0.5865477 0.5123174 -0.6272900 121 123 86 255
-0.2021490 0.5687864 -0.1903015 0.6684980 0.7372133 0.0981172 50 59 76 255
-0.0088175 1.3476926 0.1424197 -0.6222364 -0.0231714 0.7824864 50 61 81 255
-0.0601066 1.3592986 0.0846299 -0.9189811 0.0720006 0.3876722 56 62 76 255
-0.0670809 1.2537876 0.1032912 -0.6914383 0.1626210 0.7038946 51 61 80 255
0.2048209 1.2632147 0.0735387 0.4749914 -0.3450623 -0.8095154 55 63 82 255
0.1556726 1.1658386 0.1087064 -0.4889290 -0.2308278 -0.8412295 49 59 79 255
0.1830931 1.2453519 0.0897158 -0.3209683 -0.8704466 -0.3732318 49 58 76 255
-0.0670809 1.2537876 0.1032912 -0.6914383 0.1626210 0.7038946 51 61 80 255
-0.0601066 1.3592986 0.0846299 -0.9189811 0.0720006 0.3876722 56 62 76 255
-0.0915061 1.3149982 0.0679621 -0.8456626 0.2752866 0.4572441 13 13 13 255
-0.2448514 0.9014514 -0.1637183 -0.8838658 0.3531686 0.3066809 74 77 58 255
-0.1891743 1.0278384 -0.1315609 -0.5649331 0.3352679 0.7539536 160 169 126 255
-0.1970494 1.0662592 -0.1928865 -0.9359289 0.3521470 0.0054511 64 68 82 255
0.0597818 0.5359904 -0.0057255 -0.7501858 -0.1935574 -0.6322633 41 39 42 255
0.1374864 0.6413925 -0.1042358 -0.3546564 -0.3315392 -0.8742428 32 31 29 255
0.1625562 0.5766296 -0.0649740 0.2041889 -0.5603991 -0.8026579 36 32 33 255
-0.0203494 1.2244637 0.1496252 -0.7504807 0.0787783 0.6561804 76 93 125 255
-0.0464364 1.2034812 0.1309625 -0.5460589 -0.1134758 0.8300258 64 79 110 255
-0.0139729 1.0792226 0.1511716 -0.5384589 -0.2649973 0.7998989 51 65 87 255
0.0022791 1.0291308 0.1111873 -0.7272502 -0.4073713 0.5524091 81 81 86 255
-0.0139729 1.0792226 0.1511716 -0.5384589 -0.2649973 0.7998989 51 65 87 255
-0.0355501 1.0614306 0.1153795 -0.8221203 -0.2402610 0.5161327 106 107 117 255
0.0067289 1.2992549 0.1742166 -0.6920640 0.2285457 0.6847000 49 56 76 255
-0.0088175 1.3476926 0.1424197 -0.6222364 -0.0231714 0.7824864 50 61 81 255
-0.0203494 1.2244637 0.1496252 -0.7309324 0.0938966 0.6759596 48 58 75 255
-0.0670809 1.2537876 0.1032912 -0.6914383 0.1626210 0.7038946 51 61 80 255
-0.0203494 1.2244637 0.1496252 -0.7309324 0.0938966 0.6759596 48 58 75 255
-0.0088175 1.3476926 0.1424197 -0.6222364 -0.0231714 0.7824864 50 61 81 255
-0.2259517 0.6785994 -0.1431793 0.9480839 -0.1587961 0.2755370 56 47 45 255
-0.2647855 0.6274203 -0.1354481 0.7259011 -0.1030609 0.6800339 19 9 7 255
-0.2420070 0.6113904 -0.1535028 0.9813745 -0.0534010 0.1845333 25 14 11 255
0.1625562 0.5766296 -0.0649740 0.2041889 -0.5603991 -0.8026579 36 32 33 255
0.1374864 0.6413925 -0.1042358 -0.3546564 -0.3315392 -0.8742428 32 31 29 255
0.1790728 0.6779231 -0.1335083 0.6903552 -0.4158468 -0.5920146 19 16 13 255
0.1112727 1.3164396 0.1669382 0.4818370 0.7452288 0.4609415 50 60 80 255
0.0539699 1.4323559 0.1043416 0.7746056 0.5004312 0.3867231 55 67 91 255
0.0384431 1.3884826 0.1482710 0.1974750 0.4276411 0.8821149 50 61 79 255
0.0683505 1.6276382 0.2218491 0.6319766 -0.1059261 0.7677143 45 55 76 255
0.1005123 1.5896342 0.2315181 0.9693530 -0.0988736 -0.2248977 50 59 79 255
0.0906305 1.5786449 0.1937543 0.7931852 -0.4337367 0.4274689 54 65 86 255
0.1066284 0.8181951 0.3746251 0.1602253 0.2954023 0.9418414 75 77 97 255
0.2188206 1.0326427 0.2468022 0.7946790 0.2290868 0.5621427 49 60 78 255
0.1558430 1.0428112 0.2787780 0.1438220 0.3251154 0.9346738 49 60 78 255
-0.0984506 1.0778226 -0.1239363 0.2503400 -0.6703514 0.6985406 42 44 53 255
-0.1053709 1.0427793 -0.1494917 0.8158000 -0.3006039 0.4940726 65 58 40 255
-0.0767172 1.0643948 -0.1823181 0.9229219 -0.3843338 0.0224215 49 49 56 255
0.0062959 1.4072964 0.1688226 0.5624982 -0.6245976 0.5417321 50 62 80 255
0.0539699 1.4323559 0.1043416 0.7746056 0.5004312 0.3867231 55 67 91 255
0.0517030 1.4813217 0.1346327 0.8703057 -0.4117230 0.2702815 58 70 96 255
-0.1897371 0.6115226 -0.2468010 0.8465270 0.5305270 0.0439668 46 36 37 255
-0.1304098 0.5860472 -0.2304610 0.4515715 0.8055183 -0.3836970 36 39 51 255
-0.1727637 0.5928593 -0.2607163 0.6681533 0.7266921 -0.1596553 53 47 53 255
0.2639555 0.0347230 0.1262366 0.1687870 -0.9836316 0.0630869 118 115 80 255
0.1754147 0.0175115 0.0816783 -0.1147697 -0.9786898 -0.1702773 167 172 138 255
0.2213155 0.0137153 0.0183893 0.1435996 -0.9804991 0.1341663 114 113 76 255
0.0477119 0.1425749 -0.3167058 0.7683844 0.3441600 -0.5395733 3 3 4 255
0.0779862 0.0325702 -0.3292609 0.9498168 0.2234204 0.2189324 23 25 35 255
0.0566097 0.0359460 -0.3746251 0.5026582 -0.1478051 -0.8517561 40 40 42 255
0.1027871 0.9190820 0.1170393 0.0594647 -0.2479319 0.9669507 28 32 41 255
0.1601689 0.8472871 0.1044260 0.5428237 0.0166823 0.8396810 48 39 39 255
0.1687543 0.9247185 0.0908469 0.6500667 -0.0037050 0.7598682 24 27 36 255
-0.0209678 1.4312021 0.0447410 -0.7247837 0.4654205 -0.5080081 64 76 102 255
0.0392559 1.4419487 0.0672687 0.6118547 0.6509304 -0.4493591 62 76 104 255
0.0066412 1.4381445 0.0403541 -0.0129041 0.7716939 -0.6358632 71 85 113 255
-0.0601066 1.3592986 0.0846299 -0.9189811 0.0720006 0.3876722 56 62 76 255
-0.0762377 1.4012685 0.1011938 -0.6210611 -0.4559259 -0.6375067 61 67 83 255
-0.0209678 1.4312021 0.0447410 -0.7129515 0.4681931 -0.5220107 66 77 97 255
-0.1366951 0.0259065 -0.1975054 -0.6914373 0.6468422 -0.3217288 60 70 94 255
-0.0449111 0.0872439 -0.2637852 -0.3990298 0.8946223 0.2010627 47 59 75 255
0.0127201 0.1330987 -0.3272403 -0.6578222 0.2423311 -0.7131238 0 0 0 255
0.0392559 1.4419487 0.0672687 0.6289225 0.6538630 -0.4206183 36 46 60 255
-0.0209678 1.4312021 0.0447410 -0.7129515 0.4681931 -0.5220107 66 77 97 255
-0.0138591 1.4870669 0.0479482 0.2594489 -0.3065009 -0.9158294 23 25 35 255
-0.0377712 0.0352316 -0.3277363 -0.6926908 0.3593295 -0.6253492 61 73 97 255
-0.1366951 0.0259065 -0.1975054 -0.6914373 0.6468422 -0.3217288 60 70 94 255
0.0127201 0.1330987 -0.3272403 -0.6578222 0.2423311 -0.7131238 0 0 0 255
0.0304500 1.3029723 0.1890019 -0.1906034 0.2869039 0.9388060 0 0 0 255
0.0029997 1.1691036 0.1951066 -0.2979861 -0.1644899 0.9402910 81 97 129 255
0.0581142 1.2696706 0.1888567 -0.3484698 -0.2438555 0.9050432 154 160 122 255
-0.0872433 1.0095896 -0.0847038 -0.9610099 -0.0872666 -0.2623827 205 204 204 255
-0.0787696 0.8762127 -0.0909010 -0.9977605 -0.0277858 -0.0608414 88 69 80 255
-0.0802378 0.9510073 -0.0085348 -0.9428462 -0.2981085 0.1489043 184 184 184 255
-0.1203091 1.5532601 0.0663704 -0.7119132 -0.3435448 -0.6125003 37 46 60 255
-0.1176024 1.5651935 -0.0058709 -0.6063659 -0.4538112 -0.6529747 24 27 35 255
-0.0835834 1.5518346 0.0285422 -0.2834880 -0.5386322 -0.7934166 27 31 43 255
-0.0637865 1.3760786 0.1301371 -0.1400000 -0.9684598 0.2061197 63 69 85 255
-0.0088175 1.3476926 0.1424197 -0.6222364 -0.0231714 0.7824864 50 61 81 255
0.0062959 1.4072964 0.1688226 0.5378652 -0.6228395 0.5681303 49 60 80 255
-0.0905056 0.4013319 -0.1659135 -0.7351196 -0.0667737 0.6746410 49 63 86 255
-0.0704294 0.5276896 -0.1926647 -0.9606678 0.1031498 -0.2578321 71 88 122 255
-0.0858225 0.4058836 -0.2022911 -0.5679705 0.1236426 -0.8137089 61 67 81 255
-0.1122415 1.6074288 0.0165159 -0.9106773 0.0538895 -0.4095887 10 11 13 255
-0.1212537 1.6894596 0.0286292 -0.7518592 -0.0212966 -0.6589795 14 16 22 255
-0.1116952 1.6767730 0.0119182 -0.7484211 -0.0062952 -0.6631939 3 3 5 255
-0.1356040 1.7668712 0.0727671 -0.6797878 0.6094655 -0.4079712 40 53 73 255
-0.1268750 1.7397782 0.0498971 -0.5833950 0.4047163 -0.7041697 41 56 79 255
-0.1212537 1.6894596 0.0286292 -0.7518592 -0.0212966 -0.6589795 14 16 22 255
-0.2080473 0.6031298 -0.2287863 -0.4830083 -0.4519438 -0.7499666 169 174 150 255
-0.2317858 0.5989263 -0.2210306 -0.4206272 -0.8162152 -0.3960625 165 171 145 255
-0.2213815 0.6601766 -0.2738096 -0.8619199 -0.0691694 -0.5023044 183 193 169 255
-0.2256014 0.6061940 -0.2008475 0.9195071 -0.2089350 0.3329453 75 39 39 255
-0.2438741 0.5900846 -0.1793846 0.5137908 -0.4812274 0.7102388 58 57 73 255
-0.2021490 0.5687864 -0.1903015 0.6684980 0.7372133 0.0981172 50 59 76 255
-0.0440527 0.8096199 -0.1707510 0.7378039 -0.4869244 0.4674933 58 50 46 255
-0.0247338 0.7609328 -0.2388281 0.5579625 -0.4847033 0.6736027 112 115 91 255
0.0255265 0.8216265 -0.2269627 0.3679056 -0.5403873 0.7567213 35 36 41 255
-0.0759785 0.7386046 -0.1775559 0.9354628 -0.3026507 0.1825158 35 25 24 255
-0.0247338 0.7609328 -0.2388281 0.5579625 -0.4847033 0.6736027 112 115 91 255
-0.0440527 0.8096199 -0.1707510 0.7378039 -0.4869244 0.4674933 58 50 46 255
0.2235384 0.1958900 0.0879465 0.8809206 0.3630545 0.3035958 57 53 53 255
0.1020138 0.3971936 0.1448718 0.4689077 0.2723552 0.8402072 71 87 121 255
0.2022621 0.1904951 0.0985771 0.8433402 0.1825874 0.5054097 68 66 68 255
-0.1116952 1.6767730 0.0119182 -0.7484211 -0.0062952 -0.6631939 3 3 5 255
-0.1212537 1.6894596 0.0286292 -0.7518592 -0.0212966 -0.6589795 14 16 22 255
-0.1268750 1.7397782 0.0498971 -0.5833950 0.4047163 -0.7041697 41 56 79 255
0.1027871 0.9190820 0.1170393 0.0594647 -0.2479319 0.9669507 28 32 41 255
0.1687543 0.9247185 0.0908469 0.6500667 -0.0037050 0.7598682 24 27 36 255
0.1006333 1.2575530 0.1554679 0.7130365 -0.0305471 0.7004611 157 163 125 255
-0.0673522 0.3442069 -0.1587325 -0.9835008 -0.0791811 -0.1626536 74 70 64 255
-0.0905056 0.4013319 -0.1659135 -0.7351196 -0.0667737 0.6746410 49 63 86 255
-0.0858225 0.4058836 -0.2022911 -0.5679705 0.1236426 -0.8137089 61 67 81 255
0.0455401 0.8278173 0.2816643 -0.8075564 -0.3272855 -0.4906493 153 153 151 255
0.0706493 0.7587384 0.3100108 -0.5965130 -0.2555623 -0.7608286 169 38 39 255
0.0535372 0.7642452 0.3442584 -0.9073703 0.2033024 0.3678958 167 32 38 255
0.0455401 0.8278173 0.2816643 -0.8075564 -0.3272855 -0.4906493 153 153 151 255
0.0535372 0.7642452 0.3442584 -0.9073703 0.2033024 0.3678958 167 32 38 255
0.0411232 0.8311407 0.3329512 -0.9104072 0.2569031 0.3242831 41 46 26 255
0.0913912 1.7627543 0.1454180 0.7462467 0.6186641 0.2457041 38 46 64 255
0.1304439 1.6684407 0.1812683 0.9087095 0.1297620 0.3967480 48 59 77 255
0.1204099 1.7031986 0.0717787 0.8478671 0.3574550 -0.3915958 40 49 64 255
0.1199921 0.7340911 0.3312052 0.5038308 -0.2591659 0.8240070 170 181 157 255
0.1464617 0.7562750 0.2909418 0.6989312 -0.5137587 -0.4975411 157 164 138 255
0.1483865 0.7701688 0.3225571 0.4817492 -0.5310599 0.6970603 166 172 145 255
0.0539699 1.4323559 0.1043416 0.7746056 0.5004312 0.3867231 55 67 91 255
0.0373373 1.4770730 0.0866119 0.8190284 -0.1299591 -0.5588408 63 77 106 255
0.0517030 1.4813217 0.1346327 0.8703057 -0.4117230 0.2702815 58 70 96 255
0.0455401 0.8278173 0.2816643 -0.8075564 -0.3272855 -0.4906493 153 153 151 255
0.0411232 0.8311407 0.3329512 -0.9104072 0.2569031 0.3242831 41 46 26 255
0.0478258 0.9217789 0.2346824 -0.7422325 -0.0598707 -0.6674626 60 69 84 255
0.1410857 0.7638521 -0.2603363 0.5903877 0.3433106 -0.7304657 34 28 22 255
0.1957389 0.8564714 -0.1494774 0.6957754 0.3390544 -0.6331973 69 59 59 255
0.2054105 0.7548652 -0.2018517 0.8180091 0.3226665 -0.4761802 20 9 5 255
0.2770814 0.7322610 -0.0678953 -0.9064412 -0.4131807 -0.0874418 55 65 84 255
0.2415682 0.7149565 0.0372428 -0.7122039 -0.2967987 -0.6361416 58 69 86 255
0.2371935 0.7879640 -0.0032381 -0.8595812 -0.3121649 -0.4045656 47 59 79 255
-0.1699386 0.7952067 -0.2203366 0.9000797 -0.3601344 -0.2452749 70 83 102 255
-0.1778756 0.8020228 -0.1986614 0.1705877 -0.9821957 -0.0786850 64 77 96 255
-0.2360474 0.8151429 -0.2548915 -0.1776893 -0.0732014 -0.9813603 66 77 95 255
0.1005123 1.5896342 0.2315181 -0.2173814 0.1072971 0.9701715 77 76 51 255
0.0683505 1.6276382 0.2218491 0.6320038 -0.1059470 0.7676889 66 64 39 255
0.0386894 1.5529323 0.2217234 0.4718086 -0.4053993 0.7829739 50 61 79 255
0.1027871 0.9190820 0.1170393 0.0594647 -0.2479319 0.9669507 28 32 41 255
0.1006333 1.2575530 0.1554679 0.7130365 -0.0305471 0.7004611 157 163 125 255
0.0768911 1.1559920 0.1940395 0.5068076 -0.1434491 0.8500402 123 129 95 255
0.1020138 0.3971936 0.1448718 0.4689077 0.2723552 0.8402072 71 87 121 255
0.1197769 0.4224126 0.0902294 0.9966211 -0.0766670 -0.0294677 9 7 5 255
0.2056106 0.6030569 -0.0161811 0.9471503 -0.2980202 0.1187019 38 45 59 255
-0.0570544 0.8182877 -0.0582899 -0.8584028 -0.3421807 0.3821739 75 83 102 255
-0.0538087 0.9107803 -0.0130669 -0.4662690 -0.4801447 0.7430036 71 82 102 255
-0.0787696 0.8762127 -0.0909010 -0.9977605 -0.0277858 -0.0608414 88 69 80 255
-0.0787696 0.8762127 -0.0909010 -0.9977605 -0.0277858 -0.0608414 88 69 80 255
-0.0538087 0.9107803 -0.0130669 -0.4662690 -0.4801447 0.7430036 71 82 102 255
-0.0802378 0.9510073 -0.0085348 -0.9428462 -0.2981085 0.1489043 184 184 184 255
-0.1297699 1.1641464 0.0326523 -0.9383033 -0.0768842 0.3371586 28 27 31 255
-0.1226480 1.1407909 -0.0407189 -0.8627019 0.0919915 -0.4972757 9 8 15 255
-0.0802378 0.9510073 -0.0085348 -0.9428462 -0.2981085 0.1489043 184 184 184 255
-0.1597489 1.6417514 0.2425145 -0.7750357 0.2329050 0.5874307 52 64 90 255
-0.1239071 1.6123729 0.2661132 -0.7228012 0.1927606 0.6636277 54 68 92 255
-0.1138651 1.6737067 0.2511677 -0.5580269 0.3086098 0.7703025 108 109 79 255
0.1584369 0.6997873 0.0914344 -0.1940504 -0.2965467 -0.9350960 92 88 79 255
0.1779106 0.7697868 0.0574106 -0.4762942 -0.2836098 -0.8322915 47 55 69 255
0.2415682 0.7149565 0.0372428 -0.7122039 -0.2967987 -0.6361416 58 69 86 255
-0.1858803 0.8055618 -0.1274005 0.8432614 -0.2520932 0.4747203 72 56 38 255
-0.1699386 0.7952067 -0.2203366 0.9063615 -0.3445899 -0.2444717 18 16 17 255
-0.1053709 1.0427793 -0.1494917 0.8158000 -0.3006039 0.4940726 65 58 40 255
0.2329779 0.8970297 -0.0841180 0.8702610 0.3466789 -0.3499421 54 55 64 255
0.2495800 0.8815066 0.0058936 0.9095659 0.1444040 0.3896630 36 27 25 255
0.2770814 0.7322610 -0.0678953 0.9865824 0.1574852 -0.0430536 44 38 34 255
-0.0704294 0.5276896 -0.1926647 -0.7898290 0.1438011 -0.5962309 99 101 73 255
-0.0382954 0.4233932 -0.2093416 0.2080048 -0.1670796 -0.9637523 7 6 4 255
-0.0858225 0.4058836 -0.2022911 -0.5752311 0.0569363 -0.8160070 172 178 141 255
-0.0749498 0.3003661 -0.1562392 -0.7947751 -0.3553663 0.4919830 56 61 79 255
-0.0704294 0.5276896 -0.1926647 -0.9606678 0.1031498 -0.2578321 71 88 122 255
-0.0905056 0.4013319 -0.1659135 -0.7351196 -0.0667737 0.6746410 49 63 86 255
0.2022621 0.1904951 0.0985771 0.8433402 0.1825874 0.5054097 68 66 68 255
0.2007686 0.2188655 0.0466179 0.6284608 0.2759005 -0.7272661 62 52 51 255
0.2235384 0.1958900 0.0879465 -0.0166592 -0.8777689 -0.4787946 57 54 55 255
0.1483865 0.7701688 0.3225571 0.4817492 -0.5310599 0.6970603 166 172 145 255
0.0930914 0.7771031 0.3673056 0.2238380 -0.1716117 0.9593987 187 193 167 255
0.1199921 0.7340911 0.3312052 0.5038308 -0.2591659 0.8240070 170 181 157 255
0.0496890 0.1168635 -0.2544419 0.7226853 -0.1620677 0.6719078 185 182 187 255
-0.0600560 0.4465021 -0.0846714 -0.4451763 -0.1200808 0.8873548 57 70 96 255
0.0194273 0.1152587 -0.2500821 -0.0644844 -0.5509488 0.8320439 153 126 133 255
0.0566097 0.0359460 -0.3746251 0.5026582 -0.1478051 -0.8517561 40 40 42 255
0.0127201 0.1330987 -0.3272403 -0.6578222 0.2423311 -0.7131238 0 0 0 255
0.0477119 0.1425749 -0.3167058 0.7683844 0.3441600 -0.5395733 3 3 4 255
-0.1970494 1.0662592 -0.1928865 -0.9359289 0.3521470 0.0054511 64 68 82 255
-0.2378624 0.9217072 -0.2062894 -0.8262008 0.2413177 -0.5090757 59 60 49 255
-0.2788693 0.8433230 -0.1775898 -0.9488694 0.1947081 -0.2484666 59 63 68 255
-0.0600560 0.4465021 -0.0846714 -0.4451763 -0.1200808 0.8873548 57 70 96 255
0.0186615 0.6748453 -0.0826715 -0.5697784 -0.3462566 0.7452911 71 69 56 255
-0.0280100 0.7281700 -0.1219732 -0.8156556 -0.0453555 0.5767571 148 150 122 255
-0.0618651 0.3293994 -0.2265490 -0.9963228 -0.0491389 -0.0701871 39 42 51 255
-0.0673522 0.3442069 -0.1587325 -0.9835008 -0.0791811 -0.1626536 74 70 64 255
-0.0858225 0.4058836 -0.2022911 -0.5679705 0.1236426 -0.8137089 61 67 81 255
0.0938931 1.0260239 0.2542328 -0.7634484 0.3762898 0.5249310 3 0 0 255
0.0411232 0.8311407 0.3329512 -0.9112226 0.2534094 0.3247416 158 163 143 255
0.0636420 0.8122602 0.3623291 -0.4523111 0.3515731 0.8196408 188 193 166 255
0.0535372 0.7642452 0.3442584 -0.8959439 0.2527436 0.3652466 174 184 157 255
0.0636420 0.8122602 0.3623291 -0.4523111 0.3515731 0.8196408 188 193 166 255
0.0411232 0.8311407 0.3329512 -0.9112226 0.2534094 0.3247416 158 163 143 255
0.2213155 0.0137153 0.0183893 -0.4102525 0.1098855 -0.9053277 12 13 17 255
0.2006075 0.1146856 0.0463017 -0.5583225 0.0264717 -0.8292015 45 41 42 255
0.2349122 0.1228386 0.0423704 0.8215194 0.4780432 -0.3107738 48 39 37 255
0.1002381 0.5722495 0.2504359 -0.5985326 0.7837566 -0.1657844 68 59 63 255
0.0947137 0.5477995 0.2477077 -0.8428753 0.2439647 -0.4796275 147 147 122 255
0.0832144 0.5712863 0.2798628 -0.2194868 0.9179790 -0.3303637 65 61 67 255
-0.0696161 1.2389573 0.1261114 -0.8111482 -0.0484352 0.5828316 58 72 101 255
-0.0741820 0.9704217 0.0547894 -0.9123970 -0.2969790 0.2816651 124 124 95 255
-0.0332151 0.9615450 0.0981535 -0.4415659 -0.3475901 0.8271643 122 120 94 255
-0.0383053 1.5898107 0.3149813 0.4821112 -0.1625179 0.8609046 99 97 70 255
-0.0334060 1.6880863 0.2929310 0.1294023 0.3406559 0.9312403 58 69 91 255
-0.1076711 1.6511676 0.3144017 -0.4222536 0.3338744 0.8427513 136 138 111 255
0.2420757 0.7703123 -0.0852720 0.8890430 -0.2776317 -0.3640373 112 110 106 255
0.2464064 0.7978729 -0.0487758 0.9424278 -0.3109677 0.1229996 34 36 28 255
0.2371935 0.7879640 -0.0032381 0.9564118 -0.1708296 0.2368408 90 90 60 255
0.0072511 0.4254179 -0.1698002 0.9371120 -0.2698808 -0.2213264 88 78 53 255
-0.0382954 0.4233932 -0.2093416 0.2080048 -0.1670796 -0.9637523 7 6 4 255
0.0738586 0.5992891 -0.2129847 0.5784019 -0.3410047 -0.7410581 138 142 115 255
0.0706493 0.7587384 0.3100108 -0.5965130 -0.2555623 -0.7608286 169 38 39 255
0.0455401 0.8278173 0.2816643 -0.8075564 -0.3272855 -0.4906493 153 153 151 255
0.1090629 0.7770484 0.2627050 -0.2642476 -0.4550090 -0.8503764 171 168 164 255
0.0875002 0.4750354 0.1334237 0.0491619 0.2163518 0.9750769 54 66 90 255
0.0255979 0.3846686 0.1369036 -0.7370799 0.1108430 0.6666537 65 79 107 255
0.0797173 0.4497473 0.1202551 0.1360472 -0.0262437 0.9903547 71 87 122 255
-0.2788693 0.8433230 -0.1775898 -0.9488694 0.1947081 -0.2484666 59 63 68 255
-0.2448514 0.9014514 -0.1637183 -0.8838658 0.3531686 0.3066809 74 77 58 255
-0.1970494 1.0662592 -0.1928865 -0.9359289 0.3521470 0.0054511 64 68 82 255
0.0255265 0.8216265 -0.2269627 -0.4867935 -0.0141957 -0.8734018 49 55 71 255
0.0911932 0.8282583 -0.2315830 0.0845277 -0.0668555 -0.9941757 151 155 149 255
-0.0704294 0.5276896 -0.1926647 -0.7898290 0.1438011 -0.5962309 99 101 73 255
0.0392559 1.4419487 0.0672687 0.6289225 0.6538630 -0.4206183 36 46 60 255
-0.0138591 1.4870669 0.0479482 0.2594489 -0.3065009 -0.9158294 23 25 35 255
0.0373373 1.4770730 0.0866119 0.7902466 -0.3372557 -0.5116335 30 35 49 255
-0.1343194 1.4990491 0.2815081 -0.4277973 0.2778144 0.8601213 13 14 18 255
-0.1046514 1.5521880 0.2513782 -0.4470451 -0.7411000 -0.5009209 11 12 16 255
-0.1102782 1.4875600 0.2527689 -0.3070610 0.7431098 -0.5945598 11 12 18 255
-0.0040126 0.3909151 -0.1264266 0.6208268 -0.3097995 0.7201377 66 81 111 255
0.0072511 0.4254179 -0.1698002 0.9371120 -0.2698808 -0.2213264 88 78 53 255
0.0922952 0.6231998 -0.1491481 0.8654358 -0.3878154 0.3172066 128 131 105 255
0.0293312 0.5429968 0.2106093 -0.9400328 0.3409984 -0.0076406 158 123 114 255
0.0499468 0.5678029 0.2462922 -0.3221231 0.9148169 -0.2436122 139 107 101 255
0.0339302 0.5749428 0.1985823 -0.9905928 0.1355539 -0.0187367 154 118 109 255
0.1410527 0.7872695 -0.2176677 0.6694530 -0.2122417 -0.7118892 166 168 135 255
0.1369414 0.6739203 -0.1694349 0.6760769 -0.6922469 -0.2524171 105 75 63 255
0.0738586 0.5992891 -0.2129847 0.5784019 -0.3410047 -0.7410581 138 142 115 255
0.2127812 1.0067462 0.2047726 0.6866022 -0.3004839 -0.6620324 62 74 98 255
0.1464617 0.7562750 0.2909418 0.7354971 -0.5199170 -0.4344311 88 85 47 255
0.1559890 0.8887914 0.2154993 0.0727102 -0.3862457 -0.9195256 67 77 97 255
0.1849851 0.1566504 0.1281117 0.0507369 -0.1243151 0.9909448 150 152 114 255
0.2022621 0.1904951 0.0985771 0.8433402 0.1825874 0.5054097 68 66 68 255
0.1020138 0.3971936 0.1448718 0.4689077 0.2723552 0.8402072 71 87 121 255
-0.2613399 0.5970969 -0.1665307 -0.9394752 -0.3397794 -0.0440020 119 120 86 255
-0.2647855 0.6274203 -0.1354481 -0.9774615 -0.1278462 0.1680015 140 150 126 255
-0.2506559 0.5955213 -0.2077161 -0.9120741 -0.1047193 -0.3964276 164 170 144 255
0.0052508 0.1906740 -0.3129514 -0.0874396 0.3647678 -0.9269837 3 3 5 255
-0.0382954 0.4233932 -0.2093416 0.0413733 0.4665303 -0.8835371 71 84 112 255
0.0477119 0.1425749 -0.3167058 0.7683844 0.3441600 -0.5395733 3 3 4 255
0.0566097 0.0359460 -0.3746251 0.5026582 -0.1478051 -0.8517561 40 40 42 255
0.0332672 0.0550620 -0.3736116 -0.3475967 0.3310133 -0.8772722 8 8 10 255
0.0127201 0.1330987 -0.3272403 -0.6578222 0.2423311 -0.7131238 0 0 0 255
0.0127201 0.1330987 -0.3272403 -0.6578222 0.2423311 -0.7131238 0 0 0 255
-0.0152069 0.1102526 -0.2821678 -0.9560164 0.2741510 0.1042786 64 76 100 255
-0.0795169 0.3157967 -0.2193824 -0.9370611 -0.1068930 -0.3324008 13 14 18 255
0.2282774 0.1044716 0.0949374 0.7371337 0.5376222 0.4093852 106 100 66 255
0.1875985 0.0882001 0.1509441 0.4000329 0.8019075 0.4437546 132 135 97 255
0.2639555 0.0347230 0.1262366 0.7502323 0.5637830 0.3453986 133 136 104 255
0.0995253 0.0396194 0.1709543 -0.8310541 0.2846772 -0.4778160 119 119 91 255
0.1551958 0.0879265 0.1292261 -0.6151654 0.7781552 -0.1266731 170 174 146 255
0.1734724 0.0671696 0.0666751 -0.8130563 0.1096689 -0.5717622 134 139 102 255
0.0496890 0.1168635 -0.2544419 0.7226853 -0.1620677 0.6719078 185 182 187 255
-0.0040126 0.3909151 -0.1264266 0.6208268 -0.3097995 0.7201377 66 81 111 255
-0.0600560 0.4465021 -0.0846714 -0.4451763 -0.1200808 0.8873548 57 70 96 255
0.2639555 0.0347230 0.1262366 0.1687870 -0.9836316 0.0630869 118 115 80 255
0.2213155 0.0137153 0.0183893 0.1435996 -0.9804991 0.1341663 114 113 76 255
0.2788693 0.0250953 0.0265254 0.1761116 -0.9769460 0.1206706 114 113 76 255
-0.2259517 0.6785994 -0.1431793 0.9480839 -0.1587961 0.2755370 56 47 45 255
-0.2227901 0.6660904 -0.1225179 0.9906924 -0.0330869 -0.1320368 74 66 66 255
-0.2647855 0.6274203 -0.1354481 0.7259011 -0.1030609 0.6800339 19 9 7 255
0.0657255 0.5904940 0.1974078 -0.4975401 0.6677610 0.5536687 70 67 72 255
0.0947137 0.5477995 0.2477077 -0.8124629 0.1204121 0.5704427 56 52 53 255
0.1002278 0.5722136 0.2504073 -0.8124629 0.1204121 0.5704427 50 46 46 255
0.0930914 0.7771031 0.3673056 0.2238380 -0.1716117 0.9593987 187 193 167 255
0.1066284 0.8181951 0.3746251 0.1509514 0.3032920 0.9408653 166 172 136 255
0.0636420 0.8122602 0.3623291 -0.4523111 0.3515731 0.8196408 188 193 166 255
0.1483865 0.7701688 0.3225571 0.4817492 -0.5310599 0.6970603 166 172 145 255
0.1066284 0.8181951 0.3746251 0.1509514 0.3032920 0.9408653 166 172 136 255
0.0930914 0.7771031 0.3673056 0.2238380 -0.1716117 0.9593987 187 193 167 255
0.2415682 0.7149565 0.0372428 -0.7122039 -0.2967987 -0.6361416 58 69 86 255
0.2075280 0.7704228 0.0377828 -0.6076885 -0.3650327 -0.7053126 46 56 73 255
0.2371935 0.7879640 -0.0032381 -0.8595812 -0.3121649 -0.4045656 47 59 79 255
-0.0931652 1.2723157 -0.0116969 -0.4254975 -0.6262364 0.6532839 61 32 36 255
-0.0012612 1.2669965 -0.1076661 -0.1350830 -0.9723629 -0.1904288 58 66 85 255
-0.0930339 1.2687085 -0.0053574 -0.7560664 0.1646573 -0.6334441 63 37 42 255
-0.0685709 0.7162194 -0.0957230 -0.9763511 -0.0688362 0.2049388 157 114 110 255
-0.0570544 0.8182877 -0.0582899 -0.8584028 -0.3421807 0.3821739 75 83 102 255
-0.0787696 0.8762127 -0.0909010 -0.9977605 -0.0277858 -0.0608414 88 69 80 255
-0.0126745 0.9728090 0.0773815 -0.0053168 -0.4615400 0.8871033 92 90 85 255
-0.0355501 1.0614306 0.1153795 -0.8221203 -0.2402610 0.5161327 106 107 117 255
-0.0332151 0.9615450 0.0981535 -0.4415659 -0.3475901 0.8271643 122 120 94 255
-0.0040126 0.3909151 -0.1264266 0.6208268 -0.3097995 0.7201377 66 81 111 255
0.0450665 0.6600721 -0.0865268 0.4847960 -0.3536873 0.7999238 42 39 33 255
-0.0600560 0.4465021 -0.0846714 -0.4451763 -0.1200808 0.8873548 57 70 96 255
-0.0280100 0.7281700 -0.1219732 -0.8156556 -0.0453555 0.5767571 148 150 122 255
0.0186615 0.6748453 -0.0826715 -0.5697784 -0.3462566 0.7452911 71 69 56 255
0.0096073 0.7044240 -0.0279621 -0.7618529 -0.4871926 0.4268765 43 41 45 255
0.1197769 0.4224126 0.0902294 0.9966211 -0.0766670 -0.0294677 9 7 5 255
0.2007686 0.2188655 0.0466179 0.6359373 0.2628989 -0.7255810 62 52 51 255
0.1005119 0.4182446 0.0413274 0.5434744 -0.1898936 -0.8176649 73 73 54 255
0.0506967 1.0082297 -0.1785914 0.1394854 0.2770836 -0.9506674 51 43 48 255
0.0199510 1.2722533 -0.1276356 -0.6071985 -0.0928505 -0.7891062 124 125 90 255
0.0294735 1.2958042 -0.1326905 -0.2001127 0.2595575 -0.9447670 135 137 89 255
0.0911932 0.8282583 -0.2315830 0.0845277 -0.0668555 -0.9941757 151 155 149 255
0.1410527 0.7872695 -0.2176677 0.6694530 -0.2122417 -0.7118892 166 168 135 255
0.0738586 0.5992891 -0.2129847 0.5784019 -0.3410047 -0.7410581 138 142 115 255
0.0482285 0.7905772 0.0831596 -0.6133505 -0.1303019 0.7789882 46 57 75 255
0.0937017 0.8369189 0.1119317 -0.2170994 -0.0498249 0.9748771 63 76 95 255
0.0005675 0.8285416 0.0419585 -0.6081292 -0.0981596 0.7877459 51 60 78 255
0.0911932 0.8282583 -0.2315830 -0.2292415 -0.5439091 0.8072243 34 37 47 255
0.0255265 0.8216265 -0.2269627 0.3526052 -0.5448650 0.7607837 35 36 41 255
0.0797690 0.7689558 -0.2747730 -0.0158270 -0.5828431 0.8124306 24 19 16 255
0.2329779 0.8970297 -0.0841180 0.8702610 0.3466789 -0.3499421 54 55 64 255
0.1957389 0.8564714 -0.1494774 0.6957754 0.3390544 -0.6331973 69 59 59 255
0.1556078 1.0432528 -0.0806686 0.7459064 0.2793038 -0.6046594 21 24 34 255
-0.1461465 0.5987276 -0.2170736 -0.4278153 -0.5241950 0.7363380 208 200 197 255
-0.1986034 0.5908958 -0.2531282 -0.5922900 -0.8025652 -0.0712850 218 208 206 255
-0.1304098 0.5860472 -0.2304610 -0.1403845 -0.9663305 0.2156332 210 204 201 255
-0.0570544 0.8182877 -0.0582899 0.9605272 -0.2031503 0.1900457 75 83 102 255
-0.0505190 0.8360625 -0.0561291 0.7708493 -0.3482488 0.5333984 74 83 102 255
-0.0393783 0.9034399 -0.0282367 0.5943567 -0.3846341 0.7062553 70 81 101 255
-0.0040126 0.3909151 -0.1264266 0.6208268 -0.3097995 0.7201377 66 81 111 255
0.0922952 0.6231998 -0.1491481 0.8654358 -0.3878154 0.3172066 128 131 105 255
0.0450665 0.6600721 -0.0865268 0.4847960 -0.3536873 0.7999238 42 39 33 255
-0.0570544 0.8182877 -0.0582899 0.9605272 -0.2031503 0.1900457 75 83 102 255
-0.0393783 0.9034399 -0.0282367 0.5943567 -0.3846341 0.7062553 70 81 101 255
-0.0538087 0.9107803 -0.0130669 -0.4662690 -0.4801447 0.7430036 71 82 102 255
0.2495800 0.8815066 0.0058936 0.9095659 0.1444040 0.3896630 36 27 25 255
0.1687543 0.9247185 0.0908469 0.6500667 -0.0037050 0.7598682 24 27 36 255
0.1601689 0.8472871 0.1044260 0.5428237 0.0166823 0.8396810 48 39 39 255
-0.0844810 1.6020265 -0.0008112 -0.4126248 -0.2629436 -0.8721247 12 12 14 255
-0.0792649 1.6732830 -0.0274957 -0.3233115 0.2432750 -0.9144872 10 11 12 255
-0.0190412 1.6219603 -0.0404795 0.2105758 -0.4189034 -0.8832767 39 43 55 255
0.0052508 0.1906740 -0.3129514 -0.0874396 0.3647678 -0.9269837 3 3 5 255
0.0127201 0.1330987 -0.3272403 -0.6578222 0.2423311 -0.7131238 0 0 0 255
-0.0858225 0.4058836 -0.2022911 -0.6404102 0.1551343 -0.7522022 46 53 70 255
0.1256454 0.6602238 0.2861410 0.0959712 0.2492403 -0.9636746 173 179 152 255
0.0236276 0.7366696 0.3202471 -0.0774427 0.2919869 -0.9532819 156 32 37 255
0.1027279 0.7353968 0.3085138 -0.0272028 -0.3054096 -0.9518325 87 92 57 255
-0.0185742 0.6171262 0.3194846 -0.3646909 0.0796665 -0.9277142 168 172 144 255
0.0160464 0.6845026 0.2957467 -0.2341910 0.0889693 -0.9681112 137 142 109 255
0.0523085 0.5913375 0.2807249 -0.1623004 0.2316204 -0.9591718 61 47 43 255
-0.0787696 0.8762127 -0.0909010 -0.9977605 -0.0277858 -0.0608414 88 69 80 255
-0.0872433 1.0095896 -0.0847038 -0.9610099 -0.0872666 -0.2623827 205 204 204 255
-0.0437338 0.9674922 -0.1456426 -0.5795613 0.1691722 -0.7971759 124 116 109 255
-0.1607033 0.5423244 -0.1670543 -0.2863085 0.3389047 0.8961981 73 72 48 255
-0.2021490 0.5687864 -0.1903015 0.6684980 0.7372133 0.0981172 50 59 76 255
-0.1940585 0.5265344 -0.1717395 0.2119274 0.1170461 0.9702511 124 127 101 255
-0.0930339 1.2687085 -0.0053574 -0.7309704 0.2598489 -0.6309999 42 54 78 255
-0.1226480 1.1407909 -0.0407189 -0.8627019 0.0919915 -0.4972757 9 8 15 255
-0.1087320 1.2907643 0.0247198 -0.9843234 0.1740976 -0.0282424 41 55 74 255
-0.1961489 1.6668094 0.1163126 -0.8863372 0.2661956 -0.3788749 46 57 75 255
-0.1356040 1.7668712 0.0727671 -0.6797878 0.6094655 -0.4079712 40 53 73 255
-0.1212537 1.6894596 0.0286292 -0.7518592 -0.0212966 -0.6589795 14 16 22 255
0.1195971 0.5838696 0.2800392 0.0614975 0.3160166 -0.9467585 18 14 11 255
0.0523085 0.5913375 0.2807249 -0.1623004 0.2316204 -0.9591718 61 47 43 255
0.1256454 0.6602238 0.2861410 0.0699170 0.2142799 -0.9742666 162 129 120 255
-0.1119156 1.0978588 -0.0824536 0.6203053 -0.4601675 0.6351905 61 66 81 255
-0.0931652 1.2723157 -0.0116969 -0.4254975 -0.6262364 0.6532839 61 32 36 255
-0.1510197 1.0800926 -0.0860745 -0.3094029 -0.3211084 0.8950750 60 69 84 255
-0.0923432 1.4684374 0.0748879 -0.6268602 -0.2942267 -0.7214409 46 52 68 255
-0.0138591 1.4870669 0.0479482 0.2594489 -0.3065009 -0.9158294 23 25 35 255
-0.0209678 1.4312021 0.0447410 -0.7129515 0.4681931 -0.5220107 66 77 97 255
-0.1787587 1.1257207 -0.1216623 -0.9909394 0.1289295 -0.0376355 50 63 82 255
-0.1025844 1.3142436 -0.0165089 -0.8880392 0.4241239 0.1774976 46 51 70 255
-0.1591180 1.1844547 -0.1381818 -0.7742683 0.5280654 -0.3487915 63 74 92 255
0.0535372 0.7642452 0.3442584 -0.9073703 0.2033024 0.3678958 167 32 38 255
0.0706493 0.7587384 0.3100108 -0.5965130 -0.2555623 -0.7608286 169 38 39 255
0.0236276 0.7366696 0.3202471 -0.0774427 0.2919869 -0.9532819 156 32 37 255
-0.1679394 1.1230661 -0.1555637 -0.8708677 -0.0645272 0.4872637 150 153 118 255
-0.1591180 1.1844547 -0.1381818 -0.9219446 0.3807007 -0.0713102 50 61 79 255
-0.1970494 1.0662592 -0.1928865 -0.9359289 0.3521470 0.0054511 64 68 82 255
-0.1805368 1.0740872 -0.1777099 -0.7176072 0.1129867 0.6872219 157 165 124 255
-0.1680430 1.0692747 -0.1319140 -0.6214132 -0.4241366 0.6587517 57 52 48 255
-0.1679394 1.1230661 -0.1555637 -0.8708677 -0.0645272 0.4872637 150 153 118 255
-0.1407300 1.0299848 -0.1431333 0.0310283 0.2313282 0.9723808 44 43 45 255
-0.1402210 1.0170286 -0.1255790 0.3251382 -0.0063788 0.9456450 31 30 31 255
-0.1053709 1.0427793 -0.1494917 0.8158000 -0.3006039 0.4940726 65 58 40 255
-0.2168805 1.5834894 0.1274651 -0.8564717 -0.2249434 -0.4646039 25 28 40 255
-0.1961489 1.6668094 0.1163126 -0.8863372 0.2661956 -0.3788749 46 57 75 255
-0.1212537 1.6894596 0.0286292 -0.7518592 -0.0212966 -0.6589795 14 16 22 255
0.0832144 0.5712863 0.2798628 0.3284853 -0.9346282 0.1362623 144 103 96 255
0.0499468 0.5678029 0.2462922 -0.3221231 0.9148169 -0.2436122 139 107 101 255
0.0839350 0.5914053 0.2729193 0.0968114 0.7208762 -0.6862689 152 119 112 255
-0.1051941 1.0665056 -0.2497061 0.5831965 -0.1019434 -0.8059091 62 71 90 255
-0.1548827 1.0821693 -0.2515594 -0.5190763 0.3809094 -0.7651585 53 64 83 255
-0.0303979 1.2944831 -0.1567773 0.0479216 0.6030632 -0.7962526 108 112 84 255
-0.1858803 0.8055618 -0.1274005 0.8432614 -0.2520932 0.4747203 72 56 38 255
-0.1402210 1.0170286 -0.1255790 0.3251382 -0.0063788 0.9456450 31 30 31 255
-0.1831227 0.9196838 -0.1227075 0.0280200 0.0412187 0.9987571 43 35 23 255
-0.1858803 0.8055618 -0.1274005 -0.9525537 -0.1387878 -0.2708866 33 39 53 255
-0.1831227 0.9196838 -0.1227075 0.0279873 0.0412321 0.9987576 17 17 21 255
-0.1851693 0.8595341 -0.1372577 -0.9538480 -0.0417573 -0.2973727 30 34 41 255
0.1779106 0.7697868 0.0574106 0.7209024 0.0057608 0.6930127 28 26 19 255
0.1020138 0.3971936 0.1448718 0.4689077 0.2723552 0.8402072 71 87 121 255
0.2056106 0.6030569 -0.0161811 0.9471503 -0.2980202 0.1187019 38 45 59 255
-0.1727637 0.5928593 -0.2607163 -0.1699182 -0.6445572 -0.7454353 207 193 182 255
-0.1304098 0.5860472 -0.2304610 -0.1403845 -0.9663305 0.2156332 210 204 201 255
-0.1986034 0.5908958 -0.2531282 -0.5922900 -0.8025652 -0.0712850 218 208 206 255
-0.1831227 0.9196838 -0.1227075 0.0280200 0.0412187 0.9987571 43 35 23 255
-0.1891743 1.0278384 -0.1315609 -0.5649331 0.3352679 0.7539536 160 169 126 255
-0.2346766 0.8376848 -0.1160952 -0.2482917 -0.0551579 0.9671137 164 165 135 255
-0.1025844 1.3142436 -0.0165089 -0.7603641 0.6043191 -0.2380019 38 35 47 255
-0.1801522 1.1055888 -0.1036760 -0.7304592 -0.0087344 0.6829004 58 68 86 255
-0.0931652 1.2723157 -0.0116969 -0.4254975 -0.6262364 0.6532839 61 32 36 255
-0.2259517 0.6785994 -0.1431793 0.9480839 -0.1587961 0.2755370 56 47 45 255
-0.2256014 0.6061940 -0.2008475 0.9194854 -0.2088786 0.3330408 58 51 56 255
-0.2001487 0.6749002 -0.2415468 0.9949394 0.0628130 0.0784229 46 34 32 255
-0.1995143 0.5271723 -0.1597840 0.6819813 0.5333606 -0.5004277 22 13 8 255
-0.2237383 0.5703353 -0.1467932 0.8118279 0.5131661 0.2785610 19 10 5 255
-0.1948997 0.5295475 -0.1350521 0.6500540 0.5954483 0.4720923 22 13 8 255
-0.0303979 1.2944831 -0.1567773 0.0479216 0.6030632 -0.7962526 108 112 84 255
-0.0604986 1.3157775 -0.1052998 -0.3773300 0.8456607 -0.3774651 41 49 67 255
0.0673790 1.4013784 0.0026721 0.4948438 0.6886656 -0.5299711 55 63 84 255
0.1779106 0.7697868 0.0574106 0.7209024 0.0057608 0.6930127 28 26 19 255
0.2056106 0.6030569 -0.0161811 0.9471503 -0.2980202 0.1187019 38 45 59 255
0.2075280 0.7704228 0.0377828 0.7482541 -0.1922173 0.6349553 175 48 50 255
-0.0399785 0.7825220 -0.1543549 -0.9615450 -0.1004387 -0.2556237 161 166 138 255
-0.0440527 0.8096199 -0.1707510 -0.6809944 -0.4523120 -0.5758998 163 169 136 255
0.0255265 0.8216265 -0.2269627 -0.5589186 0.0463663 -0.8279253 61 75 101 255
-0.2237383 0.5703353 -0.1467932 0.8118279 0.5131661 0.2785610 19 10 5 255
-0.2354969 0.5513874 -0.1670917 0.5499293 0.3241927 -0.7697252 20 11 6 255
-0.2420070 0.6113904 -0.1535028 0.9813745 -0.0534010 0.1845333 25 14 11 255
-0.1297699 1.1641464 0.0326523 -0.9383033 -0.0768842 0.3371586 28 27 31 255
-0.0802378 0.9510073 -0.0085348 -0.9428462 -0.2981085 0.1489043 184 184 184 255
-0.0753074 1.0385755 0.0666858 -0.9064995 -0.1907546 0.3766582 96 91 70 255
0.2056106 0.6030569 -0.0161811 0.9471503 -0.2980202 0.1187019 38 45 59 255
0.2371935 0.7879640 -0.0032381 0.9564118 -0.1708296 0.2368408 90 90 60 255
0.2075280 0.7704228 0.0377828 0.7482541 -0.1922173 0.6349553 175 48 50 255
0.0154295 0.5939565 0.3267697 -0.0351953 -0.5080357 0.8606167 230 231 230 255
-0.0185742 0.6171262 0.3194846 -0.5918409 -0.0851394 0.8015459 192 193 195 255
-0.0426192 0.5703104 0.2861723 -0.3472828 -0.6042628 0.7171201 53 49 57 255
0.0581142 1.2696706 0.1888567 -0.7804570 -0.2097876 0.5889620 58 60 81 255
0.0721227 1.2973142 0.1969858 -0.1044357 0.7640206 0.6366833 86 91 118 255
0.0304500 1.3029723 0.1890019 -0.0988208 0.3190550 0.9425701 5 6 7 255
0.1027279 0.7353968 0.3085138 -0.0272028 -0.3054096 -0.9518325 87 92 57 255
0.0706493 0.7587384 0.3100108 -0.5965130 -0.2555623 -0.7608286 169 38 39 255
0.1090629 0.7770484 0.2627050 -0.2642476 -0.4550090 -0.8503764 171 168 164 255
0.0715074 0.6758625 0.0039538 -0.8036703 -0.4307514 0.4105694 212 213 212 255
0.0881939 0.7768980 0.0751745 -0.4453010 -0.5303966 0.7213781 32 36 48 255
0.0096073 0.7044240 -0.0279621 -0.7946884 -0.3671259 0.4834138 65 76 103 255
-0.1705648 0.5661328 -0.2266039 0.5688844 0.8055374 0.1657704 36 47 65 255
-0.1631228 0.5531094 -0.1888598 0.4237537 0.8106486 0.4040810 38 49 67 255
-0.1371191 0.5479559 -0.2040886 0.3270236 0.9113519 0.2499864 38 49 67 255
0.0738586 0.5992891 -0.2129847 0.5784019 -0.3410047 -0.7410581 138 142 115 255
0.1369414 0.6739203 -0.1694349 0.6760769 -0.6922469 -0.2524171 105 75 63 255
0.0922952 0.6231998 -0.1491481 0.8654358 -0.3878154 0.3172066 128 131 105 255
-0.2506559 0.5955213 -0.2077161 -0.9122251 -0.1039689 -0.3962777 61 57 62 255
-0.2317858 0.5989263 -0.2210306 -0.4206623 -0.8162195 -0.3960162 76 71 80 255
-0.2256014 0.6061940 -0.2008475 0.9194854 -0.2088786 0.3330408 58 51 56 255
0.0748716 0.3108574 0.1437746 -0.2836141 -0.1526489 0.9467108 70 85 119 255
0.1020138 0.3971936 0.1448718 0.4689077 0.2723552 0.8402072 71 87 121 255
0.0545842 0.3585414 0.1215988 -0.4215567 -0.0911253 0.9022118 74 90 124 255
0.0066412 1.4381445 0.0403541 -0.0129041 0.7716939 -0.6358632 71 85 113 255
0.0392559 1.4419487 0.0672687 0.6118547 0.6509304 -0.4493591 62 76 104 255
0.0673790 1.4013784 0.0026721 0.4948438 0.6886656 -0.5299711 55 63 84 255
0.1410527 0.7872695 -0.2176677 -0.4602980 -0.6830490 0.5670712 29 34 46 255
0.1410857 0.7638521 -0.2603363 -0.3531638 -0.8205282 0.4494538 29 35 47 255
0.2054105 0.7548652 -0.2018517 -0.4854909 -0.7278408 0.4842999 31 37 51 255
-0.0393783 0.9034399 -0.0282367 -0.9185051 -0.1377272 0.3706475 52 61 77 255
-0.0165663 0.9356955 0.0409843 -0.7763107 -0.4274096 0.4633172 0 0 2 255
-0.0509224 0.9978433 0.0329434 -0.2336617 -0.5554352 0.7980562 15 15 21 255
-0.1631228 0.5531094 -0.1888598 -0.4824280 -0.7407264 0.4675339 162 166 136 255
-0.2317858 0.5989263 -0.2210306 -0.4206633 -0.8162045 -0.3960462 165 171 145 255
-0.1903349 0.5518031 -0.2190083 -0.4237964 -0.8106312 -0.4040714 128 130 106 255
-0.2080473 0.6031298 -0.2287863 -0.4830083 -0.4519438 -0.7499666 169 174 150 255
-0.2213815 0.6601766 -0.2738096 -0.8619199 -0.0691694 -0.5023044 183 193 169 255
-0.1986034 0.5908958 -0.2531282 -0.5922900 -0.8025652 -0.0712850 218 208 206 255
-0.1727637 0.5928593 -0.2607163 -0.1699182 -0.6445572 -0.7454353 207 193 182 255
-0.1986034 0.5908958 -0.2531282 -0.5922900 -0.8025652 -0.0712850 218 208 206 255
-0.2213815 0.6601766 -0.2738096 -0.8619199 -0.0691694 -0.5023044 183 193 169 255
-0.1897371 0.6115226 -0.2468010 0.8465270 0.5305270 0.0439668 46 36 37 255
-0.1727637 0.5928593 -0.2607163 0.6681533 0.7266921 -0.1596553 53 47 53 255
-0.2213815 0.6601766 -0.2738096 0.7840984 0.3620065 -0.5041237 35 35 45 255
0.1410527 0.7872695 -0.2176677 0.6694530 -0.2122417 -0.7118892 166 168 135 255
0.1790728 0.6779231 -0.1335083 0.6903552 -0.4158468 -0.5920146 19 16 13 255
0.1369414 0.6739203 -0.1694349 0.6760769 -0.6922469 -0.2524171 105 75 63 255
-0.1897371 0.6115226 -0.2468010 0.8465146 0.5305561 0.0438549 189 181 172 255
-0.1986034 0.5908958 -0.2531282 -0.5922900 -0.8025652 -0.0712850 218 208 206 255
-0.1461465 0.5987276 -0.2170736 -0.4278153 -0.5241950 0.7363380 208 200 197 255
-0.2001487 0.6749002 -0.2415468 0.9949394 0.0628130 0.0784229 46 34 32 255
-0.2080473 0.6031298 -0.2287863 0.7338590 0.2707929 0.6229945 60 56 55 255
-0.1897371 0.6115226 -0.2468010 0.8465270 0.5305270 0.0439668 46 36 37 255
-0.0767172 1.0643948 -0.1823181 0.9229219 -0.3843338 0.0224215 49 49 56 255
-0.1053709 1.0427793 -0.1494917 0.8158000 -0.3006039 0.4940726 65 58 40 255
-0.1699386 0.7952067 -0.2203366 0.9063615 -0.3445899 -0.2444717 18 16 17 255
0.1066284 0.8181951 0.3746251 0.1509514 0.3032920 0.9408653 166 172 136 255
0.1483865 0.7701688 0.3225571 0.4817492 -0.5310599 0.6970603 166 172 145 255
0.1600492 0.7757892 0.3423270 0.9148167 -0.1528239 0.3738384 163 169 136 255
-0.2213815 0.6601766 -0.2738096 0.7840984 0.3620065 -0.5041237 35 35 45 255
-0.2001487 0.6749002 -0.2415468 0.9949394 0.0628130 0.0784229 46 34 32 255
-0.1897371 0.6115226 -0.2468010 0.8465270 0.5305270 0.0439668 46 36 37 255
-0.0767172 1.0643948 -0.1823181 0.9229219 -0.3843338 0.0224215 49 49 56 255
-0.1119156 1.0978588 -0.0824536 0.6203053 -0.4601675 0.6351905 61 66 81 255
-0.0984506 1.0778226 -0.1239363 0.2503400 -0.6703514 0.6985406 42 44 53 255
0.1687543 0.9247185 0.0908469 0.6500667 -0.0037050 0.7598682 24 27 36 255
0.2219681 0.9697133 0.0209392 0.9669740 0.1035470 0.2328936 21 25 33 255
0.1006333 1.2575530 0.1554679 0.7130365 -0.0305471 0.7004611 157 163 125 255
0.0648322 0.6571354 -0.0536250 -0.4982904 -0.7534400 -0.4289929 48 44 45 255
0.0450665 0.6600721 -0.0865268 0.4847960 -0.3536873 0.7999238 42 39 33 255
0.1369414 0.6739203 -0.1694349 0.6760769 -0.6922469 -0.2524171 105 75 63 255
-0.2168805 1.5834894 0.1274651 -0.8564717 -0.2249434 -0.4646039 25 28 40 255
-0.1890915 1.5938886 0.2041820 -0.8398392 0.0485064 0.5406637 47 58 72 255
-0.2182688 1.6497283 0.1933392 -0.9004034 0.2964650 0.3184057 52 63 83 255
-0.2647855 0.6274203 -0.1354481 -0.9774615 -0.1278462 0.1680015 140 150 126 255
-0.2425865 0.6739763 -0.1071166 -0.8060526 -0.1872966 0.5614260 141 146 112 255
-0.2710667 0.7446865 -0.1398538 -0.9956470 0.0528836 -0.0767508 193 199 171 255
-0.1510197 1.0800926 -0.0860745 -0.3094029 -0.3211084 0.8950750 60 69 84 255
-0.1415471 1.0959166 -0.1024171 -0.4958311 -0.8382068 0.2270703 150 153 118 255
-0.1119156 1.0978588 -0.0824536 0.6203053 -0.4601675 0.6351905 61 66 81 255
0.1790728 0.6779231 -0.1335083 0.6903552 -0.4158468 -0.5920146 19 16 13 255
0.1410527 0.7872695 -0.2176677 0.6694530 -0.2122417 -0.7118892 166 168 135 255
0.1872889 0.8041118 -0.1535171 0.7728693 -0.1405310 -0.6188086 154 157 126 255
-0.1778756 0.8020228 -0.1986614 0.0907888 -0.9903022 -0.1051617 64 77 96 255
-0.2131545 0.7752518 -0.2008253 0.8710774 -0.4892248 -0.0433968 62 76 99 255
-0.2472401 0.8087559 -0.2339457 0.4941941 -0.7563819 -0.4285540 62 74 95 255
-0.2288946 0.7828674 -0.2118186 0.2850610 0.2685563 -0.9201183 156 163 140 255
-0.2604216 0.8098154 -0.1943244 -0.8774318 0.0643604 -0.4753644 49 61 80 255
-0.2360995 0.8301219 -0.2221617 -0.8541697 -0.0310099 -0.5190688 149 153 127 255
-0.1592987 1.4296258 0.2987076 -0.4080943 -0.3900387 0.8254266 65 73 92 255
-0.1988767 1.4187192 0.2104956 -0.6252778 -0.7273512 -0.2828214 64 75 93 255
-0.1002999 1.4207566 0.2833320 0.2947526 -0.6574977 0.6934102 27 22 25 255
0.0412274 1.6722052 -0.0228118 0.4448697 0.2724575 -0.8531460 39 46 60 255
-0.0407195 1.7646203 0.0063311 -0.1404619 0.6547832 -0.7426502 35 44 60 255
0.0118115 1.7810261 0.0398210 0.3556817 0.7627034 -0.5401610 41 51 68 255
-0.2131545 0.7752518 -0.2008253 0.9883664 -0.0832071 -0.1273126 149 150 117 255
-0.2219535 0.7844790 -0.1529442 0.6140960 -0.3927726 0.6845552 110 111 80 255
-0.2304892 0.7531841 -0.1444293 0.8887469 0.1073330 0.4456551 176 176 142 255
0.0938931 1.0260239 0.2542328 -0.7266334 0.1638666 0.6671969 54 65 85 255
0.1066284 0.8181951 0.3746251 0.1602253 0.2954023 0.9418414 75 77 97 255
0.1558430 1.0428112 0.2787780 0.1438220 0.3251154 0.9346738 49 60 78 255
-0.2360995 0.8301219 -0.2221617 -0.8640543 -0.0293294 -0.5025432 114 113 76 255
-0.2472401 0.8087559 -0.2339457 -0.9935020 0.1131229 0.0125306 114 113 76 255
-0.2288999 0.7828056 -0.2118038 -0.7525181 0.0295205 0.6579096 114 113 76 255
0.1097203 1.6209117 0.0551888 0.6861174 -0.3695947 -0.6266121 42 43 47 255
-0.0190412 1.6219603 -0.0404795 0.2105758 -0.4189034 -0.8832767 39 43 55 255
0.0412274 1.6722052 -0.0228118 0.4448697 0.2724575 -0.8531460 39 46 60 255
-0.1053709 1.0427793 -0.1494917 0.8158000 -0.3006039 0.4940726 65 58 40 255
-0.1402210 1.0170286 -0.1255790 0.3251382 -0.0063788 0.9456450 31 30 31 255
-0.1858803 0.8055618 -0.1274005 0.8432614 -0.2520932 0.4747203 72 56 38 255
0.0304500 1.3029723 0.1890019 -0.0988208 0.3190550 0.9425701 5 6 7 255
0.0721227 1.2973142 0.1969858 -0.1044357 0.7640206 0.6366833 86 91 118 255
0.1112727 1.3164396 0.1669382 0.4818370 0.7452288 0.4609415 50 60 80 255
-0.2131545 0.7752518 -0.2008253 0.9915922 -0.0876612 -0.0951858 49 55 73 255
-0.2288946 0.7828674 -0.2118186 0.1268249 -0.0540050 -0.9904538 72 75 42 255
-0.2472398 0.8087565 -0.2339455 0.3554426 -0.4488540 -0.8198723 64 24 19 255
-0.0690407 1.5185655 0.2109841 -0.9592922 0.1352783 -0.2479076 36 36 48 255
-0.1102782 1.4875600 0.2527689 -0.3070610 0.7431098 -0.5945598 11 12 18 255
-0.1046514 1.5521880 0.2513782 -0.4470451 -0.7411000 -0.5009209 11 12 16 255
-0.2604216 0.8098154 -0.1943244 -0.8774318 0.0643604 -0.4753644 49 61 80 255
-0.2288946 0.7828674 -0.2118186 0.2850610 0.2685563 -0.9201183 156 163 140 255
-0.2213815 0.6601766 -0.2738096 -0.8619199 -0.0691694 -0.5023044 183 193 169 255
-0.2288946 0.7828674 -0.2118186 0.1268249 -0.0540050 -0.9904538 72 75 42 255
-0.2001487 0.6749002 -0.2415468 0.9949394 0.0628130 0.0784229 46 34 32 255
-0.2213815 0.6601766 -0.2738096 0.7840984 0.3620065 -0.5041237 35 35 45 255
-0.1116952 1.6767730 0.0119182 -0.7484211 -0.0062952 -0.6631939 3 3 5 255
-0.0792649 1.6732830 -0.0274957 -0.3233115 0.2432750 -0.9144872 10 11 12 255
-0.0844810 1.6020265 -0.0008112 -0.4126248 -0.2629436 -0.8721247 12 12 14 255
-0.2297658 0.8842154 -0.2208704 -0.7812988 0.1141922 -0.6136224 107 113 84 255
-0.2472401 0.8087559 -0.2339457 -0.9935020 0.1131229 0.0125306 114 113 76 255
-0.2360995 0.8301219 -0.2221617 -0.8640543 -0.0293294 -0.5025432 114 113 76 255
-0.2360474 0.8151429 -0.2548915 -0.1776893 -0.0732014 -0.9813603 66 77 95 255
-0.2472401 0.8087559 -0.2339457 -0.9883144 0.1523983 -0.0030572 63 75 95 255
-0.2378624 0.9217072 -0.2062894 -0.8062005 0.2507136 -0.5358950 66 77 97 255
-0.1858803 0.8055618 -0.1274005 -0.9525686 -0.1387844 -0.2708358 53 64 81 255
-0.1778756 0.8020228 -0.1986614 0.1705877 -0.9821957 -0.0786850 64 77 96 255
-0.1699386 0.7952067 -0.2203366 0.9000797 -0.3601344 -0.2452749 70 83 102 255
-0.1778756 0.8020228 -0.1986614 0.1218979 -0.9816188 -0.1468525 41 32 20 255
-0.2219535 0.7844790 -0.1529442 0.5302861 -0.5023450 0.6829687 43 35 21 255
-0.2131545 0.7752518 -0.2008253 0.8482540 -0.5132785 -0.1304225 65 60 39 255
0.1464617 0.7562750 0.2909418 0.7515700 -0.4782531 -0.4543310 143 152 127 255
0.2127812 1.0067462 0.2047726 0.8748742 -0.2713272 -0.4012192 43 48 56 255
0.1600492 0.7757892 0.3423270 0.9198808 -0.1368557 0.3675456 185 184 182 255
-0.0407195 1.7646203 0.0063311 -0.1404619 0.6547832 -0.7426502 35 44 60 255
0.0412274 1.6722052 -0.0228118 0.4448697 0.2724575 -0.8531460 39 46 60 255
-0.0792649 1.6732830 -0.0274957 -0.3233115 0.2432750 -0.9144872 10 11 12 255
-0.1416467 1.5258980 0.2369291 -0.3299277 -0.7577676 0.5629708 50 55 68 255
-0.1419770 1.5571387 0.2787851 -0.6645731 -0.2434095 0.7064661 69 72 70 255
-0.1725792 1.5515057 0.2106630 0.2091482 -0.9109643 0.3555294 34 34 38 255
-0.2219535 0.7844790 -0.1529442 0.5302861 -0.5023450 0.6829687 43 35 21 255
-0.1652080 0.8498783 -0.1703557 0.7062303 -0.4724808 0.5272577 0 0 0 255
-0.1851693 0.8595341 -0.1372577 0.5622919 -0.3697320 0.7396796 0 0 0 255
-0.1416467 1.5258980 0.2369291 -0.3299277 -0.7577676 0.5629708 50 55 68 255
-0.1046514 1.5521880 0.2513782 -0.4470375 -0.7411314 -0.5008810 50 61 81 255
-0.1419770 1.5571387 0.2787851 -0.6645731 -0.2434095 0.7064661 69 72 70 255
-0.1652080 0.8498783 -0.1703557 -0.9454480 0.1741509 -0.2753174 40 50 65 255
-0.1778756 0.8020228 -0.1986614 0.1704643 -0.9822217 -0.0786284 2 2 4 255
-0.1858803 0.8055618 -0.1274005 -0.9394304 0.3205032 -0.1214421 33 39 53 255
0.0478258 0.9217789 0.2346824 -0.7422325 -0.0598707 -0.6674626 60 69 84 255
0.1559890 0.8887914 0.2154993 0.0727102 -0.3862457 -0.9195256 67 77 97 255
0.1090629 0.7770484 0.2627050 -0.2642476 -0.4550090 -0.8503764 171 168 164 255
-0.1044355 1.2090074 0.0662166 -0.7444443 -0.0079676 0.6676372 32 35 45 255
-0.0670809 1.2537876 0.1032912 -0.6786721 0.1551663 0.7178632 38 47 63 255
-0.0915061 1.3149982 0.0679621 -0.8454056 0.2386936 0.4778228 31 40 55 255
-0.1652080 0.8498783 -0.1703557 0.7062303 -0.4724808 0.5272577 0 0 0 255
-0.2219535 0.7844790 -0.1529442 0.5302861 -0.5023450 0.6829687 43 35 21 255
-0.1778756 0.8020228 -0.1986614 0.1218979 -0.9816188 -0.1468525 41 32 20 255
0.0255979 0.3846686 0.1369036 -0.7370799 0.1108430 0.6666537 65 79 107 255
0.0545842 0.3585414 0.1215988 -0.4215567 -0.0911253 0.9022118 74 90 124 255
0.0797173 0.4497473 0.1202551 0.1360472 -0.0262437 0.9903547 71 87 122 255
-0.2219535 0.7844790 -0.1529442 0.5302861 -0.5023450 0.6829687 43 35 21 255
-0.1851693 0.8595341 -0.1372577 0.5622919 -0.3697320 0.7396796 0 0 0 255
-0.2346766 0.8376848 -0.1160952 -0.2482917 -0.0551579 0.9671137 164 165 135 255
-0.2425865 0.6739763 -0.1071166 -0.8060526 -0.1872966 0.5614260 141 146 112 255
-0.2324744 0.6983933 -0.0971602 -0.4732885 0.3140479 0.8230262 79 90 105 255
-0.2710667 0.7446865 -0.1398538 -0.9956470 0.0528836 -0.0767508 193 199 171 255
0.2495800 0.8815066 0.0058936 0.9095659 0.1444040 0.3896630 36 27 25 255
0.2415682 0.7149565 0.0372428 0.7775121 0.0208194 0.6285232 46 36 36 255
0.2770814 0.7322610 -0.0678953 0.9865824 0.1574852 -0.0430536 44 38 34 255
-0.2708195 0.8470562 -0.1530806 -0.8123056 0.2344518 0.5340337 58 63 70 255
-0.2788693 0.8433230 -0.1775898 -0.9488694 0.1947081 -0.2484666 59 63 68 255
-0.2606229 0.8076066 -0.1539730 -0.6223631 -0.0463338 0.7813561 50 47 30 255
-0.0792649 1.6732830 -0.0274957 -0.3233115 0.2432750 -0.9144872 10 11 12 255
-0.1268750 1.7397782 0.0498971 -0.5833950 0.4047163 -0.7041697 41 56 79 255
-0.0407195 1.7646203 0.0063311 -0.1404619 0.6547832 -0.7426502 35 44 60 255
-0.1102782 1.4875600 0.2527689 -0.3071214 0.7430197 -0.5946411 11 12 16 255
-0.1593591 1.4870591 0.2012583 0.2665597 0.9611071 -0.0722428 15 16 20 255
-0.1565819 1.5185051 0.2599620 0.3669141 0.8641255 -0.3444722 13 16 25 255
0.0384431 1.3884826 0.1482710 0.1974750 0.4276411 0.8821149 50 61 79 255
0.0304500 1.3029723 0.1890019 -0.0988208 0.3190550 0.9425701 5 6 7 255
0.1112727 1.3164396 0.1669382 0.4818370 0.7452288 0.4609415 50 60 80 255
-0.2141111 0.6079171 -0.0849458 -0.4967673 -0.2259687 0.8379501 191 185 172 255
-0.2324744 0.6983933 -0.0971602 -0.4732885 0.3140479 0.8230262 79 90 105 255
-0.2425865 0.6739763 -0.1071166 -0.8060526 -0.1872966 0.5614260 141 146 112 255
-0.0943962 1.4795898 0.2088627 -0.4120279 0.8849703 0.2169347 62 56 57 255
-0.1102782 1.4875600 0.2527689 -0.3070610 0.7431098 -0.5945598 11 12 18 255
-0.0690407 1.5185655 0.2109841 -0.9592922 0.1352783 -0.2479076 36 36 48 255
-0.2304892 0.7531841 -0.1444293 0.8815824 0.1508760 0.4472684 170 160 143 255
-0.2227901 0.6660904 -0.1225179 0.9906924 -0.0330869 -0.1320368 74 66 66 255
-0.2259517 0.6785994 -0.1431793 0.9480839 -0.1587961 0.2755370 56 47 45 255
-0.0190412 1.6219603 -0.0404795 0.2105758 -0.4189034 -0.8832767 39 43 55 255
-0.0792649 1.6732830 -0.0274957 -0.3233115 0.2432750 -0.9144872 10 11 12 255
0.0412274 1.6722052 -0.0228118 0.4448697 0.2724575 -0.8531460 39 46 60 255
-0.2360474 0.8151429 -0.2548915 -0.1776893 -0.0732014 -0.9813603 66 77 95 255
-0.1548827 1.0821693 -0.2515594 -0.5190763 0.3809094 -0.7651585 53 64 83 255
-0.1051941 1.0665056 -0.2497061 0.5831965 -0.1019434 -0.8059091 62 71 90 255
-0.2324744 0.6983933 -0.0971602 0.8886541 0.2959160 0.3503251 106 103 74 255
-0.2227901 0.6660904 -0.1225179 0.9906924 -0.0330869 -0.1320368 74 66 66 255
-0.2304892 0.7531841 -0.1444293 0.8815824 0.1508760 0.4472684 170 160 143 255
-0.2141111 0.6079171 -0.0849458 -0.4968165 -0.2259606 0.8379232 134 137 89 255
-0.1904252 0.6135088 -0.0924994 0.9875252 0.1567850 0.0145721 126 126 96 255
-0.2324744 0.6983933 -0.0971602 0.8886541 0.2959160 0.3503251 106 103 74 255
-0.2181987 0.6098800 -0.1125685 -0.4159530 -0.5363727 -0.7343621 105 94 72 255
-0.2141111 0.6079171 -0.0849458 -0.4967673 -0.2259687 0.8379501 191 185 172 255
-0.2425865 0.6739763 -0.1071166 -0.8060526 -0.1872966 0.5614260 141 146 112 255
-0.0138591 1.4870669 0.0479482 0.2594489 -0.3065009 -0.9158294 23 25 35 255
-0.0835834 1.5518346 0.0285422 -0.2834880 -0.5386322 -0.7934166 27 31 43 255
-0.0190412 1.6219603 -0.0404795 0.2105758 -0.4189034 -0.8832767 39 43 55 255
0.0539847 0.5719830 0.2950839 0.3007567 -0.5607625 0.7714213 108 114 135 255
0.0154295 0.5939565 0.3267697 -0.0352764 -0.5080781 0.8605883 230 231 230 255
0.0184383 0.5491160 0.2810301 -0.4711294 -0.6872672 0.5529022 73 88 119 255
-0.2472401 0.8087559 -0.2339457 0.4273488 -0.7858990 -0.4469182 59 71 95 255
-0.2297658 0.8842154 -0.2208704 0.4204478 -0.2485664 0.8726044 54 67 86 255
-0.2378624 0.9217072 -0.2062894 0.4204478 -0.2485664 0.8726044 41 49 67 255
-0.0190412 1.6219603 -0.0404795 0.2105758 -0.4189034 -0.8832767 39 43 55 255
0.1097203 1.6209117 0.0551888 0.6861174 -0.3695947 -0.6266121 42 43 47 255
-0.0138591 1.4870669 0.0479482 0.2594489 -0.3065009 -0.9158294 23 25 35 255
-0.0605427 0.8060317 -0.1129476 0.9801819 -0.1980785 0.0029234 32 29 23 255
-0.0570544 0.8182877 -0.0582899 0.9602042 -0.1872101 0.2072687 32 27 26 255
-0.0685709 0.7162194 -0.0957230 0.9906442 -0.1054445 -0.0866352 40 29 25 255
0.1464617 0.7562750 0.2909418 0.7354971 -0.5199170 -0.4344311 88 85 47 255
0.1027279 0.7353968 0.3085138 -0.0272028 -0.3054096 -0.9518325 87 92 57 255
0.1090629 0.7770484 0.2627050 -0.2642476 -0.4550090 -0.8503764 171 168 164 255
0.1199921 0.7340911 0.3312052 0.5038308 -0.2591659 0.8240070 170 181 157 255
0.1027279 0.7353968 0.3085138 0.1677274 -0.2528967 -0.9528437 163 172 148 255
0.1464617 0.7562750 0.2909418 0.6989312 -0.5137587 -0.4975411 157 164 138 255
0.2329779 0.8970297 -0.0841180 0.8702610 0.3466789 -0.3499421 54 55 64 255
0.2219681 0.9697133 0.0209392 0.9669740 0.1035470 0.2328936 21 25 33 255
0.2495800 0.8815066 0.0058936 0.9095659 0.1444040 0.3896630 36 27 25 255
-0.1652080 0.8498783 -0.1703557 -0.9454309 0.1740452 -0.2754424 40 50 65 255
-0.1858803 0.8055618 -0.1274005 -0.9525537 -0.1387878 -0.2708866 33 39 53 255
-0.1851693 0.8595341 -0.1372577 -0.9538480 -0.0417573 -0.2973727 30 34 41 255
0.0648322 0.6571354 -0.0536250 -0.4982904 -0.7534400 -0.4289929 48 44 45 255
0.1374864 0.6413925 -0.1042358 -0.3546564 -0.3315392 -0.8742428 32 31 29 255
0.0597818 0.5359904 -0.0057255 -0.7501858 -0.1935574 -0.6322633 41 39 42 255
-0.0364845 0.5335115 0.2345592 -0.8024093 -0.5268530 0.2802949 51 60 79 255
-0.0105352 0.5505694 0.2786111 0.6277967 -0.7632973 0.1524750 52 65 88 255
-0.0426192 0.5703104 0.2861723 -0.3472828 -0.6042628 0.7171201 53 49 57 255
0.1556078 1.0432528 -0.0806686 0.7459064 0.2793038 -0.6046594 21 24 34 255
0.2048209 1.2632147 0.0735387 0.9663534 0.1454531 -0.2121429 96 98 74 255
0.2219681 0.9697133 0.0209392 0.9669740 0.1035470 0.2328936 21 25 33 255
-0.1051941 1.0665056 -0.2497061 0.5831965 -0.1019434 -0.8059091 62 71 90 255
-0.1699386 0.7952067 -0.2203366 0.9000797 -0.3601344 -0.2452749 70 83 102 255
-0.2360474 0.8151429 -0.2548915 -0.1776893 -0.0732014 -0.9813603 66 77 95 255
-0.0690407 1.5185655 0.2109841 -0.9592922 0.1352783 -0.2479076 36 36 48 255
-0.0930268 1.5271281 0.1706558 -0.7090406 -0.0142142 0.7050244 44 48 35 255
-0.0943962 1.4795898 0.2088627 -0.4120279 0.8849703 0.2169347 62 56 57 255
-0.1123475 1.5005663 0.1683022 0.3519002 0.2826631 0.8923384 33 33 32 255
-0.0943962 1.4795898 0.2088627 -0.4120279 0.8849703 0.2169347 62 56 57 255
-0.0930268 1.5271281 0.1706558 -0.7090406 -0.0142142 0.7050244 44 48 35 255
-0.0912698 1.7987256 0.1143385 -0.1511029 0.9611822 -0.2308608 32 41 56 255
-0.0407195 1.7646203 0.0063311 -0.1404619 0.6547832 -0.7426502 35 44 60 255
-0.1356040 1.7668712 0.0727671 -0.6797878 0.6094655 -0.4079712 40 53 73 255
0.0882873 0.5908153 0.1901203 0.4983680 -0.6669841 -0.5538606 111 111 86 255
0.1002381 0.5722495 0.2504359 0.8662663 0.1739124 -0.4683344 102 102 78 255
0.0947137 0.5477995 0.2477077 0.6083729 -0.7670934 -0.2035932 104 105 79 255
-0.1226480 1.1407909 -0.0407189 -0.8627019 0.0919915 -0.4972757 9 8 15 255
-0.0012612 1.2669965 -0.1076661 -0.7350045 0.0676443 -0.6746796 150 155 131 255
-0.0437338 0.9674922 -0.1456426 -0.5795613 0.1691722 -0.7971759 124 116 109 255
0.1353162 0.0700019 0.1927472 -0.3054186 0.9473056 0.0966000 168 171 139 255
0.1551958 0.0879265 0.1292261 -0.6151654 0.7781552 -0.1266731 170 174 146 255
0.0995253 0.0396194 0.1709543 -0.8310541 0.2846772 -0.4778160 119 119 91 255
0.1559890 0.8887914 0.2154993 0.0727102 -0.3862457 -0.9195256 67 77 97 255
0.1556726 1.1658386 0.1087064 -0.4889290 -0.2308278 -0.8412295 49 59 79 255
0.2127812 1.0067462 0.2047726 0.6866022 -0.3004839 -0.6620324 62 74 98 255
0.2086950 1.2636706 0.1348971 0.7648722 0.5463500 0.3412802 59 73 102 255
0.0673790 1.4013784 0.0026721 0.4948438 0.6886656 -0.5299711 55 63 84 255
0.1151314 1.3755862 0.0874144 0.7250801 0.6821002 0.0948592 67 73 96 255
0.0657255 0.5904940 0.1974078 -0.1748891 -0.7980753 -0.5766191 78 77 55 255
0.0882873 0.5908153 0.1901203 0.4983680 -0.6669841 -0.5538606 111 111 86 255
0.0947137 0.5477995 0.2477077 0.6083729 -0.7670934 -0.2035932 104 105 79 255
-0.1911334 1.5417618 0.2160879 -0.7707377 -0.1511911 0.6189545 28 35 50 255
-0.1890915 1.5938886 0.2041820 -0.8398392 0.0485064 0.5406637 47 58 72 255
-0.2168805 1.5834894 0.1274651 -0.8564717 -0.2249434 -0.4646039 25 28 40 255
-0.1548827 1.0821693 -0.2515594 -0.5190763 0.3809094 -0.7651585 53 64 83 255
-0.2360474 0.8151429 -0.2548915 -0.1776893 -0.0732014 -0.9813603 66 77 95 255
-0.2378624 0.9217072 -0.2062894 -0.8062005 0.2507136 -0.5358950 66 77 97 255
0.0499468 0.5678029 0.2462922 -0.3221231 0.9148169 -0.2436122 139 107 101 255
0.0523085 0.5913375 0.2807249 -0.1623004 0.2316204 -0.9591718 61 47 43 255
0.0839350 0.5914053 0.2729193 0.0968114 0.7208762 -0.6862689 152 119 112 255
-0.1343194 1.4990491 0.2815081 -0.4256534 0.2758484 0.8618159 64 79 101 255
-0.1565819 1.5185051 0.2599620 -0.7437394 -0.1234913 0.6569641 57 65 83 255
-0.1864140 1.4975522 0.2222508 -0.5565343 0.5018262 0.6621480 49 60 78 255
-0.0908450 1.8062196 0.1706914 -0.0477131 0.9981344 0.0380969 36 46 62 255
0.0477866 1.7903217 0.0994550 0.3249080 0.9417705 -0.0866208 42 50 69 255
-0.0912698 1.7987256 0.1143385 -0.1511029 0.9611822 -0.2308608 32 41 56 255
-0.1891743 1.0278384 -0.1315609 -0.5649331 0.3352679 0.7539536 160 169 126 255
-0.1407300 1.0299848 -0.1431333 0.0310283 0.2313282 0.9723808 44 43 45 255
-0.1805368 1.0740872 -0.1777099 -0.7176072 0.1129867 0.6872219 157 165 124 255
-0.0643837 1.7974508 0.1814693 -0.2158009 0.9280639 0.3035249 44 55 73 255
0.0477866 1.7903217 0.0994550 0.3249080 0.9417705 -0.0866208 42 50 69 255
-0.0908450 1.8062196 0.1706914 -0.0477131 0.9981344 0.0380969 36 46 62 255
-0.0643837 1.7974508 0.1814693 -0.2158009 0.9280639 0.3035249 44 55 73 255
-0.1142999 1.7802539 0.1600789 -0.5773369 0.7637611 0.2887056 23 23 25 255
-0.0477355 1.7600838 0.2623228 -0.1793548 0.6989602 0.6923053 60 71 94 255
0.1409681 0.7699834 0.0749520 -0.4253904 0.2251657 0.8765520 41 50 68 255
0.0875002 0.4750354 0.1334237 0.0491619 0.2163518 0.9750769 54 66 90 255
0.1779106 0.7697868 0.0574106 0.7209024 0.0057608 0.6930127 28 26 19 255
-0.1891743 1.0278384 -0.1315609 -0.5649331 0.3352679 0.7539536 160 169 126 255
-0.1831227 0.9196838 -0.1227075 0.0280200 0.0412187 0.9987571 43 35 23 255
-0.1407300 1.0299848 -0.1431333 0.0310283 0.2313282 0.9723808 44 43 45 255
0.2349122 0.1228386 0.0423704 0.7507609 0.5558809 -0.3568676 29 31 40 255
0.1942913 0.1655327 0.0452625 0.9639509 0.2370482 -0.1208595 154 161 120 255
0.2022621 0.1904951 0.0985771 0.8433402 0.1825874 0.5054097 68 66 68 255
0.1830931 1.2453519 0.0897158 0.4103155 -0.3468817 0.8433945 115 121 86 255
0.2219681 0.9697133 0.0209392 0.9669740 0.1035470 0.2328936 21 25 33 255
0.2048209 1.2632147 0.0735387 0.9663534 0.1454531 -0.2121429 96 98 74 255
-0.0477355 1.7600838 0.2623228 -0.1793548 0.6989602 0.6923053 60 71 94 255
-0.0392062 1.8016090 0.1994878 0.1426449 0.9547426 0.2609965 41 52 69 255
-0.0643837 1.7974508 0.1814693 -0.2158009 0.9280639 0.3035249 44 55 73 255
-0.1679394 1.1230661 -0.1555637 -0.8708677 -0.0645272 0.4872637 150 153 118 255
-0.1970494 1.0662592 -0.1928865 -0.9359289 0.3521470 0.0054511 64 68 82 255
-0.1805368 1.0740872 -0.1777099 -0.7176072 0.1129867 0.6872219 157 165 124 255
-0.1116952 1.6767730 0.0119182 -0.7484211 -0.0062952 -0.6631939 3 3 5 255
-0.0844810 1.6020265 -0.0008112 -0.4126248 -0.2629436 -0.8721247 12 12 14 255
-0.1122415 1.6074288 0.0165159 -0.9106773 0.0538895 -0.4095887 10 11 13 255
-0.0334060 1.6880863 0.2929310 0.1294023 0.3406559 0.9312403 58 69 91 255
-0.1138651 1.6737067 0.2511677 -0.5580269 0.3086098 0.7703025 108 109 79 255
-0.1076711 1.6511676 0.3144017 -0.4222536 0.3338744 0.8427513 136 138 111 255
0.1002381 0.5722495 0.2504359 0.8662800 0.1738329 -0.4683386 78 58 53 255
0.0839350 0.5914053 0.2729193 0.0968114 0.7208762 -0.6862689 152 119 112 255
0.1195971 0.5838696 0.2800392 0.0614975 0.3160166 -0.9467585 18 14 11 255
-0.1046514 1.5521880 0.2513782 -0.4470451 -0.7411000 -0.5009209 11 12 16 255
-0.0827804 1.5483435 0.2103211 -0.5259469 -0.8307967 0.1820896 31 34 45 255
-0.0690407 1.5185655 0.2109841 -0.9592922 0.1352783 -0.2479076 36 36 48 255
-0.0915061 1.3149982 0.0679621 -0.8454056 0.2386936 0.4778228 31 40 55 255
-0.1087320 1.2907643 0.0247198 -0.9843234 0.1740976 -0.0282424 41 55 74 255
-0.1297699 1.1641464 0.0326523 -0.9383033 -0.0768842 0.3371586 28 27 31 255
-0.2259517 0.6785994 -0.1431793 0.9480839 -0.1587961 0.2755370 56 47 45 255
-0.2420070 0.6113904 -0.1535028 0.9813745 -0.0534010 0.1845333 25 14 11 255
-0.2438741 0.5900846 -0.1793846 0.5137513 -0.4812403 0.7102587 26 20 20 255
-0.1699386 0.7952067 -0.2203366 0.9063615 -0.3445899 -0.2444717 18 16 17 255
-0.1051941 1.0665056 -0.2497061 0.5921431 -0.0624056 -0.8034128 16 17 19 255
-0.0767172 1.0643948 -0.1823181 0.9229219 -0.3843338 0.0224215 49 49 56 255
0.1112727 1.3164396 0.1669382 0.4818370 0.7452288 0.4609415 50 60 80 255
0.2086950 1.2636706 0.1348971 0.7648722 0.5463500 0.3412802 59 73 102 255
0.1151314 1.3755862 0.0874144 0.7250801 0.6821002 0.0948592 67 73 96 255
-0.1119156 1.0978588 -0.0824536 0.6203053 -0.4601675 0.6351905 61 66 81 255
-0.1415471 1.0959166 -0.1024171 -0.4958311 -0.8382068 0.2270703 150 153 118 255
-0.0984506 1.0778226 -0.1239363 0.2503400 -0.6703514 0.6985406 42 44 53 255
-0.1510197 1.0800926 -0.0860745 -0.1435736 -0.6680839 -0.7301031 50 61 79 255
-0.1801522 1.1055888 -0.1036760 -0.1415421 -0.6608860 -0.7370180 49 62 81 255
-0.1415471 1.0959166 -0.1024171 -0.4913329 -0.8344177 0.2496782 49 62 81 255
-0.1890915 1.5938886 0.2041820 -0.8398164 0.0485183 0.5406980 143 145 111 255
-0.1419770 1.5571387 0.2787851 -0.6645731 -0.2434095 0.7064661 69 72 70 255
-0.1622395 1.6001186 0.2567331 -0.7378180 0.1967783 0.6456803 155 155 121 255
-0.1102782 1.4875600 0.2527689 -0.3071214 0.7430197 -0.5946411 11 12 16 255
-0.0943962 1.4795898 0.2088627 -0.4120595 0.8849571 0.2169282 20 20 26 255
-0.1593591 1.4870591 0.2012583 0.2665597 0.9611071 -0.0722428 15 16 20 255
0.0167645 0.9237378 0.0724581 -0.9907231 -0.0473589 -0.1273769 26 27 31 255
0.0022791 1.0291308 0.1111873 -0.7272502 -0.4073713 0.5524091 81 81 86 255
-0.0126745 0.9728090 0.0773815 -0.0053168 -0.4615400 0.8871033 92 90 85 255
0.0113330 1.4725355 0.2063009 0.6343568 -0.3384734 0.6950016 55 68 87 255
0.0906305 1.5786449 0.1937543 0.7931852 -0.4337367 0.4274689 54 65 86 255
0.0386894 1.5529323 0.2217234 0.4688079 -0.4133997 0.7805893 57 70 89 255
0.1942913 0.1655327 0.0452625 0.9639509 0.2370482 -0.1208595 154 161 120 255
0.2007686 0.2188655 0.0466179 0.6284608 0.2759005 -0.7272661 62 52 51 255
0.2022621 0.1904951 0.0985771 0.8433402 0.1825874 0.5054097 68 66 68 255
-0.0538087 0.9107803 -0.0130669 -0.4662690 -0.4801447 0.7430036 71 82 102 255
-0.0393783 0.9034399 -0.0282367 0.5943567 -0.3846341 0.7062553 70 81 101 255
-0.0509224 0.9978433 0.0329434 -0.3683062 -0.4737699 0.7999329 94 92 64 255
0.0373373 1.4770730 0.0866119 0.7902466 -0.3372557 -0.5116335 30 35 49 255
-0.0138591 1.4870669 0.0479482 0.2594489 -0.3065009 -0.9158294 23 25 35 255
0.1097203 1.6209117 0.0551888 0.6861174 -0.3695947 -0.6266121 42 43 47 255
0.0113330 1.4725355 0.2063009 0.6343568 -0.3384734 0.6950016 55 68 87 255
0.0517030 1.4813217 0.1346327 0.8703057 -0.4117230 0.2702815 58 70 96 255
0.0906305 1.5786449 0.1937543 0.7931852 -0.4337367 0.4274689 54 65 86 255
-0.1087320 1.2907643 0.0247198 -0.9974756 0.0575295 -0.0416268 42 46 65 255
-0.1028414 1.3166939 0.0411605 -0.8875503 0.4493376 0.1017361 32 36 48 255
-0.1025844 1.3142436 -0.0165089 -0.7603641 0.6043191 -0.2380019 38 35 47 255
0.0294735 1.2958042 -0.1326905 0.3283495 0.8377464 -0.4363112 141 144 113 255
-0.1051941 1.0665056 -0.2497061 0.5831965 -0.1019434 -0.8059091 62 71 90 255
-0.0303979 1.2944831 -0.1567773 0.0479216 0.6030632 -0.7962526 108 112 84 255
-0.0334060 1.6880863 0.2929310 0.1294023 0.3406559 0.9312403 58 69 91 255
-0.0383053 1.5898107 0.3149813 0.4821112 -0.1625179 0.8609046 99 97 70 255
0.0638071 1.7039433 0.2342757 0.5954471 0.2435878 0.7655768 77 71 47 255
-0.0477355 1.7600838 0.2623228 -0.1793560 0.6989350 0.6923304 139 146 124 255
-0.0334060 1.6880863 0.2929310 0.1294023 0.3406559 0.9312403 58 69 91 255
0.0638071 1.7039433 0.2342757 0.5954471 0.2435878 0.7655768 77 71 47 255
0.1872889 0.8041118 -0.1535171 -0.6140500 -0.6981030 0.3682320 50 62 86 255
0.1410527 0.7872695 -0.2176677 -0.4602980 -0.6830490 0.5670712 29 34 46 255
0.2054105 0.7548652 -0.2018517 -0.4854909 -0.7278408 0.4842999 31 37 51 255
-0.0477355 1.7600838 0.2623228 -0.1793548 0.6989602 0.6923053 60 71 94 255
0.0213756 1.7711648 0.2307173 0.4404381 0.7613612 0.4757557 41 50 67 255
-0.0392062 1.8016090 0.1994878 0.1426449 0.9547426 0.2609965 41 52 69 255
-0.0477355 1.7600838 0.2623228 -0.1793548 0.6989602 0.6923053 60 71 94 255
0.0638071 1.7039433 0.2342757 0.5954522 0.2436449 0.7655546 25 32 43 255
0.0213756 1.7711648 0.2307173 0.4404381 0.7613612 0.4757557 41 50 67 255
-0.0209678 1.4312021 0.0447410 -0.7247837 0.4654205 -0.5080081 64 76 102 255
0.0066412 1.4381445 0.0403541 -0.0129041 0.7716939 -0.6358632 71 85 113 255
-0.0484814 1.3521292 -0.0418752 -0.3174339 0.7449777 -0.5867231 59 60 86 255
0.0312067 0.6867440 0.3587898 0.0772283 -0.2417700 0.9672555 183 193 168 255
0.0930914 0.7771031 0.3673056 0.2238380 -0.1716117 0.9593987 187 193 167 255
0.0535372 0.7642452 0.3442584 -0.8959439 0.2527436 0.3652466 174 184 157 255
-0.1343194 1.4990491 0.2815081 -0.4256534 0.2758484 0.8618159 64 79 101 255
-0.0893333 1.5472121 0.2933296 0.3353610 -0.2957592 0.8944606 61 69 84 255
-0.1419770 1.5571387 0.2787851 -0.6645637 -0.2434870 0.7064483 86 72 98 255
0.0081853 1.2235422 -0.1410733 0.8174393 -0.4371350 0.3751079 54 65 82 255
-0.1119156 1.0978588 -0.0824536 0.6203053 -0.4601675 0.6351905 61 66 81 255
-0.0767172 1.0643948 -0.1823181 0.9229219 -0.3843338 0.0224215 49 49 56 255
-0.0835834 1.5518346 0.0285422 -0.2834880 -0.5386322 -0.7934166 27 31 43 255
-0.0138591 1.4870669 0.0479482 0.2594489 -0.3065009 -0.9158294 23 25 35 255
-0.0923432 1.4684374 0.0748879 -0.6268602 -0.2942267 -0.7214409 46 52 68 255
-0.1343194 1.4990491 0.2815081 -0.4256534 0.2758484 0.8618159 64 79 101 255
-0.1592987 1.4296258 0.2987076 -0.4080943 -0.3900387 0.8254266 65 73 92 255
-0.1002999 1.4207566 0.2833320 0.2947526 -0.6574977 0.6934102 27 22 25 255
-0.0012612 1.2669965 -0.1076661 -0.1350830 -0.9723629 -0.1904288 58 66 85 255
0.0081853 1.2235422 -0.1410733 0.8174393 -0.4371350 0.3751079 54 65 82 255
0.0199510 1.2722533 -0.1276356 0.6168780 -0.7556317 -0.2201868 53 64 82 255
-0.2256014 0.6061940 -0.2008475 0.9194854 -0.2088786 0.3330408 58 51 56 255
-0.2317858 0.5989263 -0.2210306 -0.4206623 -0.8162195 -0.3960162 76 71 80 255
-0.2080473 0.6031298 -0.2287863 0.7338590 0.2707929 0.6229945 60 56 55 255
0.0081853 1.2235422 -0.1410733 0.8174393 -0.4371350 0.3751079 54 65 82 255
-0.0931652 1.2723157 -0.0116969 -0.4254975 -0.6262364 0.6532839 61 32 36 255
-0.1119156 1.0978588 -0.0824536 0.6203053 -0.4601675 0.6351905 61 66 81 255
-0.1801522 1.1055888 -0.1036760 -0.7304592 -0.0087344 0.6829004 58 68 86 255
-0.1025844 1.3142436 -0.0165089 -0.7603641 0.6043191 -0.2380019 38 35 47 255
-0.1787587 1.1257207 -0.1216623 -0.9826571 0.1851249 -0.0106691 52 62 81 255
-0.0601066 1.3592986 0.0846299 -0.9189811 0.0720006 0.3876722 56 62 76 255
-0.0209678 1.4312021 0.0447410 -0.7129515 0.4681931 -0.5220107 66 77 97 255
-0.0915061 1.3149982 0.0679621 -0.8456626 0.2752866 0.4572441 13 13 13 255
-0.1801522 1.1055888 -0.1036760 -0.7304592 -0.0087344 0.6829004 58 68 86 255
-0.1510197 1.0800926 -0.0860745 -0.3094029 -0.3211084 0.8950750 60 69 84 255
-0.0931652 1.2723157 -0.0116969 -0.4254975 -0.6262364 0.6532839 61 32 36 255
-0.1002999 1.4207566 0.2833320 0.2947526 -0.6574977 0.6934102 27 22 25 255
-0.0637865 1.3760786 0.1301371 -0.1400000 -0.9684598 0.2061197 63 69 85 255
0.0062959 1.4072964 0.1688226 0.5378652 -0.6228395 0.5681303 49 60 80 255
-0.2037368 1.4508485 0.2466556 -0.8976872 0.2240898 0.3793961 62 73 91 255
-0.1988767 1.4187192 0.2104956 -0.6252778 -0.7273512 -0.2828214 64 75 93 255
-0.1592987 1.4296258 0.2987076 -0.4080943 -0.3900387 0.8254266 65 73 92 255
0.0294735 1.2958042 -0.1326905 0.8468696 -0.1532890 -0.5092292 51 62 80 255
0.0199510 1.2722533 -0.1276356 0.6168780 -0.7556317 -0.2201868 53 64 82 255
0.0081853 1.2235422 -0.1410733 0.8174393 -0.4371350 0.3751079 54 65 82 255
-0.1864140 1.4975522 0.2222508 -0.5565503 0.5017613 0.6621839 119 116 95 255
-0.1911334 1.5417618 0.2160879 -0.7707325 -0.1511738 0.6189653 61 62 66 255
-0.1821016 1.5048709 0.1718360 -0.8305082 -0.2803716 -0.4812980 63 53 46 255
-0.0209678 1.4312021 0.0447410 -0.7129515 0.4681931 -0.5220107 66 77 97 255
-0.0762377 1.4012685 0.1011938 -0.6210611 -0.4559259 -0.6375067 61 67 83 255
-0.0923432 1.4684374 0.0748879 -0.6268602 -0.2942267 -0.7214409 46 52 68 255
0.0213756 1.7711648 0.2307173 0.4404381 0.7613612 0.4757557 41 50 67 255
0.0477866 1.7903217 0.0994550 0.3249080 0.9417705 -0.0866208 42 50 69 255
-0.0392062 1.8016090 0.1994878 0.1426449 0.9547426 0.2609965 41 52 69 255
0.0236276 0.7366696 0.3202471 -0.0774427 0.2919869 -0.9532819 156 32 37 255
0.0706493 0.7587384 0.3100108 -0.5965130 -0.2555623 -0.7608286 169 38 39 255
0.1027279 0.7353968 0.3085138 -0.0272028 -0.3054096 -0.9518325 87 92 57 255
-0.0604986 1.3157775 -0.1052998 -0.3773300 0.8456607 -0.3774651 41 49 67 255
-0.0303979 1.2944831 -0.1567773 0.0479216 0.6030632 -0.7962526 108 112 84 255
-0.1548827 1.0821693 -0.2515594 -0.5190763 0.3809094 -0.7651585 53 64 83 255
-0.1239071 1.6123729 0.2661132 -0.7228012 0.1927606 0.6636277 54 68 92 255
-0.1597489 1.6417514 0.2425145 -0.7750357 0.2329050 0.5874307 52 64 90 255
-0.1622395 1.6001186 0.2567331 -0.7377714 0.1968067 0.6457248 49 64 88 255
0.0373373 1.4770730 0.0866119 0.8190284 -0.1299591 -0.5588408 63 77 106 255
0.0539699 1.4323559 0.1043416 0.7746056 0.5004312 0.3867231 55 67 91 255
0.0392559 1.4419487 0.0672687 0.6118547 0.6509304 -0.4493591 62 76 104 255
-0.1239071 1.6123729 0.2661132 -0.7228012 0.1927606 0.6636277 54 68 92 255
-0.1076711 1.6511676 0.3144017 -0.4222536 0.3338744 0.8427513 136 138 111 255
-0.1138651 1.6737067 0.2511677 -0.5580269 0.3086098 0.7703025 108 109 79 255
0.0081853 1.2235422 -0.1410733 0.8174393 -0.4371350 0.3751079 54 65 82 255
-0.1051941 1.0665056 -0.2497061 0.5921431 -0.0624056 -0.8034128 16 17 19 255
0.0294735 1.2958042 -0.1326905 0.8468696 -0.1532890 -0.5092292 51 62 80 255
0.0938931 1.0260239 0.2542328 -0.8123056 0.1847872 0.5531847 51 60 75 255
0.0972481 1.0168535 0.1993917 -0.5804855 -0.2652014 -0.7698731 53 62 79 255
0.0478258 0.9217789 0.2346824 -0.7422325 -0.0598707 -0.6674626 60 69 84 255
0.0109391 0.7840053 0.0418612 -0.6801950 -0.4884462 0.5465850 44 53 70 255
0.0482285 0.7905772 0.0831596 -0.6133505 -0.1303019 0.7789882 46 57 75 255
0.0005675 0.8285416 0.0419585 -0.6081292 -0.0981596 0.7877459 51 60 78 255
-0.0332151 0.9615450 0.0981535 -0.4415659 -0.3475901 0.8271643 122 120 94 255
-0.0165663 0.9356955 0.0409843 -0.7683430 -0.4624887 0.4424399 108 101 80 255
-0.0126745 0.9728090 0.0773815 -0.0053168 -0.4615400 0.8871033 92 90 85 255
-0.1911334 1.5417618 0.2160879 -0.7707325 -0.1511738 0.6189653 61 62 66 255
-0.1419770 1.5571387 0.2787851 -0.6645731 -0.2434095 0.7064661 69 72 70 255
-0.1890915 1.5938886 0.2041820 -0.8398164 0.0485183 0.5406980 143 145 111 255
0.1256454 0.6602238 0.2861410 0.0693982 0.2308907 -0.9705016 119 120 85 255
0.1199921 0.7340911 0.3312052 0.5038308 -0.2591659 0.8240070 170 181 157 255
0.1195971 0.5838696 0.2800392 0.4683738 -0.3662102 0.8040621 141 143 126 255
-0.1419770 1.5571387 0.2787851 -0.6645526 -0.2434367 0.7064762 28 32 41 255
-0.0863896 1.5988495 0.3067921 -0.4550450 -0.0735045 0.8874295 94 93 66 255
-0.1622395 1.6001186 0.2567331 -0.7377714 0.1968067 0.6457248 49 64 88 255
-0.1025844 1.3142436 -0.0165089 -0.7603641 0.6043191 -0.2380019 38 35 47 255
-0.0931652 1.2723157 -0.0116969 -0.4254975 -0.6262364 0.6532839 61 32 36 255
-0.1087320 1.2907643 0.0247198 -0.9974756 0.0575295 -0.0416268 42 46 65 255
-0.1343194 1.4990491 0.2815081 -0.4278468 0.2777685 0.8601116 15 15 20 255
-0.1102782 1.4875600 0.2527689 -0.3071214 0.7430197 -0.5946411 11 12 16 255
-0.1565819 1.5185051 0.2599620 0.3669141 0.8641255 -0.3444722 13 16 25 255
-0.1025844 1.3142436 -0.0165089 -0.8880392 0.4241239 0.1774976 46 51 70 255
-0.0604986 1.3157775 -0.1052998 -0.3773300 0.8456607 -0.3774651 41 49 67 255
-0.1591180 1.1844547 -0.1381818 -0.7742683 0.5280654 -0.3487915 63 74 92 255
0.1410857 0.7638521 -0.2603363 0.5903877 0.3433106 -0.7304657 34 28 22 255
0.0965362 0.9298715 -0.2220889 0.1231710 0.4302061 -0.8942884 68 60 60 255
0.1957389 0.8564714 -0.1494774 0.6957754 0.3390544 -0.6331973 69 59 59 255
-0.0604986 1.3157775 -0.1052998 -0.3773300 0.8456607 -0.3774651 41 49 67 255
-0.1025844 1.3142436 -0.0165089 -0.8880392 0.4241239 0.1774976 46 51 70 255
-0.0484814 1.3521292 -0.0418752 -0.3174339 0.7449777 -0.5867231 59 60 86 255
-0.0477355 1.7600838 0.2623228 -0.1793548 0.6989602 0.6923053 60 71 94 255
-0.1929616 1.7249681 0.1514522 -0.7610720 0.6000270 0.2464487 5 6 8 255
-0.1343027 1.7190274 0.2560712 -0.6023322 0.3580829 0.7134232 51 62 80 255
0.0581142 1.2696706 0.1888567 -0.7804570 -0.2097876 0.5889620 58 60 81 255
0.0529020 1.1452893 0.2042099 -0.8531848 -0.1672771 -0.4940587 50 61 80 255
0.0681077 1.1734827 0.2514201 -0.3864070 0.2257983 0.8942621 51 62 82 255
0.1872889 0.8041118 -0.1535171 0.7687733 -0.1262485 -0.6269361 45 34 33 255
0.2054105 0.7548652 -0.2018517 0.8180091 0.3226665 -0.4761802 20 9 5 255
0.1957389 0.8564714 -0.1494774 0.6957754 0.3390544 -0.6331973 69 59 59 255
0.0096073 0.7044240 -0.0279621 -0.7618529 -0.4871926 0.4268765 43 41 45 255
0.0186615 0.6748453 -0.0826715 -0.5697784 -0.3462566 0.7452911 71 69 56 255
0.0715074 0.6758625 0.0039538 -0.9306860 -0.0162426 0.3654584 47 45 46 255
3 0 1 2
3 3 4 5
3 6 7 8
3 9 10 11
3 12 13 14
3 15 16 17
3 18 19 20
3 21 22 23
3 24 25 26
3 27 28 29
3 30 31 32
3 33 34 35
3 36 37 38
3 39 40 41
3 42 43 44
3 45 46 47
3 48 49 50
3 51 52 53
3 54 55 56
3 57 58 59
3 60 61 62
3 63 64 65
3 66 67 68
3 69 70 71
3 72 73 74
3 75 76 77
3 78 79 80
3 81 82 83
3 84 85 86
3 87 88 89
3 90 91 92
3 93 94 95
3 96 97 98
3 99 100 101
3 102 103 104
3 105 106 107
3 108 109 110
3 111 112 113
3 114 115 116
3 117 118 119
3 120 121 122
3 123 124 125
3 126 127 128
3 129 130 131
3 132 133 134
3 135 136 137
3 138 139 140
3 141 142 143
3 144 145 146
3 147 148 149
3 150 151 152
3 153 154 155
3 156 157 158
3 159 160 161
3 162 163 164
3 165 166 167
3 168 169 170
3 171 172 173
3 174 175 176
3 177 178 179
3 180 181 182
3 183 184 185
3 186 187 188
3 189 190 191
3 192 193 194
3 195 196 197
3 198 199 200
3 201 202 203
3 204 205 206
3 207 208 209
3 210 211 212
3 213 214 215
3 216 217 218
3 219 220 221
3 222 223 224
3 225 226 227
3 228 229 230
3 231 232 233
3 234 235 236
3 237 238 239
3 240 241 242
3 243 244 245
3 246 247 248
3 249 250 251
3 252 253 254
3 255 256 257
3 258 259 260
3 261 262 263
3 264 265 266
3 267 268 269
3 270 271 272
3 273 274 275
3 276 277 278
3 279 280 281
3 282 283 284
3 285 286 287
3 288 289 290
3 291 292 293
3 294 295 296
3 297 298 299
3 300 301 302
3 303 304 305
3 306 307 308
3 309 310 311
3 312 313 314
3 315 316 317
3 318 319 320
3 321 322 323
3 324 325 326
3 327 328 329
3 330 331 332
3 333 334 335
3 336 337 338
3 339 340 341
3 342 343 344
3 345 346 347
3 348 349 350
3 351 352 353
3 354 355 356
3 357 358 359
3 360 361 362
3 363 364 365
3 366 367 368
3 369 370 371
3 372 373 374
3 375 376 377
3 378 379 380
3 381 382 383
3 384 385 386
3 387 388 389
3 390 391 392
3 393 394 395
3 396 397 398
3 399 400 401
3 402 403 404
3 405 406 407
3 408 409 410
3 411 412 413
3 414 415 416
3 417 418 419
3 420 421 422
3 423 424 425
3 426 427 428
3 429 430 431
3 432 433 434
3 435 436 437
3 438 439 440
3 441 442 443
3 444 445 446
3 447 448 449
3 450 451 452
3 453 454 455
3 456 457 458
3 459 460 461
3 462 463 464
3 465 466 467
3 468 469 470
3 471 472 473
3 474 475 476
3 477 478 479
3 480 481 482
3 483 484 485
3 486 487 488
3 489 490 491
3 492 493 494
3 495 496 497
3 498 499 500
3 501 502 503
3 504 505 506
3 507 508 509
3 510 511 512
3 513 514 515
3 516 517 518
3 519 520 521
3 522 523 524
3 525 526 527
3 528 529 530
3 531 532 533
3 534 535 536
3 537 538 539
3 540 541 542
3 543 544 545
3 546 547 548
3 549 550 551
3 552 553 554
3 555 556 557
3 558 559 560
3 561 562 563
3 564 565 566
3 567 568 569
3 570 571 572
3 573 574 575
3 576 577 578
3 579 580 581
3 582 583 584
3 585 586 587
3 588 589 590
3 591 592 593
3 594 595 596
3 597 598 599
3 600 601 602
3 603 604 605
3 606 607 608
3 609 610 611
3 612 613 614
3 615 616 617
3 618 619 620
3 621 622 623
3 624 625 626
3 627 628 629
3 630 631 632
3 633 634 635
3 636 637 638
3 639 640 641
3 642 643 644
3 645 646 647
3 648 649 650
3 651 652 653
3 654 655 656
3 657 658 659
3 660 661 662
3 663 664 665
3 666 667 668
3 669 670 671
3 672 673 674
3 675 676 677
3 678 679 680
3 681 682 683
3 684 685 686
3 687 688 689
3 690 691 692
3 693 694 695
3 696 697 698
3 699 700 701
3 702 703 704
3 705 706 707
3 708 709 710
3 711 712 713
3 714 715 716
3 717 718 719
3 720 721 722
3 723 724 725
3 726 727 728
3 729 730 731
3 732 733 734
3 735 736 737
3 738 739 740
3 741 742 743
3 744 745 746
3 747 748 749
3 750 751 752
3 753 754 755
3 756 757 758
3 759 760 761
3 762 763 764
3 765 766 767
3 768 769 770
3 771 772 773
3 774 775 776
3 777 778 779
3 780 781 782
3 783 784 785
3 786 787 788
3 789 790 791
3 792 793 794
3 795 796 797
3 798 799 800
3 801 802 803
3 804 805 806
3 807 808 809
3 810 811 812
3 813 814 815
3 816 817 818
3 819 820 821
3 822 823 824
3 825 826 827
3 828 829 830
3 831 832 833
3 834 835 836
3 837 838 839
3 840 841 842
3 843 844 845
3 846 847 848
3 849 850 851
3 852 853 854
3 855 856 857
3 858 859 860
3 861 862 863
3 864 865 866
3 867 868 869
3 870 871 872
3 873 874 875
3 876 877 878
3 879 880 881
3 882 883 884
3 885 886 887
3 888 889 890
3 891 892 893
3 894 895 896
3 897 898 899
3 900 901 902
3 903 904 905
3 906 907 908
3 909 910 911
3 912 913 914
3 915 916 917
3 918 919 920
3 921 922 923
3 924 925 926
3 927 928 929
3 930 931 932
3 933 934 935
3 936 937 938
3 939 940 941
3 942 943 944
3 945 946 947
3 948 949 950
3 951 952 953
3 954 955 956
3 957 958 959
3 960 961 962
3 963 964 965
3 966 967 968
3 969 970 971
3 972 973 974
3 975 976 977
3 978 979 980
3 981 982 983
3 984 985 986
3 987 988 989
3 990 991 992
3 993 994 995
3 996 997 998
3 999 1000 1001
3 1002 1003 1004
3 1005 1006 1007
3 1008 1009 1010
3 1011 1012 1013
3 1014 1015 1016
3 1017 1018 1019
3 1020 1021 1022
3 1023 1024 1025
3 1026 1027 1028
3 1029 1030 1031
3 1032 1033 1034
3 1035 1036 1037
3 1038 1039 1040
3 1041 1042 1043
3 1044 1045 1046
3 1047 1048 1049
3 1050 1051 1052
3 1053 1054 1055
3 1056 1057 1058
3 1059 1060 1061
3 1062 1063 1064
3 1065 1066 1067
3 1068 1069 1070
3 1071 1072 1073
3 1074 1075 1076
3 1077 1078 1079
3 1080 1081 1082
3 1083 1084 1085
3 1086 1087 1088
3 1089 1090 1091
3 1092 1093 1094
3 1095 1096 1097
3 1098 1099 1100
3 1101 1102 1103
3 1104 1105 1106
3 1107 1108 1109
3 1110 1111 1112
3 1113 1114 1115
3 1116 1117 1118
3 1119 1120 1121
3 1122 1123 1124
3 1125 1126 1127
3 1128 1129 1130
3 1131 1132 1133
3 1134 1135 1136
3 1137 1138 1139
3 1140 1141 1142
3 1143 1144 1145
3 1146 1147 1148
3 1149 1150 1151
3 1152 1153 1154
3 1155 1156 1157
3 1158 1159 1160
3 1161 1162 1163
3 1164 1165 1166
3 1167 1168 1169
3 1170 1171 1172
3 1173 1174 1175
3 1176 1177 1178
3 1179 1180 1181
3 1182 1183 1184
3 1185 1186 1187
3 1188 1189 1190
3 1191 1192 1193
3 1194 1195 1196
3 1197 1198 1199
3 1200 1201 1202
3 1203 1204 1205
3 1206 1207 1208
3 1209 1210 1211
3 1212 1213 1214
3 1215 1216 1217
3 1218 1219 1220
3 1221 1222 1223
3 1224 1225 1226
3 1227 1228 1229
3 1230 1231 1232
3 1233 1234 1235
3 1236 1237 1238
3 1239 1240 1241
3 1242 1243 1244
3 1245 1246 1247
3 1248 1249 1250
3 1251 1252 1253
3 1254 1255 1256
3 1257 1258 1259
3 1260 1261 1262
3 1263 1264 1265
3 1266 1267 1268
3 1269 1270 1271
3 1272 1273 1274
3 1275 1276 1277
3 1278 1279 1280
3 1281 1282 1283
3 1284 1285 1286
3 1287 1288 1289
3 1290 1291 1292
3 1293 1294 1295
3 1296 1297 1298
3 1299 1300 1301
3 1302 1303 1304
3 1305 1306 1307
3 1308 1309 1310
3 1311 1312 1313
3 1314 1315 1316
3 1317 1318 1319
3 1320 1321 1322
3 1323 1324 1325
3 1326 1327 1328
3 1329 1330 1331
3 1332 1333 1334
3 1335 1336 1337
3 1338 1339 1340
3 1341 1342 1343
3 1344 1345 1346
3 1347 1348 1349
3 1350 1351 1352
3 1353 1354 1355
3 1356 1357 1358
3 1359 1360 1361
3 1362 1363 1364
3 1365 1366 1367
3 1368 1369 1370
3 1371 1372 1373
3 1374 1375 1376
3 1377 1378 1379
3 1380 1381 1382
3 1383 1384 1385
3 1386 1387 1388
3 1389 1390 1391
3 1392 1393 1394
3 1395 1396 1397
3 1398 1399 1400
3 1401 1402 1403
3 1404 1405 1406
3 1407 1408 1409
3 1410 1411 1412
3 1413 1414 1415
3 1416 1417 1418
3 1419 1420 1421
3 1422 1423 1424
3 1425 1426 1427
3 1428 1429 1430
3 1431 1432 1433
3 1434 1435 1436
3 1437 1438 1439
3 1440 1441 1442
3 1443 1444 1445
3 1446 1447 1448
3 1449 1450 1451
3 1452 1453 1454
3 1455 1456 1457
3 1458 1459 1460
3 1461 1462 1463
3 1464 1465 1466
3 1467 1468 1469
3 1470 1471 1472
3 1473 1474 1475
3 1476 1477 1478
3 1479 1480 1481
3 1482 1483 1484
3 1485 1486 1487
3 1488 1489 1490
3 1491 1492 1493
3 1494 1495 1496
3 1497 1498 1499
3 1500 1501 1502
3 1503 1504 1505
3 1506 1507 1508
3 1509 1510 1511
3 1512 1513 1514
3 1515 1516 1517
3 1518 1519 1520
3 1521 1522 1523
3 1524 1525 1526
3 1527 1528 1529
3 1530 1531 1532
3 1533 1534 1535
3 1536 1537 1538
3 1539 1540 1541
3 1542 1543 1544
3 1545 1546 1547
3 1548 1549 1550
3 1551 1552 1553
3 1554 1555 1556
3 1557 1558 1559
3 1560 1561 1562
3 1563 1564 1565
3 1566 1567 1568
3 1569 1570 1571
3 1572 1573 1574
3 1575 1576 1577
3 1578 1579 1580
3 1581 1582 1583
3 1584 1585 1586
3 1587 1588 1589
3 1590 1591 1592
3 1593 1594 1595
3 1596 1597 1598
3 1599 1600 1601
3 1602 1603 1604
3 1605 1606 1607
3 1608 1609 1610
3 1611 1612 1613
3 1614 1615 1616
3 1617 1618 1619
3 1620 1621 1622
3 1623 1624 1625
3 1626 1627 1628
3 1629 1630 1631
3 1632 1633 1634
3 1635 1636 1637
3 1638 1639 1640
3 1641 1642 1643
3 1644 1645 1646
3 1647 1648 1649
3 1650 1651 1652
3 1653 1654 1655
3 1656 1657 1658
3 1659 1660 1661
3 1662 1663 1664
3 1665 1666 1667
3 1668 1669 1670
3 1671 1672 1673
3 1674 1675 1676
3 1677 1678 1679
3 1680 1681 1682
3 1683 1684 1685
3 1686 1687 1688
3 1689 1690 1691
3 1692 1693 1694
3 1695 1696 1697
3 1698 1699 1700
3 1701 1702 1703
3 1704 1705 1706
3 1707 1708 1709
3 1710 1711 1712
3 1713 1714 1715
3 1716 1717 1718
3 1719 1720 1721
3 1722 1723 1724
3 1725 1726 1727
3 1728 1729 1730
3 1731 1732 1733
3 1734 1735 1736
3 1737 1738 1739
3 1740 1741 1742
3 1743 1744 1745
3 1746 1747 1748
3 1749 1750 1751
3 1752 1753 1754
3 1755 1756 1757
3 1758 1759 1760
3 1761 1762 1763
3 1764 1765 1766
3 1767 1768 1769
3 1770 1771 1772
3 1773 1774 1775
3 1776 1777 1778
3 1779 1780 1781
3 1782 1783 1784
3 1785 1786 1787
3 1788 1789 1790
3 1791 1792 1793
3 1794 1795 1796
3 1797 1798 1799
3 1800 1801 1802
3 1803 1804 1805
3 1806 1807 1808
3 1809 1810 1811
3 1812 1813 1814
3 1815 1816 1817
3 1818 1819 1820
3 1821 1822 1823
3 1824 1825 1826
3 1827 1828 1829
3 1830 1831 1832
3 1833 1834 1835
3 1836 1837 1838
3 1839 1840 1841
3 1842 1843 1844
3 1845 1846 1847
3 1848 1849 1850
3 1851 1852 1853
3 1854 1855 1856
3 1857 1858 1859
3 1860 1861 1862
3 1863 1864 1865
3 1866 1867 1868
3 1869 1870 1871
3 1872 1873 1874
3 1875 1876 1877
3 1878 1879 1880
3 1881 1882 1883
3 1884 1885 1886
3 1887 1888 1889
3 1890 1891 1892
3 1893 1894 1895
3 1896 1897 1898
3 1899 1900 1901
3 1902 1903 1904
3 1905 1906 1907
3 1908 1909 1910
3 1911 1912 1913
3 1914 1915 1916
3 1917 1918 1919
3 1920 1921 1922
3 1923 1924 1925
3 1926 1927 1928
3 1929 1930 1931
3 1932 1933 1934
3 1935 1936 1937
3 1938 1939 1940
3 1941 1942 1943
3 1944 1945 1946
3 1947 1948 1949
3 1950 1951 1952
3 1953 1954 1955
3 1956 1957 1958
3 1959 1960 1961
3 1962 1963 1964
3 1965 1966 1967
3 1968 1969 1970
3 1971 1972 1973
3 1974 1975 1976
3 1977 1978 1979
3 1980 1981 1982
3 1983 1984 1985
3 1986 1987 1988
3 1989 1990 1991
3 1992 1993 1994
3 1995 1996 1997
3 1998 1999 2000
3 2001 2002 2003
3 2004 2005 2006
3 2007 2008 2009
3 2010 2011 2012
3 2013 2014 2015
3 2016 2017 2018
3 2019 2020 2021
3 2022 2023 2024
3 2025 2026 2027
3 2028 2029 2030
3 2031 2032 2033
3 2034 2035 2036
3 2037 2038 2039
3 2040 2041 2042
3 2043 2044 2045
3 2046 2047 2048
3 2049 2050 2051
3 2052 2053 2054
3 2055 2056 2057
3 2058 2059 2060
3 2061 2062 2063
3 2064 2065 2066
3 2067 2068 2069
3 2070 2071 2072
3 2073 2074 2075
3 2076 2077 2078
3 2079 2080 2081
3 2082 2083 2084
3 2085 2086 2087
3 2088 2089 2090
3 2091 2092 2093
3 2094 2095 2096
3 2097 2098 2099
3 2100 2101 2102
3 2103 2104 2105
3 2106 2107 2108
3 2109 2110 2111
3 2112 2113 2114
3 2115 2116 2117
3 2118 2119 2120
3 2121 2122 2123
3 2124 2125 2126
3 2127 2128 2129
3 2130 2131 2132
3 2133 2134 2135
3 2136 2137 2138
3 2139 2140 2141
3 2142 2143 2144
3 2145 2146 2147
3 2148 2149 2150
3 2151 2152 2153
3 2154 2155 2156
3 2157 2158 2159
3 2160 2161 2162
3 2163 2164 2165
3 2166 2167 2168
3 2169 2170 2171
3 2172 2173 2174
3 2175 2176 2177
3 2178 2179 2180
3 2181 2182 2183
3 2184 2185 2186
3 2187 2188 2189
3 2190 2191 2192
3 2193 2194 2195
3 2196 2197 2198
3 2199 2200 2201
3 2202 2203 2204
3 2205 2206 2207
3 2208 2209 2210
3 2211 2212 2213
3 2214 2215 2216
3 2217 2218 2219
3 2220 2221 2222
3 2223 2224 2225
3 2226 2227 2228
3 2229 2230 2231
3 2232 2233 2234
3 2235 2236 2237
3 2238 2239 2240
3 2241 2242 2243
3 2244 2245 2246
3 2247 2248 2249
3 2250 2251 2252
3 2253 2254 2255
3 2256 2257 2258
3 2259 2260 2261
3 2262 2263 2264
3 2265 2266 2267
3 2268 2269 2270
3 2271 2272 2273
3 2274 2275 2276
3 2277 2278 2279
3 2280 2281 2282
3 2283 2284 2285
3 2286 2287 2288
3 2289 2290 2291
3 2292 2293 2294
3 2295 2296 2297
3 2298 2299 2300
3 2301 2302 2303
3 2304 2305 2306
3 2307 2308 2309
3 2310 2311 2312
3 2313 2314 2315
3 2316 2317 2318
3 2319 2320 2321
3 2322 2323 2324
3 2325 2326 2327
3 2328 2329 2330
3 2331 2332 2333
3 2334 2335 2336
3 2337 2338 2339
3 2340 2341 2342
3 2343 2344 2345
3 2346 2347 2348
3 2349 2350 2351
3 2352 2353 2354
3 2355 2356 2357
3 2358 2359 2360
3 2361 2362 2363
3 2364 2365 2366
3 2367 2368 2369
3 2370 2371 2372
3 2373 2374 2375
3 2376 2377 2378
3 2379 2380 2381
3 2382 2383 2384
3 2385 2386 2387
3 2388 2389 2390
3 2391 2392 2393
3 2394 2395 2396
3 2397 2398 2399
